{"municipio": "BEL\u00c9M", "secaoEleitoral": "0381", "zonaEleitoral": "0001", "estado": "PA", "data": 1412540268349, "pictureURLList": ["https://vocefiscal-poll-tape-uploads.s3.amazonaws.com/us-east-1%3A23a1b2d7-1f2e-4b68-a2e9-e3c8a7345bc1/br/pa/belem/zona-0001/206effc493359aa28fa7c92e3fca6462.jpg", "https://vocefiscal-poll-tape-uploads.s3.amazonaws.com/us-east-1%3A23a1b2d7-1f2e-4b68-a2e9-e3c8a7345bc1/br/pa/belem/zona-0001/d3d97e486111e4d65d4254b11dbb51ea.jpg", "https://vocefiscal-poll-tape-uploads.s3.amazonaws.com/us-east-1%3A23a1b2d7-1f2e-4b68-a2e9-e3c8a7345bc1/br/pa/belem/zona-0001/a3e9968b7cdf4a1426ea2e07af24b12a.jpg", "https://vocefiscal-poll-tape-uploads.s3.amazonaws.com/us-east-1%3A23a1b2d7-1f2e-4b68-a2e9-e3c8a7345bc1/br/pa/belem/zona-0001/42f6290d5c468580164bebe770aac7bd.jpg", "https://vocefiscal-poll-tape-uploads.s3.amazonaws.com/us-east-1%3A23a1b2d7-1f2e-4b68-a2e9-e3c8a7345bc1/br/pa/belem/zona-0001/730d2cbc56787dfa3b89b376ce9a6439.jpg", "https://vocefiscal-poll-tape-uploads.s3.amazonaws.com/us-east-1%3A23a1b2d7-1f2e-4b68-a2e9-e3c8a7345bc1/br/pa/belem/zona-0001/bf51c2fcf549db7df70190a8962f129e.jpg", "https://vocefiscal-poll-tape-uploads.s3.amazonaws.com/us-east-1%3A23a1b2d7-1f2e-4b68-a2e9-e3c8a7345bc1/br/pa/belem/zona-0001/b928e8476371f94f92e4756ccf60499e.jpg", "https://vocefiscal-poll-tape-uploads.s3.amazonaws.com/us-east-1%3A23a1b2d7-1f2e-4b68-a2e9-e3c8a7345bc1/br/pa/belem/zona-0001/7356632a241e4e3d201b178f2999ce7.jpg", "https://vocefiscal-poll-tape-uploads.s3.amazonaws.com/us-east-1%3A23a1b2d7-1f2e-4b68-a2e9-e3c8a7345bc1/br/pa/belem/zona-0001/83c0a8433304205f5494455ff2a9e083.jpg", "https://vocefiscal-poll-tape-uploads.s3.amazonaws.com/us-east-1%3A23a1b2d7-1f2e-4b68-a2e9-e3c8a7345bc1/br/pa/belem/zona-0001/1f3880cbcee9f335d77ba2c05b9397bc.jpg", "https://vocefiscal-poll-tape-uploads.s3.amazonaws.com/us-east-1%3A23a1b2d7-1f2e-4b68-a2e9-e3c8a7345bc1/br/pa/belem/zona-0001/942508b10cbde92420b934a6f50261d6.jpg", "https://vocefiscal-poll-tape-uploads.s3.amazonaws.com/us-east-1%3A23a1b2d7-1f2e-4b68-a2e9-e3c8a7345bc1/br/pa/belem/zona-0001/6bda6f38c5f5ba088a75f1a9c8921bac.jpg", "https://vocefiscal-poll-tape-uploads.s3.amazonaws.com/us-east-1%3A23a1b2d7-1f2e-4b68-a2e9-e3c8a7345bc1/br/pa/belem/zona-0001/304e0d7d8a99d90d8d39747e2f9023e1.jpg", "https://vocefiscal-poll-tape-uploads.s3.amazonaws.com/us-east-1%3A23a1b2d7-1f2e-4b68-a2e9-e3c8a7345bc1/br/pa/belem/zona-0001/a10ddf68294637cac1576f78ff08b169.jpg", "https://vocefiscal-poll-tape-uploads.s3.amazonaws.com/us-east-1%3A23a1b2d7-1f2e-4b68-a2e9-e3c8a7345bc1/br/pa/belem/zona-0001/e07785a3642b880c390331d102236d32.jpg", "https://vocefiscal-poll-tape-uploads.s3.amazonaws.com/us-east-1%3A23a1b2d7-1f2e-4b68-a2e9-e3c8a7345bc1/br/pa/belem/zona-0001/c0bc7df681a7967891d2e2bbcba9a301.jpg", "https://vocefiscal-poll-tape-uploads.s3.amazonaws.com/us-east-1%3A23a1b2d7-1f2e-4b68-a2e9-e3c8a7345bc1/br/pa/belem/zona-0001/6c0b236aca188f1216d457983d1d6f6.jpg", "https://vocefiscal-poll-tape-uploads.s3.amazonaws.com/us-east-1%3A23a1b2d7-1f2e-4b68-a2e9-e3c8a7345bc1/br/pa/belem/zona-0001/73b96bcfb26a230a413cf9570f7fafec.jpg", "https://vocefiscal-poll-tape-uploads.s3.amazonaws.com/us-east-1%3A23a1b2d7-1f2e-4b68-a2e9-e3c8a7345bc1/br/pa/belem/zona-0001/a1c92e992bfa5ed2e3a8709c12af8b5e.jpg"]}