{"zonaEleitoral": "0128", "pictureURLList": ["https://vocefiscal-poll-tape-uploads.s3.amazonaws.com/us-east-1%3A109766cf-8087-44a8-b12b-e2287522109f/br/ba/amelia-rodrigues/zona-0128/e7d7b177c454d03d94907692f7fb6a23.jpg", "https://vocefiscal-poll-tape-uploads.s3.amazonaws.com/us-east-1%3A109766cf-8087-44a8-b12b-e2287522109f/br/ba/amelia-rodrigues/zona-0128/b16f76cdc59ef9485cc78ab9211e96fd.jpg", "https://vocefiscal-poll-tape-uploads.s3.amazonaws.com/us-east-1%3A109766cf-8087-44a8-b12b-e2287522109f/br/ba/amelia-rodrigues/zona-0128/6f7ee21364000a96ec170140a25e8013.jpg"], "estado": "BA", "secaoEleitoral": "0097", "data": 1414370074829, "municipio": "AM\u00c9LIA RODRIGUES", "localDaVotacao": "1058"}