{"estado": "CE", "municipio": "FORTALEZA", "data": 1412540599181, "secaoEleitoral": "0046", "pictureURLList": ["https://vocefiscal-poll-tape-uploads.s3.amazonaws.com/us-east-1%3A33a0c209-0eec-4af6-8203-1670d8d60e2d/br/ce/fortaleza/zona-0001/3b354bf9aa621210fc8ea7415541be7d.jpg", "https://vocefiscal-poll-tape-uploads.s3.amazonaws.com/us-east-1%3A33a0c209-0eec-4af6-8203-1670d8d60e2d/br/ce/fortaleza/zona-0001/9ac28fc30a55d70e111d086fded8dd9f.jpg", "https://vocefiscal-poll-tape-uploads.s3.amazonaws.com/us-east-1%3A33a0c209-0eec-4af6-8203-1670d8d60e2d/br/ce/fortaleza/zona-0001/7989007c3b8ebfdd5f964966dff4434b.jpg", "https://vocefiscal-poll-tape-uploads.s3.amazonaws.com/us-east-1%3A33a0c209-0eec-4af6-8203-1670d8d60e2d/br/ce/fortaleza/zona-0001/10cc6ca18be8d8962131d41245edf49b.jpg", "https://vocefiscal-poll-tape-uploads.s3.amazonaws.com/us-east-1%3A33a0c209-0eec-4af6-8203-1670d8d60e2d/br/ce/fortaleza/zona-0001/a47e00718f22f406ddca591798a706d1.jpg"], "zonaEleitoral": "0001", "localDaVotacao": "2496"}