{"pictureURLList": ["https://vocefiscal-poll-tape-uploads.s3.amazonaws.com/us-east-1%3A567d2380-b74e-4763-9371-c3ccf1dd088d/br/ce/fortaleza/zona-0113/272d998b83443a16aedb0038526f79ca.jpg", "https://vocefiscal-poll-tape-uploads.s3.amazonaws.com/us-east-1%3A567d2380-b74e-4763-9371-c3ccf1dd088d/br/ce/fortaleza/zona-0113/5f735d21604c757ae3d89e1a4ba50bd7.jpg", "https://vocefiscal-poll-tape-uploads.s3.amazonaws.com/us-east-1%3A567d2380-b74e-4763-9371-c3ccf1dd088d/br/ce/fortaleza/zona-0113/9527f5ece6d4924a3b3659e107bcfe99.jpg", "https://vocefiscal-poll-tape-uploads.s3.amazonaws.com/us-east-1%3A567d2380-b74e-4763-9371-c3ccf1dd088d/br/ce/fortaleza/zona-0113/ccc6c0878f76eb3db30ff8334bd07045.jpg"], "data": 1414354680232, "estado": "CE", "municipio": "FORTALEZA", "zonaEleitoral": "0113", "localDaVotacao": "1058", "secaoEleitoral": "0284"}