{"municipio": "MANAUS", "estado": "AM", "data": 1414358265583, "pictureURLList": ["https://vocefiscal-poll-tape-uploads.s3.amazonaws.com/us-east-1%3Aae63034d-fdb2-4754-a6c6-8af1e4d79b2f/br/am/manaus/zona-0001/ef52c42e6851f2a4f581548f3b93f2af.jpg", "https://vocefiscal-poll-tape-uploads.s3.amazonaws.com/us-east-1%3Aae63034d-fdb2-4754-a6c6-8af1e4d79b2f/br/am/manaus/zona-0001/96a937fff12796e0cefe3529684197c8.jpg", "https://vocefiscal-poll-tape-uploads.s3.amazonaws.com/us-east-1%3Aae63034d-fdb2-4754-a6c6-8af1e4d79b2f/br/am/manaus/zona-0001/a704488a41804a37b96255726da51952.jpg"], "secaoEleitoral": "0312", "zonaEleitoral": "0001"}