{"pictureURLList": ["https://vocefiscal-poll-tape-uploads.s3.amazonaws.com/us-east-1%3Ade77bf21-109a-4441-9d9a-87a548537a97/br/ce/itapipoca/zona-0017/fad5983dc957ebc4ddfa5ddc1633b492.jpg", "https://vocefiscal-poll-tape-uploads.s3.amazonaws.com/us-east-1%3Ade77bf21-109a-4441-9d9a-87a548537a97/br/ce/itapipoca/zona-0017/6645b2bca9989458f746e1639b776871.jpg", "https://vocefiscal-poll-tape-uploads.s3.amazonaws.com/us-east-1%3Ade77bf21-109a-4441-9d9a-87a548537a97/br/ce/itapipoca/zona-0017/f99af0d5dfdaa0580818d4e2eb96d927.jpg"], "data": 1414350630889, "estado": "CE", "municipio": "ITAPIPOCA", "zonaEleitoral": "0017", "localDaVotacao": "1031", "secaoEleitoral": "0049"}