{"estado": "PA", "localDaVotacao": "0004", "municipio": "SANTAR\u00c9M", "pictureURLList": ["https://vocefiscal-poll-tape-uploads.s3.amazonaws.com/us-east-1%3Afe681fd2-8b88-43c3-9805-35145fd1ce9f/br/pa/santarem/zona-0104/31a46d2e90621d996f11afdeb727ca37.jpg", "https://vocefiscal-poll-tape-uploads.s3.amazonaws.com/us-east-1%3Afe681fd2-8b88-43c3-9805-35145fd1ce9f/br/pa/santarem/zona-0104/47ac00cb92e3894bcf779076f55bcf46.jpg", "https://vocefiscal-poll-tape-uploads.s3.amazonaws.com/us-east-1%3Afe681fd2-8b88-43c3-9805-35145fd1ce9f/br/pa/santarem/zona-0104/10529eb5a4869ace16e7ac9970e665c4.jpg", "https://vocefiscal-poll-tape-uploads.s3.amazonaws.com/us-east-1%3Afe681fd2-8b88-43c3-9805-35145fd1ce9f/br/pa/santarem/zona-0104/27c5256e20550956a76ea1aa053aed34.jpg", "https://vocefiscal-poll-tape-uploads.s3.amazonaws.com/us-east-1%3Afe681fd2-8b88-43c3-9805-35145fd1ce9f/br/pa/santarem/zona-0104/f2f540d2a851aa83d925842cf683f2f8.jpg", "https://vocefiscal-poll-tape-uploads.s3.amazonaws.com/us-east-1%3Afe681fd2-8b88-43c3-9805-35145fd1ce9f/br/pa/santarem/zona-0104/c5b23123ebe98c7bb78484c6c9869977.jpg", "https://vocefiscal-poll-tape-uploads.s3.amazonaws.com/us-east-1%3Afe681fd2-8b88-43c3-9805-35145fd1ce9f/br/pa/santarem/zona-0104/e07471b346892ca84af5bdb2dbb42af9.jpg", "https://vocefiscal-poll-tape-uploads.s3.amazonaws.com/us-east-1%3Afe681fd2-8b88-43c3-9805-35145fd1ce9f/br/pa/santarem/zona-0104/e858df9bccf124592fecd56f26d7c866.jpg", "https://vocefiscal-poll-tape-uploads.s3.amazonaws.com/us-east-1%3Afe681fd2-8b88-43c3-9805-35145fd1ce9f/br/pa/santarem/zona-0104/9aaddfb997f54a8cb2ee518b0f344b31.jpg", "https://vocefiscal-poll-tape-uploads.s3.amazonaws.com/us-east-1%3Afe681fd2-8b88-43c3-9805-35145fd1ce9f/br/pa/santarem/zona-0104/3046eec694fb7214388ca300c583d04e.jpg", "https://vocefiscal-poll-tape-uploads.s3.amazonaws.com/us-east-1%3Afe681fd2-8b88-43c3-9805-35145fd1ce9f/br/pa/santarem/zona-0104/12e22a0424db00e28195afb204b4c063.jpg", "https://vocefiscal-poll-tape-uploads.s3.amazonaws.com/us-east-1%3Afe681fd2-8b88-43c3-9805-35145fd1ce9f/br/pa/santarem/zona-0104/5d334d65f8ddc4ecd62afc6b61ca38d5.jpg", "https://vocefiscal-poll-tape-uploads.s3.amazonaws.com/us-east-1%3Afe681fd2-8b88-43c3-9805-35145fd1ce9f/br/pa/santarem/zona-0104/41a136d2e5f92e61724f932161b6e7ae.jpg", "https://vocefiscal-poll-tape-uploads.s3.amazonaws.com/us-east-1%3Afe681fd2-8b88-43c3-9805-35145fd1ce9f/br/pa/santarem/zona-0104/fb1ebead8651bea6189a2a6259c16c78.jpg", "https://vocefiscal-poll-tape-uploads.s3.amazonaws.com/us-east-1%3Afe681fd2-8b88-43c3-9805-35145fd1ce9f/br/pa/santarem/zona-0104/78f9652ace26c183bcb59b3be9b1b1aa.jpg", "https://vocefiscal-poll-tape-uploads.s3.amazonaws.com/us-east-1%3Afe681fd2-8b88-43c3-9805-35145fd1ce9f/br/pa/santarem/zona-0104/8eb2a87eb48b12dd7462678546f982d9.jpg", "https://vocefiscal-poll-tape-uploads.s3.amazonaws.com/us-east-1%3Afe681fd2-8b88-43c3-9805-35145fd1ce9f/br/pa/santarem/zona-0104/bfdb0f3da21224aeb120fe09a8ba3eee.jpg"], "data": 1414350990135, "secaoEleitoral": "0108", "zonaEleitoral": "0104"}