{"zonaEleitoral": "0006", "estado": "BA", "data": 1414354640943, "municipio": "SALVADOR", "pictureURLList": ["https://vocefiscal-poll-tape-uploads.s3.amazonaws.com/us-east-1%3A0da724e5-38cd-4966-9cc4-dc2c6d163a32/br/ba/salvador/zona-0006/f5727094afd602aba4e89d9b4835f3e6.jpg", "https://vocefiscal-poll-tape-uploads.s3.amazonaws.com/us-east-1%3A0da724e5-38cd-4966-9cc4-dc2c6d163a32/br/ba/salvador/zona-0006/f7ef3f69eb62c2a0e9fc9830b8a7ec93.jpg", "https://vocefiscal-poll-tape-uploads.s3.amazonaws.com/us-east-1%3A0da724e5-38cd-4966-9cc4-dc2c6d163a32/br/ba/salvador/zona-0006/c0f551813cb3095632929a5250b8b6fe.jpg", "https://vocefiscal-poll-tape-uploads.s3.amazonaws.com/us-east-1%3A0da724e5-38cd-4966-9cc4-dc2c6d163a32/br/ba/salvador/zona-0006/a74515a96f0048287679fffbc7fd3bcc.jpg"], "secaoEleitoral": "0050"}