{"municipio": "S\u00c3O F\u00c9LIX DO XINGU", "secaoEleitoral": "0044", "zonaEleitoral": "0053", "estado": "PA", "data": 1412540415555, "pictureURLList": ["https://vocefiscal-poll-tape-uploads.s3.amazonaws.com/us-east-1%3Af8d4e29d-947a-494f-b68e-cddf9098dc56/br/pa/sao-felix-do-xingu/zona-0053/de3c8a7fb6086c39010bdce6d2d645d1.jpg", "https://vocefiscal-poll-tape-uploads.s3.amazonaws.com/us-east-1%3Af8d4e29d-947a-494f-b68e-cddf9098dc56/br/pa/sao-felix-do-xingu/zona-0053/76f25ad8b4709cd1b92df607e8da9562.jpg", "https://vocefiscal-poll-tape-uploads.s3.amazonaws.com/us-east-1%3Af8d4e29d-947a-494f-b68e-cddf9098dc56/br/pa/sao-felix-do-xingu/zona-0053/30276950adc854fa0c48b52e9e0daea4.jpg", "https://vocefiscal-poll-tape-uploads.s3.amazonaws.com/us-east-1%3Af8d4e29d-947a-494f-b68e-cddf9098dc56/br/pa/sao-felix-do-xingu/zona-0053/a52bf295801be11b6824d021fd16292f.jpg", "https://vocefiscal-poll-tape-uploads.s3.amazonaws.com/us-east-1%3Af8d4e29d-947a-494f-b68e-cddf9098dc56/br/pa/sao-felix-do-xingu/zona-0053/3e4b1f502df2f1779a3c41094bf7256e.jpg", "https://vocefiscal-poll-tape-uploads.s3.amazonaws.com/us-east-1%3Af8d4e29d-947a-494f-b68e-cddf9098dc56/br/pa/sao-felix-do-xingu/zona-0053/a238643a07767a3e725151998731bbb5.jpg", "https://vocefiscal-poll-tape-uploads.s3.amazonaws.com/us-east-1%3Af8d4e29d-947a-494f-b68e-cddf9098dc56/br/pa/sao-felix-do-xingu/zona-0053/22954a3029cfd7360a91fa84e6f64094.jpg", "https://vocefiscal-poll-tape-uploads.s3.amazonaws.com/us-east-1%3Af8d4e29d-947a-494f-b68e-cddf9098dc56/br/pa/sao-felix-do-xingu/zona-0053/4015d932f1c6ea2c9f36efc3e75cfcbb.jpg", "https://vocefiscal-poll-tape-uploads.s3.amazonaws.com/us-east-1%3Af8d4e29d-947a-494f-b68e-cddf9098dc56/br/pa/sao-felix-do-xingu/zona-0053/703d36c066f7671de125ba80814b095d.jpg", "https://vocefiscal-poll-tape-uploads.s3.amazonaws.com/us-east-1%3Af8d4e29d-947a-494f-b68e-cddf9098dc56/br/pa/sao-felix-do-xingu/zona-0053/d8ef39322aa3b0b796ef8da383409f51.jpg", "https://vocefiscal-poll-tape-uploads.s3.amazonaws.com/us-east-1%3Af8d4e29d-947a-494f-b68e-cddf9098dc56/br/pa/sao-felix-do-xingu/zona-0053/225b3c5353857704d2f5aa5ff86e7353.jpg", "https://vocefiscal-poll-tape-uploads.s3.amazonaws.com/us-east-1%3Af8d4e29d-947a-494f-b68e-cddf9098dc56/br/pa/sao-felix-do-xingu/zona-0053/d9d5f76b0a26598ff67c5927093fb917.jpg", "https://vocefiscal-poll-tape-uploads.s3.amazonaws.com/us-east-1%3Af8d4e29d-947a-494f-b68e-cddf9098dc56/br/pa/sao-felix-do-xingu/zona-0053/6b41e39c77d250d99451d85eb1dd6903.jpg", "https://vocefiscal-poll-tape-uploads.s3.amazonaws.com/us-east-1%3Af8d4e29d-947a-494f-b68e-cddf9098dc56/br/pa/sao-felix-do-xingu/zona-0053/90dfce20164daf4051e668426043ac5.jpg", "https://vocefiscal-poll-tape-uploads.s3.amazonaws.com/us-east-1%3Af8d4e29d-947a-494f-b68e-cddf9098dc56/br/pa/sao-felix-do-xingu/zona-0053/ba567a81c7390d5964a0c361356e2e8.jpg", "https://vocefiscal-poll-tape-uploads.s3.amazonaws.com/us-east-1%3Af8d4e29d-947a-494f-b68e-cddf9098dc56/br/pa/sao-felix-do-xingu/zona-0053/f02957ff3de79bea2b843484804d8f10.jpg", "https://vocefiscal-poll-tape-uploads.s3.amazonaws.com/us-east-1%3Af8d4e29d-947a-494f-b68e-cddf9098dc56/br/pa/sao-felix-do-xingu/zona-0053/2f2a98da76ed075da75876fbe0dc0938.jpg", "https://vocefiscal-poll-tape-uploads.s3.amazonaws.com/us-east-1%3Af8d4e29d-947a-494f-b68e-cddf9098dc56/br/pa/sao-felix-do-xingu/zona-0053/3b67925dc16b3c2a9bb42e03b9c70267.jpg", "https://vocefiscal-poll-tape-uploads.s3.amazonaws.com/us-east-1%3Af8d4e29d-947a-494f-b68e-cddf9098dc56/br/pa/sao-felix-do-xingu/zona-0053/8120cd8c9c737650ef28f8a710840307.jpg", "https://vocefiscal-poll-tape-uploads.s3.amazonaws.com/us-east-1%3Af8d4e29d-947a-494f-b68e-cddf9098dc56/br/pa/sao-felix-do-xingu/zona-0053/cfd237233851dc7734592cb0c640bc1e.jpg", "https://vocefiscal-poll-tape-uploads.s3.amazonaws.com/us-east-1%3Af8d4e29d-947a-494f-b68e-cddf9098dc56/br/pa/sao-felix-do-xingu/zona-0053/ab210dd138bce14f97257f4e9143f572.jpg"]}