{"municipio": "MANAUS", "localDaVotacao": "1163", "data": 1414358377821, "estado": "AM", "pictureURLList": ["https://vocefiscal-poll-tape-uploads.s3.amazonaws.com/us-east-1%3A22c12d15-42bc-45c0-a155-55c162606489/br/am/manaus/zona-0037/b6c88683f130dcf22e8bc67da3cbc50a.jpg", "https://vocefiscal-poll-tape-uploads.s3.amazonaws.com/us-east-1%3A22c12d15-42bc-45c0-a155-55c162606489/br/am/manaus/zona-0037/cf8d94bf410cbd8475b7ef52d2fe4d8d.jpg", "https://vocefiscal-poll-tape-uploads.s3.amazonaws.com/us-east-1%3A22c12d15-42bc-45c0-a155-55c162606489/br/am/manaus/zona-0037/4f40a0448eecfef0fb489bd12f83099a.jpg"], "secaoEleitoral": "0280", "zonaEleitoral": "0037"}