{"zonaEleitoral": "0013", "estado": "BA", "data": 1414354388879, "municipio": "SALVADOR", "pictureURLList": ["https://vocefiscal-poll-tape-uploads.s3.amazonaws.com/us-east-1%3Aa82a1a53-ae47-420d-96b3-53bf898336e7/br/ba/salvador/zona-0013/fd5ea5afbd88f95e3705a94251ea76aa.jpg", "https://vocefiscal-poll-tape-uploads.s3.amazonaws.com/us-east-1%3Aa82a1a53-ae47-420d-96b3-53bf898336e7/br/ba/salvador/zona-0013/8b7382ce7be1406975262f1f01dbd3b5.jpg", "https://vocefiscal-poll-tape-uploads.s3.amazonaws.com/us-east-1%3Aa82a1a53-ae47-420d-96b3-53bf898336e7/br/ba/salvador/zona-0013/32ff2932a64234a6bd48ffef3ba6a5f8.jpg"], "secaoEleitoral": "0210"}