{"data": 1412542389970, "pictureURLList": ["https://vocefiscal-poll-tape-uploads.s3.amazonaws.com/us-east-1%3Abb6b58b8-e642-465f-a8cb-a4eb3f5670e5/br/ba/itapetinga/zona-0140/fdb542aa6587ae6e3765d36f4ea9bc71.jpg", "https://vocefiscal-poll-tape-uploads.s3.amazonaws.com/us-east-1%3Abb6b58b8-e642-465f-a8cb-a4eb3f5670e5/br/ba/itapetinga/zona-0140/8c96caa72ba72003acbc1a06ad54ac8.jpg", "https://vocefiscal-poll-tape-uploads.s3.amazonaws.com/us-east-1%3Abb6b58b8-e642-465f-a8cb-a4eb3f5670e5/br/ba/itapetinga/zona-0140/669fc1909d2f6f699d96814c00cea7f6.jpg", "https://vocefiscal-poll-tape-uploads.s3.amazonaws.com/us-east-1%3Abb6b58b8-e642-465f-a8cb-a4eb3f5670e5/br/ba/itapetinga/zona-0140/6ed11bb1e5663d6bf92f4eb014a1e7d2.jpg", "https://vocefiscal-poll-tape-uploads.s3.amazonaws.com/us-east-1%3Abb6b58b8-e642-465f-a8cb-a4eb3f5670e5/br/ba/itapetinga/zona-0140/f033ab094f9c7690004f263bad2802ba.jpg", "https://vocefiscal-poll-tape-uploads.s3.amazonaws.com/us-east-1%3Abb6b58b8-e642-465f-a8cb-a4eb3f5670e5/br/ba/itapetinga/zona-0140/d34c1379a6015de0d2aaaf9a039e0573.jpg", "https://vocefiscal-poll-tape-uploads.s3.amazonaws.com/us-east-1%3Abb6b58b8-e642-465f-a8cb-a4eb3f5670e5/br/ba/itapetinga/zona-0140/9f1b32e32979620e815ca28a85f07483.jpg", "https://vocefiscal-poll-tape-uploads.s3.amazonaws.com/us-east-1%3Abb6b58b8-e642-465f-a8cb-a4eb3f5670e5/br/ba/itapetinga/zona-0140/11b7a813fe66ad6736ec69e2cbb28a43.jpg", "https://vocefiscal-poll-tape-uploads.s3.amazonaws.com/us-east-1%3Abb6b58b8-e642-465f-a8cb-a4eb3f5670e5/br/ba/itapetinga/zona-0140/c10deebd69201fca4a2f315bf1ebd5b9.jpg", "https://vocefiscal-poll-tape-uploads.s3.amazonaws.com/us-east-1%3Abb6b58b8-e642-465f-a8cb-a4eb3f5670e5/br/ba/itapetinga/zona-0140/34a3e066359a42898cddc810aafb9691.jpg", "https://vocefiscal-poll-tape-uploads.s3.amazonaws.com/us-east-1%3Abb6b58b8-e642-465f-a8cb-a4eb3f5670e5/br/ba/itapetinga/zona-0140/240c684e9f61b269e8e6c47a7df98e8a.jpg", "https://vocefiscal-poll-tape-uploads.s3.amazonaws.com/us-east-1%3Abb6b58b8-e642-465f-a8cb-a4eb3f5670e5/br/ba/itapetinga/zona-0140/ea169988f3ff5ddc9253e76046981b9b.jpg", "https://vocefiscal-poll-tape-uploads.s3.amazonaws.com/us-east-1%3Abb6b58b8-e642-465f-a8cb-a4eb3f5670e5/br/ba/itapetinga/zona-0140/eefc48b79c6d6def20c0401a735f132d.jpg", "https://vocefiscal-poll-tape-uploads.s3.amazonaws.com/us-east-1%3Abb6b58b8-e642-465f-a8cb-a4eb3f5670e5/br/ba/itapetinga/zona-0140/a1c320697d91da3ae7b69f51bb803a6e.jpg", "https://vocefiscal-poll-tape-uploads.s3.amazonaws.com/us-east-1%3Abb6b58b8-e642-465f-a8cb-a4eb3f5670e5/br/ba/itapetinga/zona-0140/9565d7bb3a10c2bb4c46334a4ba7251.jpg", "https://vocefiscal-poll-tape-uploads.s3.amazonaws.com/us-east-1%3Abb6b58b8-e642-465f-a8cb-a4eb3f5670e5/br/ba/itapetinga/zona-0140/47354c22096a0841b1b5675e162f54a7.jpg", "https://vocefiscal-poll-tape-uploads.s3.amazonaws.com/us-east-1%3Abb6b58b8-e642-465f-a8cb-a4eb3f5670e5/br/ba/itapetinga/zona-0140/fa5a74dc7d46945f098df80ebc760526.jpg", "https://vocefiscal-poll-tape-uploads.s3.amazonaws.com/us-east-1%3Abb6b58b8-e642-465f-a8cb-a4eb3f5670e5/br/ba/itapetinga/zona-0140/43480afd6e59bba0ee61b87a96d3663.jpg", "https://vocefiscal-poll-tape-uploads.s3.amazonaws.com/us-east-1%3Abb6b58b8-e642-465f-a8cb-a4eb3f5670e5/br/ba/itapetinga/zona-0140/bfa92381448e8143b0d1dcf861d8eda2.jpg"], "estado": "BA", "localDaVotacao": "1236", "zonaEleitoral": "0140", "secaoEleitoral": "0137", "municipio": "ITAPETINGA"}