{"municipio": "BEL\u00c9M", "secaoEleitoral": "0511", "zonaEleitoral": "0028", "estado": "PA", "data": 1412597322889, "pictureURLList": ["https://vocefiscal-poll-tape-uploads.s3.amazonaws.com/us-east-1%3A65cf7772-0726-4d69-8acf-da0285c97f9c/br/pa/belem/zona-0028/7950df5a642436867c0bad5c190d261c.jpg", "https://vocefiscal-poll-tape-uploads.s3.amazonaws.com/us-east-1%3A65cf7772-0726-4d69-8acf-da0285c97f9c/br/pa/belem/zona-0028/fde67ce17dd2da41803f92b43db89ea.jpg", "https://vocefiscal-poll-tape-uploads.s3.amazonaws.com/us-east-1%3A65cf7772-0726-4d69-8acf-da0285c97f9c/br/pa/belem/zona-0028/2a69c4c09e1e11cb75487c3bb9c32b0.jpg", "https://vocefiscal-poll-tape-uploads.s3.amazonaws.com/us-east-1%3A65cf7772-0726-4d69-8acf-da0285c97f9c/br/pa/belem/zona-0028/e1123c80d79e50ebad560824da56dd84.jpg", "https://vocefiscal-poll-tape-uploads.s3.amazonaws.com/us-east-1%3A65cf7772-0726-4d69-8acf-da0285c97f9c/br/pa/belem/zona-0028/2186e54f30b7bd458bf58ba2ea737a86.jpg", "https://vocefiscal-poll-tape-uploads.s3.amazonaws.com/us-east-1%3A65cf7772-0726-4d69-8acf-da0285c97f9c/br/pa/belem/zona-0028/9d6ee7fb26e0c7ce6bf6a74f453d1ccd.jpg", "https://vocefiscal-poll-tape-uploads.s3.amazonaws.com/us-east-1%3A65cf7772-0726-4d69-8acf-da0285c97f9c/br/pa/belem/zona-0028/ef5e7acf5734804e53a79bf68e813e6d.jpg", "https://vocefiscal-poll-tape-uploads.s3.amazonaws.com/us-east-1%3A65cf7772-0726-4d69-8acf-da0285c97f9c/br/pa/belem/zona-0028/5434a120ee6b3bab5cc506e5e001d2e0.jpg", "https://vocefiscal-poll-tape-uploads.s3.amazonaws.com/us-east-1%3A65cf7772-0726-4d69-8acf-da0285c97f9c/br/pa/belem/zona-0028/e3f3ed970db9a2d99f5accff1567394.jpg", "https://vocefiscal-poll-tape-uploads.s3.amazonaws.com/us-east-1%3A65cf7772-0726-4d69-8acf-da0285c97f9c/br/pa/belem/zona-0028/6598eeb6dd631c7deacab0260c3cbd1c.jpg", "https://vocefiscal-poll-tape-uploads.s3.amazonaws.com/us-east-1%3A65cf7772-0726-4d69-8acf-da0285c97f9c/br/pa/belem/zona-0028/31908e9d3d8a6c796d6e17d19aedf2a0.jpg", "https://vocefiscal-poll-tape-uploads.s3.amazonaws.com/us-east-1%3A65cf7772-0726-4d69-8acf-da0285c97f9c/br/pa/belem/zona-0028/d0c84756662841ee948261838fe6a28f.jpg", "https://vocefiscal-poll-tape-uploads.s3.amazonaws.com/us-east-1%3A65cf7772-0726-4d69-8acf-da0285c97f9c/br/pa/belem/zona-0028/508e9b38d1e24898fddb09e8ed5cd168.jpg", "https://vocefiscal-poll-tape-uploads.s3.amazonaws.com/us-east-1%3A65cf7772-0726-4d69-8acf-da0285c97f9c/br/pa/belem/zona-0028/46a6c44945ae153af6500ace8f29a7e3.jpg", "https://vocefiscal-poll-tape-uploads.s3.amazonaws.com/us-east-1%3A65cf7772-0726-4d69-8acf-da0285c97f9c/br/pa/belem/zona-0028/ee030baba481bf5dc03f30bb2eff057a.jpg", "https://vocefiscal-poll-tape-uploads.s3.amazonaws.com/us-east-1%3A65cf7772-0726-4d69-8acf-da0285c97f9c/br/pa/belem/zona-0028/e818e7a5deefbd7fd0cfae1964f1bc78.jpg", "https://vocefiscal-poll-tape-uploads.s3.amazonaws.com/us-east-1%3A65cf7772-0726-4d69-8acf-da0285c97f9c/br/pa/belem/zona-0028/cbb99f6f91c859b5c55e2f4425953db8.jpg", "https://vocefiscal-poll-tape-uploads.s3.amazonaws.com/us-east-1%3A65cf7772-0726-4d69-8acf-da0285c97f9c/br/pa/belem/zona-0028/106744f776a1fcb09b5e6bf0bf96a32f.jpg", "https://vocefiscal-poll-tape-uploads.s3.amazonaws.com/us-east-1%3A65cf7772-0726-4d69-8acf-da0285c97f9c/br/pa/belem/zona-0028/7f1688a6b290fc9b767bf8d56b81aef5.jpg", "https://vocefiscal-poll-tape-uploads.s3.amazonaws.com/us-east-1%3A65cf7772-0726-4d69-8acf-da0285c97f9c/br/pa/belem/zona-0028/f22c8a7013a01965754ad753a0de7a9d.jpg", "https://vocefiscal-poll-tape-uploads.s3.amazonaws.com/us-east-1%3A65cf7772-0726-4d69-8acf-da0285c97f9c/br/pa/belem/zona-0028/f67c576134426015de82181c881707c3.jpg", "https://vocefiscal-poll-tape-uploads.s3.amazonaws.com/us-east-1%3A65cf7772-0726-4d69-8acf-da0285c97f9c/br/pa/belem/zona-0028/71b3b90657303f26a23a627b7d6a16b7.jpg", "https://vocefiscal-poll-tape-uploads.s3.amazonaws.com/us-east-1%3A65cf7772-0726-4d69-8acf-da0285c97f9c/br/pa/belem/zona-0028/4a607e061a169558fa8f115a7340ead5.jpg", "https://vocefiscal-poll-tape-uploads.s3.amazonaws.com/us-east-1%3A65cf7772-0726-4d69-8acf-da0285c97f9c/br/pa/belem/zona-0028/e61394f2cbf2cda98a03e9139adc85d7.jpg", "https://vocefiscal-poll-tape-uploads.s3.amazonaws.com/us-east-1%3A65cf7772-0726-4d69-8acf-da0285c97f9c/br/pa/belem/zona-0028/745293dcfae636aaadc8eeee287f0f4b.jpg", "https://vocefiscal-poll-tape-uploads.s3.amazonaws.com/us-east-1%3A65cf7772-0726-4d69-8acf-da0285c97f9c/br/pa/belem/zona-0028/1975e18d671c598e208fa623c6468c3d.jpg", "https://vocefiscal-poll-tape-uploads.s3.amazonaws.com/us-east-1%3A65cf7772-0726-4d69-8acf-da0285c97f9c/br/pa/belem/zona-0028/f1c996a7ec036166df30faf65a4b0e6c.jpg", "https://vocefiscal-poll-tape-uploads.s3.amazonaws.com/us-east-1%3A65cf7772-0726-4d69-8acf-da0285c97f9c/br/pa/belem/zona-0028/419a2f05c4f354652cb8ccf13666f884.jpg", "https://vocefiscal-poll-tape-uploads.s3.amazonaws.com/us-east-1%3A65cf7772-0726-4d69-8acf-da0285c97f9c/br/pa/belem/zona-0028/b0e776be4941966f79a9c79d6f2050d0.jpg", "https://vocefiscal-poll-tape-uploads.s3.amazonaws.com/us-east-1%3A65cf7772-0726-4d69-8acf-da0285c97f9c/br/pa/belem/zona-0028/adb11903772ca6e1031d12a7733cd5fe.jpg", "https://vocefiscal-poll-tape-uploads.s3.amazonaws.com/us-east-1%3A65cf7772-0726-4d69-8acf-da0285c97f9c/br/pa/belem/zona-0028/c0df5fd90f7180613df39f76215207b1.jpg", "https://vocefiscal-poll-tape-uploads.s3.amazonaws.com/us-east-1%3A65cf7772-0726-4d69-8acf-da0285c97f9c/br/pa/belem/zona-0028/c346b20edc20ba93183fae6a53c100d9.jpg", "https://vocefiscal-poll-tape-uploads.s3.amazonaws.com/us-east-1%3A65cf7772-0726-4d69-8acf-da0285c97f9c/br/pa/belem/zona-0028/554de77a5e550a427472ec572f574b1e.jpg", "https://vocefiscal-poll-tape-uploads.s3.amazonaws.com/us-east-1%3A65cf7772-0726-4d69-8acf-da0285c97f9c/br/pa/belem/zona-0028/f79517b4ef6806c2ac4d9c6816ca256b.jpg", "https://vocefiscal-poll-tape-uploads.s3.amazonaws.com/us-east-1%3A65cf7772-0726-4d69-8acf-da0285c97f9c/br/pa/belem/zona-0028/6e47c5aadd3bcbf7602770988bb00acc.jpg"]}