{"zonaEleitoral": "0142", "pictureURLList": ["https://vocefiscal-poll-tape-uploads.s3.amazonaws.com/us-east-1%3A37293f98-6046-4494-8836-bbd91eb27d72/br/ba/cruz-das-almas/zona-0142/c667b582c1262b589bb2cabcac086c7f.jpg", "https://vocefiscal-poll-tape-uploads.s3.amazonaws.com/us-east-1%3A37293f98-6046-4494-8836-bbd91eb27d72/br/ba/cruz-das-almas/zona-0142/d64b6044cbbbcdc25e785b9db642f8e3.jpg"], "estado": "BA", "secaoEleitoral": "0005", "data": 1414351621296, "municipio": "CRUZ DAS ALMAS", "localDaVotacao": "1090"}