{"data": 1412545749454, "estado": "BA", "secaoEleitoral": "0077", "zonaEleitoral": "0036", "pictureURLList": ["https://vocefiscal-poll-tape-uploads.s3.amazonaws.com/us-east-1%3A2dfbee18-1173-4434-8bc2-81b57f5bb810/br/ba/amargosa/zona-0036/a8cd1627ea8e823273bdfa49ded05b1a.jpg", "https://vocefiscal-poll-tape-uploads.s3.amazonaws.com/us-east-1%3A2dfbee18-1173-4434-8bc2-81b57f5bb810/br/ba/amargosa/zona-0036/9af454337b2e31fe084f38d42b42c1e2.jpg", "https://vocefiscal-poll-tape-uploads.s3.amazonaws.com/us-east-1%3A2dfbee18-1173-4434-8bc2-81b57f5bb810/br/ba/amargosa/zona-0036/5f22ddb03b489f3b5f2e684598109a2c.jpg", "https://vocefiscal-poll-tape-uploads.s3.amazonaws.com/us-east-1%3A2dfbee18-1173-4434-8bc2-81b57f5bb810/br/ba/amargosa/zona-0036/56117698e9361fbe26744881116d94b.jpg", "https://vocefiscal-poll-tape-uploads.s3.amazonaws.com/us-east-1%3A2dfbee18-1173-4434-8bc2-81b57f5bb810/br/ba/amargosa/zona-0036/b29cf90e78d5ce83000ac21ff588742f.jpg", "https://vocefiscal-poll-tape-uploads.s3.amazonaws.com/us-east-1%3A2dfbee18-1173-4434-8bc2-81b57f5bb810/br/ba/amargosa/zona-0036/4b3e640c853c5b08d666e0e581460da6.jpg", "https://vocefiscal-poll-tape-uploads.s3.amazonaws.com/us-east-1%3A2dfbee18-1173-4434-8bc2-81b57f5bb810/br/ba/amargosa/zona-0036/39451ff6406841386382eee032471bfa.jpg", "https://vocefiscal-poll-tape-uploads.s3.amazonaws.com/us-east-1%3A2dfbee18-1173-4434-8bc2-81b57f5bb810/br/ba/amargosa/zona-0036/32d6c5469d97b9b84d2e3601a5ade2e5.jpg", "https://vocefiscal-poll-tape-uploads.s3.amazonaws.com/us-east-1%3A2dfbee18-1173-4434-8bc2-81b57f5bb810/br/ba/amargosa/zona-0036/b08ec2136fe10bf00fd8b480b8288d2.jpg", "https://vocefiscal-poll-tape-uploads.s3.amazonaws.com/us-east-1%3A2dfbee18-1173-4434-8bc2-81b57f5bb810/br/ba/amargosa/zona-0036/7a2705e2ce8072666c468a81125ebd4c.jpg", "https://vocefiscal-poll-tape-uploads.s3.amazonaws.com/us-east-1%3A2dfbee18-1173-4434-8bc2-81b57f5bb810/br/ba/amargosa/zona-0036/c9f67fb3f21d3dce6ac71902ecea992a.jpg", "https://vocefiscal-poll-tape-uploads.s3.amazonaws.com/us-east-1%3A2dfbee18-1173-4434-8bc2-81b57f5bb810/br/ba/amargosa/zona-0036/6424c4bf62754a9666417502fa051423.jpg", "https://vocefiscal-poll-tape-uploads.s3.amazonaws.com/us-east-1%3A2dfbee18-1173-4434-8bc2-81b57f5bb810/br/ba/amargosa/zona-0036/de2efdb9daea9b1a0a4c4aa60d6ad192.jpg", "https://vocefiscal-poll-tape-uploads.s3.amazonaws.com/us-east-1%3A2dfbee18-1173-4434-8bc2-81b57f5bb810/br/ba/amargosa/zona-0036/fecbb3173cad28102f8c95916765fa9b.jpg", "https://vocefiscal-poll-tape-uploads.s3.amazonaws.com/us-east-1%3A2dfbee18-1173-4434-8bc2-81b57f5bb810/br/ba/amargosa/zona-0036/636c7cac5a8a1b69f8c4bf2906077c02.jpg", "https://vocefiscal-poll-tape-uploads.s3.amazonaws.com/us-east-1%3A2dfbee18-1173-4434-8bc2-81b57f5bb810/br/ba/amargosa/zona-0036/54f87a375f68cf4510c70f8ae63fb1e6.jpg"], "municipio": "AMARGOSA"}