{"estado": "CE", "municipio": "FORTALEZA", "data": 1412548934893, "secaoEleitoral": "0628", "pictureURLList": ["https://vocefiscal-poll-tape-uploads.s3.amazonaws.com/us-east-1%3A080a8a64-71d6-4561-a422-5479c2261342/br/ce/fortaleza/zona-0082/2a5210fdb3f8aa6122c1f362957b82f1.jpg", "https://vocefiscal-poll-tape-uploads.s3.amazonaws.com/us-east-1%3A080a8a64-71d6-4561-a422-5479c2261342/br/ce/fortaleza/zona-0082/13ab2bbe56c464c1724f73a1b7c73343.jpg", "https://vocefiscal-poll-tape-uploads.s3.amazonaws.com/us-east-1%3A080a8a64-71d6-4561-a422-5479c2261342/br/ce/fortaleza/zona-0082/ec3c0271978d584665a875ef33ffc4c1.jpg", "https://vocefiscal-poll-tape-uploads.s3.amazonaws.com/us-east-1%3A080a8a64-71d6-4561-a422-5479c2261342/br/ce/fortaleza/zona-0082/3979b1beff535a1e6953c3a0faa51a9d.jpg", "https://vocefiscal-poll-tape-uploads.s3.amazonaws.com/us-east-1%3A080a8a64-71d6-4561-a422-5479c2261342/br/ce/fortaleza/zona-0082/e049bb499d64ff79d94b21b1ad6fae4.jpg", "https://vocefiscal-poll-tape-uploads.s3.amazonaws.com/us-east-1%3A080a8a64-71d6-4561-a422-5479c2261342/br/ce/fortaleza/zona-0082/feaa593997c9301724588e2183677445.jpg", "https://vocefiscal-poll-tape-uploads.s3.amazonaws.com/us-east-1%3A080a8a64-71d6-4561-a422-5479c2261342/br/ce/fortaleza/zona-0082/c05105f12842ac1a69ad4e4c6b13a3ab.jpg", "https://vocefiscal-poll-tape-uploads.s3.amazonaws.com/us-east-1%3A080a8a64-71d6-4561-a422-5479c2261342/br/ce/fortaleza/zona-0082/11f3d616d93ce43b0ad82dc9b4db61a8.jpg", "https://vocefiscal-poll-tape-uploads.s3.amazonaws.com/us-east-1%3A080a8a64-71d6-4561-a422-5479c2261342/br/ce/fortaleza/zona-0082/c5634336e409a12d91b648d31ab7546e.jpg", "https://vocefiscal-poll-tape-uploads.s3.amazonaws.com/us-east-1%3A080a8a64-71d6-4561-a422-5479c2261342/br/ce/fortaleza/zona-0082/206c62772f1f458720c2352457fadd8.jpg", "https://vocefiscal-poll-tape-uploads.s3.amazonaws.com/us-east-1%3A080a8a64-71d6-4561-a422-5479c2261342/br/ce/fortaleza/zona-0082/947fc31934e03013d35c0e591706ca02.jpg", "https://vocefiscal-poll-tape-uploads.s3.amazonaws.com/us-east-1%3A080a8a64-71d6-4561-a422-5479c2261342/br/ce/fortaleza/zona-0082/2dd24b5cb2202995904db7c8eb5130d0.jpg", "https://vocefiscal-poll-tape-uploads.s3.amazonaws.com/us-east-1%3A080a8a64-71d6-4561-a422-5479c2261342/br/ce/fortaleza/zona-0082/77c0a495e9a1cda54ab43152d3e793af.jpg", "https://vocefiscal-poll-tape-uploads.s3.amazonaws.com/us-east-1%3A080a8a64-71d6-4561-a422-5479c2261342/br/ce/fortaleza/zona-0082/93fdd10feeb05ceaf32ce645324b4308.jpg", "https://vocefiscal-poll-tape-uploads.s3.amazonaws.com/us-east-1%3A080a8a64-71d6-4561-a422-5479c2261342/br/ce/fortaleza/zona-0082/34d2b746a7eae68ad9796845c3d9c771.jpg", "https://vocefiscal-poll-tape-uploads.s3.amazonaws.com/us-east-1%3A080a8a64-71d6-4561-a422-5479c2261342/br/ce/fortaleza/zona-0082/9acd365fe721d70912c7764c373f71eb.jpg", "https://vocefiscal-poll-tape-uploads.s3.amazonaws.com/us-east-1%3A080a8a64-71d6-4561-a422-5479c2261342/br/ce/fortaleza/zona-0082/f5bb8a0bc36caaeb8e24c68507e222ba.jpg", "https://vocefiscal-poll-tape-uploads.s3.amazonaws.com/us-east-1%3A080a8a64-71d6-4561-a422-5479c2261342/br/ce/fortaleza/zona-0082/5658402c8069594086a9903a74970d90.jpg", "https://vocefiscal-poll-tape-uploads.s3.amazonaws.com/us-east-1%3A080a8a64-71d6-4561-a422-5479c2261342/br/ce/fortaleza/zona-0082/cec3b3506ec7d5e16ed295ed984b0f1.jpg", "https://vocefiscal-poll-tape-uploads.s3.amazonaws.com/us-east-1%3A080a8a64-71d6-4561-a422-5479c2261342/br/ce/fortaleza/zona-0082/eb8064e9d88214adbac7221e12fb5b9.jpg", "https://vocefiscal-poll-tape-uploads.s3.amazonaws.com/us-east-1%3A080a8a64-71d6-4561-a422-5479c2261342/br/ce/fortaleza/zona-0082/de1a437e82fe3e34bee4f9ef23415d57.jpg", "https://vocefiscal-poll-tape-uploads.s3.amazonaws.com/us-east-1%3A080a8a64-71d6-4561-a422-5479c2261342/br/ce/fortaleza/zona-0082/2da449b4869a94594c0ffb640ad8bb78.jpg", "https://vocefiscal-poll-tape-uploads.s3.amazonaws.com/us-east-1%3A080a8a64-71d6-4561-a422-5479c2261342/br/ce/fortaleza/zona-0082/8909edb534becb9d496c338539752f76.jpg", "https://vocefiscal-poll-tape-uploads.s3.amazonaws.com/us-east-1%3A080a8a64-71d6-4561-a422-5479c2261342/br/ce/fortaleza/zona-0082/2d0a44c2f63c73d8bcd8d7a924f8716d.jpg", "https://vocefiscal-poll-tape-uploads.s3.amazonaws.com/us-east-1%3A080a8a64-71d6-4561-a422-5479c2261342/br/ce/fortaleza/zona-0082/c1f82bc079cb7baadb8715a27d1dc60.jpg", "https://vocefiscal-poll-tape-uploads.s3.amazonaws.com/us-east-1%3A080a8a64-71d6-4561-a422-5479c2261342/br/ce/fortaleza/zona-0082/cbfb241fbb880215882cec0d98dc38ce.jpg", "https://vocefiscal-poll-tape-uploads.s3.amazonaws.com/us-east-1%3A080a8a64-71d6-4561-a422-5479c2261342/br/ce/fortaleza/zona-0082/5219c933d7bec55a358bb3979eb191ab.jpg", "https://vocefiscal-poll-tape-uploads.s3.amazonaws.com/us-east-1%3A080a8a64-71d6-4561-a422-5479c2261342/br/ce/fortaleza/zona-0082/e486f803e3f480c19abbc64fc1c147db.jpg", "https://vocefiscal-poll-tape-uploads.s3.amazonaws.com/us-east-1%3A080a8a64-71d6-4561-a422-5479c2261342/br/ce/fortaleza/zona-0082/e96128dca482ca02d07f40f6fca8088d.jpg", "https://vocefiscal-poll-tape-uploads.s3.amazonaws.com/us-east-1%3A080a8a64-71d6-4561-a422-5479c2261342/br/ce/fortaleza/zona-0082/33df999bb2e11cff8aa8782f515f2c10.jpg"], "zonaEleitoral": "0082", "localDaVotacao": "1767"}