{"estado": "CE", "municipio": "CANIND\u00c9", "data": 1412540177647, "secaoEleitoral": "0040", "pictureURLList": ["https://vocefiscal-poll-tape-uploads.s3.amazonaws.com/us-east-1%3Ae3a74dfb-388e-4fcd-877f-3c1a7c295535/br/ce/caninde/zona-0033/e7a1ca6664df5dbec2f64f3b14af1303.jpg", "https://vocefiscal-poll-tape-uploads.s3.amazonaws.com/us-east-1%3Ae3a74dfb-388e-4fcd-877f-3c1a7c295535/br/ce/caninde/zona-0033/cd7afbe0ec4eb4935b21eb75b77e0208.jpg", "https://vocefiscal-poll-tape-uploads.s3.amazonaws.com/us-east-1%3Ae3a74dfb-388e-4fcd-877f-3c1a7c295535/br/ce/caninde/zona-0033/20dd3a538a68ba8b60857ffb4574e757.jpg", "https://vocefiscal-poll-tape-uploads.s3.amazonaws.com/us-east-1%3Ae3a74dfb-388e-4fcd-877f-3c1a7c295535/br/ce/caninde/zona-0033/e650f878db7a0491dc931be3d7656383.jpg", "https://vocefiscal-poll-tape-uploads.s3.amazonaws.com/us-east-1%3Ae3a74dfb-388e-4fcd-877f-3c1a7c295535/br/ce/caninde/zona-0033/f3f583f2892fae6757e7d83b7eb90e32.jpg", "https://vocefiscal-poll-tape-uploads.s3.amazonaws.com/us-east-1%3Ae3a74dfb-388e-4fcd-877f-3c1a7c295535/br/ce/caninde/zona-0033/29d87b6e895ce29d6e19d15fa47d4b41.jpg", "https://vocefiscal-poll-tape-uploads.s3.amazonaws.com/us-east-1%3Ae3a74dfb-388e-4fcd-877f-3c1a7c295535/br/ce/caninde/zona-0033/824d2b01d2ff8a6f2188af767314dfbd.jpg", "https://vocefiscal-poll-tape-uploads.s3.amazonaws.com/us-east-1%3Ae3a74dfb-388e-4fcd-877f-3c1a7c295535/br/ce/caninde/zona-0033/c5af4ccf637d47838cf31b5caba3b0ff.jpg", "https://vocefiscal-poll-tape-uploads.s3.amazonaws.com/us-east-1%3Ae3a74dfb-388e-4fcd-877f-3c1a7c295535/br/ce/caninde/zona-0033/a67936c93fa54dd1ec92dacc56b33efb.jpg", "https://vocefiscal-poll-tape-uploads.s3.amazonaws.com/us-east-1%3Ae3a74dfb-388e-4fcd-877f-3c1a7c295535/br/ce/caninde/zona-0033/90a21c01e122b506e2a26676d4e7401c.jpg", "https://vocefiscal-poll-tape-uploads.s3.amazonaws.com/us-east-1%3Ae3a74dfb-388e-4fcd-877f-3c1a7c295535/br/ce/caninde/zona-0033/4a6ab488262918339e3563a6743530ef.jpg", "https://vocefiscal-poll-tape-uploads.s3.amazonaws.com/us-east-1%3Ae3a74dfb-388e-4fcd-877f-3c1a7c295535/br/ce/caninde/zona-0033/d2f7d0af0e32fba0b0a89024ba77d2ce.jpg", "https://vocefiscal-poll-tape-uploads.s3.amazonaws.com/us-east-1%3Ae3a74dfb-388e-4fcd-877f-3c1a7c295535/br/ce/caninde/zona-0033/195349a225e3abbeff48a43a957b1b32.jpg", "https://vocefiscal-poll-tape-uploads.s3.amazonaws.com/us-east-1%3Ae3a74dfb-388e-4fcd-877f-3c1a7c295535/br/ce/caninde/zona-0033/c72d2821871f7f2b2e61b2289295d021.jpg", "https://vocefiscal-poll-tape-uploads.s3.amazonaws.com/us-east-1%3Ae3a74dfb-388e-4fcd-877f-3c1a7c295535/br/ce/caninde/zona-0033/99bd16f33b7e7bf66d4b8f7646c023f1.jpg", "https://vocefiscal-poll-tape-uploads.s3.amazonaws.com/us-east-1%3Ae3a74dfb-388e-4fcd-877f-3c1a7c295535/br/ce/caninde/zona-0033/65c692fc393445e861053628c5146c76.jpg", "https://vocefiscal-poll-tape-uploads.s3.amazonaws.com/us-east-1%3Ae3a74dfb-388e-4fcd-877f-3c1a7c295535/br/ce/caninde/zona-0033/db16431a39102bca01519157e9026d46.jpg", "https://vocefiscal-poll-tape-uploads.s3.amazonaws.com/us-east-1%3Ae3a74dfb-388e-4fcd-877f-3c1a7c295535/br/ce/caninde/zona-0033/9fad57265aec1bcba55399d24f691185.jpg", "https://vocefiscal-poll-tape-uploads.s3.amazonaws.com/us-east-1%3Ae3a74dfb-388e-4fcd-877f-3c1a7c295535/br/ce/caninde/zona-0033/6df73b9d23dc4684c7960ff10089a983.jpg", "https://vocefiscal-poll-tape-uploads.s3.amazonaws.com/us-east-1%3Ae3a74dfb-388e-4fcd-877f-3c1a7c295535/br/ce/caninde/zona-0033/f313b3f76d2975c148fa78a68c76c21d.jpg", "https://vocefiscal-poll-tape-uploads.s3.amazonaws.com/us-east-1%3Ae3a74dfb-388e-4fcd-877f-3c1a7c295535/br/ce/caninde/zona-0033/6f65edfab85644132f6673e0accb5dc4.jpg", "https://vocefiscal-poll-tape-uploads.s3.amazonaws.com/us-east-1%3Ae3a74dfb-388e-4fcd-877f-3c1a7c295535/br/ce/caninde/zona-0033/4c3e7cc4b86eda13119d1b20bfefabec.jpg", "https://vocefiscal-poll-tape-uploads.s3.amazonaws.com/us-east-1%3Ae3a74dfb-388e-4fcd-877f-3c1a7c295535/br/ce/caninde/zona-0033/b2bff474bc4943d9372d4187993be95d.jpg", "https://vocefiscal-poll-tape-uploads.s3.amazonaws.com/us-east-1%3Ae3a74dfb-388e-4fcd-877f-3c1a7c295535/br/ce/caninde/zona-0033/e7bd4b78652edcd74d5100839b004f25.jpg", "https://vocefiscal-poll-tape-uploads.s3.amazonaws.com/us-east-1%3Ae3a74dfb-388e-4fcd-877f-3c1a7c295535/br/ce/caninde/zona-0033/35bddd7d8084c6e572b8c66fdaf82165.jpg", "https://vocefiscal-poll-tape-uploads.s3.amazonaws.com/us-east-1%3Ae3a74dfb-388e-4fcd-877f-3c1a7c295535/br/ce/caninde/zona-0033/59734c0476d4a1a42608eb933cb95436.jpg", "https://vocefiscal-poll-tape-uploads.s3.amazonaws.com/us-east-1%3Ae3a74dfb-388e-4fcd-877f-3c1a7c295535/br/ce/caninde/zona-0033/282703504bf5310d28a252d6b64d9d1b.jpg", "https://vocefiscal-poll-tape-uploads.s3.amazonaws.com/us-east-1%3Ae3a74dfb-388e-4fcd-877f-3c1a7c295535/br/ce/caninde/zona-0033/a7ddb1db57435b8fed62d1d0c3da668a.jpg", "https://vocefiscal-poll-tape-uploads.s3.amazonaws.com/us-east-1%3Ae3a74dfb-388e-4fcd-877f-3c1a7c295535/br/ce/caninde/zona-0033/6c7c2eb73152e491c2ec7beba6de95ff.jpg", "https://vocefiscal-poll-tape-uploads.s3.amazonaws.com/us-east-1%3Ae3a74dfb-388e-4fcd-877f-3c1a7c295535/br/ce/caninde/zona-0033/eaa7c9d41e197139ed9de4214718fed7.jpg"], "zonaEleitoral": "0033"}