{"estado": "CE", "municipio": "RUSSAS", "data": 1412561316846, "secaoEleitoral": "0055", "pictureURLList": ["https://vocefiscal-poll-tape-uploads.s3.amazonaws.com/us-east-1%3Aef7f1374-568c-4466-97f6-dd1509252507/br/ce/russas/zona-0009/cd7612b8fac253096433d39a2124b0d7.jpg", "https://vocefiscal-poll-tape-uploads.s3.amazonaws.com/us-east-1%3Aef7f1374-568c-4466-97f6-dd1509252507/br/ce/russas/zona-0009/1d873d640ddb362b794ab8c6114dabee.jpg", "https://vocefiscal-poll-tape-uploads.s3.amazonaws.com/us-east-1%3Aef7f1374-568c-4466-97f6-dd1509252507/br/ce/russas/zona-0009/210bfc1d0b4713295258f77104f58e70.jpg", "https://vocefiscal-poll-tape-uploads.s3.amazonaws.com/us-east-1%3Aef7f1374-568c-4466-97f6-dd1509252507/br/ce/russas/zona-0009/c1392ebbc5c210cbe593f70e56d9d0a4.jpg", "https://vocefiscal-poll-tape-uploads.s3.amazonaws.com/us-east-1%3Aef7f1374-568c-4466-97f6-dd1509252507/br/ce/russas/zona-0009/3ab1e81ee3deb8f8864a28869877dd3e.jpg", "https://vocefiscal-poll-tape-uploads.s3.amazonaws.com/us-east-1%3Aef7f1374-568c-4466-97f6-dd1509252507/br/ce/russas/zona-0009/376f4b7980e001d8f6d4c30ef6d42dae.jpg", "https://vocefiscal-poll-tape-uploads.s3.amazonaws.com/us-east-1%3Aef7f1374-568c-4466-97f6-dd1509252507/br/ce/russas/zona-0009/1c941fd1d809a25b83cd55cd79da843d.jpg", "https://vocefiscal-poll-tape-uploads.s3.amazonaws.com/us-east-1%3Aef7f1374-568c-4466-97f6-dd1509252507/br/ce/russas/zona-0009/2f7233e82191ea570b13d708a006d049.jpg", "https://vocefiscal-poll-tape-uploads.s3.amazonaws.com/us-east-1%3Aef7f1374-568c-4466-97f6-dd1509252507/br/ce/russas/zona-0009/fcabbdaa973c047b77fd76c3dfabdc33.jpg", "https://vocefiscal-poll-tape-uploads.s3.amazonaws.com/us-east-1%3Aef7f1374-568c-4466-97f6-dd1509252507/br/ce/russas/zona-0009/4af463592ce5a2ac446feb961c3f6c71.jpg", "https://vocefiscal-poll-tape-uploads.s3.amazonaws.com/us-east-1%3Aef7f1374-568c-4466-97f6-dd1509252507/br/ce/russas/zona-0009/44267b09fe9a27815ce4ddf4764b9d43.jpg", "https://vocefiscal-poll-tape-uploads.s3.amazonaws.com/us-east-1%3Aef7f1374-568c-4466-97f6-dd1509252507/br/ce/russas/zona-0009/281fc8eb7a35e784e5436aa5448b6ba7.jpg", "https://vocefiscal-poll-tape-uploads.s3.amazonaws.com/us-east-1%3Aef7f1374-568c-4466-97f6-dd1509252507/br/ce/russas/zona-0009/d2f918f37d8b0712b9e83b8fafb6e05b.jpg", "https://vocefiscal-poll-tape-uploads.s3.amazonaws.com/us-east-1%3Aef7f1374-568c-4466-97f6-dd1509252507/br/ce/russas/zona-0009/4610b28bb724f7c2e40dc23251afdec.jpg", "https://vocefiscal-poll-tape-uploads.s3.amazonaws.com/us-east-1%3Aef7f1374-568c-4466-97f6-dd1509252507/br/ce/russas/zona-0009/b0b855b0c7cdd5152a717c672b5bf95a.jpg", "https://vocefiscal-poll-tape-uploads.s3.amazonaws.com/us-east-1%3Aef7f1374-568c-4466-97f6-dd1509252507/br/ce/russas/zona-0009/8549f4875107c5fb5781867e0135f15c.jpg", "https://vocefiscal-poll-tape-uploads.s3.amazonaws.com/us-east-1%3Aef7f1374-568c-4466-97f6-dd1509252507/br/ce/russas/zona-0009/e5f8fa5b5958c39fa2bfe63c1c5506b2.jpg", "https://vocefiscal-poll-tape-uploads.s3.amazonaws.com/us-east-1%3Aef7f1374-568c-4466-97f6-dd1509252507/br/ce/russas/zona-0009/5023108d89c6f8b4d82fe88ba0c25064.jpg", "https://vocefiscal-poll-tape-uploads.s3.amazonaws.com/us-east-1%3Aef7f1374-568c-4466-97f6-dd1509252507/br/ce/russas/zona-0009/4b1f24ed54a21dbca0e33216a9061b22.jpg", "https://vocefiscal-poll-tape-uploads.s3.amazonaws.com/us-east-1%3Aef7f1374-568c-4466-97f6-dd1509252507/br/ce/russas/zona-0009/59cf2f5ae5e57e39ea41ce4bfbae1c0f.jpg"], "zonaEleitoral": "0009", "localDaVotacao": "1066"}