{"municipio": "SANTA ISABEL DO PAR\u00c1", "secaoEleitoral": "0119", "zonaEleitoral": "0036", "estado": "PA", "data": 1412540703925, "pictureURLList": ["https://vocefiscal-poll-tape-uploads.s3.amazonaws.com/us-east-1%3Af7d321c1-0f2c-48e8-9e5a-545bc3a701e4/br/pa/santa-isabel-do-para/zona-0036/9599fc9becbe068e4655b53a7d8c0735.jpg", "https://vocefiscal-poll-tape-uploads.s3.amazonaws.com/us-east-1%3Af7d321c1-0f2c-48e8-9e5a-545bc3a701e4/br/pa/santa-isabel-do-para/zona-0036/c53c37d3f207a58458e3611b274d02eb.jpg", "https://vocefiscal-poll-tape-uploads.s3.amazonaws.com/us-east-1%3Af7d321c1-0f2c-48e8-9e5a-545bc3a701e4/br/pa/santa-isabel-do-para/zona-0036/98230d91a47c760733a0db91e76fc100.jpg", "https://vocefiscal-poll-tape-uploads.s3.amazonaws.com/us-east-1%3Af7d321c1-0f2c-48e8-9e5a-545bc3a701e4/br/pa/santa-isabel-do-para/zona-0036/b143b461a6f534a4247e8fd83c6aa000.jpg", "https://vocefiscal-poll-tape-uploads.s3.amazonaws.com/us-east-1%3Af7d321c1-0f2c-48e8-9e5a-545bc3a701e4/br/pa/santa-isabel-do-para/zona-0036/4147c8821d116ff7d365848bbdef97eb.jpg", "https://vocefiscal-poll-tape-uploads.s3.amazonaws.com/us-east-1%3Af7d321c1-0f2c-48e8-9e5a-545bc3a701e4/br/pa/santa-isabel-do-para/zona-0036/776c51fb3017c84535ec3d5837e14d8b.jpg", "https://vocefiscal-poll-tape-uploads.s3.amazonaws.com/us-east-1%3Af7d321c1-0f2c-48e8-9e5a-545bc3a701e4/br/pa/santa-isabel-do-para/zona-0036/642b8aa6cb8c86a63ad78b159a0cee26.jpg", "https://vocefiscal-poll-tape-uploads.s3.amazonaws.com/us-east-1%3Af7d321c1-0f2c-48e8-9e5a-545bc3a701e4/br/pa/santa-isabel-do-para/zona-0036/5d3e2a1af2e456f8e6e5882371813ce4.jpg", "https://vocefiscal-poll-tape-uploads.s3.amazonaws.com/us-east-1%3Af7d321c1-0f2c-48e8-9e5a-545bc3a701e4/br/pa/santa-isabel-do-para/zona-0036/78b7497be7fe84e5646a07ee2633b3e0.jpg", "https://vocefiscal-poll-tape-uploads.s3.amazonaws.com/us-east-1%3Af7d321c1-0f2c-48e8-9e5a-545bc3a701e4/br/pa/santa-isabel-do-para/zona-0036/c719b94290c8ce842e27d38d248730f5.jpg", "https://vocefiscal-poll-tape-uploads.s3.amazonaws.com/us-east-1%3Af7d321c1-0f2c-48e8-9e5a-545bc3a701e4/br/pa/santa-isabel-do-para/zona-0036/bd7e5533d44445d67cdd5202c9483669.jpg", "https://vocefiscal-poll-tape-uploads.s3.amazonaws.com/us-east-1%3Af7d321c1-0f2c-48e8-9e5a-545bc3a701e4/br/pa/santa-isabel-do-para/zona-0036/f1ee85ff478d813df58ab530cb682fa0.jpg", "https://vocefiscal-poll-tape-uploads.s3.amazonaws.com/us-east-1%3Af7d321c1-0f2c-48e8-9e5a-545bc3a701e4/br/pa/santa-isabel-do-para/zona-0036/66f7e551a0ffdcc95741fe610a4101e3.jpg", "https://vocefiscal-poll-tape-uploads.s3.amazonaws.com/us-east-1%3Af7d321c1-0f2c-48e8-9e5a-545bc3a701e4/br/pa/santa-isabel-do-para/zona-0036/7e6102a72fc71276fb91fc11e50cf862.jpg", "https://vocefiscal-poll-tape-uploads.s3.amazonaws.com/us-east-1%3Af7d321c1-0f2c-48e8-9e5a-545bc3a701e4/br/pa/santa-isabel-do-para/zona-0036/6a578eaa7a4679d02d19a10568271251.jpg", "https://vocefiscal-poll-tape-uploads.s3.amazonaws.com/us-east-1%3Af7d321c1-0f2c-48e8-9e5a-545bc3a701e4/br/pa/santa-isabel-do-para/zona-0036/b00330d7a3120431dd93318992084d2d.jpg", "https://vocefiscal-poll-tape-uploads.s3.amazonaws.com/us-east-1%3Af7d321c1-0f2c-48e8-9e5a-545bc3a701e4/br/pa/santa-isabel-do-para/zona-0036/e948262d1f458350e06cf46e8950ef87.jpg", "https://vocefiscal-poll-tape-uploads.s3.amazonaws.com/us-east-1%3Af7d321c1-0f2c-48e8-9e5a-545bc3a701e4/br/pa/santa-isabel-do-para/zona-0036/fea13baa54a837c7b39b554b33ba67b5.jpg"]}