{"data": 1412541190566, "estado": "BA", "secaoEleitoral": "0158", "zonaEleitoral": "0015", "pictureURLList": ["https://vocefiscal-poll-tape-uploads.s3.amazonaws.com/us-east-1%3Af0f03eb8-e979-40ba-b2b2-0f42300d4b71/br/ba/salvador/zona-0015/324c189e58eee5b6644ba05321232139.jpg", "https://vocefiscal-poll-tape-uploads.s3.amazonaws.com/us-east-1%3Af0f03eb8-e979-40ba-b2b2-0f42300d4b71/br/ba/salvador/zona-0015/a899acf3af7bd7ffbe9751fa4d7ea783.jpg", "https://vocefiscal-poll-tape-uploads.s3.amazonaws.com/us-east-1%3Af0f03eb8-e979-40ba-b2b2-0f42300d4b71/br/ba/salvador/zona-0015/865b38fddba71c367dd9d972795099b9.jpg", "https://vocefiscal-poll-tape-uploads.s3.amazonaws.com/us-east-1%3Af0f03eb8-e979-40ba-b2b2-0f42300d4b71/br/ba/salvador/zona-0015/16222ac41947b14fabf62c65734a2e1b.jpg", "https://vocefiscal-poll-tape-uploads.s3.amazonaws.com/us-east-1%3Af0f03eb8-e979-40ba-b2b2-0f42300d4b71/br/ba/salvador/zona-0015/e8d6b79b10090302004dc54aa4e2124e.jpg", "https://vocefiscal-poll-tape-uploads.s3.amazonaws.com/us-east-1%3Af0f03eb8-e979-40ba-b2b2-0f42300d4b71/br/ba/salvador/zona-0015/d3e210202a50cc2b488aaa58536e57a2.jpg", "https://vocefiscal-poll-tape-uploads.s3.amazonaws.com/us-east-1%3Af0f03eb8-e979-40ba-b2b2-0f42300d4b71/br/ba/salvador/zona-0015/502b46cb824e1eaec949b25605c267e9.jpg", "https://vocefiscal-poll-tape-uploads.s3.amazonaws.com/us-east-1%3Af0f03eb8-e979-40ba-b2b2-0f42300d4b71/br/ba/salvador/zona-0015/9865878afe9fa3a0e1914e8701b26e1.jpg", "https://vocefiscal-poll-tape-uploads.s3.amazonaws.com/us-east-1%3Af0f03eb8-e979-40ba-b2b2-0f42300d4b71/br/ba/salvador/zona-0015/1e41297ba78259f647679e59fdde0813.jpg", "https://vocefiscal-poll-tape-uploads.s3.amazonaws.com/us-east-1%3Af0f03eb8-e979-40ba-b2b2-0f42300d4b71/br/ba/salvador/zona-0015/152fb1ded3602f78a2a87914df06fc92.jpg", "https://vocefiscal-poll-tape-uploads.s3.amazonaws.com/us-east-1%3Af0f03eb8-e979-40ba-b2b2-0f42300d4b71/br/ba/salvador/zona-0015/805733c7cdc0c6444d1d98995637bcaf.jpg", "https://vocefiscal-poll-tape-uploads.s3.amazonaws.com/us-east-1%3Af0f03eb8-e979-40ba-b2b2-0f42300d4b71/br/ba/salvador/zona-0015/accf0bf7a10feaada08fef619e3cc313.jpg", "https://vocefiscal-poll-tape-uploads.s3.amazonaws.com/us-east-1%3Af0f03eb8-e979-40ba-b2b2-0f42300d4b71/br/ba/salvador/zona-0015/6478bb31f312554c3934f6cc732eac88.jpg", "https://vocefiscal-poll-tape-uploads.s3.amazonaws.com/us-east-1%3Af0f03eb8-e979-40ba-b2b2-0f42300d4b71/br/ba/salvador/zona-0015/f215872e2f903a7311c7076350499943.jpg", "https://vocefiscal-poll-tape-uploads.s3.amazonaws.com/us-east-1%3Af0f03eb8-e979-40ba-b2b2-0f42300d4b71/br/ba/salvador/zona-0015/13c4c359a81ae27e4fff39397199bebb.jpg", "https://vocefiscal-poll-tape-uploads.s3.amazonaws.com/us-east-1%3Af0f03eb8-e979-40ba-b2b2-0f42300d4b71/br/ba/salvador/zona-0015/82c81d291aaefa76dcac420c7c692004.jpg", "https://vocefiscal-poll-tape-uploads.s3.amazonaws.com/us-east-1%3Af0f03eb8-e979-40ba-b2b2-0f42300d4b71/br/ba/salvador/zona-0015/50d3e243ff448f14ef622360b48dcec8.jpg", "https://vocefiscal-poll-tape-uploads.s3.amazonaws.com/us-east-1%3Af0f03eb8-e979-40ba-b2b2-0f42300d4b71/br/ba/salvador/zona-0015/bb73f533456c636bfd086ddbfd7f5d9e.jpg", "https://vocefiscal-poll-tape-uploads.s3.amazonaws.com/us-east-1%3Af0f03eb8-e979-40ba-b2b2-0f42300d4b71/br/ba/salvador/zona-0015/ecb7b9310d119cbdc5f58d0be567d0ea.jpg"], "municipio": "SALVADOR"}