{"pictureURLList": ["https://vocefiscal-poll-tape-uploads.s3.amazonaws.com/us-east-1%3A57c12a2b-1098-474f-8836-8d715b4c3319/br/ce/fortaleza/zona-0002/2a2aa7ac938f564c76a2622d24a5b04d.jpg", "https://vocefiscal-poll-tape-uploads.s3.amazonaws.com/us-east-1%3A57c12a2b-1098-474f-8836-8d715b4c3319/br/ce/fortaleza/zona-0002/960549cf505b5467abe928d360d7e0b1.jpg", "https://vocefiscal-poll-tape-uploads.s3.amazonaws.com/us-east-1%3A57c12a2b-1098-474f-8836-8d715b4c3319/br/ce/fortaleza/zona-0002/ed5ed99cd077bb31801ad80e53f060e8.jpg", "https://vocefiscal-poll-tape-uploads.s3.amazonaws.com/us-east-1%3A57c12a2b-1098-474f-8836-8d715b4c3319/br/ce/fortaleza/zona-0002/d81c0f43c8f4907cac0bce1fb43734bf.jpg"], "data": 1414351040954, "estado": "CE", "municipio": "FORTALEZA", "zonaEleitoral": "0002", "localDaVotacao": "2089", "secaoEleitoral": "0596"}