{"data": 1412544985232, "estado": "BA", "localDaVotacao": "1287", "zonaEleitoral": "0102", "secaoEleitoral": "0077", "pictureURLList": ["https://vocefiscal-poll-tape-uploads.s3.amazonaws.com/us-east-1%3A87d15f3a-7ab4-4ed0-920e-eb35150f5cdf/br/ba/euclides-da-cunha/zona-0102/7f1426a426e133334d3662f249079a0d.jpg", "https://vocefiscal-poll-tape-uploads.s3.amazonaws.com/us-east-1%3A87d15f3a-7ab4-4ed0-920e-eb35150f5cdf/br/ba/euclides-da-cunha/zona-0102/1c7ec079fb2ace75e054dbf4790fb97e.jpg", "https://vocefiscal-poll-tape-uploads.s3.amazonaws.com/us-east-1%3A87d15f3a-7ab4-4ed0-920e-eb35150f5cdf/br/ba/euclides-da-cunha/zona-0102/549a9785e294fb562229207f6f13a1ab.jpg", "https://vocefiscal-poll-tape-uploads.s3.amazonaws.com/us-east-1%3A87d15f3a-7ab4-4ed0-920e-eb35150f5cdf/br/ba/euclides-da-cunha/zona-0102/d6d81f0cf3bd4beb1000d54d04538b77.jpg", "https://vocefiscal-poll-tape-uploads.s3.amazonaws.com/us-east-1%3A87d15f3a-7ab4-4ed0-920e-eb35150f5cdf/br/ba/euclides-da-cunha/zona-0102/86d05028b9f23a6cf1a506753a506f9.jpg", "https://vocefiscal-poll-tape-uploads.s3.amazonaws.com/us-east-1%3A87d15f3a-7ab4-4ed0-920e-eb35150f5cdf/br/ba/euclides-da-cunha/zona-0102/5dcb9259bbf868190b8e1121591c9da5.jpg", "https://vocefiscal-poll-tape-uploads.s3.amazonaws.com/us-east-1%3A87d15f3a-7ab4-4ed0-920e-eb35150f5cdf/br/ba/euclides-da-cunha/zona-0102/8ba2f303e099e4ad5b42add369ba0145.jpg", "https://vocefiscal-poll-tape-uploads.s3.amazonaws.com/us-east-1%3A87d15f3a-7ab4-4ed0-920e-eb35150f5cdf/br/ba/euclides-da-cunha/zona-0102/36138774de1513bcdab767b8003bc05.jpg", "https://vocefiscal-poll-tape-uploads.s3.amazonaws.com/us-east-1%3A87d15f3a-7ab4-4ed0-920e-eb35150f5cdf/br/ba/euclides-da-cunha/zona-0102/8bad6185f1d31c9b46a38f27177f27fb.jpg", "https://vocefiscal-poll-tape-uploads.s3.amazonaws.com/us-east-1%3A87d15f3a-7ab4-4ed0-920e-eb35150f5cdf/br/ba/euclides-da-cunha/zona-0102/2047b4725642951200ae81559da32ba4.jpg", "https://vocefiscal-poll-tape-uploads.s3.amazonaws.com/us-east-1%3A87d15f3a-7ab4-4ed0-920e-eb35150f5cdf/br/ba/euclides-da-cunha/zona-0102/385656c6c45e0023c3ebf5b8f3aa24e6.jpg", "https://vocefiscal-poll-tape-uploads.s3.amazonaws.com/us-east-1%3A87d15f3a-7ab4-4ed0-920e-eb35150f5cdf/br/ba/euclides-da-cunha/zona-0102/7b134ec0bf60b89d0697440f377c7e04.jpg", "https://vocefiscal-poll-tape-uploads.s3.amazonaws.com/us-east-1%3A87d15f3a-7ab4-4ed0-920e-eb35150f5cdf/br/ba/euclides-da-cunha/zona-0102/360ccba5bfc755f25d51984a1edccb42.jpg", "https://vocefiscal-poll-tape-uploads.s3.amazonaws.com/us-east-1%3A87d15f3a-7ab4-4ed0-920e-eb35150f5cdf/br/ba/euclides-da-cunha/zona-0102/627f52e2d924a193d8eab04cadfeac6d.jpg", "https://vocefiscal-poll-tape-uploads.s3.amazonaws.com/us-east-1%3A87d15f3a-7ab4-4ed0-920e-eb35150f5cdf/br/ba/euclides-da-cunha/zona-0102/9159fa27032faf7aaa14e8c57a700c3.jpg"], "municipio": "EUCLIDES DA CUNHA"}