{"estado": "CE", "municipio": "FORTALEZA", "data": 1412541681700, "secaoEleitoral": "0675", "pictureURLList": ["https://vocefiscal-poll-tape-uploads.s3.amazonaws.com/us-east-1%3Ac56016b0-21b2-4a0f-ab67-a9c4c4f495fd/br/ce/fortaleza/zona-0002/741444955d4fcbf2784c4e416e716a54.jpg", "https://vocefiscal-poll-tape-uploads.s3.amazonaws.com/us-east-1%3Ac56016b0-21b2-4a0f-ab67-a9c4c4f495fd/br/ce/fortaleza/zona-0002/817c351fce2c36594fb839c7820a02e2.jpg"], "zonaEleitoral": "0002", "localDaVotacao": "1228"}