{"estado": "CE", "municipio": "FORTALEZA", "data": 1412540965922, "secaoEleitoral": "0718", "pictureURLList": ["https://vocefiscal-poll-tape-uploads.s3.amazonaws.com/us-east-1%3A8a94ec06-833c-4d7e-8a62-2914300e0719/br/ce/fortaleza/zona-0718/db8913a3cbab23d448dbab96c9c3713e.jpg", "https://vocefiscal-poll-tape-uploads.s3.amazonaws.com/us-east-1%3A8a94ec06-833c-4d7e-8a62-2914300e0719/br/ce/fortaleza/zona-0718/1bf9bd25e9f32a185090a8613c656b5a.jpg"], "zonaEleitoral": "0718", "localDaVotacao": "0718"}