{"estado": "CE", "municipio": "CANIND\u00c9", "data": 1412539761744, "secaoEleitoral": "0227", "pictureURLList": ["https://vocefiscal-poll-tape-uploads.s3.amazonaws.com/us-east-1%3Ae3a74dfb-388e-4fcd-877f-3c1a7c295535/br/ce/caninde/zona-0033/d232cab88ca7cfdaff5bcc909057877d.jpg", "https://vocefiscal-poll-tape-uploads.s3.amazonaws.com/us-east-1%3Ae3a74dfb-388e-4fcd-877f-3c1a7c295535/br/ce/caninde/zona-0033/92693bc7b166ce31326fc5b972bac8fd.jpg", "https://vocefiscal-poll-tape-uploads.s3.amazonaws.com/us-east-1%3Ae3a74dfb-388e-4fcd-877f-3c1a7c295535/br/ce/caninde/zona-0033/930a716ee60327c3de1ffcb0943aad23.jpg", "https://vocefiscal-poll-tape-uploads.s3.amazonaws.com/us-east-1%3Ae3a74dfb-388e-4fcd-877f-3c1a7c295535/br/ce/caninde/zona-0033/7708e6836cefca7f577cbb71ec67eaab.jpg", "https://vocefiscal-poll-tape-uploads.s3.amazonaws.com/us-east-1%3Ae3a74dfb-388e-4fcd-877f-3c1a7c295535/br/ce/caninde/zona-0033/892abc00d9a03423a60489b9fb2c4047.jpg", "https://vocefiscal-poll-tape-uploads.s3.amazonaws.com/us-east-1%3Ae3a74dfb-388e-4fcd-877f-3c1a7c295535/br/ce/caninde/zona-0033/9d0b441e52e24a50f0108d49a6348a37.jpg", "https://vocefiscal-poll-tape-uploads.s3.amazonaws.com/us-east-1%3Ae3a74dfb-388e-4fcd-877f-3c1a7c295535/br/ce/caninde/zona-0033/4c3c369981c226a9f52d6786f7b8b497.jpg", "https://vocefiscal-poll-tape-uploads.s3.amazonaws.com/us-east-1%3Ae3a74dfb-388e-4fcd-877f-3c1a7c295535/br/ce/caninde/zona-0033/d5fcc71c10c8433254bdb225d5b85176.jpg"], "zonaEleitoral": "0033"}