{"estado": "CE", "municipio": "FORTALEZA", "data": 1412541249960, "secaoEleitoral": "0675", "pictureURLList": ["https://vocefiscal-poll-tape-uploads.s3.amazonaws.com/us-east-1%3A8a94ec06-833c-4d7e-8a62-2914300e0719/br/ce/fortaleza/zona-0002/eae2554034ba7afe8a2839705b59fa06.jpg", "https://vocefiscal-poll-tape-uploads.s3.amazonaws.com/us-east-1%3A8a94ec06-833c-4d7e-8a62-2914300e0719/br/ce/fortaleza/zona-0002/59406dcc4a018e6bd5c752507db787cd.jpg", "https://vocefiscal-poll-tape-uploads.s3.amazonaws.com/us-east-1%3A8a94ec06-833c-4d7e-8a62-2914300e0719/br/ce/fortaleza/zona-0002/7d4b3a2911ff6a8881c4ec1b04dc6103.jpg", "https://vocefiscal-poll-tape-uploads.s3.amazonaws.com/us-east-1%3A8a94ec06-833c-4d7e-8a62-2914300e0719/br/ce/fortaleza/zona-0002/9313ac97536d78259061c7b6e6451c2a.jpg"], "zonaEleitoral": "0002", "localDaVotacao": "1228"}