{"estado": "CE", "municipio": "MORADA NOVA", "data": 1412542575241, "secaoEleitoral": "0232", "pictureURLList": ["https://vocefiscal-poll-tape-uploads.s3.amazonaws.com/us-east-1%3A9c056466-72c6-45c5-8b15-d9390b8d0033/br/ce/morada-nova/zona-0047/f4d9bba15e38e522f0ee0efd8e7d2f4a.jpg", "https://vocefiscal-poll-tape-uploads.s3.amazonaws.com/us-east-1%3A9c056466-72c6-45c5-8b15-d9390b8d0033/br/ce/morada-nova/zona-0047/7952cdec63ff7e1519c182891db2a93a.jpg", "https://vocefiscal-poll-tape-uploads.s3.amazonaws.com/us-east-1%3A9c056466-72c6-45c5-8b15-d9390b8d0033/br/ce/morada-nova/zona-0047/b0690e8ae7457b9efbec678901af4906.jpg", "https://vocefiscal-poll-tape-uploads.s3.amazonaws.com/us-east-1%3A9c056466-72c6-45c5-8b15-d9390b8d0033/br/ce/morada-nova/zona-0047/9733d0d66302953fa18428e71dc0f93f.jpg"], "zonaEleitoral": "0047"}