{"estado": "CE", "municipio": "FORTALEZA", "data": 1412541516513, "secaoEleitoral": "0458", "pictureURLList": ["https://vocefiscal-poll-tape-uploads.s3.amazonaws.com/us-east-1%3A491f81ef-c73a-4227-9d2d-c405ae9d0b2a/br/ce/fortaleza/zona-0003/bd34746822cab5043ae3725ba8fef8a5.jpg", "https://vocefiscal-poll-tape-uploads.s3.amazonaws.com/us-east-1%3A491f81ef-c73a-4227-9d2d-c405ae9d0b2a/br/ce/fortaleza/zona-0003/19205543f761b8162305af868d85718f.jpg", "https://vocefiscal-poll-tape-uploads.s3.amazonaws.com/us-east-1%3A491f81ef-c73a-4227-9d2d-c405ae9d0b2a/br/ce/fortaleza/zona-0003/4fc5186e3d89bf154a3296d832e39cc8.jpg", "https://vocefiscal-poll-tape-uploads.s3.amazonaws.com/us-east-1%3A491f81ef-c73a-4227-9d2d-c405ae9d0b2a/br/ce/fortaleza/zona-0003/8243ddb6fcff323b43f9a8d099ddf54.jpg", "https://vocefiscal-poll-tape-uploads.s3.amazonaws.com/us-east-1%3A491f81ef-c73a-4227-9d2d-c405ae9d0b2a/br/ce/fortaleza/zona-0003/7682912043be46a8075fc9c1f98d093.jpg", "https://vocefiscal-poll-tape-uploads.s3.amazonaws.com/us-east-1%3A491f81ef-c73a-4227-9d2d-c405ae9d0b2a/br/ce/fortaleza/zona-0003/36ce4ecd55b1a8d20ab7491d04258bfe.jpg", "https://vocefiscal-poll-tape-uploads.s3.amazonaws.com/us-east-1%3A491f81ef-c73a-4227-9d2d-c405ae9d0b2a/br/ce/fortaleza/zona-0003/fe1ee7654ecdfca6594ed04490534fb5.jpg", "https://vocefiscal-poll-tape-uploads.s3.amazonaws.com/us-east-1%3A491f81ef-c73a-4227-9d2d-c405ae9d0b2a/br/ce/fortaleza/zona-0003/28b58e6869294d0d742f63e1b0031262.jpg", "https://vocefiscal-poll-tape-uploads.s3.amazonaws.com/us-east-1%3A491f81ef-c73a-4227-9d2d-c405ae9d0b2a/br/ce/fortaleza/zona-0003/b491ebe9dfa9383fc47e3436dedf4ad1.jpg", "https://vocefiscal-poll-tape-uploads.s3.amazonaws.com/us-east-1%3A491f81ef-c73a-4227-9d2d-c405ae9d0b2a/br/ce/fortaleza/zona-0003/a92b8685b1f820bb6f0036df2bacac5b.jpg", "https://vocefiscal-poll-tape-uploads.s3.amazonaws.com/us-east-1%3A491f81ef-c73a-4227-9d2d-c405ae9d0b2a/br/ce/fortaleza/zona-0003/4e76c05c7966f468c372078f90979702.jpg", "https://vocefiscal-poll-tape-uploads.s3.amazonaws.com/us-east-1%3A491f81ef-c73a-4227-9d2d-c405ae9d0b2a/br/ce/fortaleza/zona-0003/929b4e2aad07b2cf80805ba60f6dbd6a.jpg", "https://vocefiscal-poll-tape-uploads.s3.amazonaws.com/us-east-1%3A491f81ef-c73a-4227-9d2d-c405ae9d0b2a/br/ce/fortaleza/zona-0003/f7d2761641886fe081d21cf627d6a07.jpg", "https://vocefiscal-poll-tape-uploads.s3.amazonaws.com/us-east-1%3A491f81ef-c73a-4227-9d2d-c405ae9d0b2a/br/ce/fortaleza/zona-0003/1934c097c75d67bf43def6841f8cacd.jpg", "https://vocefiscal-poll-tape-uploads.s3.amazonaws.com/us-east-1%3A491f81ef-c73a-4227-9d2d-c405ae9d0b2a/br/ce/fortaleza/zona-0003/4efe930713ebf1d2966e0b3713b07394.jpg", "https://vocefiscal-poll-tape-uploads.s3.amazonaws.com/us-east-1%3A491f81ef-c73a-4227-9d2d-c405ae9d0b2a/br/ce/fortaleza/zona-0003/b287ba6c683b4019cc0c63dfb6e46444.jpg", "https://vocefiscal-poll-tape-uploads.s3.amazonaws.com/us-east-1%3A491f81ef-c73a-4227-9d2d-c405ae9d0b2a/br/ce/fortaleza/zona-0003/758a17cbf43165d577cbf656a140d0d4.jpg", "https://vocefiscal-poll-tape-uploads.s3.amazonaws.com/us-east-1%3A491f81ef-c73a-4227-9d2d-c405ae9d0b2a/br/ce/fortaleza/zona-0003/500bda3346322f55ed0b9b31c0e16067.jpg", "https://vocefiscal-poll-tape-uploads.s3.amazonaws.com/us-east-1%3A491f81ef-c73a-4227-9d2d-c405ae9d0b2a/br/ce/fortaleza/zona-0003/2104003eabbf3a12d710fdb22eff986f.jpg", "https://vocefiscal-poll-tape-uploads.s3.amazonaws.com/us-east-1%3A491f81ef-c73a-4227-9d2d-c405ae9d0b2a/br/ce/fortaleza/zona-0003/e49d56519b9b015482488ba56e32b574.jpg", "https://vocefiscal-poll-tape-uploads.s3.amazonaws.com/us-east-1%3A491f81ef-c73a-4227-9d2d-c405ae9d0b2a/br/ce/fortaleza/zona-0003/7aedb1fbc5c8db018f95f4723759f52e.jpg", "https://vocefiscal-poll-tape-uploads.s3.amazonaws.com/us-east-1%3A491f81ef-c73a-4227-9d2d-c405ae9d0b2a/br/ce/fortaleza/zona-0003/3f9073eca073cb0cd692497e96b613e1.jpg", "https://vocefiscal-poll-tape-uploads.s3.amazonaws.com/us-east-1%3A491f81ef-c73a-4227-9d2d-c405ae9d0b2a/br/ce/fortaleza/zona-0003/c2d75bafd8fd9d989d9e61628304eb0a.jpg", "https://vocefiscal-poll-tape-uploads.s3.amazonaws.com/us-east-1%3A491f81ef-c73a-4227-9d2d-c405ae9d0b2a/br/ce/fortaleza/zona-0003/faacdf4b64ad7b2091377266ed9cd3b5.jpg", "https://vocefiscal-poll-tape-uploads.s3.amazonaws.com/us-east-1%3A491f81ef-c73a-4227-9d2d-c405ae9d0b2a/br/ce/fortaleza/zona-0003/b43a7000cf33b223d965cf797bbec72a.jpg", "https://vocefiscal-poll-tape-uploads.s3.amazonaws.com/us-east-1%3A491f81ef-c73a-4227-9d2d-c405ae9d0b2a/br/ce/fortaleza/zona-0003/7a9085f7ab1956fa9a1238c6fdbb11e1.jpg", "https://vocefiscal-poll-tape-uploads.s3.amazonaws.com/us-east-1%3A491f81ef-c73a-4227-9d2d-c405ae9d0b2a/br/ce/fortaleza/zona-0003/d09494e2debd796a5135711554fcac46.jpg", "https://vocefiscal-poll-tape-uploads.s3.amazonaws.com/us-east-1%3A491f81ef-c73a-4227-9d2d-c405ae9d0b2a/br/ce/fortaleza/zona-0003/af5146c11e4c24b302517830890c3394.jpg", "https://vocefiscal-poll-tape-uploads.s3.amazonaws.com/us-east-1%3A491f81ef-c73a-4227-9d2d-c405ae9d0b2a/br/ce/fortaleza/zona-0003/85649b40824d123c80fbc745d231b48c.jpg", "https://vocefiscal-poll-tape-uploads.s3.amazonaws.com/us-east-1%3A491f81ef-c73a-4227-9d2d-c405ae9d0b2a/br/ce/fortaleza/zona-0003/e9cac64b2abc08433b5630a47e16d881.jpg", "https://vocefiscal-poll-tape-uploads.s3.amazonaws.com/us-east-1%3A491f81ef-c73a-4227-9d2d-c405ae9d0b2a/br/ce/fortaleza/zona-0003/7fa48a02a64e14d74c69bbb3b0cfa1f3.jpg", "https://vocefiscal-poll-tape-uploads.s3.amazonaws.com/us-east-1%3A491f81ef-c73a-4227-9d2d-c405ae9d0b2a/br/ce/fortaleza/zona-0003/752196690f5df73bfa23e0ce5ca59819.jpg", "https://vocefiscal-poll-tape-uploads.s3.amazonaws.com/us-east-1%3A491f81ef-c73a-4227-9d2d-c405ae9d0b2a/br/ce/fortaleza/zona-0003/83b4ce6c98017f23d3a82cdd11de7fe3.jpg", "https://vocefiscal-poll-tape-uploads.s3.amazonaws.com/us-east-1%3A491f81ef-c73a-4227-9d2d-c405ae9d0b2a/br/ce/fortaleza/zona-0003/cf122658d091a59a5f5989ed830613a3.jpg", "https://vocefiscal-poll-tape-uploads.s3.amazonaws.com/us-east-1%3A491f81ef-c73a-4227-9d2d-c405ae9d0b2a/br/ce/fortaleza/zona-0003/70b427a555c11b88f2abbc3ef2740ebb.jpg", "https://vocefiscal-poll-tape-uploads.s3.amazonaws.com/us-east-1%3A491f81ef-c73a-4227-9d2d-c405ae9d0b2a/br/ce/fortaleza/zona-0003/6f015020777e1a11161605933215e194.jpg", "https://vocefiscal-poll-tape-uploads.s3.amazonaws.com/us-east-1%3A491f81ef-c73a-4227-9d2d-c405ae9d0b2a/br/ce/fortaleza/zona-0003/61d9dbf8bce4167c0b89ce2eee1c4cca.jpg", "https://vocefiscal-poll-tape-uploads.s3.amazonaws.com/us-east-1%3A491f81ef-c73a-4227-9d2d-c405ae9d0b2a/br/ce/fortaleza/zona-0003/1270fe063a20359558a11b18a32ea8ad.jpg", "https://vocefiscal-poll-tape-uploads.s3.amazonaws.com/us-east-1%3A491f81ef-c73a-4227-9d2d-c405ae9d0b2a/br/ce/fortaleza/zona-0003/b3fffea5a7205e540f6993b931423915.jpg", "https://vocefiscal-poll-tape-uploads.s3.amazonaws.com/us-east-1%3A491f81ef-c73a-4227-9d2d-c405ae9d0b2a/br/ce/fortaleza/zona-0003/e3076ba7a62d2ed56b551399aea9c05a.jpg", "https://vocefiscal-poll-tape-uploads.s3.amazonaws.com/us-east-1%3A491f81ef-c73a-4227-9d2d-c405ae9d0b2a/br/ce/fortaleza/zona-0003/662422bfa07e0bb826a43a6c6404a6d2.jpg", "https://vocefiscal-poll-tape-uploads.s3.amazonaws.com/us-east-1%3A491f81ef-c73a-4227-9d2d-c405ae9d0b2a/br/ce/fortaleza/zona-0003/58de82d716595be35686a2d1ca61222a.jpg", "https://vocefiscal-poll-tape-uploads.s3.amazonaws.com/us-east-1%3A491f81ef-c73a-4227-9d2d-c405ae9d0b2a/br/ce/fortaleza/zona-0003/d27da1979f1a844d50bcdc7c215f7a5e.jpg", "https://vocefiscal-poll-tape-uploads.s3.amazonaws.com/us-east-1%3A491f81ef-c73a-4227-9d2d-c405ae9d0b2a/br/ce/fortaleza/zona-0003/6d14892042664f1a2f52761a3605174f.jpg", "https://vocefiscal-poll-tape-uploads.s3.amazonaws.com/us-east-1%3A491f81ef-c73a-4227-9d2d-c405ae9d0b2a/br/ce/fortaleza/zona-0003/71a10ec8d6bf8a7be5a4b0fd12e2e503.jpg", "https://vocefiscal-poll-tape-uploads.s3.amazonaws.com/us-east-1%3A491f81ef-c73a-4227-9d2d-c405ae9d0b2a/br/ce/fortaleza/zona-0003/784f8e40c15d4f3f2f9e3692155674b6.jpg", "https://vocefiscal-poll-tape-uploads.s3.amazonaws.com/us-east-1%3A491f81ef-c73a-4227-9d2d-c405ae9d0b2a/br/ce/fortaleza/zona-0003/c04bdfa9fc986542e2dbbe60d77802ab.jpg"], "zonaEleitoral": "0003"}