{"estado": "CE", "municipio": "FORTALEZA", "data": 1412540687770, "secaoEleitoral": "0647", "pictureURLList": ["https://vocefiscal-poll-tape-uploads.s3.amazonaws.com/us-east-1%3A57c12a2b-1098-474f-8836-8d715b4c3319/br/ce/fortaleza/zona-0002/26dc3b2f147566007e3860d374ead1b1.jpg", "https://vocefiscal-poll-tape-uploads.s3.amazonaws.com/us-east-1%3A57c12a2b-1098-474f-8836-8d715b4c3319/br/ce/fortaleza/zona-0002/572f7ee4424f62300fd31560a82e3749.jpg", "https://vocefiscal-poll-tape-uploads.s3.amazonaws.com/us-east-1%3A57c12a2b-1098-474f-8836-8d715b4c3319/br/ce/fortaleza/zona-0002/5f1b13dff0707d1bbb6d83da38ef6ce2.jpg", "https://vocefiscal-poll-tape-uploads.s3.amazonaws.com/us-east-1%3A57c12a2b-1098-474f-8836-8d715b4c3319/br/ce/fortaleza/zona-0002/e075b22b95bd18403dd85536626586e1.jpg", "https://vocefiscal-poll-tape-uploads.s3.amazonaws.com/us-east-1%3A57c12a2b-1098-474f-8836-8d715b4c3319/br/ce/fortaleza/zona-0002/65f96714b36082692f8fa7bffee47d55.jpg", "https://vocefiscal-poll-tape-uploads.s3.amazonaws.com/us-east-1%3A57c12a2b-1098-474f-8836-8d715b4c3319/br/ce/fortaleza/zona-0002/36ad1d84a51259621594bd44f5f38d7d.jpg", "https://vocefiscal-poll-tape-uploads.s3.amazonaws.com/us-east-1%3A57c12a2b-1098-474f-8836-8d715b4c3319/br/ce/fortaleza/zona-0002/83818b7b11ff3c4dd1e59ce6034cb417.jpg", "https://vocefiscal-poll-tape-uploads.s3.amazonaws.com/us-east-1%3A57c12a2b-1098-474f-8836-8d715b4c3319/br/ce/fortaleza/zona-0002/a40e85d528f98493ccce75c1776cd424.jpg", "https://vocefiscal-poll-tape-uploads.s3.amazonaws.com/us-east-1%3A57c12a2b-1098-474f-8836-8d715b4c3319/br/ce/fortaleza/zona-0002/b439239d164a06d9529ebe5dba898575.jpg", "https://vocefiscal-poll-tape-uploads.s3.amazonaws.com/us-east-1%3A57c12a2b-1098-474f-8836-8d715b4c3319/br/ce/fortaleza/zona-0002/211c740395d03b743eaaa35b5cd19186.jpg", "https://vocefiscal-poll-tape-uploads.s3.amazonaws.com/us-east-1%3A57c12a2b-1098-474f-8836-8d715b4c3319/br/ce/fortaleza/zona-0002/a99061d1ff78b73902cd018ceb42edaf.jpg", "https://vocefiscal-poll-tape-uploads.s3.amazonaws.com/us-east-1%3A57c12a2b-1098-474f-8836-8d715b4c3319/br/ce/fortaleza/zona-0002/c7421528b9488a1681f75008c2466e6.jpg", "https://vocefiscal-poll-tape-uploads.s3.amazonaws.com/us-east-1%3A57c12a2b-1098-474f-8836-8d715b4c3319/br/ce/fortaleza/zona-0002/fa67201a2be6c7196866f6f419b12c19.jpg", "https://vocefiscal-poll-tape-uploads.s3.amazonaws.com/us-east-1%3A57c12a2b-1098-474f-8836-8d715b4c3319/br/ce/fortaleza/zona-0002/5c5aae51517d7a26356a220539bab73f.jpg", "https://vocefiscal-poll-tape-uploads.s3.amazonaws.com/us-east-1%3A57c12a2b-1098-474f-8836-8d715b4c3319/br/ce/fortaleza/zona-0002/cf209a04d2b53ccd764985b00c020bda.jpg", "https://vocefiscal-poll-tape-uploads.s3.amazonaws.com/us-east-1%3A57c12a2b-1098-474f-8836-8d715b4c3319/br/ce/fortaleza/zona-0002/bf74385e12eac317e03cb0480bbe2bc9.jpg", "https://vocefiscal-poll-tape-uploads.s3.amazonaws.com/us-east-1%3A57c12a2b-1098-474f-8836-8d715b4c3319/br/ce/fortaleza/zona-0002/dd1e18056bc2c2261d01f1066f3d8d4c.jpg"], "zonaEleitoral": "0002"}