{"estado": "CE", "municipio": "FORTALEZA", "data": 1412541793393, "secaoEleitoral": "0144", "pictureURLList": ["https://vocefiscal-poll-tape-uploads.s3.amazonaws.com/us-east-1%3Acb88004f-8055-4939-99ce-5af2f8682a93/br/ce/fortaleza/zona-0117/bbda7e24928d1f474bc2d547b6c9caa4.jpg", "https://vocefiscal-poll-tape-uploads.s3.amazonaws.com/us-east-1%3Acb88004f-8055-4939-99ce-5af2f8682a93/br/ce/fortaleza/zona-0117/411d709ab0d180d97f63baa431bd8ba5.jpg", "https://vocefiscal-poll-tape-uploads.s3.amazonaws.com/us-east-1%3Acb88004f-8055-4939-99ce-5af2f8682a93/br/ce/fortaleza/zona-0117/bd10620906e1c2b9bed4ba19b0e169f7.jpg", "https://vocefiscal-poll-tape-uploads.s3.amazonaws.com/us-east-1%3Acb88004f-8055-4939-99ce-5af2f8682a93/br/ce/fortaleza/zona-0117/97ca9eb6d03a186d94f17c1d0472c66f.jpg", "https://vocefiscal-poll-tape-uploads.s3.amazonaws.com/us-east-1%3Acb88004f-8055-4939-99ce-5af2f8682a93/br/ce/fortaleza/zona-0117/438b22ec0b9b627cac1e3501a1d71cf5.jpg", "https://vocefiscal-poll-tape-uploads.s3.amazonaws.com/us-east-1%3Acb88004f-8055-4939-99ce-5af2f8682a93/br/ce/fortaleza/zona-0117/e1aa8e68e9fe7f72fe5e5beac06a486e.jpg", "https://vocefiscal-poll-tape-uploads.s3.amazonaws.com/us-east-1%3Acb88004f-8055-4939-99ce-5af2f8682a93/br/ce/fortaleza/zona-0117/d5b77e300958a7209eb9900088a4ce61.jpg", "https://vocefiscal-poll-tape-uploads.s3.amazonaws.com/us-east-1%3Acb88004f-8055-4939-99ce-5af2f8682a93/br/ce/fortaleza/zona-0117/e5e644f34204e507de95b7a4d024f8a6.jpg", "https://vocefiscal-poll-tape-uploads.s3.amazonaws.com/us-east-1%3Acb88004f-8055-4939-99ce-5af2f8682a93/br/ce/fortaleza/zona-0117/b5416622acfdf1f6cd97b7f2d904a342.jpg", "https://vocefiscal-poll-tape-uploads.s3.amazonaws.com/us-east-1%3Acb88004f-8055-4939-99ce-5af2f8682a93/br/ce/fortaleza/zona-0117/c7396c33a835b668e722d4fc47c09a12.jpg", "https://vocefiscal-poll-tape-uploads.s3.amazonaws.com/us-east-1%3Acb88004f-8055-4939-99ce-5af2f8682a93/br/ce/fortaleza/zona-0117/57481afcb484d52194247de8230cfe14.jpg", "https://vocefiscal-poll-tape-uploads.s3.amazonaws.com/us-east-1%3Acb88004f-8055-4939-99ce-5af2f8682a93/br/ce/fortaleza/zona-0117/1109616ca5ee974e7a9a003c26284c80.jpg", "https://vocefiscal-poll-tape-uploads.s3.amazonaws.com/us-east-1%3Acb88004f-8055-4939-99ce-5af2f8682a93/br/ce/fortaleza/zona-0117/d9d830d6473290443780b553df73bfae.jpg", "https://vocefiscal-poll-tape-uploads.s3.amazonaws.com/us-east-1%3Acb88004f-8055-4939-99ce-5af2f8682a93/br/ce/fortaleza/zona-0117/5bbef2d4fc6a300ffcc2d302a47487dd.jpg", "https://vocefiscal-poll-tape-uploads.s3.amazonaws.com/us-east-1%3Acb88004f-8055-4939-99ce-5af2f8682a93/br/ce/fortaleza/zona-0117/cadd33de3d8455f8ec6cee844e312726.jpg", "https://vocefiscal-poll-tape-uploads.s3.amazonaws.com/us-east-1%3Acb88004f-8055-4939-99ce-5af2f8682a93/br/ce/fortaleza/zona-0117/3b95814956985d4ce72a8a1809e25fca.jpg", "https://vocefiscal-poll-tape-uploads.s3.amazonaws.com/us-east-1%3Acb88004f-8055-4939-99ce-5af2f8682a93/br/ce/fortaleza/zona-0117/bbf4777fbd4bffd09c75ad28183f9a1d.jpg", "https://vocefiscal-poll-tape-uploads.s3.amazonaws.com/us-east-1%3Acb88004f-8055-4939-99ce-5af2f8682a93/br/ce/fortaleza/zona-0117/6dd8e30f40b94fca89c813c87c3652f3.jpg", "https://vocefiscal-poll-tape-uploads.s3.amazonaws.com/us-east-1%3Acb88004f-8055-4939-99ce-5af2f8682a93/br/ce/fortaleza/zona-0117/34f86a5068175d3393c8acc8b4a32d8.jpg", "https://vocefiscal-poll-tape-uploads.s3.amazonaws.com/us-east-1%3Acb88004f-8055-4939-99ce-5af2f8682a93/br/ce/fortaleza/zona-0117/edb05addec869f28c82ea6c106cee829.jpg", "https://vocefiscal-poll-tape-uploads.s3.amazonaws.com/us-east-1%3Acb88004f-8055-4939-99ce-5af2f8682a93/br/ce/fortaleza/zona-0117/e071ec55ae2295bbc010b8cf6a2c0182.jpg", "https://vocefiscal-poll-tape-uploads.s3.amazonaws.com/us-east-1%3Acb88004f-8055-4939-99ce-5af2f8682a93/br/ce/fortaleza/zona-0117/3ee604a87fda43e8321ee5bbd862f6b6.jpg", "https://vocefiscal-poll-tape-uploads.s3.amazonaws.com/us-east-1%3Acb88004f-8055-4939-99ce-5af2f8682a93/br/ce/fortaleza/zona-0117/e6fc7a95633a1b499e0011f5e5aa3bb5.jpg", "https://vocefiscal-poll-tape-uploads.s3.amazonaws.com/us-east-1%3Acb88004f-8055-4939-99ce-5af2f8682a93/br/ce/fortaleza/zona-0117/1d08e94ccd6ae0c241c8cca712912f9a.jpg", "https://vocefiscal-poll-tape-uploads.s3.amazonaws.com/us-east-1%3Acb88004f-8055-4939-99ce-5af2f8682a93/br/ce/fortaleza/zona-0117/92874d6b6dbe2c94db257c55c9941e48.jpg"], "zonaEleitoral": "0117", "localDaVotacao": "0085"}