{"estado": "CE", "municipio": "JUAZEIRO DO NORTE", "data": 1412542263267, "secaoEleitoral": "0210", "pictureURLList": ["https://vocefiscal-poll-tape-uploads.s3.amazonaws.com/us-east-1%3A4378841f-0639-4393-958a-43b3a31bcc52/br/ce/juazeiro-do-norte/zona-0119/c7f1ae4168012520a7c79b7849be652.jpg", "https://vocefiscal-poll-tape-uploads.s3.amazonaws.com/us-east-1%3A4378841f-0639-4393-958a-43b3a31bcc52/br/ce/juazeiro-do-norte/zona-0119/e8694e3f63fceaec0969f0f5793ce54c.jpg"], "zonaEleitoral": "0119", "localDaVotacao": "1180"}