{"estado": "CE", "municipio": "FORTALEZA", "data": 1412540429879, "secaoEleitoral": "0297", "pictureURLList": ["https://vocefiscal-poll-tape-uploads.s3.amazonaws.com/us-east-1%3Ae8e181da-943c-4f75-bf86-b3fa131f0a94/br/ce/fortaleza/zona-0115/d2fc33f88495099820a7add7d23fe488.jpg", "https://vocefiscal-poll-tape-uploads.s3.amazonaws.com/us-east-1%3Ae8e181da-943c-4f75-bf86-b3fa131f0a94/br/ce/fortaleza/zona-0115/71fa1102e8bdf8cdc109c317415d239b.jpg", "https://vocefiscal-poll-tape-uploads.s3.amazonaws.com/us-east-1%3Ae8e181da-943c-4f75-bf86-b3fa131f0a94/br/ce/fortaleza/zona-0115/e9ec0bb1e16dfca6e7965153fbb9f4f9.jpg", "https://vocefiscal-poll-tape-uploads.s3.amazonaws.com/us-east-1%3Ae8e181da-943c-4f75-bf86-b3fa131f0a94/br/ce/fortaleza/zona-0115/7035a4c7a13f0be9bedd990ef089ba5f.jpg", "https://vocefiscal-poll-tape-uploads.s3.amazonaws.com/us-east-1%3Ae8e181da-943c-4f75-bf86-b3fa131f0a94/br/ce/fortaleza/zona-0115/249655465bd2cb9ddf56d3021bf1c156.jpg", "https://vocefiscal-poll-tape-uploads.s3.amazonaws.com/us-east-1%3Ae8e181da-943c-4f75-bf86-b3fa131f0a94/br/ce/fortaleza/zona-0115/9e2bcfe35e449e0e13408d8d600f8b57.jpg", "https://vocefiscal-poll-tape-uploads.s3.amazonaws.com/us-east-1%3Ae8e181da-943c-4f75-bf86-b3fa131f0a94/br/ce/fortaleza/zona-0115/60ccbbe4b1005893aaf527b7263021ae.jpg", "https://vocefiscal-poll-tape-uploads.s3.amazonaws.com/us-east-1%3Ae8e181da-943c-4f75-bf86-b3fa131f0a94/br/ce/fortaleza/zona-0115/b121b60e055ded9c1577dbcce8f43808.jpg", "https://vocefiscal-poll-tape-uploads.s3.amazonaws.com/us-east-1%3Ae8e181da-943c-4f75-bf86-b3fa131f0a94/br/ce/fortaleza/zona-0115/37728e290df2efe1608ae4e19fb5e6b3.jpg", "https://vocefiscal-poll-tape-uploads.s3.amazonaws.com/us-east-1%3Ae8e181da-943c-4f75-bf86-b3fa131f0a94/br/ce/fortaleza/zona-0115/b6ecc9dc028d8137fb5e2fe24113df3c.jpg", "https://vocefiscal-poll-tape-uploads.s3.amazonaws.com/us-east-1%3Ae8e181da-943c-4f75-bf86-b3fa131f0a94/br/ce/fortaleza/zona-0115/49c7beb6a2313523cf2d0928efe2377.jpg", "https://vocefiscal-poll-tape-uploads.s3.amazonaws.com/us-east-1%3Ae8e181da-943c-4f75-bf86-b3fa131f0a94/br/ce/fortaleza/zona-0115/544e2c4f435d0f556da9fd932acbc852.jpg", "https://vocefiscal-poll-tape-uploads.s3.amazonaws.com/us-east-1%3Ae8e181da-943c-4f75-bf86-b3fa131f0a94/br/ce/fortaleza/zona-0115/9b03f243d992349aaad67f5df9c85e1b.jpg", "https://vocefiscal-poll-tape-uploads.s3.amazonaws.com/us-east-1%3Ae8e181da-943c-4f75-bf86-b3fa131f0a94/br/ce/fortaleza/zona-0115/e695623a42f7a269cdb328a8a8961239.jpg", "https://vocefiscal-poll-tape-uploads.s3.amazonaws.com/us-east-1%3Ae8e181da-943c-4f75-bf86-b3fa131f0a94/br/ce/fortaleza/zona-0115/15277b7c7ba9eac036d7734bb9bd51c9.jpg", "https://vocefiscal-poll-tape-uploads.s3.amazonaws.com/us-east-1%3Ae8e181da-943c-4f75-bf86-b3fa131f0a94/br/ce/fortaleza/zona-0115/f5faa2d4aba0144e511ef5c0e9d6f792.jpg", "https://vocefiscal-poll-tape-uploads.s3.amazonaws.com/us-east-1%3Ae8e181da-943c-4f75-bf86-b3fa131f0a94/br/ce/fortaleza/zona-0115/7afdca74d22c17bc8aaa9e411d0db2fe.jpg", "https://vocefiscal-poll-tape-uploads.s3.amazonaws.com/us-east-1%3Ae8e181da-943c-4f75-bf86-b3fa131f0a94/br/ce/fortaleza/zona-0115/b5461fc61f0e32fc1310e65fc4ad547f.jpg", "https://vocefiscal-poll-tape-uploads.s3.amazonaws.com/us-east-1%3Ae8e181da-943c-4f75-bf86-b3fa131f0a94/br/ce/fortaleza/zona-0115/75b3a7835fa86d1c80d22eb3e1eb3ff8.jpg"], "zonaEleitoral": "0115"}