{"municipio": "SALVADOR", "secaoEleitoral": "0093", "data": 1412578563384, "pictureURLList": ["https://vocefiscal-poll-tape-uploads.s3.amazonaws.com/us-east-1%3A5a250bd8-6adf-471e-b55e-06f1f338db78/br/sp/campinas/zona-0008/857b9dee634bbfe3521b3c2febc1a825.jpg", "https://vocefiscal-poll-tape-uploads.s3.amazonaws.com/us-east-1%3A5a250bd8-6adf-471e-b55e-06f1f338db78/br/sp/campinas/zona-0008/2788354c26bd5bcf7bbdbb7e0c1746f6.jpg", "https://vocefiscal-poll-tape-uploads.s3.amazonaws.com/us-east-1%3A5a250bd8-6adf-471e-b55e-06f1f338db78/br/sp/campinas/zona-0008/e861e4a02c3bef4a93f917a5d496cf42.jpg", "https://vocefiscal-poll-tape-uploads.s3.amazonaws.com/us-east-1%3A5a250bd8-6adf-471e-b55e-06f1f338db78/br/sp/campinas/zona-0008/26739d56c7af8ecd48d63ff6629cdbd6.jpg", "https://vocefiscal-poll-tape-uploads.s3.amazonaws.com/us-east-1%3A5a250bd8-6adf-471e-b55e-06f1f338db78/br/sp/campinas/zona-0008/e1e72767aa1e3dec594f37f00c9b953a.jpg", "https://vocefiscal-poll-tape-uploads.s3.amazonaws.com/us-east-1%3A5a250bd8-6adf-471e-b55e-06f1f338db78/br/sp/campinas/zona-0008/76753da15a91ccef3323c495488e289d.jpg", "https://vocefiscal-poll-tape-uploads.s3.amazonaws.com/us-east-1%3A5a250bd8-6adf-471e-b55e-06f1f338db78/br/sp/campinas/zona-0008/e2d1eb9a32c9dd7b82009d32c07b080c.jpg", "https://vocefiscal-poll-tape-uploads.s3.amazonaws.com/us-east-1%3A5a250bd8-6adf-471e-b55e-06f1f338db78/br/sp/campinas/zona-0008/6105dee023f9e2a32dead9c86f1108ae.jpg", "https://vocefiscal-poll-tape-uploads.s3.amazonaws.com/us-east-1%3A5a250bd8-6adf-471e-b55e-06f1f338db78/br/sp/campinas/zona-0008/b5cb8c796cb997b5d9f0d09af8e5cfee.jpg", "https://vocefiscal-poll-tape-uploads.s3.amazonaws.com/us-east-1%3A5a250bd8-6adf-471e-b55e-06f1f338db78/br/sp/campinas/zona-0008/378cc231b96e2cb2fdbb44cef91da1e9.jpg", "https://vocefiscal-poll-tape-uploads.s3.amazonaws.com/us-east-1%3A5a250bd8-6adf-471e-b55e-06f1f338db78/br/sp/campinas/zona-0008/fbcdd10214dd5f54da39faebde2ff9ab.jpg", "https://vocefiscal-poll-tape-uploads.s3.amazonaws.com/us-east-1%3A5a250bd8-6adf-471e-b55e-06f1f338db78/br/sp/campinas/zona-0008/666173a996d67e129fe5387930dd693.jpg", "https://vocefiscal-poll-tape-uploads.s3.amazonaws.com/us-east-1%3A5a250bd8-6adf-471e-b55e-06f1f338db78/br/sp/campinas/zona-0008/ad95d222b415053c4a09a5cd5b0df398.jpg"], "zonaEleitoral": "0008", "estado": "BA", "localDaVotacao": "1244"}