{"zonaEleitoral": "0013", "pictureURLList": ["https://vocefiscal-poll-tape-uploads.s3.amazonaws.com/us-east-1%3Ad96b8a65-d164-40fb-8de4-fa8837732f7d/br/ba/salvador/zona-0030/686610521b740e37238375a442a5e4df.jpg", "https://vocefiscal-poll-tape-uploads.s3.amazonaws.com/us-east-1%3Ad96b8a65-d164-40fb-8de4-fa8837732f7d/br/ba/salvador/zona-0030/5d843abbff310a87082df0954e7443f1.jpg", "https://vocefiscal-poll-tape-uploads.s3.amazonaws.com/us-east-1%3Ad96b8a65-d164-40fb-8de4-fa8837732f7d/br/ba/salvador/zona-0030/d73efceb94795d22d9025f9d746be283.jpg"], "estado": "BA", "data": 1414354789800, "municipio": "SALVADOR", "localDaVotacao": "1058", "secaoEleitoral": "0033"}