{"municipio": "MANAUS", "localDaVotacao": "1643", "data": 1414358358942, "estado": "AM", "pictureURLList": ["https://vocefiscal-poll-tape-uploads.s3.amazonaws.com/us-east-1%3A80920790-318d-4472-85fc-9aab74683f05/br/am/manaus/zona-0002/b998c7e4e189983a783cecad4c9c2da9.jpg", "https://vocefiscal-poll-tape-uploads.s3.amazonaws.com/us-east-1%3A80920790-318d-4472-85fc-9aab74683f05/br/am/manaus/zona-0002/ae00a85c8a07b8c89c9f68cbddb770d4.jpg", "https://vocefiscal-poll-tape-uploads.s3.amazonaws.com/us-east-1%3A80920790-318d-4472-85fc-9aab74683f05/br/am/manaus/zona-0002/4751b12efd8a5878af512b9c5d70cd73.jpg", "https://vocefiscal-poll-tape-uploads.s3.amazonaws.com/us-east-1%3A80920790-318d-4472-85fc-9aab74683f05/br/am/manaus/zona-0002/37c722e6d0f5113b1faa1d3a99fe2fe5.jpg", "https://vocefiscal-poll-tape-uploads.s3.amazonaws.com/us-east-1%3A80920790-318d-4472-85fc-9aab74683f05/br/am/manaus/zona-0002/413160de2fcea1f3a6c1a458a8ffdf72.jpg"], "secaoEleitoral": "0042", "zonaEleitoral": "0002"}