{"pictureURLList": ["https://vocefiscal-poll-tape-uploads.s3.amazonaws.com/us-east-1%3Abc113fbf-6595-40cc-be91-519e5515e0c9/br/ce/fortaleza/zona-0003/631c421bc8cdbcc96e2b0a8970805b96.jpg", "https://vocefiscal-poll-tape-uploads.s3.amazonaws.com/us-east-1%3Abc113fbf-6595-40cc-be91-519e5515e0c9/br/ce/fortaleza/zona-0003/d2328631feffc30a28a42c60ea6018f9.jpg"], "data": 1414351213031, "estado": "CE", "municipio": "FORTALEZA", "zonaEleitoral": "0003", "localDaVotacao": "2259", "secaoEleitoral": "0501"}