{"pictureURLList": ["https://vocefiscal-poll-tape-uploads.s3.amazonaws.com/us-east-1%3A22eaed64-e674-49e2-bc07-a540be6d39da/br/ce/fortaleza/zona-0003/6d383da5cb69f4a0fa0899a4d41b4906.jpg", "https://vocefiscal-poll-tape-uploads.s3.amazonaws.com/us-east-1%3A22eaed64-e674-49e2-bc07-a540be6d39da/br/ce/fortaleza/zona-0003/3189dee21a1c8651c9adad63b8ff4b63.jpg", "https://vocefiscal-poll-tape-uploads.s3.amazonaws.com/us-east-1%3A22eaed64-e674-49e2-bc07-a540be6d39da/br/ce/fortaleza/zona-0003/6abe3276d32cee549cbbd40138c2df2f.jpg", "https://vocefiscal-poll-tape-uploads.s3.amazonaws.com/us-east-1%3A22eaed64-e674-49e2-bc07-a540be6d39da/br/ce/fortaleza/zona-0003/bcf53c9c33e0f6f7a814775b0f53e261.jpg"], "data": 1414352527927, "estado": "CE", "municipio": "FORTALEZA", "zonaEleitoral": "0003", "localDaVotacao": "1660", "secaoEleitoral": "0035"}