{"pictureURLList": ["https://vocefiscal-poll-tape-uploads.s3.amazonaws.com/us-east-1%3A9ced1cb3-05b3-4a9a-9e30-e10a84999299/br/ce/fortaleza/zona-0115/2b18ab6eb025006c3c54fb67314a9488.jpg", "https://vocefiscal-poll-tape-uploads.s3.amazonaws.com/us-east-1%3A9ced1cb3-05b3-4a9a-9e30-e10a84999299/br/ce/fortaleza/zona-0115/5a9cb9e33c8e60bb4ac62eadef7958d7.jpg", "https://vocefiscal-poll-tape-uploads.s3.amazonaws.com/us-east-1%3A9ced1cb3-05b3-4a9a-9e30-e10a84999299/br/ce/fortaleza/zona-0115/1ac6484d98395548a59593f2cfa4bc2d.jpg"], "data": 1414356648591, "estado": "CE", "municipio": "FORTALEZA", "zonaEleitoral": "0115", "localDaVotacao": "1244", "secaoEleitoral": "0229"}