{"pictureURLList": ["https://vocefiscal-poll-tape-uploads.s3.amazonaws.com/us-east-1%3A5fd5bfc9-1a28-4472-85ce-45d92f679bc9/br/ce/iguatu/zona-0013/8fe87e45080a3b5d98ce4cdf850d6b70.jpg", "https://vocefiscal-poll-tape-uploads.s3.amazonaws.com/us-east-1%3A5fd5bfc9-1a28-4472-85ce-45d92f679bc9/br/ce/iguatu/zona-0013/29ebad6e2abdc8f095191d801078c9de.jpg", "https://vocefiscal-poll-tape-uploads.s3.amazonaws.com/us-east-1%3A5fd5bfc9-1a28-4472-85ce-45d92f679bc9/br/ce/iguatu/zona-0013/4ca9912eed1b4540d8194830f4a40192.jpg"], "data": 1414359484606, "estado": "CE", "municipio": "IGUATU", "zonaEleitoral": "0013", "localDaVotacao": "2453", "secaoEleitoral": "0077"}