{"pictureURLList": ["https://vocefiscal-poll-tape-uploads.s3.amazonaws.com/us-east-1%3A57c12a2b-1098-474f-8836-8d715b4c3319/br/ce/fortaleza/zona-0002/1a267aebf93c111771d766e46d6243a3.jpg", "https://vocefiscal-poll-tape-uploads.s3.amazonaws.com/us-east-1%3A57c12a2b-1098-474f-8836-8d715b4c3319/br/ce/fortaleza/zona-0002/52fbaa1d8f39b6df995f40f9e71bb2c6.jpg", "https://vocefiscal-poll-tape-uploads.s3.amazonaws.com/us-east-1%3A57c12a2b-1098-474f-8836-8d715b4c3319/br/ce/fortaleza/zona-0002/86c9d9ef10f8135c08ff8e928a502a51.jpg", "https://vocefiscal-poll-tape-uploads.s3.amazonaws.com/us-east-1%3A57c12a2b-1098-474f-8836-8d715b4c3319/br/ce/fortaleza/zona-0002/b643a4533220746b9f07589f901f2181.jpg"], "data": 1414350773320, "estado": "CE", "municipio": "FORTALEZA", "zonaEleitoral": "0002", "localDaVotacao": "2089", "secaoEleitoral": "0598"}