{"pictureURLList": ["https://vocefiscal-poll-tape-uploads.s3.amazonaws.com/us-east-1%3A22d03638-3a0d-4737-9479-800704e176f1/br/ce/fortaleza/zona-0094/355518696f527d6a9d98a0f9ea012eda.jpg", "https://vocefiscal-poll-tape-uploads.s3.amazonaws.com/us-east-1%3A22d03638-3a0d-4737-9479-800704e176f1/br/ce/fortaleza/zona-0094/19a068462fb89cfc02fcfbf1f469bb6a.jpg", "https://vocefiscal-poll-tape-uploads.s3.amazonaws.com/us-east-1%3A22d03638-3a0d-4737-9479-800704e176f1/br/ce/fortaleza/zona-0094/49844b3b4ffe8f90da18786dbccaad5f.jpg", "https://vocefiscal-poll-tape-uploads.s3.amazonaws.com/us-east-1%3A22d03638-3a0d-4737-9479-800704e176f1/br/ce/fortaleza/zona-0094/44ff62f78e367900608809e2befe2a88.jpg"], "data": 1414355205806, "estado": "CE", "municipio": "FORTALEZA", "zonaEleitoral": "0094", "localDaVotacao": "2267", "secaoEleitoral": "0757"}