{"pictureURLList": ["https://vocefiscal-poll-tape-uploads.s3.amazonaws.com/us-east-1%3A59f4a8a8-b8a9-493a-aa2f-1c41f1867785/br/ce/fortaleza/zona-0003/1ca8d3d9a4edceccf89a9546dcf6b47.jpg", "https://vocefiscal-poll-tape-uploads.s3.amazonaws.com/us-east-1%3A59f4a8a8-b8a9-493a-aa2f-1c41f1867785/br/ce/fortaleza/zona-0003/326bd2dec85dc5bdca44b06267f89b9d.jpg", "https://vocefiscal-poll-tape-uploads.s3.amazonaws.com/us-east-1%3A59f4a8a8-b8a9-493a-aa2f-1c41f1867785/br/ce/fortaleza/zona-0003/1ca8d3d9a4edceccf89a9546dcf6b47.jpg", "https://vocefiscal-poll-tape-uploads.s3.amazonaws.com/us-east-1%3A59f4a8a8-b8a9-493a-aa2f-1c41f1867785/br/ce/fortaleza/zona-0003/326bd2dec85dc5bdca44b06267f89b9d.jpg", "https://vocefiscal-poll-tape-uploads.s3.amazonaws.com/us-east-1%3A59f4a8a8-b8a9-493a-aa2f-1c41f1867785/br/ce/fortaleza/zona-0003/8b29e349ff77f8ed5abd4bc02ca49ba6.jpg", "https://vocefiscal-poll-tape-uploads.s3.amazonaws.com/us-east-1%3A59f4a8a8-b8a9-493a-aa2f-1c41f1867785/br/ce/fortaleza/zona-0003/8b29e349ff77f8ed5abd4bc02ca49ba6.jpg", "https://vocefiscal-poll-tape-uploads.s3.amazonaws.com/us-east-1%3A59f4a8a8-b8a9-493a-aa2f-1c41f1867785/br/ce/fortaleza/zona-0003/1fbe5e8d971acfe94f380e6e2c849764.jpg", "https://vocefiscal-poll-tape-uploads.s3.amazonaws.com/us-east-1%3A59f4a8a8-b8a9-493a-aa2f-1c41f1867785/br/ce/fortaleza/zona-0003/1fbe5e8d971acfe94f380e6e2c849764.jpg", "https://vocefiscal-poll-tape-uploads.s3.amazonaws.com/us-east-1%3A59f4a8a8-b8a9-493a-aa2f-1c41f1867785/br/ce/fortaleza/zona-0003/bcfd264494f848d5ab307728c1a36f06.jpg", "https://vocefiscal-poll-tape-uploads.s3.amazonaws.com/us-east-1%3A59f4a8a8-b8a9-493a-aa2f-1c41f1867785/br/ce/fortaleza/zona-0003/bcfd264494f848d5ab307728c1a36f06.jpg", "https://vocefiscal-poll-tape-uploads.s3.amazonaws.com/us-east-1%3A59f4a8a8-b8a9-493a-aa2f-1c41f1867785/br/ce/fortaleza/zona-0003/84f36d7661e24547100d997d28611024.jpg", "https://vocefiscal-poll-tape-uploads.s3.amazonaws.com/us-east-1%3A59f4a8a8-b8a9-493a-aa2f-1c41f1867785/br/ce/fortaleza/zona-0003/84f36d7661e24547100d997d28611024.jpg", "https://vocefiscal-poll-tape-uploads.s3.amazonaws.com/us-east-1%3A59f4a8a8-b8a9-493a-aa2f-1c41f1867785/br/ce/fortaleza/zona-0003/4e08054599cbe2147a95b99d9a75baba.jpg"], "data": 1414355082723, "estado": "CE", "municipio": "FORTALEZA", "zonaEleitoral": "0003", "localDaVotacao": "2348", "secaoEleitoral": "0425"}