{"pictureURLList": ["https://vocefiscal-poll-tape-uploads.s3.amazonaws.com/us-east-1%3Afc02f982-09ac-4107-96e1-f820ba70bf0e/br/ce/fortaleza/zona-0001/a49f83e914768fcf6a479c44e39804a5.jpg", "https://vocefiscal-poll-tape-uploads.s3.amazonaws.com/us-east-1%3Afc02f982-09ac-4107-96e1-f820ba70bf0e/br/ce/fortaleza/zona-0001/4a4662cd173d4b78000adfbadbbdaef4.jpg", "https://vocefiscal-poll-tape-uploads.s3.amazonaws.com/us-east-1%3Afc02f982-09ac-4107-96e1-f820ba70bf0e/br/ce/fortaleza/zona-0001/fdab07874914c6bc2b6b7f8e9670b791.jpg", "https://vocefiscal-poll-tape-uploads.s3.amazonaws.com/us-east-1%3Afc02f982-09ac-4107-96e1-f820ba70bf0e/br/ce/fortaleza/zona-0001/808e94b048bee226317e99f6f7c3c825.jpg"], "data": 1414347452594, "estado": "CE", "municipio": "FORTALEZA", "zonaEleitoral": "0001", "localDaVotacao": "1287", "secaoEleitoral": "0142"}