{"pictureURLList": ["https://vocefiscal-poll-tape-uploads.s3.amazonaws.com/us-east-1%3A9871ec69-a0d8-4759-ac6d-363509d3851a/br/ce/fortaleza/zona-0003/99a4f16c411110ea23209c354a9aa6a6.jpg", "https://vocefiscal-poll-tape-uploads.s3.amazonaws.com/us-east-1%3A9871ec69-a0d8-4759-ac6d-363509d3851a/br/ce/fortaleza/zona-0003/70a0867a82114f80c608404eeef1a3f9.jpg", "https://vocefiscal-poll-tape-uploads.s3.amazonaws.com/us-east-1%3A9871ec69-a0d8-4759-ac6d-363509d3851a/br/ce/fortaleza/zona-0003/95675646e8a6894c9be659705768a3fa.jpg", "https://vocefiscal-poll-tape-uploads.s3.amazonaws.com/us-east-1%3A9871ec69-a0d8-4759-ac6d-363509d3851a/br/ce/fortaleza/zona-0003/ab84b9890b42c4e9a277fae5504ddb0f.jpg", "https://vocefiscal-poll-tape-uploads.s3.amazonaws.com/us-east-1%3A9871ec69-a0d8-4759-ac6d-363509d3851a/br/ce/fortaleza/zona-0003/6943ea3333c2e26d63991321666f7b1.jpg", "https://vocefiscal-poll-tape-uploads.s3.amazonaws.com/us-east-1%3A9871ec69-a0d8-4759-ac6d-363509d3851a/br/ce/fortaleza/zona-0003/a1e3d6e3871d9a099f1ebcfeb941dd29.jpg"], "data": 1414355282358, "estado": "CE", "municipio": "FORTALEZA", "zonaEleitoral": "0003", "localDaVotacao": "1660", "secaoEleitoral": "0176"}