{"pictureURLList": ["https://vocefiscal-poll-tape-uploads.s3.amazonaws.com/us-east-1%3Ade77bf21-109a-4441-9d9a-87a548537a97/br/ce/itapipoca/zona-0017/29f59fb856963f99f2bc3695b63ce08.jpg", "https://vocefiscal-poll-tape-uploads.s3.amazonaws.com/us-east-1%3Ade77bf21-109a-4441-9d9a-87a548537a97/br/ce/itapipoca/zona-0017/e5eb2a67440b26b9ea7a41e18d26d652.jpg", "https://vocefiscal-poll-tape-uploads.s3.amazonaws.com/us-east-1%3Ade77bf21-109a-4441-9d9a-87a548537a97/br/ce/itapipoca/zona-0017/68395724051ab83a520d35f25aa7f3fe.jpg", "https://vocefiscal-poll-tape-uploads.s3.amazonaws.com/us-east-1%3Ade77bf21-109a-4441-9d9a-87a548537a97/br/ce/itapipoca/zona-0017/85af98296847acf91c7ed0f9a25332a6.jpg"], "data": 1414350788098, "estado": "CE", "municipio": "ITAPIPOCA", "zonaEleitoral": "0017", "localDaVotacao": "1031", "secaoEleitoral": "0003"}