{"pictureURLList": ["https://vocefiscal-poll-tape-uploads.s3.amazonaws.com/us-east-1%3A75585a30-2522-49d2-83ac-271b269264c9/br/ce/russas/zona-0009/8ff18bb6ef8b019f2954d6fcecb218fb.jpg", "https://vocefiscal-poll-tape-uploads.s3.amazonaws.com/us-east-1%3A75585a30-2522-49d2-83ac-271b269264c9/br/ce/russas/zona-0009/fc223e02cdeb7f7d7b846b0169da0a61.jpg", "https://vocefiscal-poll-tape-uploads.s3.amazonaws.com/us-east-1%3A75585a30-2522-49d2-83ac-271b269264c9/br/ce/russas/zona-0009/d1f19c7100b652939f65642e35caa533.jpg", "https://vocefiscal-poll-tape-uploads.s3.amazonaws.com/us-east-1%3A75585a30-2522-49d2-83ac-271b269264c9/br/ce/russas/zona-0009/5e591fb3711ccc21f10797dd6fe9435d.jpg", "https://vocefiscal-poll-tape-uploads.s3.amazonaws.com/us-east-1%3A75585a30-2522-49d2-83ac-271b269264c9/br/ce/russas/zona-0009/f8cf650e4b366a3fa376c512cec7f1d3.jpg"], "data": 1414354411094, "estado": "CE", "municipio": "RUSSAS", "zonaEleitoral": "0009", "secaoEleitoral": "0114"}