{"pictureURLList": ["https://vocefiscal-poll-tape-uploads.s3.amazonaws.com/us-east-1%3A18ff09ec-2545-4414-94d6-0f52cb3c2067/br/ce/fortaleza/zona-0113/c06aa6874d7d9a59cf8a8591512ef724.jpg", "https://vocefiscal-poll-tape-uploads.s3.amazonaws.com/us-east-1%3A18ff09ec-2545-4414-94d6-0f52cb3c2067/br/ce/fortaleza/zona-0113/ec1b97db320cce0ddd6f66cd20d08f71.jpg", "https://vocefiscal-poll-tape-uploads.s3.amazonaws.com/us-east-1%3A18ff09ec-2545-4414-94d6-0f52cb3c2067/br/ce/fortaleza/zona-0113/11e2ce7bea178edcba903fc241be6488.jpg"], "data": 1414359633643, "estado": "CE", "municipio": "FORTALEZA", "zonaEleitoral": "0113", "localDaVotacao": "1058", "secaoEleitoral": "0054"}