{"pictureURLList": ["https://vocefiscal-poll-tape-uploads.s3.amazonaws.com/us-east-1%3A9647e851-f815-451e-9c83-16bcec0adcef/br/ce/sao-goncalo-do-amarante/zona-0036/6daef18f596f71a8415307a8c9668214.jpg", "https://vocefiscal-poll-tape-uploads.s3.amazonaws.com/us-east-1%3A9647e851-f815-451e-9c83-16bcec0adcef/br/ce/sao-goncalo-do-amarante/zona-0036/5c11b915442ba688fa46878a466cde7.jpg", "https://vocefiscal-poll-tape-uploads.s3.amazonaws.com/us-east-1%3A9647e851-f815-451e-9c83-16bcec0adcef/br/ce/sao-goncalo-do-amarante/zona-0036/bcd80d86269e7825eec416b57302ca0.jpg", "https://vocefiscal-poll-tape-uploads.s3.amazonaws.com/us-east-1%3A9647e851-f815-451e-9c83-16bcec0adcef/br/ce/sao-goncalo-do-amarante/zona-0036/e93294514eb820f5062dc57f201e055c.jpg"], "data": 1414347437382, "estado": "CE", "municipio": "S\u00c3O GON\u00c7ALO DO AMARANTE", "zonaEleitoral": "0036", "secaoEleitoral": "0137"}