{"pictureURLList": ["https://vocefiscal-poll-tape-uploads.s3.amazonaws.com/us-east-1%3A75585a30-2522-49d2-83ac-271b269264c9/br/ce/russas/zona-0009/628f8e359f20fe488dfe43ceb441d282.jpg", "https://vocefiscal-poll-tape-uploads.s3.amazonaws.com/us-east-1%3A75585a30-2522-49d2-83ac-271b269264c9/br/ce/russas/zona-0009/f3ba106e0615d39d03bc1861fdd9578d.jpg", "https://vocefiscal-poll-tape-uploads.s3.amazonaws.com/us-east-1%3A75585a30-2522-49d2-83ac-271b269264c9/br/ce/russas/zona-0009/38ad3c83171ea3ffbf9ba2d51f20c455.jpg", "https://vocefiscal-poll-tape-uploads.s3.amazonaws.com/us-east-1%3A75585a30-2522-49d2-83ac-271b269264c9/br/ce/russas/zona-0009/82aefe889e81a2464a72b02af3fc619e.jpg"], "data": 1414354761379, "estado": "CE", "municipio": "RUSSAS", "zonaEleitoral": "0009", "secaoEleitoral": "0204"}