{"pictureURLList": ["https://vocefiscal-poll-tape-uploads.s3.amazonaws.com/us-east-1%3Ab07bb372-cb19-4c4e-a1b4-eead504d9179/br/ce/caucaia/zona-0037/3e0793538dcd00041ba6dce31ebc76f8.jpg", "https://vocefiscal-poll-tape-uploads.s3.amazonaws.com/us-east-1%3Ab07bb372-cb19-4c4e-a1b4-eead504d9179/br/ce/caucaia/zona-0037/42279c60e81fc13d34e6f2904cab877d.jpg", "https://vocefiscal-poll-tape-uploads.s3.amazonaws.com/us-east-1%3Ab07bb372-cb19-4c4e-a1b4-eead504d9179/br/ce/caucaia/zona-0037/dd074d61097cbb7524113d4ba30a24a3.jpg"], "data": 1414359943899, "estado": "CE", "municipio": "CAUCAIA", "zonaEleitoral": "0037", "secaoEleitoral": "0405"}