{"pictureURLList": ["https://vocefiscal-poll-tape-uploads.s3.amazonaws.com/us-east-1%3A9871ec69-a0d8-4759-ac6d-363509d3851a/br/ce/fortaleza/zona-0003/5d1a9b079834dc41f6a84495956d8f31.jpg", "https://vocefiscal-poll-tape-uploads.s3.amazonaws.com/us-east-1%3A9871ec69-a0d8-4759-ac6d-363509d3851a/br/ce/fortaleza/zona-0003/2469d399db755d647942edc3ee36ae32.jpg", "https://vocefiscal-poll-tape-uploads.s3.amazonaws.com/us-east-1%3A9871ec69-a0d8-4759-ac6d-363509d3851a/br/ce/fortaleza/zona-0003/828a3f76ae237d471acee597f612bf5d.jpg", "https://vocefiscal-poll-tape-uploads.s3.amazonaws.com/us-east-1%3A9871ec69-a0d8-4759-ac6d-363509d3851a/br/ce/fortaleza/zona-0003/33e2c74d7f5d4b0c64751120994b07b5.jpg", "https://vocefiscal-poll-tape-uploads.s3.amazonaws.com/us-east-1%3A9871ec69-a0d8-4759-ac6d-363509d3851a/br/ce/fortaleza/zona-0003/1e2e45212b61938635b9547acacf7a89.jpg", "https://vocefiscal-poll-tape-uploads.s3.amazonaws.com/us-east-1%3A9871ec69-a0d8-4759-ac6d-363509d3851a/br/ce/fortaleza/zona-0003/9497c230e21bcb29d65d2e76c1e589c6.jpg", "https://vocefiscal-poll-tape-uploads.s3.amazonaws.com/us-east-1%3A9871ec69-a0d8-4759-ac6d-363509d3851a/br/ce/fortaleza/zona-0003/440b1cddb56c47a57803341b23f834aa.jpg"], "data": 1414354985198, "estado": "CE", "municipio": "FORTALEZA", "zonaEleitoral": "0003", "localDaVotacao": "1660", "secaoEleitoral": "0112"}