{"pictureURLList": ["https://vocefiscal-poll-tape-uploads.s3.amazonaws.com/us-east-1%3A57c12a2b-1098-474f-8836-8d715b4c3319/br/ce/fortaleza/zona-0002/469b1c56ecbe257c3e08e8af0c697be0.jpg", "https://vocefiscal-poll-tape-uploads.s3.amazonaws.com/us-east-1%3A57c12a2b-1098-474f-8836-8d715b4c3319/br/ce/fortaleza/zona-0002/41b6094c60e75f5389c55dabdefea123.jpg", "https://vocefiscal-poll-tape-uploads.s3.amazonaws.com/us-east-1%3A57c12a2b-1098-474f-8836-8d715b4c3319/br/ce/fortaleza/zona-0002/f17c2a3f53c7e7ad4c0d2898ec5edcab.jpg"], "data": 1414350510540, "estado": "CE", "municipio": "FORTALEZA", "zonaEleitoral": "0002", "localDaVotacao": "2089", "secaoEleitoral": "0679"}