{"pictureURLList": ["https://vocefiscal-poll-tape-uploads.s3.amazonaws.com/us-east-1%3Abf2f3c4f-1c26-43d6-bb6e-99fbdc59dc7a/br/ce/jardim/zona-0042/3fe2080f502524efc5aa8358d0cedf.jpg", "https://vocefiscal-poll-tape-uploads.s3.amazonaws.com/us-east-1%3Abf2f3c4f-1c26-43d6-bb6e-99fbdc59dc7a/br/ce/jardim/zona-0042/11a02f17d2beb3bc8738f8e83c9a9152.jpg", "https://vocefiscal-poll-tape-uploads.s3.amazonaws.com/us-east-1%3Abf2f3c4f-1c26-43d6-bb6e-99fbdc59dc7a/br/ce/jardim/zona-0042/3bdbd6c0d53a232df0124b676aa67506.jpg", "https://vocefiscal-poll-tape-uploads.s3.amazonaws.com/us-east-1%3Abf2f3c4f-1c26-43d6-bb6e-99fbdc59dc7a/br/ce/jardim/zona-0042/c54e5adc028be3e87655ded50554eda5.jpg"], "data": 1414354308352, "estado": "CE", "municipio": "JARDIM", "zonaEleitoral": "0042", "secaoEleitoral": "0001"}