{"pictureURLList": ["https://vocefiscal-poll-tape-uploads.s3.amazonaws.com/us-east-1%3A04ae5b54-c650-401b-9e0e-0bfdb4f4e64e/br/ce/crato/zona-0027/c9cf1dd2470cb71c4cb3bca3c3ee522c.jpg", "https://vocefiscal-poll-tape-uploads.s3.amazonaws.com/us-east-1%3A04ae5b54-c650-401b-9e0e-0bfdb4f4e64e/br/ce/crato/zona-0027/19725087e100787afff04b37953a79d3.jpg", "https://vocefiscal-poll-tape-uploads.s3.amazonaws.com/us-east-1%3A04ae5b54-c650-401b-9e0e-0bfdb4f4e64e/br/ce/crato/zona-0027/d81010a62ff5dd60edcd8ea4d6512d00.jpg", "https://vocefiscal-poll-tape-uploads.s3.amazonaws.com/us-east-1%3A04ae5b54-c650-401b-9e0e-0bfdb4f4e64e/br/ce/crato/zona-0027/5d2d33231d49c638aa87e247d3cf0cc1.jpg", "https://vocefiscal-poll-tape-uploads.s3.amazonaws.com/us-east-1%3A04ae5b54-c650-401b-9e0e-0bfdb4f4e64e/br/ce/crato/zona-0027/2e1261e123b343b0de064a53e5884506.jpg", "https://vocefiscal-poll-tape-uploads.s3.amazonaws.com/us-east-1%3A04ae5b54-c650-401b-9e0e-0bfdb4f4e64e/br/ce/crato/zona-0027/94be34ba2b34ed649aad23808900fe6e.jpg"], "data": 1414355643075, "estado": "CE", "municipio": "CRATO", "zonaEleitoral": "0027", "localDaVotacao": "1520", "secaoEleitoral": "0117"}