{"pictureURLList": ["https://vocefiscal-poll-tape-uploads.s3.amazonaws.com/us-east-1%3A59f4a8a8-b8a9-493a-aa2f-1c41f1867785/br/ce/fortaleza/zona-0003/8959530a010704f3aba15411730041a.jpg", "https://vocefiscal-poll-tape-uploads.s3.amazonaws.com/us-east-1%3A59f4a8a8-b8a9-493a-aa2f-1c41f1867785/br/ce/fortaleza/zona-0003/8959530a010704f3aba15411730041a.jpg", "https://vocefiscal-poll-tape-uploads.s3.amazonaws.com/us-east-1%3A59f4a8a8-b8a9-493a-aa2f-1c41f1867785/br/ce/fortaleza/zona-0003/53b9f4c4ffd5344d43cc8b7e9c4be352.jpg", "https://vocefiscal-poll-tape-uploads.s3.amazonaws.com/us-east-1%3A59f4a8a8-b8a9-493a-aa2f-1c41f1867785/br/ce/fortaleza/zona-0003/53b9f4c4ffd5344d43cc8b7e9c4be352.jpg", "https://vocefiscal-poll-tape-uploads.s3.amazonaws.com/us-east-1%3A59f4a8a8-b8a9-493a-aa2f-1c41f1867785/br/ce/fortaleza/zona-0003/878d0c0bc8c0c3527a0103170f8a386b.jpg", "https://vocefiscal-poll-tape-uploads.s3.amazonaws.com/us-east-1%3A59f4a8a8-b8a9-493a-aa2f-1c41f1867785/br/ce/fortaleza/zona-0003/878d0c0bc8c0c3527a0103170f8a386b.jpg", "https://vocefiscal-poll-tape-uploads.s3.amazonaws.com/us-east-1%3A59f4a8a8-b8a9-493a-aa2f-1c41f1867785/br/ce/fortaleza/zona-0003/11d8827e228ab100baf9b4a8280663f2.jpg", "https://vocefiscal-poll-tape-uploads.s3.amazonaws.com/us-east-1%3A59f4a8a8-b8a9-493a-aa2f-1c41f1867785/br/ce/fortaleza/zona-0003/11d8827e228ab100baf9b4a8280663f2.jpg", "https://vocefiscal-poll-tape-uploads.s3.amazonaws.com/us-east-1%3A59f4a8a8-b8a9-493a-aa2f-1c41f1867785/br/ce/fortaleza/zona-0003/23fb429745762fe82ea3967515248971.jpg", "https://vocefiscal-poll-tape-uploads.s3.amazonaws.com/us-east-1%3A59f4a8a8-b8a9-493a-aa2f-1c41f1867785/br/ce/fortaleza/zona-0003/23fb429745762fe82ea3967515248971.jpg", "https://vocefiscal-poll-tape-uploads.s3.amazonaws.com/us-east-1%3A59f4a8a8-b8a9-493a-aa2f-1c41f1867785/br/ce/fortaleza/zona-0003/c2fa0098995f50aa6000aa0534ace604.jpg", "https://vocefiscal-poll-tape-uploads.s3.amazonaws.com/us-east-1%3A59f4a8a8-b8a9-493a-aa2f-1c41f1867785/br/ce/fortaleza/zona-0003/c2fa0098995f50aa6000aa0534ace604.jpg", "https://vocefiscal-poll-tape-uploads.s3.amazonaws.com/us-east-1%3A59f4a8a8-b8a9-493a-aa2f-1c41f1867785/br/ce/fortaleza/zona-0003/a17f9c04e9f2f5160b967b89a5bc2cf6.jpg", "https://vocefiscal-poll-tape-uploads.s3.amazonaws.com/us-east-1%3A59f4a8a8-b8a9-493a-aa2f-1c41f1867785/br/ce/fortaleza/zona-0003/a17f9c04e9f2f5160b967b89a5bc2cf6.jpg", "https://vocefiscal-poll-tape-uploads.s3.amazonaws.com/us-east-1%3A59f4a8a8-b8a9-493a-aa2f-1c41f1867785/br/ce/fortaleza/zona-0003/6b7dcf3552c697d34dcb8507a4d1a491.jpg"], "data": 1414355626822, "estado": "CE", "municipio": "FORTALEZA", "zonaEleitoral": "0003", "localDaVotacao": "2348", "secaoEleitoral": "0422"}