{"pictureURLList": ["https://vocefiscal-poll-tape-uploads.s3.amazonaws.com/us-east-1%3A5413dc38-2e75-4250-ad74-a270405ee3bd/br/ce/fortaleza/zona-0118/eb389561c4adce9752a1f089013cc4d7.jpg", "https://vocefiscal-poll-tape-uploads.s3.amazonaws.com/us-east-1%3A5413dc38-2e75-4250-ad74-a270405ee3bd/br/ce/fortaleza/zona-0118/dfb4685b918f31897023cc48b5a5b177.jpg", "https://vocefiscal-poll-tape-uploads.s3.amazonaws.com/us-east-1%3A5413dc38-2e75-4250-ad74-a270405ee3bd/br/ce/fortaleza/zona-0118/f41cc4d6a04dc6bf34cd28b9a66e06fa.jpg", "https://vocefiscal-poll-tape-uploads.s3.amazonaws.com/us-east-1%3A5413dc38-2e75-4250-ad74-a270405ee3bd/br/ce/fortaleza/zona-0118/f2d6f9993feb26a577b0c69e2efc5e44.jpg"], "data": 1414354557312, "estado": "CE", "municipio": "FORTALEZA", "zonaEleitoral": "0118", "localDaVotacao": "1449", "secaoEleitoral": "0258"}