{"pictureURLList": ["https://vocefiscal-poll-tape-uploads.s3.amazonaws.com/us-east-1%3A9ced1cb3-05b3-4a9a-9e30-e10a84999299/br/ce/fortaleza/zona-0115/e597eb4947a312ecd4237d87b5aae7a4.jpg", "https://vocefiscal-poll-tape-uploads.s3.amazonaws.com/us-east-1%3A9ced1cb3-05b3-4a9a-9e30-e10a84999299/br/ce/fortaleza/zona-0115/285f60abeb01fba49e8986101578d759.jpg", "https://vocefiscal-poll-tape-uploads.s3.amazonaws.com/us-east-1%3A9ced1cb3-05b3-4a9a-9e30-e10a84999299/br/ce/fortaleza/zona-0115/13ad1872ce2f0279ba405824cebc7f96.jpg"], "data": 1414356768106, "estado": "CE", "municipio": "FORTALEZA", "zonaEleitoral": "0115", "localDaVotacao": "1244", "secaoEleitoral": "0228"}