{"pictureURLList": ["https://vocefiscal-poll-tape-uploads.s3.amazonaws.com/us-east-1%3A22d03638-3a0d-4737-9479-800704e176f1/br/ce/fortaleza/zona-0094/eab84e41b1f8db3cfefce326b84c2bf6.jpg", "https://vocefiscal-poll-tape-uploads.s3.amazonaws.com/us-east-1%3A22d03638-3a0d-4737-9479-800704e176f1/br/ce/fortaleza/zona-0094/4a56afec0a3aca55a73f13ecc72eb659.jpg", "https://vocefiscal-poll-tape-uploads.s3.amazonaws.com/us-east-1%3A22d03638-3a0d-4737-9479-800704e176f1/br/ce/fortaleza/zona-0094/69e45ee7b5d6f29d38d812dae37a5ede.jpg", "https://vocefiscal-poll-tape-uploads.s3.amazonaws.com/us-east-1%3A22d03638-3a0d-4737-9479-800704e176f1/br/ce/fortaleza/zona-0094/f3c5f343e1d15fea63dfaf2928401afe.jpg"], "data": 1414354358790, "estado": "CE", "municipio": "FORTALEZA", "zonaEleitoral": "0094", "localDaVotacao": "2267", "secaoEleitoral": "0703"}