{"pictureURLList": ["https://vocefiscal-poll-tape-uploads.s3.amazonaws.com/us-east-1%3A861575cf-8ff6-4a66-9ff8-ae19c30abf6a/br/ce/fortaleza/zona-0082/4077eea670297fb18aec9da281285bb1.jpg", "https://vocefiscal-poll-tape-uploads.s3.amazonaws.com/us-east-1%3A861575cf-8ff6-4a66-9ff8-ae19c30abf6a/br/ce/fortaleza/zona-0082/726c9cb4508ab1b4a29f3ad5217252e1.jpg", "https://vocefiscal-poll-tape-uploads.s3.amazonaws.com/us-east-1%3A861575cf-8ff6-4a66-9ff8-ae19c30abf6a/br/ce/fortaleza/zona-0082/dfdf3eb1f3cfe629c8c6a1d32f11e644.jpg", "https://vocefiscal-poll-tape-uploads.s3.amazonaws.com/us-east-1%3A861575cf-8ff6-4a66-9ff8-ae19c30abf6a/br/ce/fortaleza/zona-0082/57a4019e48790d1399b7821ca2f02c84.jpg"], "data": 1414355329839, "estado": "CE", "municipio": "FORTALEZA", "zonaEleitoral": "0082", "secaoEleitoral": "0626"}