{"pictureURLList": ["https://vocefiscal-poll-tape-uploads.s3.amazonaws.com/us-east-1%3Af8f69de4-daf8-4c7e-a72b-3d9354789ee9/br/ce/crato/zona-0027/19c7bd022a6c0294509136be178e7605.jpg", "https://vocefiscal-poll-tape-uploads.s3.amazonaws.com/us-east-1%3Af8f69de4-daf8-4c7e-a72b-3d9354789ee9/br/ce/crato/zona-0027/16a92dc044e1f7f9673c979be61ab376.jpg", "https://vocefiscal-poll-tape-uploads.s3.amazonaws.com/us-east-1%3Af8f69de4-daf8-4c7e-a72b-3d9354789ee9/br/ce/crato/zona-0027/ba4c73ee5f750d40a860b8a9c61d938f.jpg", "https://vocefiscal-poll-tape-uploads.s3.amazonaws.com/us-east-1%3Af8f69de4-daf8-4c7e-a72b-3d9354789ee9/br/ce/crato/zona-0027/7ae15f210ec416dbbcf6f34b8cf4081d.jpg"], "data": 1414356160530, "estado": "CE", "municipio": "CRATO", "zonaEleitoral": "0027", "secaoEleitoral": "0108"}