{"pictureURLList": ["https://vocefiscal-poll-tape-uploads.s3.amazonaws.com/us-east-1%3A3ad7facf-d4dc-46b5-a0f0-c3373e3134e4/br/ce/fortaleza/zona-0094/e4c41eb054c1fe303422a90a8c9a0879.jpg", "https://vocefiscal-poll-tape-uploads.s3.amazonaws.com/us-east-1%3A3ad7facf-d4dc-46b5-a0f0-c3373e3134e4/br/ce/fortaleza/zona-0094/a568091611a2d56ca99b07f974026d8a.jpg", "https://vocefiscal-poll-tape-uploads.s3.amazonaws.com/us-east-1%3A3ad7facf-d4dc-46b5-a0f0-c3373e3134e4/br/ce/fortaleza/zona-0094/5ca653dd5cc8d114080e33d1372161d9.jpg", "https://vocefiscal-poll-tape-uploads.s3.amazonaws.com/us-east-1%3A3ad7facf-d4dc-46b5-a0f0-c3373e3134e4/br/ce/fortaleza/zona-0094/fd0905429c6f8eeaeb8fb49192e39fe3.jpg", "https://vocefiscal-poll-tape-uploads.s3.amazonaws.com/us-east-1%3A3ad7facf-d4dc-46b5-a0f0-c3373e3134e4/br/ce/fortaleza/zona-0094/7dd0d4b0c19cce73c1f51930b3386725.jpg", "https://vocefiscal-poll-tape-uploads.s3.amazonaws.com/us-east-1%3A3ad7facf-d4dc-46b5-a0f0-c3373e3134e4/br/ce/fortaleza/zona-0094/ea86631c9567996e7a12d6b4876f9205.jpg"], "data": 1414351062096, "estado": "CE", "municipio": "FORTALEZA", "zonaEleitoral": "0094", "localDaVotacao": "2453", "secaoEleitoral": "0801"}