{"pictureURLList": ["https://vocefiscal-poll-tape-uploads.s3.amazonaws.com/us-east-1%3A4c68c8bf-a78c-4b20-96c9-b6e5467e9d49/br/ce/fortaleza/zona-0116/622089a95072264f8b13efecc3737033.jpg", "https://vocefiscal-poll-tape-uploads.s3.amazonaws.com/us-east-1%3A4c68c8bf-a78c-4b20-96c9-b6e5467e9d49/br/ce/fortaleza/zona-0116/67201a1b71da2a5048926515fafbf13e.jpg", "https://vocefiscal-poll-tape-uploads.s3.amazonaws.com/us-east-1%3A4c68c8bf-a78c-4b20-96c9-b6e5467e9d49/br/ce/fortaleza/zona-0116/2e7c92978260bee2faca376d63cfed73.jpg", "https://vocefiscal-poll-tape-uploads.s3.amazonaws.com/us-east-1%3A4c68c8bf-a78c-4b20-96c9-b6e5467e9d49/br/ce/fortaleza/zona-0116/c7b98446e33f0d50f7e831fc423620f6.jpg"], "data": 1414351883117, "estado": "CE", "municipio": "FORTALEZA", "zonaEleitoral": "0116", "secaoEleitoral": "0058"}