{"pictureURLList": ["https://vocefiscal-poll-tape-uploads.s3.amazonaws.com/us-east-1%3A5fd5bfc9-1a28-4472-85ce-45d92f679bc9/br/ce/iguatu/zona-0013/76dbbdd4fc4a8c85a3ded41e4d7f7d65.jpg", "https://vocefiscal-poll-tape-uploads.s3.amazonaws.com/us-east-1%3A5fd5bfc9-1a28-4472-85ce-45d92f679bc9/br/ce/iguatu/zona-0013/62000efb0b5bcff2325c114fededd6d0.jpg", "https://vocefiscal-poll-tape-uploads.s3.amazonaws.com/us-east-1%3A5fd5bfc9-1a28-4472-85ce-45d92f679bc9/br/ce/iguatu/zona-0013/feff6924fb64f804f88bfcf266aee7cb.jpg"], "data": 1414359763744, "estado": "CE", "municipio": "IGUATU", "zonaEleitoral": "0013", "localDaVotacao": "2453", "secaoEleitoral": "0080"}