{"pictureURLList": ["https://vocefiscal-poll-tape-uploads.s3.amazonaws.com/us-east-1%3A0668b6c0-32ed-411c-b238-41fd9c5a6bbb/br/ce/fortaleza/zona-0118/4d59256ff2efe376003321a6cfe6cc32.jpg", "https://vocefiscal-poll-tape-uploads.s3.amazonaws.com/us-east-1%3A0668b6c0-32ed-411c-b238-41fd9c5a6bbb/br/ce/fortaleza/zona-0118/48d54f94cb3ff70cd15b5fc8dfaffaee.jpg", "https://vocefiscal-poll-tape-uploads.s3.amazonaws.com/us-east-1%3A0668b6c0-32ed-411c-b238-41fd9c5a6bbb/br/ce/fortaleza/zona-0118/f9fbf0d9110aa71cfc8b32b4bcacf4.jpg"], "data": 1414354210310, "estado": "CE", "municipio": "FORTALEZA", "zonaEleitoral": "0118", "secaoEleitoral": "0237"}