{"pictureURLList": ["https://vocefiscal-poll-tape-uploads.s3.amazonaws.com/us-east-1%3A567d2380-b74e-4763-9371-c3ccf1dd088d/br/ce/fortaleza/zona-0113/73846b583f71a9144d65e5252f1c4016.jpg", "https://vocefiscal-poll-tape-uploads.s3.amazonaws.com/us-east-1%3A567d2380-b74e-4763-9371-c3ccf1dd088d/br/ce/fortaleza/zona-0113/3b24fa28df4d980eb3ac14dd22f43b4f.jpg", "https://vocefiscal-poll-tape-uploads.s3.amazonaws.com/us-east-1%3A567d2380-b74e-4763-9371-c3ccf1dd088d/br/ce/fortaleza/zona-0113/52c81d48b5ab58b838493803a4123495.jpg", "https://vocefiscal-poll-tape-uploads.s3.amazonaws.com/us-east-1%3A567d2380-b74e-4763-9371-c3ccf1dd088d/br/ce/fortaleza/zona-0113/94d3d8caef0c1a0181cf47d679867eba.jpg", "https://vocefiscal-poll-tape-uploads.s3.amazonaws.com/us-east-1%3A567d2380-b74e-4763-9371-c3ccf1dd088d/br/ce/fortaleza/zona-0113/f345d18a6561b9fb5652a6a8347760bb.jpg"], "data": 1414354562067, "estado": "CE", "municipio": "FORTALEZA", "zonaEleitoral": "0113", "localDaVotacao": "1058", "secaoEleitoral": "0301"}