{"pictureURLList": ["https://vocefiscal-poll-tape-uploads.s3.amazonaws.com/us-east-1%3A36ef6c08-2cc0-4854-9322-9734e4cbb4df/br/ce/fortaleza/zona-0001/bbe923da09750259578192562d8bf277.jpg", "https://vocefiscal-poll-tape-uploads.s3.amazonaws.com/us-east-1%3A36ef6c08-2cc0-4854-9322-9734e4cbb4df/br/ce/fortaleza/zona-0001/f07570db5ebed675f67de3f673f6b344.jpg", "https://vocefiscal-poll-tape-uploads.s3.amazonaws.com/us-east-1%3A36ef6c08-2cc0-4854-9322-9734e4cbb4df/br/ce/fortaleza/zona-0001/a403faf522e66d39230cf7be8e07e517.jpg"], "data": 1414354329292, "estado": "CE", "municipio": "FORTALEZA", "zonaEleitoral": "0001", "localDaVotacao": "2372", "secaoEleitoral": "0552"}