{"pictureURLList": ["https://vocefiscal-poll-tape-uploads.s3.amazonaws.com/us-east-1%3A694bfc6d-fc3c-4050-9d91-a4b562543ea3/br/ce/fortaleza/zona-0113/d1991d5a808e49109fb950a46eb661df.jpg", "https://vocefiscal-poll-tape-uploads.s3.amazonaws.com/us-east-1%3A694bfc6d-fc3c-4050-9d91-a4b562543ea3/br/ce/fortaleza/zona-0113/651513e35f91d63102a703697c778c70.jpg", "https://vocefiscal-poll-tape-uploads.s3.amazonaws.com/us-east-1%3A694bfc6d-fc3c-4050-9d91-a4b562543ea3/br/ce/fortaleza/zona-0113/de2c808dd48c8b8b720e5a6dcbff8113.jpg"], "data": 1414354757039, "estado": "CE", "municipio": "FORTALEZA", "zonaEleitoral": "0113", "secaoEleitoral": "0121"}