{"pictureURLList": ["https://vocefiscal-poll-tape-uploads.s3.amazonaws.com/us-east-1%3Ab864e15d-dad6-45ce-b7f9-7481491bcf09/br/ce/fortaleza/zona-0116/c6c169de7ade6dce9abfce5bb2f156d0.jpg", "https://vocefiscal-poll-tape-uploads.s3.amazonaws.com/us-east-1%3Ab864e15d-dad6-45ce-b7f9-7481491bcf09/br/ce/fortaleza/zona-0116/d7a08c929dcbedd12800cf47a667cf49.jpg"], "data": 1414357751530, "estado": "CE", "municipio": "FORTALEZA", "zonaEleitoral": "0116", "localDaVotacao": "1449", "secaoEleitoral": "0257"}