{"pictureURLList": ["https://vocefiscal-poll-tape-uploads.s3.amazonaws.com/us-east-1%3Ade77bf21-109a-4441-9d9a-87a548537a97/br/ce/itapipoca/zona-0017/4a0e7e529af23b5e212579bcde1a57fc.jpg", "https://vocefiscal-poll-tape-uploads.s3.amazonaws.com/us-east-1%3Ade77bf21-109a-4441-9d9a-87a548537a97/br/ce/itapipoca/zona-0017/bbf3a95136c8916a0b7ddd71dde241b6.jpg", "https://vocefiscal-poll-tape-uploads.s3.amazonaws.com/us-east-1%3Ade77bf21-109a-4441-9d9a-87a548537a97/br/ce/itapipoca/zona-0017/a2ef74f1bd9a0f6f17016eb02bdfa8a4.jpg", "https://vocefiscal-poll-tape-uploads.s3.amazonaws.com/us-east-1%3Ade77bf21-109a-4441-9d9a-87a548537a97/br/ce/itapipoca/zona-0017/3f9eeb213d9ebfa005f40be5b3474c8c.jpg"], "data": 1414351010410, "estado": "CE", "municipio": "ITAPIPOCA", "zonaEleitoral": "0017", "localDaVotacao": "1031", "secaoEleitoral": "0366"}