{"pictureURLList": ["https://vocefiscal-poll-tape-uploads.s3.amazonaws.com/us-east-1%3A36ef6c08-2cc0-4854-9322-9734e4cbb4df/br/ce/fortaleza/zona-0001/b2a3bf6bf0595b7eddbd76b0112022a5.jpg", "https://vocefiscal-poll-tape-uploads.s3.amazonaws.com/us-east-1%3A36ef6c08-2cc0-4854-9322-9734e4cbb4df/br/ce/fortaleza/zona-0001/44445d3a9ce1f65317df48aea1572ad1.jpg", "https://vocefiscal-poll-tape-uploads.s3.amazonaws.com/us-east-1%3A36ef6c08-2cc0-4854-9322-9734e4cbb4df/br/ce/fortaleza/zona-0001/252e0ca29d195f532ecdc7afddb0eb0.jpg", "https://vocefiscal-poll-tape-uploads.s3.amazonaws.com/us-east-1%3A36ef6c08-2cc0-4854-9322-9734e4cbb4df/br/ce/fortaleza/zona-0001/e7d60f15458a6a571f60b946aa038dbb.jpg"], "data": 1414355207310, "estado": "CE", "municipio": "FORTALEZA", "zonaEleitoral": "0001", "localDaVotacao": "2372", "secaoEleitoral": "0697"}