{"pictureURLList": ["https://vocefiscal-poll-tape-uploads.s3.amazonaws.com/us-east-1%3Ad13bc71c-dc88-4f55-a079-595ec7dbfa60/br/ce/fortaleza/zona-0082/9350b6469bcca54fce1f054f3be05347.jpg", "https://vocefiscal-poll-tape-uploads.s3.amazonaws.com/us-east-1%3Ad13bc71c-dc88-4f55-a079-595ec7dbfa60/br/ce/fortaleza/zona-0082/7762c6d8ae6f4114da46602941f85c14.jpg", "https://vocefiscal-poll-tape-uploads.s3.amazonaws.com/us-east-1%3Ad13bc71c-dc88-4f55-a079-595ec7dbfa60/br/ce/fortaleza/zona-0082/208ab34eea71cb714eaac122c6f9db96.jpg"], "data": 1414356318313, "estado": "CE", "municipio": "FORTALEZA", "zonaEleitoral": "0082", "localDaVotacao": "1465", "secaoEleitoral": "0616"}