{"pictureURLList": ["https://vocefiscal-poll-tape-uploads.s3.amazonaws.com/us-east-1%3Ad13bc71c-dc88-4f55-a079-595ec7dbfa60/br/ce/fortaleza/zona-0082/b9db992ee4691022dabb7d7c596bdb55.jpg", "https://vocefiscal-poll-tape-uploads.s3.amazonaws.com/us-east-1%3Ad13bc71c-dc88-4f55-a079-595ec7dbfa60/br/ce/fortaleza/zona-0082/bfb270b4423d347371f7957b8a217170.jpg", "https://vocefiscal-poll-tape-uploads.s3.amazonaws.com/us-east-1%3Ad13bc71c-dc88-4f55-a079-595ec7dbfa60/br/ce/fortaleza/zona-0082/cfb242e3eadb9123444eff17eab8b0fc.jpg"], "data": 1414356502643, "estado": "CE", "municipio": "FORTALEZA", "zonaEleitoral": "0082", "localDaVotacao": "1465", "secaoEleitoral": "0494"}