{"pictureURLList": ["https://vocefiscal-poll-tape-uploads.s3.amazonaws.com/us-east-1%3A22eaed64-e674-49e2-bc07-a540be6d39da/br/ce/fortaleza/zona-0082/ac888da80cb7ac0097f0f6fa11b0388b.jpg", "https://vocefiscal-poll-tape-uploads.s3.amazonaws.com/us-east-1%3A22eaed64-e674-49e2-bc07-a540be6d39da/br/ce/fortaleza/zona-0082/d20847b983a4eea27a50abcca742befe.jpg", "https://vocefiscal-poll-tape-uploads.s3.amazonaws.com/us-east-1%3A22eaed64-e674-49e2-bc07-a540be6d39da/br/ce/fortaleza/zona-0082/44bafb43d27ad3e0230335dc7a24d955.jpg"], "data": 1414358497864, "estado": "CE", "municipio": "FORTALEZA", "zonaEleitoral": "0082", "localDaVotacao": "1503", "secaoEleitoral": "0197"}