{"pictureURLList": ["https://vocefiscal-poll-tape-uploads.s3.amazonaws.com/us-east-1%3Abc113fbf-6595-40cc-be91-519e5515e0c9/br/ce/fortaleza/zona-0003/a02e06a9ee354f17846ffd042a502a60.jpg", "https://vocefiscal-poll-tape-uploads.s3.amazonaws.com/us-east-1%3Abc113fbf-6595-40cc-be91-519e5515e0c9/br/ce/fortaleza/zona-0003/652f5e00309d689c749e39417cf611fb.jpg"], "data": 1414351004924, "estado": "CE", "municipio": "FORTALEZA", "zonaEleitoral": "0003", "localDaVotacao": "2259", "secaoEleitoral": "0504"}