{"pictureURLList": ["https://vocefiscal-poll-tape-uploads.s3.amazonaws.com/us-east-1%3A22eaed64-e674-49e2-bc07-a540be6d39da/br/ce/fortaleza/zona-0003/c2ad8330eb245e8b9f56e4b12e23ead9.jpg", "https://vocefiscal-poll-tape-uploads.s3.amazonaws.com/us-east-1%3A22eaed64-e674-49e2-bc07-a540be6d39da/br/ce/fortaleza/zona-0003/626f545c4397805ea98727f2975fedd4.jpg", "https://vocefiscal-poll-tape-uploads.s3.amazonaws.com/us-east-1%3A22eaed64-e674-49e2-bc07-a540be6d39da/br/ce/fortaleza/zona-0003/711b06542e16b40146195f1d92930844.jpg"], "data": 1414351750570, "estado": "CE", "municipio": "FORTALEZA", "zonaEleitoral": "0003", "localDaVotacao": "1139", "secaoEleitoral": "0024"}