{"pictureURLList": ["https://vocefiscal-poll-tape-uploads.s3.amazonaws.com/us-east-1%3Aa5ef976a-9e44-41f4-8b44-f298c6f6ce89/br/ce/fortaleza/zona-0113/793dac29899de618f4890b227f8797ac.jpg", "https://vocefiscal-poll-tape-uploads.s3.amazonaws.com/us-east-1%3Aa5ef976a-9e44-41f4-8b44-f298c6f6ce89/br/ce/fortaleza/zona-0113/bc0b86937039c97d94564d37ef2dd1c8.jpg", "https://vocefiscal-poll-tape-uploads.s3.amazonaws.com/us-east-1%3Aa5ef976a-9e44-41f4-8b44-f298c6f6ce89/br/ce/fortaleza/zona-0113/a08f6ccbceec5cf161fff2053aa437ef.jpg", "https://vocefiscal-poll-tape-uploads.s3.amazonaws.com/us-east-1%3Aa5ef976a-9e44-41f4-8b44-f298c6f6ce89/br/ce/fortaleza/zona-0113/b1ce8aaca3f46d0e42a886d1e105e4ea.jpg"], "data": 1414359989520, "estado": "CE", "municipio": "FORTALEZA", "zonaEleitoral": "0113", "localDaVotacao": "1074", "secaoEleitoral": "0067"}