{"pictureURLList": ["https://vocefiscal-poll-tape-uploads.s3.amazonaws.com/us-east-1%3A9ced1cb3-05b3-4a9a-9e30-e10a84999299/br/ce/fortaleza/zona-0115/3c816f1f036d28ec3795d51bc1506f3f.jpg", "https://vocefiscal-poll-tape-uploads.s3.amazonaws.com/us-east-1%3A9ced1cb3-05b3-4a9a-9e30-e10a84999299/br/ce/fortaleza/zona-0115/c102fc62fc7fac7edaa9e1dfb501f3f8.jpg", "https://vocefiscal-poll-tape-uploads.s3.amazonaws.com/us-east-1%3A9ced1cb3-05b3-4a9a-9e30-e10a84999299/br/ce/fortaleza/zona-0115/eacd1aa17892001292eb520e5310cf97.jpg", "https://vocefiscal-poll-tape-uploads.s3.amazonaws.com/us-east-1%3A9ced1cb3-05b3-4a9a-9e30-e10a84999299/br/ce/fortaleza/zona-0115/b4d62b8fed08d57824a13ce7acde41b3.jpg"], "data": 1414356483543, "estado": "CE", "municipio": "FORTALEZA", "zonaEleitoral": "0115", "localDaVotacao": "1244", "secaoEleitoral": "0279"}