{"pictureURLList": ["https://vocefiscal-poll-tape-uploads.s3.amazonaws.com/us-east-1%3A57ecb552-14d1-4dc6-a1a0-092b45f8cf1a/br/ce/fortaleza/zona-0112/50c8ce74b8cace9f9fdf9767405d5d62.jpg", "https://vocefiscal-poll-tape-uploads.s3.amazonaws.com/us-east-1%3A57ecb552-14d1-4dc6-a1a0-092b45f8cf1a/br/ce/fortaleza/zona-0112/6ccded0fc7780e8a3edcfd2bc2986543.jpg", "https://vocefiscal-poll-tape-uploads.s3.amazonaws.com/us-east-1%3A57ecb552-14d1-4dc6-a1a0-092b45f8cf1a/br/ce/fortaleza/zona-0112/e49774294091db303a8c1868e4241854.jpg", "https://vocefiscal-poll-tape-uploads.s3.amazonaws.com/us-east-1%3A57ecb552-14d1-4dc6-a1a0-092b45f8cf1a/br/ce/fortaleza/zona-0112/17cef730e7d66caf2a2f671eef94b307.jpg"], "data": 1414358081055, "estado": "CE", "municipio": "FORTALEZA", "zonaEleitoral": "0112", "secaoEleitoral": "0245"}