{"pictureURLList": ["https://vocefiscal-poll-tape-uploads.s3.amazonaws.com/us-east-1%3A5413dc38-2e75-4250-ad74-a270405ee3bd/br/ce/fortaleza/zona-0118/a24f002edee295767dab19825d87b17a.jpg", "https://vocefiscal-poll-tape-uploads.s3.amazonaws.com/us-east-1%3A5413dc38-2e75-4250-ad74-a270405ee3bd/br/ce/fortaleza/zona-0118/834f34e604c5fff820451db6ef167704.jpg", "https://vocefiscal-poll-tape-uploads.s3.amazonaws.com/us-east-1%3A5413dc38-2e75-4250-ad74-a270405ee3bd/br/ce/fortaleza/zona-0118/76db8364b7d134d7a125e257e8afacd9.jpg", "https://vocefiscal-poll-tape-uploads.s3.amazonaws.com/us-east-1%3A5413dc38-2e75-4250-ad74-a270405ee3bd/br/ce/fortaleza/zona-0118/923a4662c57997d8e68640139f3e9db3.jpg"], "data": 1414354178732, "estado": "CE", "municipio": "FORTALEZA", "zonaEleitoral": "0118", "localDaVotacao": "1449", "secaoEleitoral": "0256"}