{"pictureURLList": ["https://vocefiscal-poll-tape-uploads.s3.amazonaws.com/us-east-1%3A9871ec69-a0d8-4759-ac6d-363509d3851a/br/ce/fortaleza/zona-0003/1cf5272d5ca052e82f47e660114f34d2.jpg", "https://vocefiscal-poll-tape-uploads.s3.amazonaws.com/us-east-1%3A9871ec69-a0d8-4759-ac6d-363509d3851a/br/ce/fortaleza/zona-0003/320e5757e8bba85c89e897e9048883b1.jpg", "https://vocefiscal-poll-tape-uploads.s3.amazonaws.com/us-east-1%3A9871ec69-a0d8-4759-ac6d-363509d3851a/br/ce/fortaleza/zona-0003/b2d1d563b84cfa4a37d0ad05d6edcdd7.jpg", "https://vocefiscal-poll-tape-uploads.s3.amazonaws.com/us-east-1%3A9871ec69-a0d8-4759-ac6d-363509d3851a/br/ce/fortaleza/zona-0003/a73ebff15b4178e2a95a650a40e1cfcd.jpg", "https://vocefiscal-poll-tape-uploads.s3.amazonaws.com/us-east-1%3A9871ec69-a0d8-4759-ac6d-363509d3851a/br/ce/fortaleza/zona-0003/c4095235611cf54c8da19623e94cff7e.jpg", "https://vocefiscal-poll-tape-uploads.s3.amazonaws.com/us-east-1%3A9871ec69-a0d8-4759-ac6d-363509d3851a/br/ce/fortaleza/zona-0003/fba6ac4da0dab8e43e0e784cb1a55650.jpg"], "data": 1414355422622, "estado": "CE", "municipio": "FORTALEZA", "zonaEleitoral": "0003", "localDaVotacao": "1660", "secaoEleitoral": "0183"}