{"pictureURLList": ["https://vocefiscal-poll-tape-uploads.s3.amazonaws.com/us-east-1%3A22d03638-3a0d-4737-9479-800704e176f1/br/ce/fortaleza/zona-0094/58a7d1e57f0e7e1e5b48f6ccfac9932f.jpg", "https://vocefiscal-poll-tape-uploads.s3.amazonaws.com/us-east-1%3A22d03638-3a0d-4737-9479-800704e176f1/br/ce/fortaleza/zona-0094/9ab1d408fc3d6b9154fec6db2cb57462.jpg", "https://vocefiscal-poll-tape-uploads.s3.amazonaws.com/us-east-1%3A22d03638-3a0d-4737-9479-800704e176f1/br/ce/fortaleza/zona-0094/fd502a1be012564b57166438d0010ea7.jpg", "https://vocefiscal-poll-tape-uploads.s3.amazonaws.com/us-east-1%3A22d03638-3a0d-4737-9479-800704e176f1/br/ce/fortaleza/zona-0094/d674df9b9c40c2a2422ffdd3e21ce2c9.jpg"], "data": 1414354508342, "estado": "CE", "municipio": "FORTALEZA", "zonaEleitoral": "0094", "localDaVotacao": "2267", "secaoEleitoral": "0787"}