{"pictureURLList": ["https://vocefiscal-poll-tape-uploads.s3.amazonaws.com/us-east-1%3Af8f69de4-daf8-4c7e-a72b-3d9354789ee9/br/ce/crato/zona-0027/c8fc3482f358ce54e3831c78f2968e73.jpg", "https://vocefiscal-poll-tape-uploads.s3.amazonaws.com/us-east-1%3Af8f69de4-daf8-4c7e-a72b-3d9354789ee9/br/ce/crato/zona-0027/8ed5ba9a788d5bdf5e0c06450c38c89b.jpg", "https://vocefiscal-poll-tape-uploads.s3.amazonaws.com/us-east-1%3Af8f69de4-daf8-4c7e-a72b-3d9354789ee9/br/ce/crato/zona-0027/48333728a2134bd7ff8d58af8a73b0ae.jpg", "https://vocefiscal-poll-tape-uploads.s3.amazonaws.com/us-east-1%3Af8f69de4-daf8-4c7e-a72b-3d9354789ee9/br/ce/crato/zona-0027/b4ca224d4bca554bd67d98281603ce63.jpg"], "data": 1414355621843, "estado": "CE", "municipio": "CRATO", "zonaEleitoral": "0027", "secaoEleitoral": "0107"}