{"pictureURLList": ["https://vocefiscal-poll-tape-uploads.s3.amazonaws.com/us-east-1%3A22d03638-3a0d-4737-9479-800704e176f1/br/ce/fortaleza/zona-0094/7530b048854bf2db565d9ffd009ca9eb.jpg", "https://vocefiscal-poll-tape-uploads.s3.amazonaws.com/us-east-1%3A22d03638-3a0d-4737-9479-800704e176f1/br/ce/fortaleza/zona-0094/f9da7eda101cfcd7c3d2c4c84e56cfa4.jpg", "https://vocefiscal-poll-tape-uploads.s3.amazonaws.com/us-east-1%3A22d03638-3a0d-4737-9479-800704e176f1/br/ce/fortaleza/zona-0094/62b68db2ce328901074d66cbf1d95878.jpg", "https://vocefiscal-poll-tape-uploads.s3.amazonaws.com/us-east-1%3A22d03638-3a0d-4737-9479-800704e176f1/br/ce/fortaleza/zona-0094/4c733863ae63454a42ae13039fe09cd9.jpg"], "data": 1414354816346, "estado": "CE", "municipio": "FORTALEZA", "zonaEleitoral": "0094", "localDaVotacao": "2267", "secaoEleitoral": "0764"}