{"pictureURLList": ["https://vocefiscal-poll-tape-uploads.s3.amazonaws.com/us-east-1%3A9647e851-f815-451e-9c83-16bcec0adcef/br/ce/sao-goncalo-do-amarante/zona-0036/6dc54c63541d456399546ad648ea92fd.jpg", "https://vocefiscal-poll-tape-uploads.s3.amazonaws.com/us-east-1%3A9647e851-f815-451e-9c83-16bcec0adcef/br/ce/sao-goncalo-do-amarante/zona-0036/72e1cccea678a306f712ed79d1491376.jpg", "https://vocefiscal-poll-tape-uploads.s3.amazonaws.com/us-east-1%3A9647e851-f815-451e-9c83-16bcec0adcef/br/ce/sao-goncalo-do-amarante/zona-0036/580ec04b9541a8b366223bb0829db20c.jpg", "https://vocefiscal-poll-tape-uploads.s3.amazonaws.com/us-east-1%3A9647e851-f815-451e-9c83-16bcec0adcef/br/ce/sao-goncalo-do-amarante/zona-0036/d095c3cf3ef83ca49b4adbf464d6fedc.jpg"], "data": 1414347630459, "estado": "CE", "municipio": "S\u00c3O GON\u00c7ALO DO AMARANTE", "zonaEleitoral": "0036", "secaoEleitoral": "0063"}