{"pictureURLList": ["https://vocefiscal-poll-tape-uploads.s3.amazonaws.com/us-east-1%3A18ff09ec-2545-4414-94d6-0f52cb3c2067/br/ce/fortaleza/zona-0113/8764a96bc19277211df535f703ccf9d1.jpg", "https://vocefiscal-poll-tape-uploads.s3.amazonaws.com/us-east-1%3A18ff09ec-2545-4414-94d6-0f52cb3c2067/br/ce/fortaleza/zona-0113/48d7c040c1340ec9cbdf50df78306667.jpg", "https://vocefiscal-poll-tape-uploads.s3.amazonaws.com/us-east-1%3A18ff09ec-2545-4414-94d6-0f52cb3c2067/br/ce/fortaleza/zona-0113/9f83c5fa1cb781f55d86573fd6d3c89f.jpg"], "data": 1414359452277, "estado": "CE", "municipio": "FORTALEZA", "zonaEleitoral": "0113", "localDaVotacao": "1058", "secaoEleitoral": "0053"}