{"pictureURLList": ["https://vocefiscal-poll-tape-uploads.s3.amazonaws.com/us-east-1%3Af8f69de4-daf8-4c7e-a72b-3d9354789ee9/br/ce/crato/zona-0027/54c484165ce86cf9542c7762f8291ac7.jpg", "https://vocefiscal-poll-tape-uploads.s3.amazonaws.com/us-east-1%3Af8f69de4-daf8-4c7e-a72b-3d9354789ee9/br/ce/crato/zona-0027/ebd060b967ec0f5a7a3442b88806e9a2.jpg", "https://vocefiscal-poll-tape-uploads.s3.amazonaws.com/us-east-1%3Af8f69de4-daf8-4c7e-a72b-3d9354789ee9/br/ce/crato/zona-0027/78c55adabd16fee3c0833cd1811dd685.jpg"], "data": 1414359468892, "estado": "CE", "municipio": "CRATO", "zonaEleitoral": "0027", "secaoEleitoral": "0260"}