{"pictureURLList": ["https://vocefiscal-poll-tape-uploads.s3.amazonaws.com/us-east-1%3Abc113fbf-6595-40cc-be91-519e5515e0c9/br/ce/fortaleza/zona-0003/b26ebe7a9ab3acf6d1bf10777bc90567.jpg", "https://vocefiscal-poll-tape-uploads.s3.amazonaws.com/us-east-1%3Abc113fbf-6595-40cc-be91-519e5515e0c9/br/ce/fortaleza/zona-0003/61cb8ff0c0d6e0adb812d85e3b22c853.jpg"], "data": 1414351547704, "estado": "CE", "municipio": "FORTALEZA", "zonaEleitoral": "0003", "localDaVotacao": "2259", "secaoEleitoral": "0500"}