{"pictureURLList": ["https://vocefiscal-poll-tape-uploads.s3.amazonaws.com/us-east-1%3A75585a30-2522-49d2-83ac-271b269264c9/br/ce/russas/zona-0009/16959b7ea4fc8e24a507202e5c09b3e1.jpg", "https://vocefiscal-poll-tape-uploads.s3.amazonaws.com/us-east-1%3A75585a30-2522-49d2-83ac-271b269264c9/br/ce/russas/zona-0009/50c699dbe81a1b1f35a8c8439fcdf118.jpg", "https://vocefiscal-poll-tape-uploads.s3.amazonaws.com/us-east-1%3A75585a30-2522-49d2-83ac-271b269264c9/br/ce/russas/zona-0009/20743a755d0c0beb172c6b36d222a597.jpg", "https://vocefiscal-poll-tape-uploads.s3.amazonaws.com/us-east-1%3A75585a30-2522-49d2-83ac-271b269264c9/br/ce/russas/zona-0009/4e27697a598d6d358d84af56b15616bb.jpg"], "data": 1414354113981, "estado": "CE", "municipio": "RUSSAS", "zonaEleitoral": "0009", "secaoEleitoral": "0251"}