{"pictureURLList": ["https://vocefiscal-poll-tape-uploads.s3.amazonaws.com/us-east-1%3A6241e8d1-bb27-46dd-a54b-17e45568f08e/br/ce/fortaleza/zona-0113/2d8427bda8cecc86b2f4872d5ac54ee0.jpg", "https://vocefiscal-poll-tape-uploads.s3.amazonaws.com/us-east-1%3A6241e8d1-bb27-46dd-a54b-17e45568f08e/br/ce/fortaleza/zona-0113/43ba0ff880f2689ba97bdbdd2bf14b35.jpg", "https://vocefiscal-poll-tape-uploads.s3.amazonaws.com/us-east-1%3A6241e8d1-bb27-46dd-a54b-17e45568f08e/br/ce/fortaleza/zona-0113/1dd119f1ed9bbcb67bf8afee05ecc55f.jpg"], "data": 1414356804646, "estado": "CE", "municipio": "FORTALEZA", "zonaEleitoral": "0113", "localDaVotacao": "1139", "secaoEleitoral": "0120"}