{"pictureURLList": ["https://vocefiscal-poll-tape-uploads.s3.amazonaws.com/us-east-1%3A9647e851-f815-451e-9c83-16bcec0adcef/br/ce/sao-goncalo-do-amarante/zona-0036/9ea558dc7cc4b6cf84a39b4bd911a2a3.jpg", "https://vocefiscal-poll-tape-uploads.s3.amazonaws.com/us-east-1%3A9647e851-f815-451e-9c83-16bcec0adcef/br/ce/sao-goncalo-do-amarante/zona-0036/dc329cb2f9e31bcb10f5ab7d7aed6dfc.jpg", "https://vocefiscal-poll-tape-uploads.s3.amazonaws.com/us-east-1%3A9647e851-f815-451e-9c83-16bcec0adcef/br/ce/sao-goncalo-do-amarante/zona-0036/428a0741dfe907aff704a29af7086218.jpg", "https://vocefiscal-poll-tape-uploads.s3.amazonaws.com/us-east-1%3A9647e851-f815-451e-9c83-16bcec0adcef/br/ce/sao-goncalo-do-amarante/zona-0036/f78082a68357bbbf7bd3827a1c48e093.jpg"], "data": 1414346894632, "estado": "CE", "municipio": "S\u00c3O GON\u00c7ALO DO AMARANTE", "zonaEleitoral": "0036", "secaoEleitoral": "0061"}