{"pictureURLList": ["https://vocefiscal-poll-tape-uploads.s3.amazonaws.com/us-east-1%3A04ae5b54-c650-401b-9e0e-0bfdb4f4e64e/br/ce/crato/zona-0027/2fcfb8bb21bfd4711063e7d118c492db.jpg", "https://vocefiscal-poll-tape-uploads.s3.amazonaws.com/us-east-1%3A04ae5b54-c650-401b-9e0e-0bfdb4f4e64e/br/ce/crato/zona-0027/5d803ea6636860c8c6ddcdcf152888d6.jpg", "https://vocefiscal-poll-tape-uploads.s3.amazonaws.com/us-east-1%3A04ae5b54-c650-401b-9e0e-0bfdb4f4e64e/br/ce/crato/zona-0027/99a7f609fd20e17995dfab94e59de927.jpg", "https://vocefiscal-poll-tape-uploads.s3.amazonaws.com/us-east-1%3A04ae5b54-c650-401b-9e0e-0bfdb4f4e64e/br/ce/crato/zona-0027/ed0a8602f35250b7cdb9da9419b2707d.jpg", "https://vocefiscal-poll-tape-uploads.s3.amazonaws.com/us-east-1%3A04ae5b54-c650-401b-9e0e-0bfdb4f4e64e/br/ce/crato/zona-0027/d05b175771c1da2777e880b9cc9447d9.jpg"], "data": 1414355911303, "estado": "CE", "municipio": "CRATO", "zonaEleitoral": "0027", "localDaVotacao": "1520", "secaoEleitoral": "0114"}