{"pictureURLList": ["https://vocefiscal-poll-tape-uploads.s3.amazonaws.com/us-east-1%3A161a3d68-7ebe-4889-8741-3aba0bb93ef9/br/ce/fortaleza/zona-0082/aff50d4555b73ba8bae49c445bdfc379.jpg", "https://vocefiscal-poll-tape-uploads.s3.amazonaws.com/us-east-1%3A161a3d68-7ebe-4889-8741-3aba0bb93ef9/br/ce/fortaleza/zona-0082/6b61e0c3a41dc1e143b1b10d3a88a51b.jpg", "https://vocefiscal-poll-tape-uploads.s3.amazonaws.com/us-east-1%3A161a3d68-7ebe-4889-8741-3aba0bb93ef9/br/ce/fortaleza/zona-0082/f43ce711725e9db61632e5c0646084a9.jpg"], "data": 1414354441787, "estado": "CE", "municipio": "FORTALEZA", "zonaEleitoral": "0082", "localDaVotacao": "1554", "secaoEleitoral": "0593"}