{"pictureURLList": ["https://vocefiscal-poll-tape-uploads.s3.amazonaws.com/us-east-1%3Abc113fbf-6595-40cc-be91-519e5515e0c9/br/ce/fortaleza/zona-0003/97173deb0766429602dcb2825925b715.jpg", "https://vocefiscal-poll-tape-uploads.s3.amazonaws.com/us-east-1%3Abc113fbf-6595-40cc-be91-519e5515e0c9/br/ce/fortaleza/zona-0003/a6585d51f995c6a3a8e3e9172648d56a.jpg"], "data": 1414351400968, "estado": "CE", "municipio": "FORTALEZA", "zonaEleitoral": "0003", "localDaVotacao": "2259", "secaoEleitoral": "0499"}