{"municipio": "MANAUS", "localDaVotacao": "1252", "data": 1414492126626, "estado": "AM", "pictureURLList": ["https://vocefiscal-poll-tape-uploads.s3.amazonaws.com/us-east-1%3Abb73b653-4225-46e3-a0c0-53f7e2ff4837/br/am/manaus/zona-0001/36803614e13e6d9523bcd58f6fffdd82.jpg", "https://vocefiscal-poll-tape-uploads.s3.amazonaws.com/us-east-1%3Abb73b653-4225-46e3-a0c0-53f7e2ff4837/br/am/manaus/zona-0001/5fb85a60db8eb684c8a05839db60abb.jpg", "https://vocefiscal-poll-tape-uploads.s3.amazonaws.com/us-east-1%3Abb73b653-4225-46e3-a0c0-53f7e2ff4837/br/am/manaus/zona-0001/b6877b6866af15e9f412f0ed7e510bdc.jpg"], "secaoEleitoral": "0122", "zonaEleitoral": "0001"}