{"pictureURLList": ["https://vocefiscal-poll-tape-uploads.s3.amazonaws.com/us-east-1%3A04ae5b54-c650-401b-9e0e-0bfdb4f4e64e/br/ce/crato/zona-0027/4bf2ef4ef267e606853649df5374873f.jpg", "https://vocefiscal-poll-tape-uploads.s3.amazonaws.com/us-east-1%3A04ae5b54-c650-401b-9e0e-0bfdb4f4e64e/br/ce/crato/zona-0027/65f713697cc4059a50450296c8aa12f8.jpg", "https://vocefiscal-poll-tape-uploads.s3.amazonaws.com/us-east-1%3A04ae5b54-c650-401b-9e0e-0bfdb4f4e64e/br/ce/crato/zona-0027/cd5eb88edfdfd8356935894bd65e13fb.jpg", "https://vocefiscal-poll-tape-uploads.s3.amazonaws.com/us-east-1%3A04ae5b54-c650-401b-9e0e-0bfdb4f4e64e/br/ce/crato/zona-0027/a2a516cc277e1ee0153760dac19e5ce0.jpg"], "data": 1414355383325, "estado": "CE", "municipio": "CRATO", "zonaEleitoral": "0027", "localDaVotacao": "1520", "secaoEleitoral": "0115"}