{"pictureURLList": ["https://vocefiscal-poll-tape-uploads.s3.amazonaws.com/us-east-1%3A694bfc6d-fc3c-4050-9d91-a4b562543ea3/br/ce/fortaleza/zona-0113/f80a603dbdc989c7a0fc612da0b5a712.jpg", "https://vocefiscal-poll-tape-uploads.s3.amazonaws.com/us-east-1%3A694bfc6d-fc3c-4050-9d91-a4b562543ea3/br/ce/fortaleza/zona-0113/246f4004ef0f7e39d2370bfe97e6eb00.jpg", "https://vocefiscal-poll-tape-uploads.s3.amazonaws.com/us-east-1%3A694bfc6d-fc3c-4050-9d91-a4b562543ea3/br/ce/fortaleza/zona-0113/795f653ed9c9b1b8ac5994cf41e836b5.jpg"], "data": 1414354578352, "estado": "CE", "municipio": "FORTALEZA", "zonaEleitoral": "0113", "secaoEleitoral": "0125"}