{"pictureURLList": ["https://vocefiscal-poll-tape-uploads.s3.amazonaws.com/us-east-1%3Ab864e15d-dad6-45ce-b7f9-7481491bcf09/br/ce/fortaleza/zona-0116/7dbe86d433c069917326e0933161e945.jpg", "https://vocefiscal-poll-tape-uploads.s3.amazonaws.com/us-east-1%3Ab864e15d-dad6-45ce-b7f9-7481491bcf09/br/ce/fortaleza/zona-0116/f38c2181f3ac5f6336a99e385ee3a176.jpg", "https://vocefiscal-poll-tape-uploads.s3.amazonaws.com/us-east-1%3Ab864e15d-dad6-45ce-b7f9-7481491bcf09/br/ce/fortaleza/zona-0116/3115f6c4cdfcee1e9640b5add06bf698.jpg"], "data": 1414361383244, "estado": "CE", "municipio": "FORTALEZA", "zonaEleitoral": "0116", "localDaVotacao": "1228", "secaoEleitoral": "0151"}