{"pictureURLList": ["https://vocefiscal-poll-tape-uploads.s3.amazonaws.com/us-east-1%3A9ced1cb3-05b3-4a9a-9e30-e10a84999299/br/ce/fortaleza/zona-0115/646aa8372a404fea4f31263b0bfd104c.jpg", "https://vocefiscal-poll-tape-uploads.s3.amazonaws.com/us-east-1%3A9ced1cb3-05b3-4a9a-9e30-e10a84999299/br/ce/fortaleza/zona-0115/6ad386f08d5682015741c79ea0bc2498.jpg", "https://vocefiscal-poll-tape-uploads.s3.amazonaws.com/us-east-1%3A9ced1cb3-05b3-4a9a-9e30-e10a84999299/br/ce/fortaleza/zona-0115/a0db8ccfa3d029699ec6c73993e029cb.jpg", "https://vocefiscal-poll-tape-uploads.s3.amazonaws.com/us-east-1%3A9ced1cb3-05b3-4a9a-9e30-e10a84999299/br/ce/fortaleza/zona-0115/ed9f07256b47b5e651432ba16db0ec61.jpg"], "data": 1414354379378, "estado": "CE", "municipio": "FORTALEZA", "zonaEleitoral": "0115", "secaoEleitoral": "0227"}