{"estado": "CE", "municipio": "FORTALEZA", "data": 1412542117890, "secaoEleitoral": "0122", "pictureURLList": ["https://vocefiscal-poll-tape-uploads.s3.amazonaws.com/us-east-1%3Af6466587-661d-4c23-81c0-ff1bf87c247e/br/ce/fortaleza/zona-0115/db78e4b306d98031ac067379192ea1e0.jpg", "https://vocefiscal-poll-tape-uploads.s3.amazonaws.com/us-east-1%3Af6466587-661d-4c23-81c0-ff1bf87c247e/br/ce/fortaleza/zona-0115/f606fa6dba7cd2cc25ed7458922b3f66.jpg", "https://vocefiscal-poll-tape-uploads.s3.amazonaws.com/us-east-1%3Af6466587-661d-4c23-81c0-ff1bf87c247e/br/ce/fortaleza/zona-0115/f0895da177a07a4eb4cabfd558d09fc.jpg", "https://vocefiscal-poll-tape-uploads.s3.amazonaws.com/us-east-1%3Af6466587-661d-4c23-81c0-ff1bf87c247e/br/ce/fortaleza/zona-0115/e6d18b9fe431e87a888fd015b4b9e07a.jpg", "https://vocefiscal-poll-tape-uploads.s3.amazonaws.com/us-east-1%3Af6466587-661d-4c23-81c0-ff1bf87c247e/br/ce/fortaleza/zona-0115/b3b86e4a73af371620f691aad5455240.jpg", "https://vocefiscal-poll-tape-uploads.s3.amazonaws.com/us-east-1%3Af6466587-661d-4c23-81c0-ff1bf87c247e/br/ce/fortaleza/zona-0115/6e05ae7d0f2e7221b0e0ae0bbe0dbd83.jpg", "https://vocefiscal-poll-tape-uploads.s3.amazonaws.com/us-east-1%3Af6466587-661d-4c23-81c0-ff1bf87c247e/br/ce/fortaleza/zona-0115/ceb23aa10f4a6e7c67573746a9cf1581.jpg", "https://vocefiscal-poll-tape-uploads.s3.amazonaws.com/us-east-1%3Af6466587-661d-4c23-81c0-ff1bf87c247e/br/ce/fortaleza/zona-0115/bc0a618dd658930690070b2815ca8e9c.jpg", "https://vocefiscal-poll-tape-uploads.s3.amazonaws.com/us-east-1%3Af6466587-661d-4c23-81c0-ff1bf87c247e/br/ce/fortaleza/zona-0115/26ef457940f58555fa1e7e2f2dcf78b5.jpg", "https://vocefiscal-poll-tape-uploads.s3.amazonaws.com/us-east-1%3Af6466587-661d-4c23-81c0-ff1bf87c247e/br/ce/fortaleza/zona-0115/52f3437d80bf858e22ca21dcfc21758b.jpg", "https://vocefiscal-poll-tape-uploads.s3.amazonaws.com/us-east-1%3Af6466587-661d-4c23-81c0-ff1bf87c247e/br/ce/fortaleza/zona-0115/3a9f2fc393092b149be8aea54e5de5a8.jpg", "https://vocefiscal-poll-tape-uploads.s3.amazonaws.com/us-east-1%3Af6466587-661d-4c23-81c0-ff1bf87c247e/br/ce/fortaleza/zona-0115/887ec1c27334fc92230efbc0f34b2e18.jpg", "https://vocefiscal-poll-tape-uploads.s3.amazonaws.com/us-east-1%3Af6466587-661d-4c23-81c0-ff1bf87c247e/br/ce/fortaleza/zona-0115/8f15b1461f5f1499a597bbff871bc887.jpg", "https://vocefiscal-poll-tape-uploads.s3.amazonaws.com/us-east-1%3Af6466587-661d-4c23-81c0-ff1bf87c247e/br/ce/fortaleza/zona-0115/2d882fbfbaeb33c40fa5064aa958c727.jpg", "https://vocefiscal-poll-tape-uploads.s3.amazonaws.com/us-east-1%3Af6466587-661d-4c23-81c0-ff1bf87c247e/br/ce/fortaleza/zona-0115/be6883c136fef22997d7306aa83795f1.jpg", "https://vocefiscal-poll-tape-uploads.s3.amazonaws.com/us-east-1%3Af6466587-661d-4c23-81c0-ff1bf87c247e/br/ce/fortaleza/zona-0115/11a26ad43b21f0de04bae529c1402e5d.jpg", "https://vocefiscal-poll-tape-uploads.s3.amazonaws.com/us-east-1%3Af6466587-661d-4c23-81c0-ff1bf87c247e/br/ce/fortaleza/zona-0115/8b6d67e6e19ffa582d1ce8296118369.jpg", "https://vocefiscal-poll-tape-uploads.s3.amazonaws.com/us-east-1%3Af6466587-661d-4c23-81c0-ff1bf87c247e/br/ce/fortaleza/zona-0115/a7e6e342308a0ebd67fe9f3ed0d3d0ef.jpg", "https://vocefiscal-poll-tape-uploads.s3.amazonaws.com/us-east-1%3Af6466587-661d-4c23-81c0-ff1bf87c247e/br/ce/fortaleza/zona-0115/a1923d064cad80477aa2a54032eb52d3.jpg", "https://vocefiscal-poll-tape-uploads.s3.amazonaws.com/us-east-1%3Af6466587-661d-4c23-81c0-ff1bf87c247e/br/ce/fortaleza/zona-0115/ab5e54d1b261b2302a6025d1eb9d96b1.jpg", "https://vocefiscal-poll-tape-uploads.s3.amazonaws.com/us-east-1%3Af6466587-661d-4c23-81c0-ff1bf87c247e/br/ce/fortaleza/zona-0115/9c0e9e9f7b1eeb8fd0ed61974a064ec0.jpg", "https://vocefiscal-poll-tape-uploads.s3.amazonaws.com/us-east-1%3Af6466587-661d-4c23-81c0-ff1bf87c247e/br/ce/fortaleza/zona-0115/41e29d001d8414b366020c1740f95a1.jpg", "https://vocefiscal-poll-tape-uploads.s3.amazonaws.com/us-east-1%3Af6466587-661d-4c23-81c0-ff1bf87c247e/br/ce/fortaleza/zona-0115/96b14740efdb63ec93e5e4146f5d5d93.jpg", "https://vocefiscal-poll-tape-uploads.s3.amazonaws.com/us-east-1%3Af6466587-661d-4c23-81c0-ff1bf87c247e/br/ce/fortaleza/zona-0115/60a6aeebe198f1ef2781b735c1329ea3.jpg", "https://vocefiscal-poll-tape-uploads.s3.amazonaws.com/us-east-1%3Af6466587-661d-4c23-81c0-ff1bf87c247e/br/ce/fortaleza/zona-0115/4b093c77815f0895fe5bea823cb375a4.jpg", "https://vocefiscal-poll-tape-uploads.s3.amazonaws.com/us-east-1%3Af6466587-661d-4c23-81c0-ff1bf87c247e/br/ce/fortaleza/zona-0115/d2ab9f7dc1ec6b2b6b264f8de17209dd.jpg", "https://vocefiscal-poll-tape-uploads.s3.amazonaws.com/us-east-1%3Af6466587-661d-4c23-81c0-ff1bf87c247e/br/ce/fortaleza/zona-0115/a066ffe1851397dc99ae988adbb84f7c.jpg", "https://vocefiscal-poll-tape-uploads.s3.amazonaws.com/us-east-1%3Af6466587-661d-4c23-81c0-ff1bf87c247e/br/ce/fortaleza/zona-0115/35f877dcb133f9cc4ef860d23b7ac788.jpg", "https://vocefiscal-poll-tape-uploads.s3.amazonaws.com/us-east-1%3Af6466587-661d-4c23-81c0-ff1bf87c247e/br/ce/fortaleza/zona-0115/be16ca704427cb30a46e9002927807ce.jpg", "https://vocefiscal-poll-tape-uploads.s3.amazonaws.com/us-east-1%3Af6466587-661d-4c23-81c0-ff1bf87c247e/br/ce/fortaleza/zona-0115/ae3683413c43aaa4b28aca984a1538c.jpg", "https://vocefiscal-poll-tape-uploads.s3.amazonaws.com/us-east-1%3Af6466587-661d-4c23-81c0-ff1bf87c247e/br/ce/fortaleza/zona-0115/13e9107df7d62574bf66de2025fc48d5.jpg", "https://vocefiscal-poll-tape-uploads.s3.amazonaws.com/us-east-1%3Af6466587-661d-4c23-81c0-ff1bf87c247e/br/ce/fortaleza/zona-0115/aa38470112461e952840571e593878bc.jpg", "https://vocefiscal-poll-tape-uploads.s3.amazonaws.com/us-east-1%3Af6466587-661d-4c23-81c0-ff1bf87c247e/br/ce/fortaleza/zona-0115/4cd4db290071157eb7971c460f6f3dca.jpg", "https://vocefiscal-poll-tape-uploads.s3.amazonaws.com/us-east-1%3Af6466587-661d-4c23-81c0-ff1bf87c247e/br/ce/fortaleza/zona-0115/dac6efd2fc7d3e4d67afa9ac224edfa3.jpg", "https://vocefiscal-poll-tape-uploads.s3.amazonaws.com/us-east-1%3Af6466587-661d-4c23-81c0-ff1bf87c247e/br/ce/fortaleza/zona-0115/4babaedbfbd5af4f9cb17cdd9da3895.jpg"], "zonaEleitoral": "0115"}