{"data": 1412550898146, "estado": "BA", "localDaVotacao": "1074", "zonaEleitoral": "0013", "secaoEleitoral": "0051", "pictureURLList": ["https://vocefiscal-poll-tape-uploads.s3.amazonaws.com/us-east-1%3A6080dd58-f1d3-4cea-9eb7-c893fa137b9e/br/ba/salvador/zona-0013/4c2ea85a23b8addb3fb2bdc362310f54.jpg", "https://vocefiscal-poll-tape-uploads.s3.amazonaws.com/us-east-1%3A6080dd58-f1d3-4cea-9eb7-c893fa137b9e/br/ba/salvador/zona-0013/8c55c0ceb2ee8ff85d134cbb2ccc2b2a.jpg", "https://vocefiscal-poll-tape-uploads.s3.amazonaws.com/us-east-1%3A6080dd58-f1d3-4cea-9eb7-c893fa137b9e/br/ba/salvador/zona-0013/88856897bab3f0bc201f8aaf6cac1ca7.jpg", "https://vocefiscal-poll-tape-uploads.s3.amazonaws.com/us-east-1%3A6080dd58-f1d3-4cea-9eb7-c893fa137b9e/br/ba/salvador/zona-0013/1ed6c039ea2900382cd5f36bf8d96138.jpg", "https://vocefiscal-poll-tape-uploads.s3.amazonaws.com/us-east-1%3A6080dd58-f1d3-4cea-9eb7-c893fa137b9e/br/ba/salvador/zona-0013/a2de61bdac533d057e0e65919cfd05ea.jpg", "https://vocefiscal-poll-tape-uploads.s3.amazonaws.com/us-east-1%3A6080dd58-f1d3-4cea-9eb7-c893fa137b9e/br/ba/salvador/zona-0013/1e17d2e15ff35d422f8c9182b0e4dccb.jpg", "https://vocefiscal-poll-tape-uploads.s3.amazonaws.com/us-east-1%3A6080dd58-f1d3-4cea-9eb7-c893fa137b9e/br/ba/salvador/zona-0013/fb080c2acb444526715ea75fc83ff43.jpg", "https://vocefiscal-poll-tape-uploads.s3.amazonaws.com/us-east-1%3A6080dd58-f1d3-4cea-9eb7-c893fa137b9e/br/ba/salvador/zona-0013/e7db3d1986b71b3287c4f595a0d07ef3.jpg", "https://vocefiscal-poll-tape-uploads.s3.amazonaws.com/us-east-1%3A6080dd58-f1d3-4cea-9eb7-c893fa137b9e/br/ba/salvador/zona-0013/519485646f3c0db4a49e5076ae04731a.jpg", "https://vocefiscal-poll-tape-uploads.s3.amazonaws.com/us-east-1%3A6080dd58-f1d3-4cea-9eb7-c893fa137b9e/br/ba/salvador/zona-0013/b27a6f43c939f2dc731e732f7085e658.jpg", "https://vocefiscal-poll-tape-uploads.s3.amazonaws.com/us-east-1%3A6080dd58-f1d3-4cea-9eb7-c893fa137b9e/br/ba/salvador/zona-0013/9f941829152b06a35dbafc0d2ff453a1.jpg", "https://vocefiscal-poll-tape-uploads.s3.amazonaws.com/us-east-1%3A6080dd58-f1d3-4cea-9eb7-c893fa137b9e/br/ba/salvador/zona-0013/5c64bc4fbf79556683108392a3dcb2e0.jpg", "https://vocefiscal-poll-tape-uploads.s3.amazonaws.com/us-east-1%3A6080dd58-f1d3-4cea-9eb7-c893fa137b9e/br/ba/salvador/zona-0013/48ed5a32db99b446c6b2b58b6a28db71.jpg", "https://vocefiscal-poll-tape-uploads.s3.amazonaws.com/us-east-1%3A6080dd58-f1d3-4cea-9eb7-c893fa137b9e/br/ba/salvador/zona-0013/f08fe269bc05dd09f1ee3407878de127.jpg", "https://vocefiscal-poll-tape-uploads.s3.amazonaws.com/us-east-1%3A6080dd58-f1d3-4cea-9eb7-c893fa137b9e/br/ba/salvador/zona-0013/11b645bb5802609b558b6f59d97a24d6.jpg", "https://vocefiscal-poll-tape-uploads.s3.amazonaws.com/us-east-1%3A6080dd58-f1d3-4cea-9eb7-c893fa137b9e/br/ba/salvador/zona-0013/eaad487923302ca48219926e7928867.jpg", "https://vocefiscal-poll-tape-uploads.s3.amazonaws.com/us-east-1%3A6080dd58-f1d3-4cea-9eb7-c893fa137b9e/br/ba/salvador/zona-0013/7c4a5115ec72608519e5bb9c3410115a.jpg", "https://vocefiscal-poll-tape-uploads.s3.amazonaws.com/us-east-1%3A6080dd58-f1d3-4cea-9eb7-c893fa137b9e/br/ba/salvador/zona-0013/1318ec108b1b5f4a0daf18ee2146deef.jpg"], "municipio": "SALVADOR"}