{"zonaEleitoral": "0108", "pictureURLList": ["https://vocefiscal-poll-tape-uploads.s3.amazonaws.com/us-east-1%3Adc85fcdc-21e2-4ccd-a8e9-b2e3190caf22/br/ba/sao-goncalo-dos-campos/zona-0108/c3c5ce0e6bc2f7157e90442b218a0e07.jpg", "https://vocefiscal-poll-tape-uploads.s3.amazonaws.com/us-east-1%3Adc85fcdc-21e2-4ccd-a8e9-b2e3190caf22/br/ba/sao-goncalo-dos-campos/zona-0108/6c4da4e5519af95af574b733f5abf37c.jpg"], "estado": "BA", "data": 1414354391170, "municipio": "S\u00c3O GON\u00c7ALO DOS CAMPOS", "localDaVotacao": "1490", "secaoEleitoral": "0011"}