{"zonaEleitoral": "0013", "pictureURLList": ["https://vocefiscal-poll-tape-uploads.s3.amazonaws.com/us-east-1%3Ad1c705ab-1bdf-45ea-9da9-630f0ef51723/br/ba/salvador/zona-0013/2382071e6c4ba5ff8f4968e3204c91aa.jpg", "https://vocefiscal-poll-tape-uploads.s3.amazonaws.com/us-east-1%3Ad1c705ab-1bdf-45ea-9da9-630f0ef51723/br/ba/salvador/zona-0013/b2f9f179c4947806a9f2448c1a20b46c.jpg", "https://vocefiscal-poll-tape-uploads.s3.amazonaws.com/us-east-1%3Ad1c705ab-1bdf-45ea-9da9-630f0ef51723/br/ba/salvador/zona-0013/1d79cd08d9a6292a7e8be7005230dd3f.jpg"], "estado": "BA", "data": 1414354651993, "municipio": "SALVADOR", "localDaVotacao": "1260", "secaoEleitoral": "0180"}