{"pictureURLList": ["https://vocefiscal-poll-tape-uploads.s3.amazonaws.com/us-east-1%3A3241fa4c-8344-49df-ace5-39992425f11d/br/ce/fortaleza/zona-0116/e67a9d43099913d9bc7c139b5ce7a932.jpg", "https://vocefiscal-poll-tape-uploads.s3.amazonaws.com/us-east-1%3A3241fa4c-8344-49df-ace5-39992425f11d/br/ce/fortaleza/zona-0116/ae2df1425c614ed45ce68c6d44176be8.jpg", "https://vocefiscal-poll-tape-uploads.s3.amazonaws.com/us-east-1%3A3241fa4c-8344-49df-ace5-39992425f11d/br/ce/fortaleza/zona-0116/8d41f702017be148c017985cdbcecd8d.jpg", "https://vocefiscal-poll-tape-uploads.s3.amazonaws.com/us-east-1%3A3241fa4c-8344-49df-ace5-39992425f11d/br/ce/fortaleza/zona-0116/3ed8ec14b4e8edada88b097b96ac2947.jpg", "https://vocefiscal-poll-tape-uploads.s3.amazonaws.com/us-east-1%3A3241fa4c-8344-49df-ace5-39992425f11d/br/ce/fortaleza/zona-0116/efd5648de7423af4ec2060b9676eb74a.jpg"], "data": 1414367975119, "estado": "CE", "municipio": "FORTALEZA", "zonaEleitoral": "0116", "localDaVotacao": "1481", "secaoEleitoral": "0266"}