{"zonaEleitoral": "0128", "pictureURLList": ["https://vocefiscal-poll-tape-uploads.s3.amazonaws.com/us-east-1%3A109766cf-8087-44a8-b12b-e2287522109f/br/ba/amelia-rodrigues/zona-0128/73f7d1a3a6cf6075ec5509feadf7db3a.jpg", "https://vocefiscal-poll-tape-uploads.s3.amazonaws.com/us-east-1%3A109766cf-8087-44a8-b12b-e2287522109f/br/ba/amelia-rodrigues/zona-0128/cbc520097bc6cfa2a2981738a0c1221a.jpg", "https://vocefiscal-poll-tape-uploads.s3.amazonaws.com/us-east-1%3A109766cf-8087-44a8-b12b-e2287522109f/br/ba/amelia-rodrigues/zona-0128/244bdc9c992cf6f90c090f932aa0d110.jpg", "https://vocefiscal-poll-tape-uploads.s3.amazonaws.com/us-east-1%3A109766cf-8087-44a8-b12b-e2287522109f/br/ba/amelia-rodrigues/zona-0128/90836816c9b7be79765e15ec0f90a837.jpg"], "estado": "BA", "secaoEleitoral": "0089", "data": 1414371173410, "municipio": "AM\u00c9LIA RODRIGUES", "localDaVotacao": "1015"}