{"zonaEleitoral": "0155", "estado": "BA", "data": 1414354573793, "municipio": "FEIRA DE SANTANA", "pictureURLList": ["https://vocefiscal-poll-tape-uploads.s3.amazonaws.com/us-east-1%3A0253803f-d652-464a-8867-a775d3cc5894/br/ba/feira-de-santana/zona-0155/6664cd196649dffe2d51e907a651ba53.jpg", "https://vocefiscal-poll-tape-uploads.s3.amazonaws.com/us-east-1%3A0253803f-d652-464a-8867-a775d3cc5894/br/ba/feira-de-santana/zona-0155/9c1092cb92c3524bea5eb10449df83e0.jpg", "https://vocefiscal-poll-tape-uploads.s3.amazonaws.com/us-east-1%3A0253803f-d652-464a-8867-a775d3cc5894/br/ba/feira-de-santana/zona-0155/a63439b8345cc95819398d522ffd3156.jpg"], "secaoEleitoral": "0074"}