{"estado": "CE", "municipio": "FORTALEZA", "data": 1412540201908, "secaoEleitoral": "0562", "pictureURLList": ["https://vocefiscal-poll-tape-uploads.s3.amazonaws.com/us-east-1%3A33a0c209-0eec-4af6-8203-1670d8d60e2d/br/ce/fortaleza/zona-0001/226f172fff01768823cf4a56356d45b1.jpg", "https://vocefiscal-poll-tape-uploads.s3.amazonaws.com/us-east-1%3A33a0c209-0eec-4af6-8203-1670d8d60e2d/br/ce/fortaleza/zona-0001/40f45e28a9759ae81c8ced7dc158eea9.jpg", "https://vocefiscal-poll-tape-uploads.s3.amazonaws.com/us-east-1%3A33a0c209-0eec-4af6-8203-1670d8d60e2d/br/ce/fortaleza/zona-0001/ee4d4dcc294856efbaa387abf8f35787.jpg", "https://vocefiscal-poll-tape-uploads.s3.amazonaws.com/us-east-1%3A33a0c209-0eec-4af6-8203-1670d8d60e2d/br/ce/fortaleza/zona-0001/dfaf97efbc17d8ed072bc37a5528cced.jpg"], "zonaEleitoral": "0001", "localDaVotacao": "2496"}