{"estado": "PA", "municipio": "BEL\u00c9M", "pictureURLList": ["https://vocefiscal-poll-tape-uploads.s3.amazonaws.com/us-east-1%3A106313e7-bf6e-4ed2-9728-2ae2518cbe6b/br/pa/belem/zona-0095/f8406bf8ea73cc7b70f382644402721d.jpg", "https://vocefiscal-poll-tape-uploads.s3.amazonaws.com/us-east-1%3A106313e7-bf6e-4ed2-9728-2ae2518cbe6b/br/pa/belem/zona-0095/a6b25fa986a8a81fc1419ad2ee1105f7.jpg", "https://vocefiscal-poll-tape-uploads.s3.amazonaws.com/us-east-1%3A106313e7-bf6e-4ed2-9728-2ae2518cbe6b/br/pa/belem/zona-0095/6a04b2d90200726de649f410db8e5099.jpg"], "data": 1414354799280, "secaoEleitoral": "0061", "zonaEleitoral": "0095"}