{"estado": "PA", "localDaVotacao": "1058", "municipio": "SANTAR\u00c9M", "pictureURLList": ["https://vocefiscal-poll-tape-uploads.s3.amazonaws.com/us-east-1%3Abebdeb5f-dc93-424e-b405-e4ac152b0b55/br/pa/santarem/zona-0083/127253f01116f468cb1a93e6d048d430.jpg", "https://vocefiscal-poll-tape-uploads.s3.amazonaws.com/us-east-1%3Abebdeb5f-dc93-424e-b405-e4ac152b0b55/br/pa/santarem/zona-0083/d9cc7a37d23d6f7c5aa416d3928e76c7.jpg", "https://vocefiscal-poll-tape-uploads.s3.amazonaws.com/us-east-1%3Abebdeb5f-dc93-424e-b405-e4ac152b0b55/br/pa/santarem/zona-0083/cbd387b6dcec6aa5cf699a2ee311632d.jpg", "https://vocefiscal-poll-tape-uploads.s3.amazonaws.com/us-east-1%3Abebdeb5f-dc93-424e-b405-e4ac152b0b55/br/pa/santarem/zona-0083/c5327ff465e673000e9d79b729c7f899.jpg"], "data": 1414354844945, "secaoEleitoral": "0289", "zonaEleitoral": "0083"}