{"estado": "PA", "municipio": "BEL\u00c9M", "pictureURLList": ["https://vocefiscal-poll-tape-uploads.s3.amazonaws.com/us-east-1%3A23a8ca46-7d2c-49e9-ae44-554b8aecd756/br/pa/belem/zona-0001/b7f09d41d3720bfe50a593e85d6d5e7d.jpg", "https://vocefiscal-poll-tape-uploads.s3.amazonaws.com/us-east-1%3A23a8ca46-7d2c-49e9-ae44-554b8aecd756/br/pa/belem/zona-0001/8477eed3552b3068e9c1dea85e334f9f.jpg", "https://vocefiscal-poll-tape-uploads.s3.amazonaws.com/us-east-1%3A23a8ca46-7d2c-49e9-ae44-554b8aecd756/br/pa/belem/zona-0001/a85b93e9bf1e0428261e6f3e58ab9dcc.jpg", "https://vocefiscal-poll-tape-uploads.s3.amazonaws.com/us-east-1%3A23a8ca46-7d2c-49e9-ae44-554b8aecd756/br/pa/belem/zona-0001/daaadbc4f24936f6294c8e2173076e21.jpg"], "data": 1414355216577, "secaoEleitoral": "0280", "zonaEleitoral": "0001"}