{"estado": "PA", "municipio": "BEL\u00c9M", "pictureURLList": ["https://vocefiscal-poll-tape-uploads.s3.amazonaws.com/us-east-1%3A447a6b65-75f3-44c2-9a76-914f20ef1021/br/pa/belem/zona-0028/2ed37b05647cc25720ef3fa0a1fa6e83.jpg", "https://vocefiscal-poll-tape-uploads.s3.amazonaws.com/us-east-1%3A447a6b65-75f3-44c2-9a76-914f20ef1021/br/pa/belem/zona-0028/fc59df7d09e8bf744ee714804685fd4f.jpg", "https://vocefiscal-poll-tape-uploads.s3.amazonaws.com/us-east-1%3A447a6b65-75f3-44c2-9a76-914f20ef1021/br/pa/belem/zona-0028/ee98af69078e313d3be18313859d5dea.jpg", "https://vocefiscal-poll-tape-uploads.s3.amazonaws.com/us-east-1%3A447a6b65-75f3-44c2-9a76-914f20ef1021/br/pa/belem/zona-0028/d9e09d81c31e08f558aceb4d3c694a77.jpg"], "data": 1414350912945, "secaoEleitoral": "0578", "zonaEleitoral": "0028"}