{"estado": "PA", "localDaVotacao": "1040", "municipio": "BEL\u00c9M", "pictureURLList": ["https://vocefiscal-poll-tape-uploads.s3.amazonaws.com/us-east-1%3A33bc2799-78db-4d3c-9134-ce8ac4bb8313/br/pa/belem/zona-0028/9c61166d9b821d6c2d1615c5d3d3ec8c.jpg", "https://vocefiscal-poll-tape-uploads.s3.amazonaws.com/us-east-1%3A33bc2799-78db-4d3c-9134-ce8ac4bb8313/br/pa/belem/zona-0028/64e80668d542b5ee6b21d689690dc5b7.jpg", "https://vocefiscal-poll-tape-uploads.s3.amazonaws.com/us-east-1%3A33bc2799-78db-4d3c-9134-ce8ac4bb8313/br/pa/belem/zona-0028/105927cdb03f2d935e55e4cf39474588.jpg"], "data": 1414356799118, "secaoEleitoral": "0035", "zonaEleitoral": "0028"}