{"estado": "PA", "localDaVotacao": "1317", "municipio": "BEL\u00c9M", "pictureURLList": ["https://vocefiscal-poll-tape-uploads.s3.amazonaws.com/us-east-1%3A46d53c4b-2da6-4ec1-8798-e8d4f4318903/br/pa/belem/zona-0096/daf99139f055014908c21776e727a802.jpg", "https://vocefiscal-poll-tape-uploads.s3.amazonaws.com/us-east-1%3A46d53c4b-2da6-4ec1-8798-e8d4f4318903/br/pa/belem/zona-0096/fb70699c2f7d430390cb6917eb6159c8.jpg", "https://vocefiscal-poll-tape-uploads.s3.amazonaws.com/us-east-1%3A46d53c4b-2da6-4ec1-8798-e8d4f4318903/br/pa/belem/zona-0096/aa30f7f9476baee48761d8f64ec9f4a1.jpg", "https://vocefiscal-poll-tape-uploads.s3.amazonaws.com/us-east-1%3A46d53c4b-2da6-4ec1-8798-e8d4f4318903/br/pa/belem/zona-0096/e7713b792bf06fe8831dd47ac773245c.jpg"], "data": 1414358128634, "secaoEleitoral": "0006", "zonaEleitoral": "0096"}