{"estado": "PA", "localDaVotacao": "1058", "municipio": "SANTAR\u00c9M", "pictureURLList": ["https://vocefiscal-poll-tape-uploads.s3.amazonaws.com/us-east-1%3Abebdeb5f-dc93-424e-b405-e4ac152b0b55/br/pa/santarem/zona-0083/39bf0ca6ab394d30773f8381353e54c9.jpg", "https://vocefiscal-poll-tape-uploads.s3.amazonaws.com/us-east-1%3Abebdeb5f-dc93-424e-b405-e4ac152b0b55/br/pa/santarem/zona-0083/8ebbb23c2ff3d24fe2963cc68819c836.jpg", "https://vocefiscal-poll-tape-uploads.s3.amazonaws.com/us-east-1%3Abebdeb5f-dc93-424e-b405-e4ac152b0b55/br/pa/santarem/zona-0083/254bf6b80a7f50271690bc8ef418cc50.jpg", "https://vocefiscal-poll-tape-uploads.s3.amazonaws.com/us-east-1%3Abebdeb5f-dc93-424e-b405-e4ac152b0b55/br/pa/santarem/zona-0083/a7c84ce5cdd81fd0ef6781279fb24d75.jpg", "https://vocefiscal-poll-tape-uploads.s3.amazonaws.com/us-east-1%3Abebdeb5f-dc93-424e-b405-e4ac152b0b55/br/pa/santarem/zona-0083/c07dc963a6d1ba2ad4312088b9008103.jpg"], "data": 1414354701246, "secaoEleitoral": "0244", "zonaEleitoral": "0083"}