{"estado": "PA", "localDaVotacao": "1040", "municipio": "PARAUAPEBAS", "pictureURLList": ["https://vocefiscal-poll-tape-uploads.s3.amazonaws.com/us-east-1%3Ad15812b7-3bc5-44d1-baca-60f6241c641c/br/pa/parauapebas/zona-0075/7074b41503f634f6e57052cc8497883e.jpg", "https://vocefiscal-poll-tape-uploads.s3.amazonaws.com/us-east-1%3Ad15812b7-3bc5-44d1-baca-60f6241c641c/br/pa/parauapebas/zona-0075/8b8369c7a49b358389e11ac83338e3a3.jpg", "https://vocefiscal-poll-tape-uploads.s3.amazonaws.com/us-east-1%3Ad15812b7-3bc5-44d1-baca-60f6241c641c/br/pa/parauapebas/zona-0075/e6684282f192ec043a35d0651600f1e1.jpg", "https://vocefiscal-poll-tape-uploads.s3.amazonaws.com/us-east-1%3Ad15812b7-3bc5-44d1-baca-60f6241c641c/br/pa/parauapebas/zona-0075/5de904e11f08a8d8cb89ef7d770b0e95.jpg"], "data": 1414355860880, "secaoEleitoral": "0060", "zonaEleitoral": "0075"}