{"estado": "PA", "localDaVotacao": "1040", "municipio": "BEL\u00c9M", "pictureURLList": ["https://vocefiscal-poll-tape-uploads.s3.amazonaws.com/us-east-1%3Adb633627-6f96-43fe-86be-ddd26000537f/br/pa/belem/zona-0096/5e297a9afcfef097e16e3a9d72de0021.jpg", "https://vocefiscal-poll-tape-uploads.s3.amazonaws.com/us-east-1%3Adb633627-6f96-43fe-86be-ddd26000537f/br/pa/belem/zona-0096/387c6ef7a94bc4f47032272c610f4ea9.jpg", "https://vocefiscal-poll-tape-uploads.s3.amazonaws.com/us-east-1%3Adb633627-6f96-43fe-86be-ddd26000537f/br/pa/belem/zona-0096/dbc3203130891dba821a0d1e7bba7fa6.jpg", "https://vocefiscal-poll-tape-uploads.s3.amazonaws.com/us-east-1%3Adb633627-6f96-43fe-86be-ddd26000537f/br/pa/belem/zona-0096/9e1c487e527a267822a9d2addb52239f.jpg"], "data": 1414356388531, "secaoEleitoral": "0038", "zonaEleitoral": "0096"}