{"estado": "PA", "municipio": "BEL\u00c9M", "pictureURLList": ["https://vocefiscal-poll-tape-uploads.s3.amazonaws.com/us-east-1%3A106313e7-bf6e-4ed2-9728-2ae2518cbe6b/br/pa/belem/zona-0095/cd7193a29858d84026a463abfca402f5.jpg", "https://vocefiscal-poll-tape-uploads.s3.amazonaws.com/us-east-1%3A106313e7-bf6e-4ed2-9728-2ae2518cbe6b/br/pa/belem/zona-0095/7840ea3556700073b9e14f259c2c99b0.jpg", "https://vocefiscal-poll-tape-uploads.s3.amazonaws.com/us-east-1%3A106313e7-bf6e-4ed2-9728-2ae2518cbe6b/br/pa/belem/zona-0095/e40852bc9ba09784c46e7c4f045a4a3a.jpg"], "data": 1414354572226, "secaoEleitoral": "0055", "zonaEleitoral": "0095"}