{"estado": "PA", "localDaVotacao": "1317", "municipio": "BEL\u00c9M", "pictureURLList": ["https://vocefiscal-poll-tape-uploads.s3.amazonaws.com/us-east-1%3A46d53c4b-2da6-4ec1-8798-e8d4f4318903/br/pa/belem/zona-0096/eef523a1557a5d391bf1d207bbacff52.jpg", "https://vocefiscal-poll-tape-uploads.s3.amazonaws.com/us-east-1%3A46d53c4b-2da6-4ec1-8798-e8d4f4318903/br/pa/belem/zona-0096/a5f39fc06cadf0f563f1538776c0db81.jpg", "https://vocefiscal-poll-tape-uploads.s3.amazonaws.com/us-east-1%3A46d53c4b-2da6-4ec1-8798-e8d4f4318903/br/pa/belem/zona-0096/8f6e0bff6122ee6e22b2c8a220c364e4.jpg", "https://vocefiscal-poll-tape-uploads.s3.amazonaws.com/us-east-1%3A46d53c4b-2da6-4ec1-8798-e8d4f4318903/br/pa/belem/zona-0096/ee85976ce1a2817686ec6844d4999596.jpg"], "data": 1414358934928, "secaoEleitoral": "0007", "zonaEleitoral": "0096"}