{"estado": "PA", "localDaVotacao": "1040", "municipio": "PARAUAPEBAS", "pictureURLList": ["https://vocefiscal-poll-tape-uploads.s3.amazonaws.com/us-east-1%3Ad15812b7-3bc5-44d1-baca-60f6241c641c/br/pa/parauapebas/zona-0075/7ba2b8be4f75d730255ac0456643a1ab.jpg", "https://vocefiscal-poll-tape-uploads.s3.amazonaws.com/us-east-1%3Ad15812b7-3bc5-44d1-baca-60f6241c641c/br/pa/parauapebas/zona-0075/dc9179b7848fd1cfcd927b5236f4bdc8.jpg", "https://vocefiscal-poll-tape-uploads.s3.amazonaws.com/us-east-1%3Ad15812b7-3bc5-44d1-baca-60f6241c641c/br/pa/parauapebas/zona-0075/45261cdb56c5fc14939e7d5f6f134a09.jpg", "https://vocefiscal-poll-tape-uploads.s3.amazonaws.com/us-east-1%3Ad15812b7-3bc5-44d1-baca-60f6241c641c/br/pa/parauapebas/zona-0075/c482f9f46b0b35a47c771cab858c7847.jpg", "https://vocefiscal-poll-tape-uploads.s3.amazonaws.com/us-east-1%3Ad15812b7-3bc5-44d1-baca-60f6241c641c/br/pa/parauapebas/zona-0075/f1fe1ad8fcb0e36ea6f3ae842e305d6e.jpg"], "data": 1414355618799, "secaoEleitoral": "0063", "zonaEleitoral": "0075"}