{"estado": "PA", "municipio": "BEL\u00c9M", "pictureURLList": ["https://vocefiscal-poll-tape-uploads.s3.amazonaws.com/us-east-1%3A106313e7-bf6e-4ed2-9728-2ae2518cbe6b/br/pa/belem/zona-0095/f199ff20151495bf1e1d1203081696e1.jpg", "https://vocefiscal-poll-tape-uploads.s3.amazonaws.com/us-east-1%3A106313e7-bf6e-4ed2-9728-2ae2518cbe6b/br/pa/belem/zona-0095/bb3b2d39d43abec59c1a07eb44f39bcc.jpg", "https://vocefiscal-poll-tape-uploads.s3.amazonaws.com/us-east-1%3A106313e7-bf6e-4ed2-9728-2ae2518cbe6b/br/pa/belem/zona-0095/a513c16ab6e09d40e64dcc58a9d364f8.jpg"], "data": 1414354389631, "secaoEleitoral": "0054", "zonaEleitoral": "0095"}