{"zonaEleitoral": "0013", "pictureURLList": ["https://vocefiscal-poll-tape-uploads.s3.amazonaws.com/us-east-1%3Aa82a1a53-ae47-420d-96b3-53bf898336e7/br/ba/salvador/zona-0013/4dbfaa44fee26e52e1312f465e07ea82.jpg", "https://vocefiscal-poll-tape-uploads.s3.amazonaws.com/us-east-1%3Aa82a1a53-ae47-420d-96b3-53bf898336e7/br/ba/salvador/zona-0013/136c94f2ce77cff38e2be696f61e0151.jpg", "https://vocefiscal-poll-tape-uploads.s3.amazonaws.com/us-east-1%3Aa82a1a53-ae47-420d-96b3-53bf898336e7/br/ba/salvador/zona-0013/239ae5805ae1c935d5ae094b60dbd0a4.jpg"], "estado": "BA", "data": 1414354960103, "municipio": "SALVADOR", "localDaVotacao": "1260", "secaoEleitoral": "0194"}