{"estado": "CE", "municipio": "FORTALEZA", "data": 1412541745814, "secaoEleitoral": "0054", "pictureURLList": ["https://vocefiscal-poll-tape-uploads.s3.amazonaws.com/us-east-1%3A567d2380-b74e-4763-9371-c3ccf1dd088d/br/ce/fortaleza/zona-0113/ec70692b2beb1b62def0b5edb1bb3cad.jpg", "https://vocefiscal-poll-tape-uploads.s3.amazonaws.com/us-east-1%3A567d2380-b74e-4763-9371-c3ccf1dd088d/br/ce/fortaleza/zona-0113/97bf47af4a42b1d8235428e6b9ea21f9.jpg", "https://vocefiscal-poll-tape-uploads.s3.amazonaws.com/us-east-1%3A567d2380-b74e-4763-9371-c3ccf1dd088d/br/ce/fortaleza/zona-0113/9cf02e57f4ce2a14193dfbaf96b6ceed.jpg", "https://vocefiscal-poll-tape-uploads.s3.amazonaws.com/us-east-1%3A567d2380-b74e-4763-9371-c3ccf1dd088d/br/ce/fortaleza/zona-0113/c42cfb16b4d3cc86edd374d54e59a408.jpg", "https://vocefiscal-poll-tape-uploads.s3.amazonaws.com/us-east-1%3A567d2380-b74e-4763-9371-c3ccf1dd088d/br/ce/fortaleza/zona-0113/f00ec37930f7b0cb9b7cc374f574b6c0.jpg", "https://vocefiscal-poll-tape-uploads.s3.amazonaws.com/us-east-1%3A567d2380-b74e-4763-9371-c3ccf1dd088d/br/ce/fortaleza/zona-0113/8a45f20cafe60a169ec9e51a062fddeb.jpg", "https://vocefiscal-poll-tape-uploads.s3.amazonaws.com/us-east-1%3A567d2380-b74e-4763-9371-c3ccf1dd088d/br/ce/fortaleza/zona-0113/670262ad0d49fe4012039cbabaa897c6.jpg", "https://vocefiscal-poll-tape-uploads.s3.amazonaws.com/us-east-1%3A567d2380-b74e-4763-9371-c3ccf1dd088d/br/ce/fortaleza/zona-0113/6f6b5ca3f66d9ca9a6b98a7e3619a99e.jpg", "https://vocefiscal-poll-tape-uploads.s3.amazonaws.com/us-east-1%3A567d2380-b74e-4763-9371-c3ccf1dd088d/br/ce/fortaleza/zona-0113/e042251ec24b563425d65e3598a0daf7.jpg", "https://vocefiscal-poll-tape-uploads.s3.amazonaws.com/us-east-1%3A567d2380-b74e-4763-9371-c3ccf1dd088d/br/ce/fortaleza/zona-0113/a1a20a165d0654d16b2839dd32e80b87.jpg", "https://vocefiscal-poll-tape-uploads.s3.amazonaws.com/us-east-1%3A567d2380-b74e-4763-9371-c3ccf1dd088d/br/ce/fortaleza/zona-0113/32b609e7fc14276a32d3a06908234ce2.jpg", "https://vocefiscal-poll-tape-uploads.s3.amazonaws.com/us-east-1%3A567d2380-b74e-4763-9371-c3ccf1dd088d/br/ce/fortaleza/zona-0113/28f0ec64606482dfe90ee51b947d4e40.jpg", "https://vocefiscal-poll-tape-uploads.s3.amazonaws.com/us-east-1%3A567d2380-b74e-4763-9371-c3ccf1dd088d/br/ce/fortaleza/zona-0113/3a6e98a2dff739b8f1adc03a3631f764.jpg", "https://vocefiscal-poll-tape-uploads.s3.amazonaws.com/us-east-1%3A567d2380-b74e-4763-9371-c3ccf1dd088d/br/ce/fortaleza/zona-0113/c66f0f424b256126531ec03989861799.jpg", "https://vocefiscal-poll-tape-uploads.s3.amazonaws.com/us-east-1%3A567d2380-b74e-4763-9371-c3ccf1dd088d/br/ce/fortaleza/zona-0113/b9a3d21e24149b4d24d4e21fa34d71c1.jpg", "https://vocefiscal-poll-tape-uploads.s3.amazonaws.com/us-east-1%3A567d2380-b74e-4763-9371-c3ccf1dd088d/br/ce/fortaleza/zona-0113/5fced5573fa65b6848bd378f646e98a.jpg", "https://vocefiscal-poll-tape-uploads.s3.amazonaws.com/us-east-1%3A567d2380-b74e-4763-9371-c3ccf1dd088d/br/ce/fortaleza/zona-0113/f89972cfe708c612ac754da8b653ebfe.jpg", "https://vocefiscal-poll-tape-uploads.s3.amazonaws.com/us-east-1%3A567d2380-b74e-4763-9371-c3ccf1dd088d/br/ce/fortaleza/zona-0113/256bb374d32a5532fab5d4b1ef26565b.jpg", "https://vocefiscal-poll-tape-uploads.s3.amazonaws.com/us-east-1%3A567d2380-b74e-4763-9371-c3ccf1dd088d/br/ce/fortaleza/zona-0113/30b6cc5ada892558ebbf6d1b46c3fc3f.jpg", "https://vocefiscal-poll-tape-uploads.s3.amazonaws.com/us-east-1%3A567d2380-b74e-4763-9371-c3ccf1dd088d/br/ce/fortaleza/zona-0113/71f1621cb94be12f44f04968fd9c4f33.jpg", "https://vocefiscal-poll-tape-uploads.s3.amazonaws.com/us-east-1%3A567d2380-b74e-4763-9371-c3ccf1dd088d/br/ce/fortaleza/zona-0113/dd1550ac902171b4e58b7a16c78925af.jpg", "https://vocefiscal-poll-tape-uploads.s3.amazonaws.com/us-east-1%3A567d2380-b74e-4763-9371-c3ccf1dd088d/br/ce/fortaleza/zona-0113/dd71e780f043d03eec5253dd94d166d.jpg", "https://vocefiscal-poll-tape-uploads.s3.amazonaws.com/us-east-1%3A567d2380-b74e-4763-9371-c3ccf1dd088d/br/ce/fortaleza/zona-0113/6868766f1d5136a76b70cd08ccfe8539.jpg", "https://vocefiscal-poll-tape-uploads.s3.amazonaws.com/us-east-1%3A567d2380-b74e-4763-9371-c3ccf1dd088d/br/ce/fortaleza/zona-0113/1ee25e33d5cea99b30d2dd61a02a7105.jpg", "https://vocefiscal-poll-tape-uploads.s3.amazonaws.com/us-east-1%3A567d2380-b74e-4763-9371-c3ccf1dd088d/br/ce/fortaleza/zona-0113/1d4932be80d96168eb680f9e4a383cde.jpg", "https://vocefiscal-poll-tape-uploads.s3.amazonaws.com/us-east-1%3A567d2380-b74e-4763-9371-c3ccf1dd088d/br/ce/fortaleza/zona-0113/9ef06c4a0b43196b1851971ccdd1ecd6.jpg", "https://vocefiscal-poll-tape-uploads.s3.amazonaws.com/us-east-1%3A567d2380-b74e-4763-9371-c3ccf1dd088d/br/ce/fortaleza/zona-0113/3c2d789b0e88194ad8ca9c94eb8d2909.jpg", "https://vocefiscal-poll-tape-uploads.s3.amazonaws.com/us-east-1%3A567d2380-b74e-4763-9371-c3ccf1dd088d/br/ce/fortaleza/zona-0113/4fdfc694c5ca1dd519cb01320f58db1f.jpg", "https://vocefiscal-poll-tape-uploads.s3.amazonaws.com/us-east-1%3A567d2380-b74e-4763-9371-c3ccf1dd088d/br/ce/fortaleza/zona-0113/211c72dab0d1de1a55574cdb0e83b4e1.jpg", "https://vocefiscal-poll-tape-uploads.s3.amazonaws.com/us-east-1%3A567d2380-b74e-4763-9371-c3ccf1dd088d/br/ce/fortaleza/zona-0113/b8f81e6a472d684cb266395bf986ae53.jpg", "https://vocefiscal-poll-tape-uploads.s3.amazonaws.com/us-east-1%3A567d2380-b74e-4763-9371-c3ccf1dd088d/br/ce/fortaleza/zona-0113/bf0217e7691c51b8f395129368d46b0d.jpg", "https://vocefiscal-poll-tape-uploads.s3.amazonaws.com/us-east-1%3A567d2380-b74e-4763-9371-c3ccf1dd088d/br/ce/fortaleza/zona-0113/6d82618d38b60acc8b4382be969af6b7.jpg", "https://vocefiscal-poll-tape-uploads.s3.amazonaws.com/us-east-1%3A567d2380-b74e-4763-9371-c3ccf1dd088d/br/ce/fortaleza/zona-0113/768821da8ee577c4cbd2738a51b223e5.jpg", "https://vocefiscal-poll-tape-uploads.s3.amazonaws.com/us-east-1%3A567d2380-b74e-4763-9371-c3ccf1dd088d/br/ce/fortaleza/zona-0113/ddf1d735a130a0b48e64c8225e371b70.jpg", "https://vocefiscal-poll-tape-uploads.s3.amazonaws.com/us-east-1%3A567d2380-b74e-4763-9371-c3ccf1dd088d/br/ce/fortaleza/zona-0113/d3bce8c0922dd12b1383efbc208741c.jpg", "https://vocefiscal-poll-tape-uploads.s3.amazonaws.com/us-east-1%3A567d2380-b74e-4763-9371-c3ccf1dd088d/br/ce/fortaleza/zona-0113/dc97966bdf2505fb014f819757ec9e4.jpg", "https://vocefiscal-poll-tape-uploads.s3.amazonaws.com/us-east-1%3A567d2380-b74e-4763-9371-c3ccf1dd088d/br/ce/fortaleza/zona-0113/59c24a8a74f3e2d138222296f94538a3.jpg", "https://vocefiscal-poll-tape-uploads.s3.amazonaws.com/us-east-1%3A567d2380-b74e-4763-9371-c3ccf1dd088d/br/ce/fortaleza/zona-0113/df421d71a23bb7d32c8d3ca4520637b3.jpg"], "zonaEleitoral": "0113"}