{"pictureURLList": ["https://vocefiscal-poll-tape-uploads.s3.amazonaws.com/us-east-1%3A9647e851-f815-451e-9c83-16bcec0adcef/br/ce/sao-goncalo-do-amarante/zona-0036/511b99d8afb66e1b165466af65e20c7e.jpg", "https://vocefiscal-poll-tape-uploads.s3.amazonaws.com/us-east-1%3A9647e851-f815-451e-9c83-16bcec0adcef/br/ce/sao-goncalo-do-amarante/zona-0036/4bdc31e91cca1a300a8bcbc7de57c51a.jpg", "https://vocefiscal-poll-tape-uploads.s3.amazonaws.com/us-east-1%3A9647e851-f815-451e-9c83-16bcec0adcef/br/ce/sao-goncalo-do-amarante/zona-0036/681ec3cd1e80dae8655c84bbbc9f7018.jpg", "https://vocefiscal-poll-tape-uploads.s3.amazonaws.com/us-east-1%3A9647e851-f815-451e-9c83-16bcec0adcef/br/ce/sao-goncalo-do-amarante/zona-0036/af0fde1c8e5b09e9f6d45b979697b198.jpg", "https://vocefiscal-poll-tape-uploads.s3.amazonaws.com/us-east-1%3A9647e851-f815-451e-9c83-16bcec0adcef/br/ce/sao-goncalo-do-amarante/zona-0036/e1f0bc712e42cca9888df49484f739e1.jpg"], "data": 1414347828653, "estado": "CE", "municipio": "S\u00c3O GON\u00c7ALO DO AMARANTE", "zonaEleitoral": "0036", "secaoEleitoral": "0037"}