{"estado": "CE", "municipio": "RUSSAS", "data": 1412540806091, "secaoEleitoral": "0211", "pictureURLList": ["https://vocefiscal-poll-tape-uploads.s3.amazonaws.com/us-east-1%3A44067ae9-b75f-4a75-b10d-8c2abfa65b2e/br/ce/russas/zona-0009/571872b37fdc24323977c52143c06c02.jpg", "https://vocefiscal-poll-tape-uploads.s3.amazonaws.com/us-east-1%3A44067ae9-b75f-4a75-b10d-8c2abfa65b2e/br/ce/russas/zona-0009/a1960e25c78ce3a1d122df2e140ae1cd.jpg", "https://vocefiscal-poll-tape-uploads.s3.amazonaws.com/us-east-1%3A44067ae9-b75f-4a75-b10d-8c2abfa65b2e/br/ce/russas/zona-0009/a6055a14e71c2de451e3f43aa4794d4f.jpg", "https://vocefiscal-poll-tape-uploads.s3.amazonaws.com/us-east-1%3A44067ae9-b75f-4a75-b10d-8c2abfa65b2e/br/ce/russas/zona-0009/30906b46705d60749c83e4f8fc0681aa.jpg", "https://vocefiscal-poll-tape-uploads.s3.amazonaws.com/us-east-1%3A44067ae9-b75f-4a75-b10d-8c2abfa65b2e/br/ce/russas/zona-0009/a58204f908343d40ac5e094e33a5256e.jpg", "https://vocefiscal-poll-tape-uploads.s3.amazonaws.com/us-east-1%3A44067ae9-b75f-4a75-b10d-8c2abfa65b2e/br/ce/russas/zona-0009/7245ba0ccbf988e04ac47b4c6b17d2e.jpg", "https://vocefiscal-poll-tape-uploads.s3.amazonaws.com/us-east-1%3A44067ae9-b75f-4a75-b10d-8c2abfa65b2e/br/ce/russas/zona-0009/ae7f6f69a6fae90029e0d341f813a79b.jpg", "https://vocefiscal-poll-tape-uploads.s3.amazonaws.com/us-east-1%3A44067ae9-b75f-4a75-b10d-8c2abfa65b2e/br/ce/russas/zona-0009/77f419631a4a8dae3e17e5e7f577b775.jpg", "https://vocefiscal-poll-tape-uploads.s3.amazonaws.com/us-east-1%3A44067ae9-b75f-4a75-b10d-8c2abfa65b2e/br/ce/russas/zona-0009/9215db85550217c5b3954a868204743.jpg", "https://vocefiscal-poll-tape-uploads.s3.amazonaws.com/us-east-1%3A44067ae9-b75f-4a75-b10d-8c2abfa65b2e/br/ce/russas/zona-0009/ea48d9775c314629643a623ea69f1c1f.jpg", "https://vocefiscal-poll-tape-uploads.s3.amazonaws.com/us-east-1%3A44067ae9-b75f-4a75-b10d-8c2abfa65b2e/br/ce/russas/zona-0009/25e756fe86d6ce0527ce7cb3e4a4bc0f.jpg", "https://vocefiscal-poll-tape-uploads.s3.amazonaws.com/us-east-1%3A44067ae9-b75f-4a75-b10d-8c2abfa65b2e/br/ce/russas/zona-0009/ef97b61de33a1e646d1aba82e9910e9e.jpg", "https://vocefiscal-poll-tape-uploads.s3.amazonaws.com/us-east-1%3A44067ae9-b75f-4a75-b10d-8c2abfa65b2e/br/ce/russas/zona-0009/aa4a108e1e49df13377f35c64c8378b4.jpg", "https://vocefiscal-poll-tape-uploads.s3.amazonaws.com/us-east-1%3A44067ae9-b75f-4a75-b10d-8c2abfa65b2e/br/ce/russas/zona-0009/5086f704d2d899d4ca21addf6903e462.jpg"], "zonaEleitoral": "0009", "localDaVotacao": "1678"}