{"pictureURLList": ["https://vocefiscal-poll-tape-uploads.s3.amazonaws.com/us-east-1%3A6241e8d1-bb27-46dd-a54b-17e45568f08e/br/ce/fortaleza/zona-0003/b9bb4988adab45c2150cad0530fb471d.jpg", "https://vocefiscal-poll-tape-uploads.s3.amazonaws.com/us-east-1%3A6241e8d1-bb27-46dd-a54b-17e45568f08e/br/ce/fortaleza/zona-0003/2025d73daf2a7f0f32654b21b82c0a12.jpg", "https://vocefiscal-poll-tape-uploads.s3.amazonaws.com/us-east-1%3A6241e8d1-bb27-46dd-a54b-17e45568f08e/br/ce/fortaleza/zona-0003/462bf114a702bdb72ef27d1515c3a215.jpg", "https://vocefiscal-poll-tape-uploads.s3.amazonaws.com/us-east-1%3A6241e8d1-bb27-46dd-a54b-17e45568f08e/br/ce/fortaleza/zona-0003/611e946cb52e14107294a7f774f85780.jpg", "https://vocefiscal-poll-tape-uploads.s3.amazonaws.com/us-east-1%3A6241e8d1-bb27-46dd-a54b-17e45568f08e/br/ce/fortaleza/zona-0003/98a1355b0f13ab3a37004d52f807497f.jpg"], "data": 1414354601065, "estado": "CE", "municipio": "FORTALEZA", "zonaEleitoral": "0003", "localDaVotacao": "1660", "secaoEleitoral": "0110"}