{"zonaEleitoral": "0001", "pictureURLList": ["https://vocefiscal-poll-tape-uploads.s3.amazonaws.com/us-east-1%3Af150edb4-18af-4389-bde3-6bc59240355c/br/ba/salvador/zona-0001/5f76083f16068d5de4a13b6a967f8fa7.jpg", "https://vocefiscal-poll-tape-uploads.s3.amazonaws.com/us-east-1%3Af150edb4-18af-4389-bde3-6bc59240355c/br/ba/salvador/zona-0001/9d6b5a64e6b36a9a4d900113d1426acb.jpg", "https://vocefiscal-poll-tape-uploads.s3.amazonaws.com/us-east-1%3Af150edb4-18af-4389-bde3-6bc59240355c/br/ba/salvador/zona-0001/a7127bb31b806690a8aac9f78a9818b.jpg", "https://vocefiscal-poll-tape-uploads.s3.amazonaws.com/us-east-1%3Af150edb4-18af-4389-bde3-6bc59240355c/br/ba/salvador/zona-0001/95fc13af6d81b1ccf57749f855f60184.jpg"], "estado": "BA", "secaoEleitoral": "0100", "data": 1414351082208, "municipio": "SALVADOR", "localDaVotacao": "1198"}