{"pictureURLList": ["https://vocefiscal-poll-tape-uploads.s3.amazonaws.com/us-east-1%3A87250f87-d09e-43ed-9902-aa8926fb13f3/br/pi/teresina/zona-0098/239c0ecec0352a24e94bb96fc84ba84c.jpg", "https://vocefiscal-poll-tape-uploads.s3.amazonaws.com/us-east-1%3A87250f87-d09e-43ed-9902-aa8926fb13f3/br/pi/teresina/zona-0098/e6cc2668a252fd19f9d5f25b26504507.jpg", "https://vocefiscal-poll-tape-uploads.s3.amazonaws.com/us-east-1%3A87250f87-d09e-43ed-9902-aa8926fb13f3/br/pi/teresina/zona-0098/d3cbd1b89a533ac4166314b7c986c07f.jpg"], "zonaEleitoral": "0098", "municipio": "TERESINA", "estado": "PI", "secaoEleitoral": "0093", "data": 1414351712252}