{"localDaVotacao": "1058", "pictureURLList": ["https://vocefiscal-poll-tape-uploads.s3.amazonaws.com/us-east-1%3Aa14da5a3-c3b6-4bf4-bfa0-4a4746efa230/br/pi/itaueira/zona-0072/c212af3499236e527a5b8eb88609d326.jpg", "https://vocefiscal-poll-tape-uploads.s3.amazonaws.com/us-east-1%3Aa14da5a3-c3b6-4bf4-bfa0-4a4746efa230/br/pi/itaueira/zona-0072/a16ad82d0f58e604700324c740ecf8ce.jpg", "https://vocefiscal-poll-tape-uploads.s3.amazonaws.com/us-east-1%3Aa14da5a3-c3b6-4bf4-bfa0-4a4746efa230/br/pi/itaueira/zona-0072/f29f2702cf660f2abb5bb93c316a610e.jpg"], "zonaEleitoral": "0072", "municipio": "ITAUEIRA", "estado": "PI", "secaoEleitoral": "0009", "data": 1414351609123}