{"pictureURLList": ["https://vocefiscal-poll-tape-uploads.s3.amazonaws.com/us-east-1%3A87250f87-d09e-43ed-9902-aa8926fb13f3/br/pi/teresina/zona-0098/881765318a07e38202e066fd6ce6b602.jpg", "https://vocefiscal-poll-tape-uploads.s3.amazonaws.com/us-east-1%3A87250f87-d09e-43ed-9902-aa8926fb13f3/br/pi/teresina/zona-0098/df295d8bd6e396121f4417d00ae38507.jpg", "https://vocefiscal-poll-tape-uploads.s3.amazonaws.com/us-east-1%3A87250f87-d09e-43ed-9902-aa8926fb13f3/br/pi/teresina/zona-0098/b0826761f9c094e013de7f739ff7321d.jpg"], "zonaEleitoral": "0098", "municipio": "TERESINA", "estado": "PI", "secaoEleitoral": "0145", "data": 1414352932261}