{"pictureURLList": ["https://vocefiscal-poll-tape-uploads.s3.amazonaws.com/us-east-1%3A87250f87-d09e-43ed-9902-aa8926fb13f3/br/pi/teresina/zona-0098/25a1b402392f31eda5090b003e10767f.jpg", "https://vocefiscal-poll-tape-uploads.s3.amazonaws.com/us-east-1%3A87250f87-d09e-43ed-9902-aa8926fb13f3/br/pi/teresina/zona-0098/be7abedeea082abf5cd2c240fcacc8b1.jpg", "https://vocefiscal-poll-tape-uploads.s3.amazonaws.com/us-east-1%3A87250f87-d09e-43ed-9902-aa8926fb13f3/br/pi/teresina/zona-0098/5dbaf28300c614f24f1403d45e737207.jpg"], "zonaEleitoral": "0098", "municipio": "TERESINA", "estado": "PI", "secaoEleitoral": "0278", "data": 1414351525667}