{"pictureURLList": ["https://vocefiscal-poll-tape-uploads.s3.amazonaws.com/us-east-1%3Aeaa8476f-8a4c-48ec-9246-ca836ac577d2/br/pi/teresina/zona-0098/6f4356d36f91eee5d2979b3d98fd7780.jpg", "https://vocefiscal-poll-tape-uploads.s3.amazonaws.com/us-east-1%3Aeaa8476f-8a4c-48ec-9246-ca836ac577d2/br/pi/teresina/zona-0098/dbfd81a1b6508ce13cc066404fcaeac0.jpg", "https://vocefiscal-poll-tape-uploads.s3.amazonaws.com/us-east-1%3Aeaa8476f-8a4c-48ec-9246-ca836ac577d2/br/pi/teresina/zona-0098/666133e838ed086bb5269cae7eb67e7.jpg"], "zonaEleitoral": "0098", "municipio": "TERESINA", "estado": "PI", "secaoEleitoral": "0273", "data": 1414355525759}