{"localDaVotacao": "1740", "pictureURLList": ["https://vocefiscal-poll-tape-uploads.s3.amazonaws.com/us-east-1%3A56c42ea6-d332-4ae6-ab9c-1ae9de4bfe29/br/pi/teresina/zona-0002/e6c54d0c21470e6ea3f162d87ba08e3d.jpg", "https://vocefiscal-poll-tape-uploads.s3.amazonaws.com/us-east-1%3A56c42ea6-d332-4ae6-ab9c-1ae9de4bfe29/br/pi/teresina/zona-0002/761f14b1a22254c701255b4eb45f0814.jpg", "https://vocefiscal-poll-tape-uploads.s3.amazonaws.com/us-east-1%3A56c42ea6-d332-4ae6-ab9c-1ae9de4bfe29/br/pi/teresina/zona-0002/d40ca02878aebe2aba59bb1ba16ad327.jpg"], "zonaEleitoral": "0002", "municipio": "TERESINA", "estado": "PI", "secaoEleitoral": "0164", "data": 1414358105927}