{"localDaVotacao": "1015", "pictureURLList": ["https://vocefiscal-poll-tape-uploads.s3.amazonaws.com/us-east-1%3A553f36b5-95bd-486d-a4c3-551aeafe3dbc/br/pi/campo-maior/zona-0007/4f9af541211890490c39d16a7e61b469.jpg", "https://vocefiscal-poll-tape-uploads.s3.amazonaws.com/us-east-1%3A553f36b5-95bd-486d-a4c3-551aeafe3dbc/br/pi/campo-maior/zona-0007/445ec833784c64d2f2715b907cb75eba.jpg", "https://vocefiscal-poll-tape-uploads.s3.amazonaws.com/us-east-1%3A553f36b5-95bd-486d-a4c3-551aeafe3dbc/br/pi/campo-maior/zona-0007/f0af8e546e60f37c8e277ac653b68478.jpg", "https://vocefiscal-poll-tape-uploads.s3.amazonaws.com/us-east-1%3A553f36b5-95bd-486d-a4c3-551aeafe3dbc/br/pi/campo-maior/zona-0007/f5aa42cbb8c48102e98fd2a382f935b2.jpg", "https://vocefiscal-poll-tape-uploads.s3.amazonaws.com/us-east-1%3A553f36b5-95bd-486d-a4c3-551aeafe3dbc/br/pi/campo-maior/zona-0007/e4233da395c4183dda7c8d6b8d0780d7.jpg", "https://vocefiscal-poll-tape-uploads.s3.amazonaws.com/us-east-1%3A553f36b5-95bd-486d-a4c3-551aeafe3dbc/br/pi/campo-maior/zona-0007/aafbc938a7e95814f02a5e2d7ef96581.jpg"], "zonaEleitoral": "0007", "municipio": "CAMPO MAIOR", "estado": "PI", "secaoEleitoral": "0003", "data": 1414354368637}