{"pictureURLList": ["https://vocefiscal-poll-tape-uploads.s3.amazonaws.com/us-east-1%3Aeaa8476f-8a4c-48ec-9246-ca836ac577d2/br/pi/teresina/zona-0001/d35fe8b99e930411e0b89802560d7005.jpg", "https://vocefiscal-poll-tape-uploads.s3.amazonaws.com/us-east-1%3Aeaa8476f-8a4c-48ec-9246-ca836ac577d2/br/pi/teresina/zona-0001/7a23afc9abc6a980d7d6efbe579a3ee3.jpg", "https://vocefiscal-poll-tape-uploads.s3.amazonaws.com/us-east-1%3Aeaa8476f-8a4c-48ec-9246-ca836ac577d2/br/pi/teresina/zona-0001/5926ee94b0c2ba467684e5257198789c.jpg"], "zonaEleitoral": "0001", "municipio": "TERESINA", "estado": "PI", "secaoEleitoral": "0087", "data": 1414358891471}