{"pictureURLList": ["https://vocefiscal-poll-tape-uploads.s3.amazonaws.com/us-east-1%3A36ef6c08-2cc0-4854-9322-9734e4cbb4df/br/ce/fortaleza/zona-0001/de472753f9ada1f25976a391c5111540.jpg", "https://vocefiscal-poll-tape-uploads.s3.amazonaws.com/us-east-1%3A36ef6c08-2cc0-4854-9322-9734e4cbb4df/br/ce/fortaleza/zona-0001/98bc2e1acf8d6e6d35d7da0a807cdeaa.jpg", "https://vocefiscal-poll-tape-uploads.s3.amazonaws.com/us-east-1%3A36ef6c08-2cc0-4854-9322-9734e4cbb4df/br/ce/fortaleza/zona-0001/30018b156583cf40aa4262a1baadad72.jpg", "https://vocefiscal-poll-tape-uploads.s3.amazonaws.com/us-east-1%3A36ef6c08-2cc0-4854-9322-9734e4cbb4df/br/ce/fortaleza/zona-0001/fa85b69791be6545c0180deee8c327f8.jpg"], "data": 1414354881592, "estado": "CE", "municipio": "FORTALEZA", "zonaEleitoral": "0001", "localDaVotacao": "2372", "secaoEleitoral": "0838"}