{"municipio": "ANANINDEUA", "secaoEleitoral": "0425", "zonaEleitoral": "0043", "estado": "PA", "data": 1412541899758, "pictureURLList": ["https://vocefiscal-poll-tape-uploads.s3.amazonaws.com/us-east-1%3Acc8b9acc-942e-471d-8b91-bf6aa71293a4/br/pa/ananindeua/zona-0043/e1ad7d6f8af729896f4573425d0b1545.jpg", "https://vocefiscal-poll-tape-uploads.s3.amazonaws.com/us-east-1%3Acc8b9acc-942e-471d-8b91-bf6aa71293a4/br/pa/ananindeua/zona-0043/476e0a30e3a673d74600c28eaf4cebe1.jpg", "https://vocefiscal-poll-tape-uploads.s3.amazonaws.com/us-east-1%3Acc8b9acc-942e-471d-8b91-bf6aa71293a4/br/pa/ananindeua/zona-0043/a67458864199f7c722df00f69921d9c.jpg", "https://vocefiscal-poll-tape-uploads.s3.amazonaws.com/us-east-1%3Acc8b9acc-942e-471d-8b91-bf6aa71293a4/br/pa/ananindeua/zona-0043/ad9b4e3795b9966bb302335b0359c6d9.jpg"]}