{"pictureURLList": ["https://vocefiscal-poll-tape-uploads.s3.amazonaws.com/us-east-1%3A9ced1cb3-05b3-4a9a-9e30-e10a84999299/br/ce/fortaleza/zona-0115/d1f6aafd17b5597d6ac953b2714f2a54.jpg", "https://vocefiscal-poll-tape-uploads.s3.amazonaws.com/us-east-1%3A9ced1cb3-05b3-4a9a-9e30-e10a84999299/br/ce/fortaleza/zona-0115/6659106bff2171bda517345873123766.jpg", "https://vocefiscal-poll-tape-uploads.s3.amazonaws.com/us-east-1%3A9ced1cb3-05b3-4a9a-9e30-e10a84999299/br/ce/fortaleza/zona-0115/f3ad3b05c4a53377545e8ced60fb7d6c.jpg", "https://vocefiscal-poll-tape-uploads.s3.amazonaws.com/us-east-1%3A9ced1cb3-05b3-4a9a-9e30-e10a84999299/br/ce/fortaleza/zona-0115/ac043795f0fe1f01b15335c2ca3fc91c.jpg", "https://vocefiscal-poll-tape-uploads.s3.amazonaws.com/us-east-1%3A9ced1cb3-05b3-4a9a-9e30-e10a84999299/br/ce/fortaleza/zona-0115/30b4c30161928e5cb2e2645c7ae2fc67.jpg"], "data": 1414354206804, "estado": "CE", "municipio": "FORTALEZA", "zonaEleitoral": "0115", "secaoEleitoral": "0225"}