{"pictureURLList": ["https://vocefiscal-poll-tape-uploads.s3.amazonaws.com/us-east-1%3A9ced1cb3-05b3-4a9a-9e30-e10a84999299/br/ce/fortaleza/zona-0115/3c0ee511686136495efc0348eab5906b.jpg", "https://vocefiscal-poll-tape-uploads.s3.amazonaws.com/us-east-1%3A9ced1cb3-05b3-4a9a-9e30-e10a84999299/br/ce/fortaleza/zona-0115/c79fa3b7129ebec827cfa198cbc137d6.jpg", "https://vocefiscal-poll-tape-uploads.s3.amazonaws.com/us-east-1%3A9ced1cb3-05b3-4a9a-9e30-e10a84999299/br/ce/fortaleza/zona-0115/95bdb47d4ba86b83967f3a767df929f0.jpg"], "data": 1414356879227, "estado": "CE", "municipio": "FORTALEZA", "zonaEleitoral": "0115", "localDaVotacao": "1244", "secaoEleitoral": "0225"}