{"municipio": "BEL\u00c9M", "secaoEleitoral": "0305", "zonaEleitoral": "0001", "localDaVotacao": "1619", "estado": "PA", "data": 1412546186272, "pictureURLList": ["https://vocefiscal-poll-tape-uploads.s3.amazonaws.com/us-east-1%3A5bf52ee3-f79a-4bf1-82b4-78f287809edd/br/pa/belem/zona-0001/adcf890632aee72af9e1e322ecd2860a.jpg", "https://vocefiscal-poll-tape-uploads.s3.amazonaws.com/us-east-1%3A5bf52ee3-f79a-4bf1-82b4-78f287809edd/br/pa/belem/zona-0001/f9514161396d1f2c49ffdd7f05d2f530.jpg", "https://vocefiscal-poll-tape-uploads.s3.amazonaws.com/us-east-1%3A5bf52ee3-f79a-4bf1-82b4-78f287809edd/br/pa/belem/zona-0001/2910a94d3d6c1eb097c39f6e159f3931.jpg", "https://vocefiscal-poll-tape-uploads.s3.amazonaws.com/us-east-1%3A5bf52ee3-f79a-4bf1-82b4-78f287809edd/br/pa/belem/zona-0001/18faf3eaa075b3d0bbce9f4d3da9e16.jpg", "https://vocefiscal-poll-tape-uploads.s3.amazonaws.com/us-east-1%3A5bf52ee3-f79a-4bf1-82b4-78f287809edd/br/pa/belem/zona-0001/67377565159e5ec0eacda111b97a7fa4.jpg", "https://vocefiscal-poll-tape-uploads.s3.amazonaws.com/us-east-1%3A5bf52ee3-f79a-4bf1-82b4-78f287809edd/br/pa/belem/zona-0001/14e4e9091052c1e1572448e9de2de4ee.jpg", "https://vocefiscal-poll-tape-uploads.s3.amazonaws.com/us-east-1%3A5bf52ee3-f79a-4bf1-82b4-78f287809edd/br/pa/belem/zona-0001/39a544a18fdb51a460ed0df1aaa0ef9c.jpg", "https://vocefiscal-poll-tape-uploads.s3.amazonaws.com/us-east-1%3A5bf52ee3-f79a-4bf1-82b4-78f287809edd/br/pa/belem/zona-0001/c1cc6a54af5a417f4b35edd88869dc9a.jpg", "https://vocefiscal-poll-tape-uploads.s3.amazonaws.com/us-east-1%3A5bf52ee3-f79a-4bf1-82b4-78f287809edd/br/pa/belem/zona-0001/3c38657284bc9c859761dfb820c6b134.jpg", "https://vocefiscal-poll-tape-uploads.s3.amazonaws.com/us-east-1%3A5bf52ee3-f79a-4bf1-82b4-78f287809edd/br/pa/belem/zona-0001/33fd3dee1af1a2410af41823f1883d42.jpg", "https://vocefiscal-poll-tape-uploads.s3.amazonaws.com/us-east-1%3A5bf52ee3-f79a-4bf1-82b4-78f287809edd/br/pa/belem/zona-0001/f3a78ad75a550fbd40a71f7277cdd3a.jpg", "https://vocefiscal-poll-tape-uploads.s3.amazonaws.com/us-east-1%3A5bf52ee3-f79a-4bf1-82b4-78f287809edd/br/pa/belem/zona-0001/e74ffdace6617d5b0e95a1fa0fd72b33.jpg"]}