{"municipio": "ANANINDEUA", "secaoEleitoral": "0583", "zonaEleitoral": "0043", "localDaVotacao": "1490", "estado": "PA", "data": 1412540864703, "pictureURLList": ["https://vocefiscal-poll-tape-uploads.s3.amazonaws.com/us-east-1%3A5b6b8d76-1bcc-47fb-a52d-062123682b00/br/pa/ananindeua/zona-0043/ea154a02881d1015972b8a04bf11d06.jpg", "https://vocefiscal-poll-tape-uploads.s3.amazonaws.com/us-east-1%3A5b6b8d76-1bcc-47fb-a52d-062123682b00/br/pa/ananindeua/zona-0043/b527c6d8560ea52d29d3b93ddde3b850.jpg", "https://vocefiscal-poll-tape-uploads.s3.amazonaws.com/us-east-1%3A5b6b8d76-1bcc-47fb-a52d-062123682b00/br/pa/ananindeua/zona-0043/8569a7d142889b2b8aa259d7073972c9.jpg", "https://vocefiscal-poll-tape-uploads.s3.amazonaws.com/us-east-1%3A5b6b8d76-1bcc-47fb-a52d-062123682b00/br/pa/ananindeua/zona-0043/77bbd875b7ebfa3c92925418fb320006.jpg", "https://vocefiscal-poll-tape-uploads.s3.amazonaws.com/us-east-1%3A5b6b8d76-1bcc-47fb-a52d-062123682b00/br/pa/ananindeua/zona-0043/1582e14989318fe25318f0535a699bef.jpg", "https://vocefiscal-poll-tape-uploads.s3.amazonaws.com/us-east-1%3A5b6b8d76-1bcc-47fb-a52d-062123682b00/br/pa/ananindeua/zona-0043/54e33b0f510157203009d16046c2c344.jpg", "https://vocefiscal-poll-tape-uploads.s3.amazonaws.com/us-east-1%3A5b6b8d76-1bcc-47fb-a52d-062123682b00/br/pa/ananindeua/zona-0043/e3dd553b8a0b9d6d1164e30b7f505d70.jpg", "https://vocefiscal-poll-tape-uploads.s3.amazonaws.com/us-east-1%3A5b6b8d76-1bcc-47fb-a52d-062123682b00/br/pa/ananindeua/zona-0043/ae8242b6e6e5fcf9f940a8ab9e77f4ea.jpg", "https://vocefiscal-poll-tape-uploads.s3.amazonaws.com/us-east-1%3A5b6b8d76-1bcc-47fb-a52d-062123682b00/br/pa/ananindeua/zona-0043/719f3313560f0f2e52d07ff12d6aff1b.jpg", "https://vocefiscal-poll-tape-uploads.s3.amazonaws.com/us-east-1%3A5b6b8d76-1bcc-47fb-a52d-062123682b00/br/pa/ananindeua/zona-0043/d4bcf1e4def300127ec82043370bb52f.jpg", "https://vocefiscal-poll-tape-uploads.s3.amazonaws.com/us-east-1%3A5b6b8d76-1bcc-47fb-a52d-062123682b00/br/pa/ananindeua/zona-0043/c0b113f7a97ed7ac1c104acee13247f4.jpg", "https://vocefiscal-poll-tape-uploads.s3.amazonaws.com/us-east-1%3A5b6b8d76-1bcc-47fb-a52d-062123682b00/br/pa/ananindeua/zona-0043/7a673359ed69bed63b16318c6e9e2560.jpg", "https://vocefiscal-poll-tape-uploads.s3.amazonaws.com/us-east-1%3A5b6b8d76-1bcc-47fb-a52d-062123682b00/br/pa/ananindeua/zona-0043/b11af20572f31d188f1118aec68222e7.jpg", "https://vocefiscal-poll-tape-uploads.s3.amazonaws.com/us-east-1%3A5b6b8d76-1bcc-47fb-a52d-062123682b00/br/pa/ananindeua/zona-0043/d304a5b153f5042e3b245630e24f1f32.jpg", "https://vocefiscal-poll-tape-uploads.s3.amazonaws.com/us-east-1%3A5b6b8d76-1bcc-47fb-a52d-062123682b00/br/pa/ananindeua/zona-0043/d8448ac66e540b3e1177dae47a41708e.jpg", "https://vocefiscal-poll-tape-uploads.s3.amazonaws.com/us-east-1%3A5b6b8d76-1bcc-47fb-a52d-062123682b00/br/pa/ananindeua/zona-0043/de08680329ec3ece7a5f120b57590e6e.jpg", "https://vocefiscal-poll-tape-uploads.s3.amazonaws.com/us-east-1%3A5b6b8d76-1bcc-47fb-a52d-062123682b00/br/pa/ananindeua/zona-0043/d30f5d1f483b2f281ad14ef60a09791f.jpg", "https://vocefiscal-poll-tape-uploads.s3.amazonaws.com/us-east-1%3A5b6b8d76-1bcc-47fb-a52d-062123682b00/br/pa/ananindeua/zona-0043/359e25e4f4fc72aeb44cf9fec3f8f91b.jpg", "https://vocefiscal-poll-tape-uploads.s3.amazonaws.com/us-east-1%3A5b6b8d76-1bcc-47fb-a52d-062123682b00/br/pa/ananindeua/zona-0043/3a368f20a22eb5c0e83f6bb1064b0c50.jpg"]}