{"municipio": "ANANINDEUA", "secaoEleitoral": "0468", "zonaEleitoral": "0072", "localDaVotacao": "1244", "estado": "PA", "data": 1412543600973, "pictureURLList": ["https://vocefiscal-poll-tape-uploads.s3.amazonaws.com/us-east-1%3A2b9e90a8-9194-4570-9508-15cc71381b40/br/pa/ananindeua/zona-0072/e480d8c98c80376bbe6fc07e427b3e9a.jpg", "https://vocefiscal-poll-tape-uploads.s3.amazonaws.com/us-east-1%3A2b9e90a8-9194-4570-9508-15cc71381b40/br/pa/ananindeua/zona-0072/2eefe48555931d73e48ed33b6959060c.jpg", "https://vocefiscal-poll-tape-uploads.s3.amazonaws.com/us-east-1%3A2b9e90a8-9194-4570-9508-15cc71381b40/br/pa/ananindeua/zona-0072/8a4b37172ccaf3cd7a1497328e4a8ee3.jpg", "https://vocefiscal-poll-tape-uploads.s3.amazonaws.com/us-east-1%3A2b9e90a8-9194-4570-9508-15cc71381b40/br/pa/ananindeua/zona-0072/dcaa7c71f06f09d78a6bca27f8911562.jpg", "https://vocefiscal-poll-tape-uploads.s3.amazonaws.com/us-east-1%3A2b9e90a8-9194-4570-9508-15cc71381b40/br/pa/ananindeua/zona-0072/462c0045737c71a37216d5a2e688b5c3.jpg", "https://vocefiscal-poll-tape-uploads.s3.amazonaws.com/us-east-1%3A2b9e90a8-9194-4570-9508-15cc71381b40/br/pa/ananindeua/zona-0072/620de78d66d68b1a32ed7c3c3a299add.jpg", "https://vocefiscal-poll-tape-uploads.s3.amazonaws.com/us-east-1%3A2b9e90a8-9194-4570-9508-15cc71381b40/br/pa/ananindeua/zona-0072/a0602414fa79c2f387f221ea9c3345fc.jpg", "https://vocefiscal-poll-tape-uploads.s3.amazonaws.com/us-east-1%3A2b9e90a8-9194-4570-9508-15cc71381b40/br/pa/ananindeua/zona-0072/85b91ac7297cf6b9ca755c278c851057.jpg", "https://vocefiscal-poll-tape-uploads.s3.amazonaws.com/us-east-1%3A2b9e90a8-9194-4570-9508-15cc71381b40/br/pa/ananindeua/zona-0072/39472ddddcc3a51bf7de8c40e218c2c6.jpg", "https://vocefiscal-poll-tape-uploads.s3.amazonaws.com/us-east-1%3A2b9e90a8-9194-4570-9508-15cc71381b40/br/pa/ananindeua/zona-0072/f1420eb231f5981dc225e6a92d072cda.jpg", "https://vocefiscal-poll-tape-uploads.s3.amazonaws.com/us-east-1%3A2b9e90a8-9194-4570-9508-15cc71381b40/br/pa/ananindeua/zona-0072/73c86d4592cb0c48ce04f3bf7c18cdcf.jpg", "https://vocefiscal-poll-tape-uploads.s3.amazonaws.com/us-east-1%3A2b9e90a8-9194-4570-9508-15cc71381b40/br/pa/ananindeua/zona-0072/e62967c67a1f6ac7e9d86db69575d5e1.jpg", "https://vocefiscal-poll-tape-uploads.s3.amazonaws.com/us-east-1%3A2b9e90a8-9194-4570-9508-15cc71381b40/br/pa/ananindeua/zona-0072/c649aaa7c620804935744653dd902f2a.jpg", "https://vocefiscal-poll-tape-uploads.s3.amazonaws.com/us-east-1%3A2b9e90a8-9194-4570-9508-15cc71381b40/br/pa/ananindeua/zona-0072/abf08568ba9c793d5013e074ac789804.jpg", "https://vocefiscal-poll-tape-uploads.s3.amazonaws.com/us-east-1%3A2b9e90a8-9194-4570-9508-15cc71381b40/br/pa/ananindeua/zona-0072/ad6b7ae2561fb248fbde34b185bd27bd.jpg", "https://vocefiscal-poll-tape-uploads.s3.amazonaws.com/us-east-1%3A2b9e90a8-9194-4570-9508-15cc71381b40/br/pa/ananindeua/zona-0072/b46ac2b2678ad8072e0a39c6e8b4b986.jpg", "https://vocefiscal-poll-tape-uploads.s3.amazonaws.com/us-east-1%3A2b9e90a8-9194-4570-9508-15cc71381b40/br/pa/ananindeua/zona-0072/8a1dec4a63653b1fd280df66cd322e6b.jpg", "https://vocefiscal-poll-tape-uploads.s3.amazonaws.com/us-east-1%3A2b9e90a8-9194-4570-9508-15cc71381b40/br/pa/ananindeua/zona-0072/8ae0c07c89e77352a795eb751da613ae.jpg", "https://vocefiscal-poll-tape-uploads.s3.amazonaws.com/us-east-1%3A2b9e90a8-9194-4570-9508-15cc71381b40/br/pa/ananindeua/zona-0072/db27b85e8f77ff9894cd0ea2a2326643.jpg", "https://vocefiscal-poll-tape-uploads.s3.amazonaws.com/us-east-1%3A2b9e90a8-9194-4570-9508-15cc71381b40/br/pa/ananindeua/zona-0072/cc9e267fe94c6ed4d9d4dd9fc5f1d388.jpg", "https://vocefiscal-poll-tape-uploads.s3.amazonaws.com/us-east-1%3A2b9e90a8-9194-4570-9508-15cc71381b40/br/pa/ananindeua/zona-0072/b351103a3bb6f31e27c58a5bb2ec2bcf.jpg"]}