{"municipio": "PARAGOMINAS", "secaoEleitoral": "0099", "zonaEleitoral": "0042", "estado": "PA", "data": 1412541615402, "pictureURLList": ["https://vocefiscal-poll-tape-uploads.s3.amazonaws.com/us-east-1%3A09f33092-8f95-46fa-a036-36fa21e63b07/br/pa/paragominas/zona-0042/f17f4988cfd005f66ee95004e5ec0528.jpg", "https://vocefiscal-poll-tape-uploads.s3.amazonaws.com/us-east-1%3A09f33092-8f95-46fa-a036-36fa21e63b07/br/pa/paragominas/zona-0042/edf8c0cf70fc1873ddef60da3a213370.jpg", "https://vocefiscal-poll-tape-uploads.s3.amazonaws.com/us-east-1%3A09f33092-8f95-46fa-a036-36fa21e63b07/br/pa/paragominas/zona-0042/1980135c593a7399b9f01ae4ff6d7471.jpg", "https://vocefiscal-poll-tape-uploads.s3.amazonaws.com/us-east-1%3A09f33092-8f95-46fa-a036-36fa21e63b07/br/pa/paragominas/zona-0042/3463ea0e768e2695f60b1d371b36bd3d.jpg", "https://vocefiscal-poll-tape-uploads.s3.amazonaws.com/us-east-1%3A09f33092-8f95-46fa-a036-36fa21e63b07/br/pa/paragominas/zona-0042/85c4d7b4a3a66b941bde3f580533951.jpg", "https://vocefiscal-poll-tape-uploads.s3.amazonaws.com/us-east-1%3A09f33092-8f95-46fa-a036-36fa21e63b07/br/pa/paragominas/zona-0042/ce1fab566d61a65911c68e4dca5984e8.jpg", "https://vocefiscal-poll-tape-uploads.s3.amazonaws.com/us-east-1%3A09f33092-8f95-46fa-a036-36fa21e63b07/br/pa/paragominas/zona-0042/dc1778c0faf5ce827e24563d1b40df4.jpg", "https://vocefiscal-poll-tape-uploads.s3.amazonaws.com/us-east-1%3A09f33092-8f95-46fa-a036-36fa21e63b07/br/pa/paragominas/zona-0042/a7ad68a43e4b6a8bd392332f018e60e1.jpg", "https://vocefiscal-poll-tape-uploads.s3.amazonaws.com/us-east-1%3A09f33092-8f95-46fa-a036-36fa21e63b07/br/pa/paragominas/zona-0042/15e5d154f89daf35461974bfad1cd72e.jpg", "https://vocefiscal-poll-tape-uploads.s3.amazonaws.com/us-east-1%3A09f33092-8f95-46fa-a036-36fa21e63b07/br/pa/paragominas/zona-0042/69bbef6a00afa2ba1ef54296825d630.jpg", "https://vocefiscal-poll-tape-uploads.s3.amazonaws.com/us-east-1%3A09f33092-8f95-46fa-a036-36fa21e63b07/br/pa/paragominas/zona-0042/192a3ad258a59931b6ddec1b26a99824.jpg", "https://vocefiscal-poll-tape-uploads.s3.amazonaws.com/us-east-1%3A09f33092-8f95-46fa-a036-36fa21e63b07/br/pa/paragominas/zona-0042/c3a7c468d4ffc888237427fe0f0008ab.jpg", "https://vocefiscal-poll-tape-uploads.s3.amazonaws.com/us-east-1%3A09f33092-8f95-46fa-a036-36fa21e63b07/br/pa/paragominas/zona-0042/15f82a038e4a74bde05e22475022aea8.jpg", "https://vocefiscal-poll-tape-uploads.s3.amazonaws.com/us-east-1%3A09f33092-8f95-46fa-a036-36fa21e63b07/br/pa/paragominas/zona-0042/53093564805a4a52131889d3ec844150.jpg", "https://vocefiscal-poll-tape-uploads.s3.amazonaws.com/us-east-1%3A09f33092-8f95-46fa-a036-36fa21e63b07/br/pa/paragominas/zona-0042/53cb63abeef21cd7b5b9b20d75a8050b.jpg", "https://vocefiscal-poll-tape-uploads.s3.amazonaws.com/us-east-1%3A09f33092-8f95-46fa-a036-36fa21e63b07/br/pa/paragominas/zona-0042/1976d0c4f4622e83edc8558a554a618a.jpg", "https://vocefiscal-poll-tape-uploads.s3.amazonaws.com/us-east-1%3A09f33092-8f95-46fa-a036-36fa21e63b07/br/pa/paragominas/zona-0042/3327f0698e1142f753e9355476dd60ce.jpg", "https://vocefiscal-poll-tape-uploads.s3.amazonaws.com/us-east-1%3A09f33092-8f95-46fa-a036-36fa21e63b07/br/pa/paragominas/zona-0042/13e7baeb10d274987a7f210cc12f1d78.jpg", "https://vocefiscal-poll-tape-uploads.s3.amazonaws.com/us-east-1%3A09f33092-8f95-46fa-a036-36fa21e63b07/br/pa/paragominas/zona-0042/63f8457e89579733dd18b8544492713e.jpg", "https://vocefiscal-poll-tape-uploads.s3.amazonaws.com/us-east-1%3A09f33092-8f95-46fa-a036-36fa21e63b07/br/pa/paragominas/zona-0042/2c9e7b744b8f0c67375c9cdc7468620f.jpg", "https://vocefiscal-poll-tape-uploads.s3.amazonaws.com/us-east-1%3A09f33092-8f95-46fa-a036-36fa21e63b07/br/pa/paragominas/zona-0042/67032530a4e08213d85db7f193d0b56c.jpg", "https://vocefiscal-poll-tape-uploads.s3.amazonaws.com/us-east-1%3A09f33092-8f95-46fa-a036-36fa21e63b07/br/pa/paragominas/zona-0042/a19f17f56e061314e1b4d06f893b2465.jpg", "https://vocefiscal-poll-tape-uploads.s3.amazonaws.com/us-east-1%3A09f33092-8f95-46fa-a036-36fa21e63b07/br/pa/paragominas/zona-0042/dd0923d95220989b170b32c2201a2617.jpg", "https://vocefiscal-poll-tape-uploads.s3.amazonaws.com/us-east-1%3A09f33092-8f95-46fa-a036-36fa21e63b07/br/pa/paragominas/zona-0042/8accf145d7bb2fa0c8b7450726256c38.jpg", "https://vocefiscal-poll-tape-uploads.s3.amazonaws.com/us-east-1%3A09f33092-8f95-46fa-a036-36fa21e63b07/br/pa/paragominas/zona-0042/cd70900b37fd55a9f3cd7d00bc68449f.jpg", "https://vocefiscal-poll-tape-uploads.s3.amazonaws.com/us-east-1%3A09f33092-8f95-46fa-a036-36fa21e63b07/br/pa/paragominas/zona-0042/58d942479326c6e0444e3f0591c24992.jpg", "https://vocefiscal-poll-tape-uploads.s3.amazonaws.com/us-east-1%3A09f33092-8f95-46fa-a036-36fa21e63b07/br/pa/paragominas/zona-0042/7cb8787100d104516c42a9f8dff0e537.jpg", "https://vocefiscal-poll-tape-uploads.s3.amazonaws.com/us-east-1%3A09f33092-8f95-46fa-a036-36fa21e63b07/br/pa/paragominas/zona-0042/4cf7db7cf08afeec229a578cf014c065.jpg", "https://vocefiscal-poll-tape-uploads.s3.amazonaws.com/us-east-1%3A09f33092-8f95-46fa-a036-36fa21e63b07/br/pa/paragominas/zona-0042/d356939a4a5547c30643b9742334ae91.jpg", "https://vocefiscal-poll-tape-uploads.s3.amazonaws.com/us-east-1%3A09f33092-8f95-46fa-a036-36fa21e63b07/br/pa/paragominas/zona-0042/191837c4e375d509b743fa0fa4c8cf96.jpg", "https://vocefiscal-poll-tape-uploads.s3.amazonaws.com/us-east-1%3A09f33092-8f95-46fa-a036-36fa21e63b07/br/pa/paragominas/zona-0042/9fc6d3100e55f528c9ff81301e2f3094.jpg", "https://vocefiscal-poll-tape-uploads.s3.amazonaws.com/us-east-1%3A09f33092-8f95-46fa-a036-36fa21e63b07/br/pa/paragominas/zona-0042/3f24528092459fe93056a04817f2da15.jpg", "https://vocefiscal-poll-tape-uploads.s3.amazonaws.com/us-east-1%3A09f33092-8f95-46fa-a036-36fa21e63b07/br/pa/paragominas/zona-0042/364e7c7b2d957a48d29509751e536a59.jpg", "https://vocefiscal-poll-tape-uploads.s3.amazonaws.com/us-east-1%3A09f33092-8f95-46fa-a036-36fa21e63b07/br/pa/paragominas/zona-0042/81ad395b59a693ab9886db27612d176b.jpg"]}