{"municipio": "BEL\u00c9M", "secaoEleitoral": "0283", "zonaEleitoral": "0001", "estado": "PA", "data": 1412541529754, "pictureURLList": ["https://vocefiscal-poll-tape-uploads.s3.amazonaws.com/us-east-1%3A23a8ca46-7d2c-49e9-ae44-554b8aecd756/br/pa/belem/zona-0001/aae1e57fbfefb5ab33bc6dbf8d7f66ac.jpg", "https://vocefiscal-poll-tape-uploads.s3.amazonaws.com/us-east-1%3A23a8ca46-7d2c-49e9-ae44-554b8aecd756/br/pa/belem/zona-0001/ea91b23e4e077118686c437d2cc26d18.jpg", "https://vocefiscal-poll-tape-uploads.s3.amazonaws.com/us-east-1%3A23a8ca46-7d2c-49e9-ae44-554b8aecd756/br/pa/belem/zona-0001/cc681fbf93364c9002d1eccf3dab648f.jpg", "https://vocefiscal-poll-tape-uploads.s3.amazonaws.com/us-east-1%3A23a8ca46-7d2c-49e9-ae44-554b8aecd756/br/pa/belem/zona-0001/7dde52950eaf8f32d1a412cb5815dda9.jpg", "https://vocefiscal-poll-tape-uploads.s3.amazonaws.com/us-east-1%3A23a8ca46-7d2c-49e9-ae44-554b8aecd756/br/pa/belem/zona-0001/7dde52950eaf8f32d1a412cb5815dda9.jpg", "https://vocefiscal-poll-tape-uploads.s3.amazonaws.com/us-east-1%3A23a8ca46-7d2c-49e9-ae44-554b8aecd756/br/pa/belem/zona-0001/22d4ba826b05eb8ae67f663988ec7265.jpg", "https://vocefiscal-poll-tape-uploads.s3.amazonaws.com/us-east-1%3A23a8ca46-7d2c-49e9-ae44-554b8aecd756/br/pa/belem/zona-0001/b49705edf6233d74678813da6163252d.jpg", "https://vocefiscal-poll-tape-uploads.s3.amazonaws.com/us-east-1%3A23a8ca46-7d2c-49e9-ae44-554b8aecd756/br/pa/belem/zona-0001/56453b0ccdbf022f8c05e42318baac7f.jpg", "https://vocefiscal-poll-tape-uploads.s3.amazonaws.com/us-east-1%3A23a8ca46-7d2c-49e9-ae44-554b8aecd756/br/pa/belem/zona-0001/839d211586674f9afab7eb2f6213162b.jpg", "https://vocefiscal-poll-tape-uploads.s3.amazonaws.com/us-east-1%3A23a8ca46-7d2c-49e9-ae44-554b8aecd756/br/pa/belem/zona-0001/e08cfc0b9047473ca23f872bdbdf0086.jpg", "https://vocefiscal-poll-tape-uploads.s3.amazonaws.com/us-east-1%3A23a8ca46-7d2c-49e9-ae44-554b8aecd756/br/pa/belem/zona-0001/56afedd3b6c866e7c097befa8d003538.jpg", "https://vocefiscal-poll-tape-uploads.s3.amazonaws.com/us-east-1%3A23a8ca46-7d2c-49e9-ae44-554b8aecd756/br/pa/belem/zona-0001/ee57af7058c6419ba40809654005bcad.jpg", "https://vocefiscal-poll-tape-uploads.s3.amazonaws.com/us-east-1%3A23a8ca46-7d2c-49e9-ae44-554b8aecd756/br/pa/belem/zona-0001/1bd22b297ebe3cd27f4589d3228a1319.jpg", "https://vocefiscal-poll-tape-uploads.s3.amazonaws.com/us-east-1%3A23a8ca46-7d2c-49e9-ae44-554b8aecd756/br/pa/belem/zona-0001/c643ac3ddf8c0311be4ac6fd2bd8e552.jpg", "https://vocefiscal-poll-tape-uploads.s3.amazonaws.com/us-east-1%3A23a8ca46-7d2c-49e9-ae44-554b8aecd756/br/pa/belem/zona-0001/707889a8e0c7ea6961e5a14f2115621d.jpg", "https://vocefiscal-poll-tape-uploads.s3.amazonaws.com/us-east-1%3A23a8ca46-7d2c-49e9-ae44-554b8aecd756/br/pa/belem/zona-0001/4bd85e1a007db4fe18e9027642c03bf0.jpg", "https://vocefiscal-poll-tape-uploads.s3.amazonaws.com/us-east-1%3A23a8ca46-7d2c-49e9-ae44-554b8aecd756/br/pa/belem/zona-0001/21f4629db5e8c8a23efa4a1aee3963dc.jpg", "https://vocefiscal-poll-tape-uploads.s3.amazonaws.com/us-east-1%3A23a8ca46-7d2c-49e9-ae44-554b8aecd756/br/pa/belem/zona-0001/9c80b65d1bbec97324275cffe3ce8669.jpg", "https://vocefiscal-poll-tape-uploads.s3.amazonaws.com/us-east-1%3A23a8ca46-7d2c-49e9-ae44-554b8aecd756/br/pa/belem/zona-0001/a693a7b7422889ee4bf336e6a482c84d.jpg", "https://vocefiscal-poll-tape-uploads.s3.amazonaws.com/us-east-1%3A23a8ca46-7d2c-49e9-ae44-554b8aecd756/br/pa/belem/zona-0001/7d308a4c4eccfd7922f8392a6c3562d9.jpg", "https://vocefiscal-poll-tape-uploads.s3.amazonaws.com/us-east-1%3A23a8ca46-7d2c-49e9-ae44-554b8aecd756/br/pa/belem/zona-0001/d15ea385affa2e2a35888072bcd5a4c3.jpg", "https://vocefiscal-poll-tape-uploads.s3.amazonaws.com/us-east-1%3A23a8ca46-7d2c-49e9-ae44-554b8aecd756/br/pa/belem/zona-0001/8586519fd4290259931f273ad4dbfd7a.jpg", "https://vocefiscal-poll-tape-uploads.s3.amazonaws.com/us-east-1%3A23a8ca46-7d2c-49e9-ae44-554b8aecd756/br/pa/belem/zona-0001/e1bdeb6f12a57aa7f4420351c496c782.jpg", "https://vocefiscal-poll-tape-uploads.s3.amazonaws.com/us-east-1%3A23a8ca46-7d2c-49e9-ae44-554b8aecd756/br/pa/belem/zona-0001/37e15156d127e772c0928727660ab293.jpg", "https://vocefiscal-poll-tape-uploads.s3.amazonaws.com/us-east-1%3A23a8ca46-7d2c-49e9-ae44-554b8aecd756/br/pa/belem/zona-0001/6cc7e5ad05e42286dc89d627549fbf20.jpg", "https://vocefiscal-poll-tape-uploads.s3.amazonaws.com/us-east-1%3A23a8ca46-7d2c-49e9-ae44-554b8aecd756/br/pa/belem/zona-0001/1587d13eaa5a5ba9e9b0de400c3914ca.jpg", "https://vocefiscal-poll-tape-uploads.s3.amazonaws.com/us-east-1%3A23a8ca46-7d2c-49e9-ae44-554b8aecd756/br/pa/belem/zona-0001/996e4f08c4c8341b77eebc19bb0e1988.jpg"]}