{"municipio": "BEL\u00c9M", "secaoEleitoral": "0076", "zonaEleitoral": "0096", "estado": "PA", "data": 1412541230817, "pictureURLList": ["https://vocefiscal-poll-tape-uploads.s3.amazonaws.com/us-east-1%3Ab42f637d-30c3-4960-814d-28fd7cdb5942/br/pa/belem/zona-0096/47bd4211b00a0e149d5774e9312728e9.jpg", "https://vocefiscal-poll-tape-uploads.s3.amazonaws.com/us-east-1%3Ab42f637d-30c3-4960-814d-28fd7cdb5942/br/pa/belem/zona-0096/e3d742dd0ec7639c452f1f8f2e2a0ec2.jpg", "https://vocefiscal-poll-tape-uploads.s3.amazonaws.com/us-east-1%3Ab42f637d-30c3-4960-814d-28fd7cdb5942/br/pa/belem/zona-0096/d3775c7d505451a2736bfb2484ffe00b.jpg", "https://vocefiscal-poll-tape-uploads.s3.amazonaws.com/us-east-1%3Ab42f637d-30c3-4960-814d-28fd7cdb5942/br/pa/belem/zona-0096/fcde85ade6d645e13dd827ea773b088c.jpg", "https://vocefiscal-poll-tape-uploads.s3.amazonaws.com/us-east-1%3Ab42f637d-30c3-4960-814d-28fd7cdb5942/br/pa/belem/zona-0096/4a4834a8f812778a0a3803b5baf5eefd.jpg", "https://vocefiscal-poll-tape-uploads.s3.amazonaws.com/us-east-1%3Ab42f637d-30c3-4960-814d-28fd7cdb5942/br/pa/belem/zona-0096/56a01a0fb5affc0b146245a2c817c085.jpg", "https://vocefiscal-poll-tape-uploads.s3.amazonaws.com/us-east-1%3Ab42f637d-30c3-4960-814d-28fd7cdb5942/br/pa/belem/zona-0096/e4692555544d60084f356ba5011c3f76.jpg", "https://vocefiscal-poll-tape-uploads.s3.amazonaws.com/us-east-1%3Ab42f637d-30c3-4960-814d-28fd7cdb5942/br/pa/belem/zona-0096/15c4cec728f00b6ca54eea30d686f769.jpg", "https://vocefiscal-poll-tape-uploads.s3.amazonaws.com/us-east-1%3Ab42f637d-30c3-4960-814d-28fd7cdb5942/br/pa/belem/zona-0096/4aa9b74708205c46c4c9d56c15b942b5.jpg", "https://vocefiscal-poll-tape-uploads.s3.amazonaws.com/us-east-1%3Ab42f637d-30c3-4960-814d-28fd7cdb5942/br/pa/belem/zona-0096/df873eaac32889b07306a0d906665761.jpg", "https://vocefiscal-poll-tape-uploads.s3.amazonaws.com/us-east-1%3Ab42f637d-30c3-4960-814d-28fd7cdb5942/br/pa/belem/zona-0096/263c0fc7923c71583bcb63aef2ab1859.jpg", "https://vocefiscal-poll-tape-uploads.s3.amazonaws.com/us-east-1%3Ab42f637d-30c3-4960-814d-28fd7cdb5942/br/pa/belem/zona-0096/19c59c77e167e9e845bbba784d3422a6.jpg", "https://vocefiscal-poll-tape-uploads.s3.amazonaws.com/us-east-1%3Ab42f637d-30c3-4960-814d-28fd7cdb5942/br/pa/belem/zona-0096/e3297fa929d7982a1a1bc44108401d48.jpg", "https://vocefiscal-poll-tape-uploads.s3.amazonaws.com/us-east-1%3Ab42f637d-30c3-4960-814d-28fd7cdb5942/br/pa/belem/zona-0096/6d4d773e4e809de98bb24000099914b2.jpg", "https://vocefiscal-poll-tape-uploads.s3.amazonaws.com/us-east-1%3Ab42f637d-30c3-4960-814d-28fd7cdb5942/br/pa/belem/zona-0096/f764d2616ec357ff07b10f6573caa5fc.jpg", "https://vocefiscal-poll-tape-uploads.s3.amazonaws.com/us-east-1%3Ab42f637d-30c3-4960-814d-28fd7cdb5942/br/pa/belem/zona-0096/a27813453b2e4a898115a4edb4ddfa48.jpg", "https://vocefiscal-poll-tape-uploads.s3.amazonaws.com/us-east-1%3Ab42f637d-30c3-4960-814d-28fd7cdb5942/br/pa/belem/zona-0096/b348a2261cf3761becd179a38217013d.jpg", "https://vocefiscal-poll-tape-uploads.s3.amazonaws.com/us-east-1%3Ab42f637d-30c3-4960-814d-28fd7cdb5942/br/pa/belem/zona-0096/f2ac68abaae2345a6a5221df02d42a81.jpg", "https://vocefiscal-poll-tape-uploads.s3.amazonaws.com/us-east-1%3Ab42f637d-30c3-4960-814d-28fd7cdb5942/br/pa/belem/zona-0096/cd5239f4b8dbd92251c0c6a457027fc0.jpg", "https://vocefiscal-poll-tape-uploads.s3.amazonaws.com/us-east-1%3Ab42f637d-30c3-4960-814d-28fd7cdb5942/br/pa/belem/zona-0096/aed5e87580c7169e0df9fd5df3e8165d.jpg", "https://vocefiscal-poll-tape-uploads.s3.amazonaws.com/us-east-1%3Ab42f637d-30c3-4960-814d-28fd7cdb5942/br/pa/belem/zona-0096/5f50f77288e10e401f0c997f29f748f.jpg", "https://vocefiscal-poll-tape-uploads.s3.amazonaws.com/us-east-1%3Ab42f637d-30c3-4960-814d-28fd7cdb5942/br/pa/belem/zona-0096/e13846c6ed9aec84c01b28af4ef699e2.jpg", "https://vocefiscal-poll-tape-uploads.s3.amazonaws.com/us-east-1%3Ab42f637d-30c3-4960-814d-28fd7cdb5942/br/pa/belem/zona-0096/d7cb2513121826278c35d333f19299fb.jpg", "https://vocefiscal-poll-tape-uploads.s3.amazonaws.com/us-east-1%3Ab42f637d-30c3-4960-814d-28fd7cdb5942/br/pa/belem/zona-0096/5fe111a5828cae2c80f4a6815e997c39.jpg", "https://vocefiscal-poll-tape-uploads.s3.amazonaws.com/us-east-1%3Ab42f637d-30c3-4960-814d-28fd7cdb5942/br/pa/belem/zona-0096/5e823bd15d4f80ecc7d436952373ce1d.jpg", "https://vocefiscal-poll-tape-uploads.s3.amazonaws.com/us-east-1%3Ab42f637d-30c3-4960-814d-28fd7cdb5942/br/pa/belem/zona-0096/226692b03f57144b622d9c30e8089f81.jpg", "https://vocefiscal-poll-tape-uploads.s3.amazonaws.com/us-east-1%3Ab42f637d-30c3-4960-814d-28fd7cdb5942/br/pa/belem/zona-0096/d6632e8e87c1dae2f05cb15dbcb5111.jpg", "https://vocefiscal-poll-tape-uploads.s3.amazonaws.com/us-east-1%3Ab42f637d-30c3-4960-814d-28fd7cdb5942/br/pa/belem/zona-0096/651b626b11642030a6704c7208bd38ff.jpg", "https://vocefiscal-poll-tape-uploads.s3.amazonaws.com/us-east-1%3Ab42f637d-30c3-4960-814d-28fd7cdb5942/br/pa/belem/zona-0096/e189eff2aba3170336851e35d2a77db2.jpg", "https://vocefiscal-poll-tape-uploads.s3.amazonaws.com/us-east-1%3Ab42f637d-30c3-4960-814d-28fd7cdb5942/br/pa/belem/zona-0096/6c078c3ffa0d825722943786338177d9.jpg", "https://vocefiscal-poll-tape-uploads.s3.amazonaws.com/us-east-1%3Ab42f637d-30c3-4960-814d-28fd7cdb5942/br/pa/belem/zona-0096/a5cc9782498c3d1f4171a695c1e47a14.jpg", "https://vocefiscal-poll-tape-uploads.s3.amazonaws.com/us-east-1%3Ab42f637d-30c3-4960-814d-28fd7cdb5942/br/pa/belem/zona-0096/813a2003508909b82f12df9246300b35.jpg", "https://vocefiscal-poll-tape-uploads.s3.amazonaws.com/us-east-1%3Ab42f637d-30c3-4960-814d-28fd7cdb5942/br/pa/belem/zona-0096/b65443b4336e630496433ad63e7ad687.jpg", "https://vocefiscal-poll-tape-uploads.s3.amazonaws.com/us-east-1%3Ab42f637d-30c3-4960-814d-28fd7cdb5942/br/pa/belem/zona-0096/ad26cc60f9cab67e5209b1b28f080a33.jpg", "https://vocefiscal-poll-tape-uploads.s3.amazonaws.com/us-east-1%3Ab42f637d-30c3-4960-814d-28fd7cdb5942/br/pa/belem/zona-0096/73f07a25c7fea2811ae56c481b1e5dda.jpg", "https://vocefiscal-poll-tape-uploads.s3.amazonaws.com/us-east-1%3Ab42f637d-30c3-4960-814d-28fd7cdb5942/br/pa/belem/zona-0096/227b5c200ea1750fab830972d8c1b8a0.jpg", "https://vocefiscal-poll-tape-uploads.s3.amazonaws.com/us-east-1%3Ab42f637d-30c3-4960-814d-28fd7cdb5942/br/pa/belem/zona-0096/aa987a82acce70290fb5618b0e120443.jpg", "https://vocefiscal-poll-tape-uploads.s3.amazonaws.com/us-east-1%3Ab42f637d-30c3-4960-814d-28fd7cdb5942/br/pa/belem/zona-0096/81c569b58281875e5a36ca5c9d66daaa.jpg", "https://vocefiscal-poll-tape-uploads.s3.amazonaws.com/us-east-1%3Ab42f637d-30c3-4960-814d-28fd7cdb5942/br/pa/belem/zona-0096/f0d84b5de54f77c1e290ddcc6ea2bb00.jpg", "https://vocefiscal-poll-tape-uploads.s3.amazonaws.com/us-east-1%3Ab42f637d-30c3-4960-814d-28fd7cdb5942/br/pa/belem/zona-0096/5759c7da0f78ad94c055cd33a65fd066.jpg", "https://vocefiscal-poll-tape-uploads.s3.amazonaws.com/us-east-1%3Ab42f637d-30c3-4960-814d-28fd7cdb5942/br/pa/belem/zona-0096/9e2ac11577c31b0a22194067fb27d158.jpg", "https://vocefiscal-poll-tape-uploads.s3.amazonaws.com/us-east-1%3Ab42f637d-30c3-4960-814d-28fd7cdb5942/br/pa/belem/zona-0096/7b333a14bca846817c406987fbcfcb09.jpg", "https://vocefiscal-poll-tape-uploads.s3.amazonaws.com/us-east-1%3Ab42f637d-30c3-4960-814d-28fd7cdb5942/br/pa/belem/zona-0096/3494369d24dc4b64947bfd8310ef8d8b.jpg"]}