{"municipio": "REDENÇÃO", "secaoEleitoral": "0210", "data": 1412541515831, "pictureURLList": ["https://vocefiscal-poll-tape-uploads.s3.amazonaws.com/us-east-1%3A3a41cecf-ba3e-411c-8481-4b2eae4c4d18/br/sp/campinas/zona-0059/e445d911f396e647eeaf3bfc314b6da5.jpg", "https://vocefiscal-poll-tape-uploads.s3.amazonaws.com/us-east-1%3A3a41cecf-ba3e-411c-8481-4b2eae4c4d18/br/sp/campinas/zona-0059/84ae60277e3ad678fb86ccd6123abe79.jpg", "https://vocefiscal-poll-tape-uploads.s3.amazonaws.com/us-east-1%3A3a41cecf-ba3e-411c-8481-4b2eae4c4d18/br/sp/campinas/zona-0059/ae1d7340e04d6fba640fbf17c9e0e209.jpg", "https://vocefiscal-poll-tape-uploads.s3.amazonaws.com/us-east-1%3A3a41cecf-ba3e-411c-8481-4b2eae4c4d18/br/sp/campinas/zona-0059/d46a6ca996438e45687a1a37d3e0ec3f.jpg", "https://vocefiscal-poll-tape-uploads.s3.amazonaws.com/us-east-1%3A3a41cecf-ba3e-411c-8481-4b2eae4c4d18/br/sp/campinas/zona-0059/d08032f38cd767cb4b7df3c9c8e879de.jpg", "https://vocefiscal-poll-tape-uploads.s3.amazonaws.com/us-east-1%3A3a41cecf-ba3e-411c-8481-4b2eae4c4d18/br/sp/campinas/zona-0059/13f53c6ec98d799fb6346e97e656bf83.jpg", "https://vocefiscal-poll-tape-uploads.s3.amazonaws.com/us-east-1%3A3a41cecf-ba3e-411c-8481-4b2eae4c4d18/br/sp/campinas/zona-0059/e159e7b1aed483d72f48e49495b60b9a.jpg", "https://vocefiscal-poll-tape-uploads.s3.amazonaws.com/us-east-1%3A3a41cecf-ba3e-411c-8481-4b2eae4c4d18/br/sp/campinas/zona-0059/d8f458507638089c42a988b06d5024d5.jpg", "https://vocefiscal-poll-tape-uploads.s3.amazonaws.com/us-east-1%3A3a41cecf-ba3e-411c-8481-4b2eae4c4d18/br/sp/campinas/zona-0059/592f2c95d8f735d95776b164afe1b5bd.jpg", "https://vocefiscal-poll-tape-uploads.s3.amazonaws.com/us-east-1%3A3a41cecf-ba3e-411c-8481-4b2eae4c4d18/br/sp/campinas/zona-0059/7dd6aa41259ca47dfdd94bd2984e39b3.jpg", "https://vocefiscal-poll-tape-uploads.s3.amazonaws.com/us-east-1%3A3a41cecf-ba3e-411c-8481-4b2eae4c4d18/br/sp/campinas/zona-0059/98259a7f1583467abdd5a2b014d78015.jpg", "https://vocefiscal-poll-tape-uploads.s3.amazonaws.com/us-east-1%3A3a41cecf-ba3e-411c-8481-4b2eae4c4d18/br/sp/campinas/zona-0059/a5d549da96ec40cf5a1a094b6b76f0e4.jpg", "https://vocefiscal-poll-tape-uploads.s3.amazonaws.com/us-east-1%3A3a41cecf-ba3e-411c-8481-4b2eae4c4d18/br/sp/campinas/zona-0059/c23cc420564b9ce51d5c9d60fe4a738d.jpg", "https://vocefiscal-poll-tape-uploads.s3.amazonaws.com/us-east-1%3A3a41cecf-ba3e-411c-8481-4b2eae4c4d18/br/sp/campinas/zona-0059/38384ea8228aef44439daab913c2ea89.jpg", "https://vocefiscal-poll-tape-uploads.s3.amazonaws.com/us-east-1%3A3a41cecf-ba3e-411c-8481-4b2eae4c4d18/br/sp/campinas/zona-0059/f049bf2d7129cadd0359dda41c259d2f.jpg", "https://vocefiscal-poll-tape-uploads.s3.amazonaws.com/us-east-1%3A3a41cecf-ba3e-411c-8481-4b2eae4c4d18/br/sp/campinas/zona-0059/119c9cec5c1858258ae06da606019a66.jpg", "https://vocefiscal-poll-tape-uploads.s3.amazonaws.com/us-east-1%3A3a41cecf-ba3e-411c-8481-4b2eae4c4d18/br/sp/campinas/zona-0059/a43547c61f73c9a1084ac1d6435ea0b6.jpg", "https://vocefiscal-poll-tape-uploads.s3.amazonaws.com/us-east-1%3A3a41cecf-ba3e-411c-8481-4b2eae4c4d18/br/sp/campinas/zona-0059/e1bd3f1f11f0b31f320b9ebc4681a27c.jpg"], "zonaEleitoral": "0059", "estado": "PA"}