{"municipio": "BEL\u00c9M", "secaoEleitoral": "0018", "zonaEleitoral": "0073", "localDaVotacao": "1317", "estado": "PA", "data": 1412541922737, "pictureURLList": ["https://vocefiscal-poll-tape-uploads.s3.amazonaws.com/us-east-1%3Ab7a9dff1-7879-48e5-a084-371027c6498a/br/pa/belem/zona-0073/5e321410e8425e93c0319e847644485e.jpg", "https://vocefiscal-poll-tape-uploads.s3.amazonaws.com/us-east-1%3Ab7a9dff1-7879-48e5-a084-371027c6498a/br/pa/belem/zona-0073/1c285a14e6a62492d1537db9b9bc5a04.jpg", "https://vocefiscal-poll-tape-uploads.s3.amazonaws.com/us-east-1%3Ab7a9dff1-7879-48e5-a084-371027c6498a/br/pa/belem/zona-0073/fe5c7e0578e614d5b9e4785c6d8731ec.jpg", "https://vocefiscal-poll-tape-uploads.s3.amazonaws.com/us-east-1%3Ab7a9dff1-7879-48e5-a084-371027c6498a/br/pa/belem/zona-0073/565845d2f3040745163c1345eb1f8ae0.jpg", "https://vocefiscal-poll-tape-uploads.s3.amazonaws.com/us-east-1%3Ab7a9dff1-7879-48e5-a084-371027c6498a/br/pa/belem/zona-0073/5caf8f10fe634565fb6926629cb71273.jpg", "https://vocefiscal-poll-tape-uploads.s3.amazonaws.com/us-east-1%3Ab7a9dff1-7879-48e5-a084-371027c6498a/br/pa/belem/zona-0073/912cf571bf30016c157ff6221ec4d728.jpg", "https://vocefiscal-poll-tape-uploads.s3.amazonaws.com/us-east-1%3Ab7a9dff1-7879-48e5-a084-371027c6498a/br/pa/belem/zona-0073/e47743060dc4cf98c7db53b51ae2d92b.jpg", "https://vocefiscal-poll-tape-uploads.s3.amazonaws.com/us-east-1%3Ab7a9dff1-7879-48e5-a084-371027c6498a/br/pa/belem/zona-0073/2442ffd7392912be0144fbb5caf4d87b.jpg", "https://vocefiscal-poll-tape-uploads.s3.amazonaws.com/us-east-1%3Ab7a9dff1-7879-48e5-a084-371027c6498a/br/pa/belem/zona-0073/5d172cbbf01f23309802586321fe6302.jpg", "https://vocefiscal-poll-tape-uploads.s3.amazonaws.com/us-east-1%3Ab7a9dff1-7879-48e5-a084-371027c6498a/br/pa/belem/zona-0073/20603112dd1de317ec7d94dcce433ffe.jpg", "https://vocefiscal-poll-tape-uploads.s3.amazonaws.com/us-east-1%3Ab7a9dff1-7879-48e5-a084-371027c6498a/br/pa/belem/zona-0073/939239850979bae74b695fbd96e2feb5.jpg", "https://vocefiscal-poll-tape-uploads.s3.amazonaws.com/us-east-1%3Ab7a9dff1-7879-48e5-a084-371027c6498a/br/pa/belem/zona-0073/3caca40dacf59ae57859e6429868ef78.jpg", "https://vocefiscal-poll-tape-uploads.s3.amazonaws.com/us-east-1%3Ab7a9dff1-7879-48e5-a084-371027c6498a/br/pa/belem/zona-0073/bd9c346a972dfce1d03ae15fd47b9e74.jpg", "https://vocefiscal-poll-tape-uploads.s3.amazonaws.com/us-east-1%3Ab7a9dff1-7879-48e5-a084-371027c6498a/br/pa/belem/zona-0073/b88f72be494674b45702deb3d7f71024.jpg", "https://vocefiscal-poll-tape-uploads.s3.amazonaws.com/us-east-1%3Ab7a9dff1-7879-48e5-a084-371027c6498a/br/pa/belem/zona-0073/906825ac8d423be1ea814ca3a97f378d.jpg", "https://vocefiscal-poll-tape-uploads.s3.amazonaws.com/us-east-1%3Ab7a9dff1-7879-48e5-a084-371027c6498a/br/pa/belem/zona-0073/d9a9888cc15d7ecc0b165c644447d315.jpg", "https://vocefiscal-poll-tape-uploads.s3.amazonaws.com/us-east-1%3Ab7a9dff1-7879-48e5-a084-371027c6498a/br/pa/belem/zona-0073/d385e76e59e853e814538784b8ce4dbc.jpg", "https://vocefiscal-poll-tape-uploads.s3.amazonaws.com/us-east-1%3Ab7a9dff1-7879-48e5-a084-371027c6498a/br/pa/belem/zona-0073/de660315280c956c8e1a39b32763ca11.jpg", "https://vocefiscal-poll-tape-uploads.s3.amazonaws.com/us-east-1%3Ab7a9dff1-7879-48e5-a084-371027c6498a/br/pa/belem/zona-0073/3d07ebd8f3f16779dcf319a8f4115fa7.jpg", "https://vocefiscal-poll-tape-uploads.s3.amazonaws.com/us-east-1%3Ab7a9dff1-7879-48e5-a084-371027c6498a/br/pa/belem/zona-0073/a50e6e26bc999eb83cda909227775978.jpg", "https://vocefiscal-poll-tape-uploads.s3.amazonaws.com/us-east-1%3Ab7a9dff1-7879-48e5-a084-371027c6498a/br/pa/belem/zona-0073/8b92766e3fa50df0cec17b6ac4ac3be8.jpg", "https://vocefiscal-poll-tape-uploads.s3.amazonaws.com/us-east-1%3Ab7a9dff1-7879-48e5-a084-371027c6498a/br/pa/belem/zona-0073/d7228271f3fc252b177537778f973f55.jpg", "https://vocefiscal-poll-tape-uploads.s3.amazonaws.com/us-east-1%3Ab7a9dff1-7879-48e5-a084-371027c6498a/br/pa/belem/zona-0073/708e6e2e18501b28d6e4073db36a0290.jpg", "https://vocefiscal-poll-tape-uploads.s3.amazonaws.com/us-east-1%3Ab7a9dff1-7879-48e5-a084-371027c6498a/br/pa/belem/zona-0073/e0935269faf49d995857889eedb7e9bc.jpg", "https://vocefiscal-poll-tape-uploads.s3.amazonaws.com/us-east-1%3Ab7a9dff1-7879-48e5-a084-371027c6498a/br/pa/belem/zona-0073/e5bf4e3fef50037b95af9f9050a4fb61.jpg", "https://vocefiscal-poll-tape-uploads.s3.amazonaws.com/us-east-1%3Ab7a9dff1-7879-48e5-a084-371027c6498a/br/pa/belem/zona-0073/655a98d5b58f81c92a022dd1d323ee0c.jpg", "https://vocefiscal-poll-tape-uploads.s3.amazonaws.com/us-east-1%3Ab7a9dff1-7879-48e5-a084-371027c6498a/br/pa/belem/zona-0073/f7e00333d82373b39be8d10c5beda63b.jpg", "https://vocefiscal-poll-tape-uploads.s3.amazonaws.com/us-east-1%3Ab7a9dff1-7879-48e5-a084-371027c6498a/br/pa/belem/zona-0073/61ef05928cef80fb71ded1c2e91bbfd6.jpg", "https://vocefiscal-poll-tape-uploads.s3.amazonaws.com/us-east-1%3Ab7a9dff1-7879-48e5-a084-371027c6498a/br/pa/belem/zona-0073/b1817c56769551e9f96e80bc167aac2e.jpg", "https://vocefiscal-poll-tape-uploads.s3.amazonaws.com/us-east-1%3Ab7a9dff1-7879-48e5-a084-371027c6498a/br/pa/belem/zona-0073/62e4702c8d0989fa41e29f70d1839c5d.jpg", "https://vocefiscal-poll-tape-uploads.s3.amazonaws.com/us-east-1%3Ab7a9dff1-7879-48e5-a084-371027c6498a/br/pa/belem/zona-0073/32696e27bb15b6251e2ed4638262a2ad.jpg", "https://vocefiscal-poll-tape-uploads.s3.amazonaws.com/us-east-1%3Ab7a9dff1-7879-48e5-a084-371027c6498a/br/pa/belem/zona-0073/5d47b316566e2e6e09e379fb395101fd.jpg"]}