{"municipio": "PARAGOMINAS", "secaoEleitoral": "0155", "zonaEleitoral": "0042", "localDaVotacao": "0155", "estado": "PA", "data": 1412541421896, "pictureURLList": ["https://vocefiscal-poll-tape-uploads.s3.amazonaws.com/us-east-1%3A09f33092-8f95-46fa-a036-36fa21e63b07/br/pa/paragominas/zona-0042/e0044f9ae8e3851de2cb14998f72818.jpg", "https://vocefiscal-poll-tape-uploads.s3.amazonaws.com/us-east-1%3A09f33092-8f95-46fa-a036-36fa21e63b07/br/pa/paragominas/zona-0042/5e6f813d99a690060c10f834cd4aa563.jpg", "https://vocefiscal-poll-tape-uploads.s3.amazonaws.com/us-east-1%3A09f33092-8f95-46fa-a036-36fa21e63b07/br/pa/paragominas/zona-0042/e47f3f4d858ad8860337823a9a71e77b.jpg", "https://vocefiscal-poll-tape-uploads.s3.amazonaws.com/us-east-1%3A09f33092-8f95-46fa-a036-36fa21e63b07/br/pa/paragominas/zona-0042/2b1bb6d2586e558431579f1a58fbb701.jpg", "https://vocefiscal-poll-tape-uploads.s3.amazonaws.com/us-east-1%3A09f33092-8f95-46fa-a036-36fa21e63b07/br/pa/paragominas/zona-0042/e9ffee5b5a84c94784a3ffccc18aec3b.jpg", "https://vocefiscal-poll-tape-uploads.s3.amazonaws.com/us-east-1%3A09f33092-8f95-46fa-a036-36fa21e63b07/br/pa/paragominas/zona-0042/b42485c7e0e6750c343ff8b0e965f2a3.jpg", "https://vocefiscal-poll-tape-uploads.s3.amazonaws.com/us-east-1%3A09f33092-8f95-46fa-a036-36fa21e63b07/br/pa/paragominas/zona-0042/3b4985f30f0e371c1a6a96a015c85830.jpg", "https://vocefiscal-poll-tape-uploads.s3.amazonaws.com/us-east-1%3A09f33092-8f95-46fa-a036-36fa21e63b07/br/pa/paragominas/zona-0042/e1769ed20404c5345d97b69b3dae0b1e.jpg", "https://vocefiscal-poll-tape-uploads.s3.amazonaws.com/us-east-1%3A09f33092-8f95-46fa-a036-36fa21e63b07/br/pa/paragominas/zona-0042/312ba9e27800ce0bd389d5c5dc783ecd.jpg", "https://vocefiscal-poll-tape-uploads.s3.amazonaws.com/us-east-1%3A09f33092-8f95-46fa-a036-36fa21e63b07/br/pa/paragominas/zona-0042/c05f8e538ba8af6626d4c6e71a701189.jpg", "https://vocefiscal-poll-tape-uploads.s3.amazonaws.com/us-east-1%3A09f33092-8f95-46fa-a036-36fa21e63b07/br/pa/paragominas/zona-0042/b973458905cc4d9c0f28b07f9ea866ae.jpg", "https://vocefiscal-poll-tape-uploads.s3.amazonaws.com/us-east-1%3A09f33092-8f95-46fa-a036-36fa21e63b07/br/pa/paragominas/zona-0042/6347fd73ca8e76cbd01a6e8b12f6c50.jpg", "https://vocefiscal-poll-tape-uploads.s3.amazonaws.com/us-east-1%3A09f33092-8f95-46fa-a036-36fa21e63b07/br/pa/paragominas/zona-0042/1f29aeccd5121e6541d1e78de40eb053.jpg", "https://vocefiscal-poll-tape-uploads.s3.amazonaws.com/us-east-1%3A09f33092-8f95-46fa-a036-36fa21e63b07/br/pa/paragominas/zona-0042/e832d3c3768fc6ed47a621e095e4fe17.jpg", "https://vocefiscal-poll-tape-uploads.s3.amazonaws.com/us-east-1%3A09f33092-8f95-46fa-a036-36fa21e63b07/br/pa/paragominas/zona-0042/dace2ec21982c6db975230cd69e245f5.jpg", "https://vocefiscal-poll-tape-uploads.s3.amazonaws.com/us-east-1%3A09f33092-8f95-46fa-a036-36fa21e63b07/br/pa/paragominas/zona-0042/ce634cdaaa46f462d96358a5b5df87d7.jpg", "https://vocefiscal-poll-tape-uploads.s3.amazonaws.com/us-east-1%3A09f33092-8f95-46fa-a036-36fa21e63b07/br/pa/paragominas/zona-0042/25df2e0b274e8dd05cb07c16dd3673ff.jpg", "https://vocefiscal-poll-tape-uploads.s3.amazonaws.com/us-east-1%3A09f33092-8f95-46fa-a036-36fa21e63b07/br/pa/paragominas/zona-0042/1dda829b05880dfe3369a8af017dd48b.jpg", "https://vocefiscal-poll-tape-uploads.s3.amazonaws.com/us-east-1%3A09f33092-8f95-46fa-a036-36fa21e63b07/br/pa/paragominas/zona-0042/474d64e167240bc28cc515db9500289e.jpg", "https://vocefiscal-poll-tape-uploads.s3.amazonaws.com/us-east-1%3A09f33092-8f95-46fa-a036-36fa21e63b07/br/pa/paragominas/zona-0042/c0b43c4c80e978dc9c21a9f996e07f12.jpg", "https://vocefiscal-poll-tape-uploads.s3.amazonaws.com/us-east-1%3A09f33092-8f95-46fa-a036-36fa21e63b07/br/pa/paragominas/zona-0042/3d3f89cb073eb07e398da050e178c5b2.jpg", "https://vocefiscal-poll-tape-uploads.s3.amazonaws.com/us-east-1%3A09f33092-8f95-46fa-a036-36fa21e63b07/br/pa/paragominas/zona-0042/8d95e0cf182820eb8226a3955822d86f.jpg", "https://vocefiscal-poll-tape-uploads.s3.amazonaws.com/us-east-1%3A09f33092-8f95-46fa-a036-36fa21e63b07/br/pa/paragominas/zona-0042/d14d217aedbf4740891f7b25a73c5136.jpg", "https://vocefiscal-poll-tape-uploads.s3.amazonaws.com/us-east-1%3A09f33092-8f95-46fa-a036-36fa21e63b07/br/pa/paragominas/zona-0042/5f1834764d992dc6a36238bc79830405.jpg"]}