{"municipio": "BEL\u00c9M", "secaoEleitoral": "0081", "zonaEleitoral": "0095", "estado": "PA", "data": 1412540911360, "pictureURLList": ["https://vocefiscal-poll-tape-uploads.s3.amazonaws.com/us-east-1%3A8f4b17c5-793f-4e42-a02f-0f8b9bca9025/br/pa/belem/zona-0095/f6ce4c4375badb0e915e7544450a51de.jpg", "https://vocefiscal-poll-tape-uploads.s3.amazonaws.com/us-east-1%3A8f4b17c5-793f-4e42-a02f-0f8b9bca9025/br/pa/belem/zona-0095/9e57dbbd0757bcaadb08fdac51ac5b7f.jpg", "https://vocefiscal-poll-tape-uploads.s3.amazonaws.com/us-east-1%3A8f4b17c5-793f-4e42-a02f-0f8b9bca9025/br/pa/belem/zona-0095/57ba1b8408a1c20642a60b6a9aede248.jpg", "https://vocefiscal-poll-tape-uploads.s3.amazonaws.com/us-east-1%3A8f4b17c5-793f-4e42-a02f-0f8b9bca9025/br/pa/belem/zona-0095/7ef2a55a6e72ec93d73ce830dfbfe062.jpg", "https://vocefiscal-poll-tape-uploads.s3.amazonaws.com/us-east-1%3A8f4b17c5-793f-4e42-a02f-0f8b9bca9025/br/pa/belem/zona-0095/8b1204e9650443458337e44c01a1f2ab.jpg", "https://vocefiscal-poll-tape-uploads.s3.amazonaws.com/us-east-1%3A8f4b17c5-793f-4e42-a02f-0f8b9bca9025/br/pa/belem/zona-0095/37c9a68521f805af8210c43a6aa90553.jpg", "https://vocefiscal-poll-tape-uploads.s3.amazonaws.com/us-east-1%3A8f4b17c5-793f-4e42-a02f-0f8b9bca9025/br/pa/belem/zona-0095/9ad943548cd7ccebfb59b8fcbab049b0.jpg", "https://vocefiscal-poll-tape-uploads.s3.amazonaws.com/us-east-1%3A8f4b17c5-793f-4e42-a02f-0f8b9bca9025/br/pa/belem/zona-0095/a21a9d0db9b99542cd2a90ce664e3816.jpg", "https://vocefiscal-poll-tape-uploads.s3.amazonaws.com/us-east-1%3A8f4b17c5-793f-4e42-a02f-0f8b9bca9025/br/pa/belem/zona-0095/ef58b3d932829312be61a34ec49ec2fb.jpg", "https://vocefiscal-poll-tape-uploads.s3.amazonaws.com/us-east-1%3A8f4b17c5-793f-4e42-a02f-0f8b9bca9025/br/pa/belem/zona-0095/a1b625d100d4d60349725398a607b1b0.jpg", "https://vocefiscal-poll-tape-uploads.s3.amazonaws.com/us-east-1%3A8f4b17c5-793f-4e42-a02f-0f8b9bca9025/br/pa/belem/zona-0095/beab063fd0b5d677e5549db734c7c966.jpg", "https://vocefiscal-poll-tape-uploads.s3.amazonaws.com/us-east-1%3A8f4b17c5-793f-4e42-a02f-0f8b9bca9025/br/pa/belem/zona-0095/916b3a859ae2369bb642f3c7b7c50e6c.jpg", "https://vocefiscal-poll-tape-uploads.s3.amazonaws.com/us-east-1%3A8f4b17c5-793f-4e42-a02f-0f8b9bca9025/br/pa/belem/zona-0095/8e29345ea2b0d6f57422fa0b1d10cdd.jpg", "https://vocefiscal-poll-tape-uploads.s3.amazonaws.com/us-east-1%3A8f4b17c5-793f-4e42-a02f-0f8b9bca9025/br/pa/belem/zona-0095/d1fdccbb28e5392648807d64fd335655.jpg", "https://vocefiscal-poll-tape-uploads.s3.amazonaws.com/us-east-1%3A8f4b17c5-793f-4e42-a02f-0f8b9bca9025/br/pa/belem/zona-0095/2be69e951fc3b95db601dabe05b40778.jpg", "https://vocefiscal-poll-tape-uploads.s3.amazonaws.com/us-east-1%3A8f4b17c5-793f-4e42-a02f-0f8b9bca9025/br/pa/belem/zona-0095/be02b8bdff0abee6e85902e4e38c232e.jpg", "https://vocefiscal-poll-tape-uploads.s3.amazonaws.com/us-east-1%3A8f4b17c5-793f-4e42-a02f-0f8b9bca9025/br/pa/belem/zona-0095/594212019eb45630b26d23bd29dc28df.jpg", "https://vocefiscal-poll-tape-uploads.s3.amazonaws.com/us-east-1%3A8f4b17c5-793f-4e42-a02f-0f8b9bca9025/br/pa/belem/zona-0095/b01e2f6fdb87bb45e27b02b3f8b15a21.jpg", "https://vocefiscal-poll-tape-uploads.s3.amazonaws.com/us-east-1%3A8f4b17c5-793f-4e42-a02f-0f8b9bca9025/br/pa/belem/zona-0095/e965a2c292519de65ec85ad1b10acaf.jpg", "https://vocefiscal-poll-tape-uploads.s3.amazonaws.com/us-east-1%3A8f4b17c5-793f-4e42-a02f-0f8b9bca9025/br/pa/belem/zona-0095/f4d0bbde8abea5ba8c760982630b673a.jpg", "https://vocefiscal-poll-tape-uploads.s3.amazonaws.com/us-east-1%3A8f4b17c5-793f-4e42-a02f-0f8b9bca9025/br/pa/belem/zona-0095/b7800cd816622bdc8f88462be6c50107.jpg", "https://vocefiscal-poll-tape-uploads.s3.amazonaws.com/us-east-1%3A8f4b17c5-793f-4e42-a02f-0f8b9bca9025/br/pa/belem/zona-0095/3641e895b7791db5def161dd34f8b966.jpg", "https://vocefiscal-poll-tape-uploads.s3.amazonaws.com/us-east-1%3A8f4b17c5-793f-4e42-a02f-0f8b9bca9025/br/pa/belem/zona-0095/c5314569923ca1d5fc05aadc76f816fa.jpg", "https://vocefiscal-poll-tape-uploads.s3.amazonaws.com/us-east-1%3A8f4b17c5-793f-4e42-a02f-0f8b9bca9025/br/pa/belem/zona-0095/9969d3a09d25aa6cdf0e8057b4d9b271.jpg", "https://vocefiscal-poll-tape-uploads.s3.amazonaws.com/us-east-1%3A8f4b17c5-793f-4e42-a02f-0f8b9bca9025/br/pa/belem/zona-0095/83ced85c6b03200fa472dffc07fd6d4a.jpg", "https://vocefiscal-poll-tape-uploads.s3.amazonaws.com/us-east-1%3A8f4b17c5-793f-4e42-a02f-0f8b9bca9025/br/pa/belem/zona-0095/a496dc5a8ed61fc41db51eb7f09ca23e.jpg", "https://vocefiscal-poll-tape-uploads.s3.amazonaws.com/us-east-1%3A8f4b17c5-793f-4e42-a02f-0f8b9bca9025/br/pa/belem/zona-0095/b9b43a21d09856a85b551b95ba28fd68.jpg", "https://vocefiscal-poll-tape-uploads.s3.amazonaws.com/us-east-1%3A8f4b17c5-793f-4e42-a02f-0f8b9bca9025/br/pa/belem/zona-0095/9b3cb0e1cf4adff1ae6e119b32b9350.jpg", "https://vocefiscal-poll-tape-uploads.s3.amazonaws.com/us-east-1%3A8f4b17c5-793f-4e42-a02f-0f8b9bca9025/br/pa/belem/zona-0095/5af208d3b2f27cb9215b0aa14125be17.jpg", "https://vocefiscal-poll-tape-uploads.s3.amazonaws.com/us-east-1%3A8f4b17c5-793f-4e42-a02f-0f8b9bca9025/br/pa/belem/zona-0095/ae757d96f43445d2a8bb432b1e293ed8.jpg", "https://vocefiscal-poll-tape-uploads.s3.amazonaws.com/us-east-1%3A8f4b17c5-793f-4e42-a02f-0f8b9bca9025/br/pa/belem/zona-0095/fcfad1e6d20e40f9c354a3f1f6b19a3.jpg", "https://vocefiscal-poll-tape-uploads.s3.amazonaws.com/us-east-1%3A8f4b17c5-793f-4e42-a02f-0f8b9bca9025/br/pa/belem/zona-0095/6067088d0bedce8d606552d68ae62683.jpg", "https://vocefiscal-poll-tape-uploads.s3.amazonaws.com/us-east-1%3A8f4b17c5-793f-4e42-a02f-0f8b9bca9025/br/pa/belem/zona-0095/ebaaacf4812ae66bbe85d8eb41cd7c8e.jpg", "https://vocefiscal-poll-tape-uploads.s3.amazonaws.com/us-east-1%3A8f4b17c5-793f-4e42-a02f-0f8b9bca9025/br/pa/belem/zona-0095/b127adacc8647f49865cd4e2422a0114.jpg", "https://vocefiscal-poll-tape-uploads.s3.amazonaws.com/us-east-1%3A8f4b17c5-793f-4e42-a02f-0f8b9bca9025/br/pa/belem/zona-0095/5e12c5ced4d5935833a6f20ebf052186.jpg", "https://vocefiscal-poll-tape-uploads.s3.amazonaws.com/us-east-1%3A8f4b17c5-793f-4e42-a02f-0f8b9bca9025/br/pa/belem/zona-0095/a3137461b232e8e43a4f7ecb23b0acfc.jpg", "https://vocefiscal-poll-tape-uploads.s3.amazonaws.com/us-east-1%3A8f4b17c5-793f-4e42-a02f-0f8b9bca9025/br/pa/belem/zona-0095/83319fd847d1e1f1d9c6959fbc332636.jpg", "https://vocefiscal-poll-tape-uploads.s3.amazonaws.com/us-east-1%3A8f4b17c5-793f-4e42-a02f-0f8b9bca9025/br/pa/belem/zona-0095/7bc976e197e2009d7c175d3cf04a37c0.jpg", "https://vocefiscal-poll-tape-uploads.s3.amazonaws.com/us-east-1%3A8f4b17c5-793f-4e42-a02f-0f8b9bca9025/br/pa/belem/zona-0095/b2010d8005ee70e4aa05aa61d7a8acf3.jpg"]}