{"municipio": "BEL\u00c9M", "secaoEleitoral": "0220", "zonaEleitoral": "0096", "localDaVotacao": "1317", "estado": "PA", "data": 1412547643296, "pictureURLList": ["https://vocefiscal-poll-tape-uploads.s3.amazonaws.com/us-east-1%3A46d53c4b-2da6-4ec1-8798-e8d4f4318903/br/pa/belem/zona-0096/47dbe9a3bdc2cc38853a34cf4ac8ba96.jpg", "https://vocefiscal-poll-tape-uploads.s3.amazonaws.com/us-east-1%3A46d53c4b-2da6-4ec1-8798-e8d4f4318903/br/pa/belem/zona-0096/a620dcd0596ac1bda0b467045050809.jpg", "https://vocefiscal-poll-tape-uploads.s3.amazonaws.com/us-east-1%3A46d53c4b-2da6-4ec1-8798-e8d4f4318903/br/pa/belem/zona-0096/d70fba1e345b5f8a1062202ee9d19c91.jpg", "https://vocefiscal-poll-tape-uploads.s3.amazonaws.com/us-east-1%3A46d53c4b-2da6-4ec1-8798-e8d4f4318903/br/pa/belem/zona-0096/98f9d0fcf1ee4f530513b7a9a4584431.jpg", "https://vocefiscal-poll-tape-uploads.s3.amazonaws.com/us-east-1%3A46d53c4b-2da6-4ec1-8798-e8d4f4318903/br/pa/belem/zona-0096/105f9ae793e6f63cdb85a43f57c25643.jpg", "https://vocefiscal-poll-tape-uploads.s3.amazonaws.com/us-east-1%3A46d53c4b-2da6-4ec1-8798-e8d4f4318903/br/pa/belem/zona-0096/b3877ab23a83d167445c0b9b7b9430a4.jpg", "https://vocefiscal-poll-tape-uploads.s3.amazonaws.com/us-east-1%3A46d53c4b-2da6-4ec1-8798-e8d4f4318903/br/pa/belem/zona-0096/9fc420b2e6996f08aec43bb7e4ab3a1a.jpg", "https://vocefiscal-poll-tape-uploads.s3.amazonaws.com/us-east-1%3A46d53c4b-2da6-4ec1-8798-e8d4f4318903/br/pa/belem/zona-0096/3d00114b88ae3a812c25c560397d2392.jpg", "https://vocefiscal-poll-tape-uploads.s3.amazonaws.com/us-east-1%3A46d53c4b-2da6-4ec1-8798-e8d4f4318903/br/pa/belem/zona-0096/ad0a64e521dd345bb7f4fbffac6d6bc4.jpg", "https://vocefiscal-poll-tape-uploads.s3.amazonaws.com/us-east-1%3A46d53c4b-2da6-4ec1-8798-e8d4f4318903/br/pa/belem/zona-0096/aa09dda5707b12a03c4fdf9a34ace59f.jpg", "https://vocefiscal-poll-tape-uploads.s3.amazonaws.com/us-east-1%3A46d53c4b-2da6-4ec1-8798-e8d4f4318903/br/pa/belem/zona-0096/ce9f135d2f75f87f4008f5a910e59d3d.jpg", "https://vocefiscal-poll-tape-uploads.s3.amazonaws.com/us-east-1%3A46d53c4b-2da6-4ec1-8798-e8d4f4318903/br/pa/belem/zona-0096/5bb26006c7f3057e7448d3c161e8ba9.jpg", "https://vocefiscal-poll-tape-uploads.s3.amazonaws.com/us-east-1%3A46d53c4b-2da6-4ec1-8798-e8d4f4318903/br/pa/belem/zona-0096/d52d8d0f74ac7b001a3c0ad735a91e0a.jpg", "https://vocefiscal-poll-tape-uploads.s3.amazonaws.com/us-east-1%3A46d53c4b-2da6-4ec1-8798-e8d4f4318903/br/pa/belem/zona-0096/3e3ffaa73ace8ca8d6362bd69100c00.jpg", "https://vocefiscal-poll-tape-uploads.s3.amazonaws.com/us-east-1%3A46d53c4b-2da6-4ec1-8798-e8d4f4318903/br/pa/belem/zona-0096/deedaaaa01ce29bdabf38fa415a59af9.jpg", "https://vocefiscal-poll-tape-uploads.s3.amazonaws.com/us-east-1%3A46d53c4b-2da6-4ec1-8798-e8d4f4318903/br/pa/belem/zona-0096/1f4fcc4f72263573872de80c7230bc39.jpg", "https://vocefiscal-poll-tape-uploads.s3.amazonaws.com/us-east-1%3A46d53c4b-2da6-4ec1-8798-e8d4f4318903/br/pa/belem/zona-0096/ea9bbd816c0ebe6005df5f391669a5be.jpg", "https://vocefiscal-poll-tape-uploads.s3.amazonaws.com/us-east-1%3A46d53c4b-2da6-4ec1-8798-e8d4f4318903/br/pa/belem/zona-0096/9f934156f0113e8e5f397b41286e0a77.jpg", "https://vocefiscal-poll-tape-uploads.s3.amazonaws.com/us-east-1%3A46d53c4b-2da6-4ec1-8798-e8d4f4318903/br/pa/belem/zona-0096/ed8348e85a792018a6d175ebb7c87c10.jpg", "https://vocefiscal-poll-tape-uploads.s3.amazonaws.com/us-east-1%3A46d53c4b-2da6-4ec1-8798-e8d4f4318903/br/pa/belem/zona-0096/336f30f11853cba2417269ba8beb6764.jpg", "https://vocefiscal-poll-tape-uploads.s3.amazonaws.com/us-east-1%3A46d53c4b-2da6-4ec1-8798-e8d4f4318903/br/pa/belem/zona-0096/5084009a199ae65a90b6d775b79b2f4b.jpg", "https://vocefiscal-poll-tape-uploads.s3.amazonaws.com/us-east-1%3A46d53c4b-2da6-4ec1-8798-e8d4f4318903/br/pa/belem/zona-0096/f5674e50e626cc405cc8ccd067907934.jpg", "https://vocefiscal-poll-tape-uploads.s3.amazonaws.com/us-east-1%3A46d53c4b-2da6-4ec1-8798-e8d4f4318903/br/pa/belem/zona-0096/502e715be4980c77fae596ab90b9cc3f.jpg", "https://vocefiscal-poll-tape-uploads.s3.amazonaws.com/us-east-1%3A46d53c4b-2da6-4ec1-8798-e8d4f4318903/br/pa/belem/zona-0096/37719b030e511907ec20aa7af004ce19.jpg", "https://vocefiscal-poll-tape-uploads.s3.amazonaws.com/us-east-1%3A46d53c4b-2da6-4ec1-8798-e8d4f4318903/br/pa/belem/zona-0096/bc95314b94cdef93ba97f716fecb7358.jpg", "https://vocefiscal-poll-tape-uploads.s3.amazonaws.com/us-east-1%3A46d53c4b-2da6-4ec1-8798-e8d4f4318903/br/pa/belem/zona-0096/8cbae76cdfc0f79ade736ea43303a211.jpg", "https://vocefiscal-poll-tape-uploads.s3.amazonaws.com/us-east-1%3A46d53c4b-2da6-4ec1-8798-e8d4f4318903/br/pa/belem/zona-0096/a2540329f91b6b8c0a7d9f55b259042f.jpg", "https://vocefiscal-poll-tape-uploads.s3.amazonaws.com/us-east-1%3A46d53c4b-2da6-4ec1-8798-e8d4f4318903/br/pa/belem/zona-0096/c8e21061b1505392b87492c233d90ea6.jpg", "https://vocefiscal-poll-tape-uploads.s3.amazonaws.com/us-east-1%3A46d53c4b-2da6-4ec1-8798-e8d4f4318903/br/pa/belem/zona-0096/8c07caa5cf0d9170d8d40672ff19b9d3.jpg"]}