{"municipio": "BEL\u00c9M", "secaoEleitoral": "0094", "zonaEleitoral": "0028", "estado": "PA", "data": 1412541235225, "pictureURLList": ["https://vocefiscal-poll-tape-uploads.s3.amazonaws.com/us-east-1%3A65cf7772-0726-4d69-8acf-da0285c97f9c/br/pa/belem/zona-0028/61638882f9a316eefaaf91278a19e574.jpg", "https://vocefiscal-poll-tape-uploads.s3.amazonaws.com/us-east-1%3A65cf7772-0726-4d69-8acf-da0285c97f9c/br/pa/belem/zona-0028/c64052909a7d44ad132363b8acbdfd56.jpg", "https://vocefiscal-poll-tape-uploads.s3.amazonaws.com/us-east-1%3A65cf7772-0726-4d69-8acf-da0285c97f9c/br/pa/belem/zona-0028/2b29d868211b7e354358070c34d08a4c.jpg", "https://vocefiscal-poll-tape-uploads.s3.amazonaws.com/us-east-1%3A65cf7772-0726-4d69-8acf-da0285c97f9c/br/pa/belem/zona-0028/26682fb8c14d37e44a40ff5bbee6bc37.jpg", "https://vocefiscal-poll-tape-uploads.s3.amazonaws.com/us-east-1%3A65cf7772-0726-4d69-8acf-da0285c97f9c/br/pa/belem/zona-0028/b609b0cef847647cdc8ed6a94e651b63.jpg", "https://vocefiscal-poll-tape-uploads.s3.amazonaws.com/us-east-1%3A65cf7772-0726-4d69-8acf-da0285c97f9c/br/pa/belem/zona-0028/79ce636770c6a9224c1df250f74c4cf9.jpg", "https://vocefiscal-poll-tape-uploads.s3.amazonaws.com/us-east-1%3A65cf7772-0726-4d69-8acf-da0285c97f9c/br/pa/belem/zona-0028/b7d16be28d25e9d1039703bb8b5c9c1b.jpg", "https://vocefiscal-poll-tape-uploads.s3.amazonaws.com/us-east-1%3A65cf7772-0726-4d69-8acf-da0285c97f9c/br/pa/belem/zona-0028/de6f89d920b4c4cf5acfa05f6d0854fa.jpg", "https://vocefiscal-poll-tape-uploads.s3.amazonaws.com/us-east-1%3A65cf7772-0726-4d69-8acf-da0285c97f9c/br/pa/belem/zona-0028/c2a8fca8c8542861ac18623ac4758d2.jpg", "https://vocefiscal-poll-tape-uploads.s3.amazonaws.com/us-east-1%3A65cf7772-0726-4d69-8acf-da0285c97f9c/br/pa/belem/zona-0028/4ab6641cbe52e0a7fea95d04334ff26d.jpg", "https://vocefiscal-poll-tape-uploads.s3.amazonaws.com/us-east-1%3A65cf7772-0726-4d69-8acf-da0285c97f9c/br/pa/belem/zona-0028/a041c400566b0e5952b3f61c14f252db.jpg", "https://vocefiscal-poll-tape-uploads.s3.amazonaws.com/us-east-1%3A65cf7772-0726-4d69-8acf-da0285c97f9c/br/pa/belem/zona-0028/39046e56f25ab1eee14a90f9666b79c2.jpg", "https://vocefiscal-poll-tape-uploads.s3.amazonaws.com/us-east-1%3A65cf7772-0726-4d69-8acf-da0285c97f9c/br/pa/belem/zona-0028/e1004c3536f842630a1ccb71fdeca012.jpg", "https://vocefiscal-poll-tape-uploads.s3.amazonaws.com/us-east-1%3A65cf7772-0726-4d69-8acf-da0285c97f9c/br/pa/belem/zona-0028/2551540a2477c455187080ad2ee9414b.jpg", "https://vocefiscal-poll-tape-uploads.s3.amazonaws.com/us-east-1%3A65cf7772-0726-4d69-8acf-da0285c97f9c/br/pa/belem/zona-0028/225e4cb77b805d977d6fa553ee02962.jpg", "https://vocefiscal-poll-tape-uploads.s3.amazonaws.com/us-east-1%3A65cf7772-0726-4d69-8acf-da0285c97f9c/br/pa/belem/zona-0028/ea5a72b011d1321a7e3dbd7ffc54c995.jpg", "https://vocefiscal-poll-tape-uploads.s3.amazonaws.com/us-east-1%3A65cf7772-0726-4d69-8acf-da0285c97f9c/br/pa/belem/zona-0028/a700070e03a680c5f8ba80b5400f19d4.jpg", "https://vocefiscal-poll-tape-uploads.s3.amazonaws.com/us-east-1%3A65cf7772-0726-4d69-8acf-da0285c97f9c/br/pa/belem/zona-0028/9b901b0d9a1be01726b1464d78875ad1.jpg", "https://vocefiscal-poll-tape-uploads.s3.amazonaws.com/us-east-1%3A65cf7772-0726-4d69-8acf-da0285c97f9c/br/pa/belem/zona-0028/574a342aa425ce356ed19d609bce8b36.jpg", "https://vocefiscal-poll-tape-uploads.s3.amazonaws.com/us-east-1%3A65cf7772-0726-4d69-8acf-da0285c97f9c/br/pa/belem/zona-0028/c1dbb41fc6b7e251b9d3c637fe95a949.jpg", "https://vocefiscal-poll-tape-uploads.s3.amazonaws.com/us-east-1%3A65cf7772-0726-4d69-8acf-da0285c97f9c/br/pa/belem/zona-0028/ee7767b74c3c122596c54c7aed095837.jpg", "https://vocefiscal-poll-tape-uploads.s3.amazonaws.com/us-east-1%3A65cf7772-0726-4d69-8acf-da0285c97f9c/br/pa/belem/zona-0028/bfeb27cc0a42f340b01829c9fbe8d3a1.jpg", "https://vocefiscal-poll-tape-uploads.s3.amazonaws.com/us-east-1%3A65cf7772-0726-4d69-8acf-da0285c97f9c/br/pa/belem/zona-0028/af081d783bc481380cfd24425fe3f380.jpg", "https://vocefiscal-poll-tape-uploads.s3.amazonaws.com/us-east-1%3A65cf7772-0726-4d69-8acf-da0285c97f9c/br/pa/belem/zona-0028/3a298fc465c57ccb7348d418e8424070.jpg", "https://vocefiscal-poll-tape-uploads.s3.amazonaws.com/us-east-1%3A65cf7772-0726-4d69-8acf-da0285c97f9c/br/pa/belem/zona-0028/ce49dd967d5dd39da6d1af80ec26f2d7.jpg", "https://vocefiscal-poll-tape-uploads.s3.amazonaws.com/us-east-1%3A65cf7772-0726-4d69-8acf-da0285c97f9c/br/pa/belem/zona-0028/c135db4f71121180cfa41e602802883.jpg", "https://vocefiscal-poll-tape-uploads.s3.amazonaws.com/us-east-1%3A65cf7772-0726-4d69-8acf-da0285c97f9c/br/pa/belem/zona-0028/d5e763807520b79fe12c52cf24a91765.jpg", "https://vocefiscal-poll-tape-uploads.s3.amazonaws.com/us-east-1%3A65cf7772-0726-4d69-8acf-da0285c97f9c/br/pa/belem/zona-0028/55530831a985db077e2d225b2cd422e7.jpg", "https://vocefiscal-poll-tape-uploads.s3.amazonaws.com/us-east-1%3A65cf7772-0726-4d69-8acf-da0285c97f9c/br/pa/belem/zona-0028/236e4af17f33b2bc97b8bd46e2157b77.jpg", "https://vocefiscal-poll-tape-uploads.s3.amazonaws.com/us-east-1%3A65cf7772-0726-4d69-8acf-da0285c97f9c/br/pa/belem/zona-0028/26eb2b8df53ee1b5aa02d586405e2f95.jpg", "https://vocefiscal-poll-tape-uploads.s3.amazonaws.com/us-east-1%3A65cf7772-0726-4d69-8acf-da0285c97f9c/br/pa/belem/zona-0028/44816d1e0ef741cd44b816d4fe50a73b.jpg", "https://vocefiscal-poll-tape-uploads.s3.amazonaws.com/us-east-1%3A65cf7772-0726-4d69-8acf-da0285c97f9c/br/pa/belem/zona-0028/151911736eac1fc1f09b61b98764635c.jpg", "https://vocefiscal-poll-tape-uploads.s3.amazonaws.com/us-east-1%3A65cf7772-0726-4d69-8acf-da0285c97f9c/br/pa/belem/zona-0028/97c3c845d3ed284c36f0b53b9617abba.jpg", "https://vocefiscal-poll-tape-uploads.s3.amazonaws.com/us-east-1%3A65cf7772-0726-4d69-8acf-da0285c97f9c/br/pa/belem/zona-0028/7abcc9c464d4079eeddb623f52cc2fff.jpg", "https://vocefiscal-poll-tape-uploads.s3.amazonaws.com/us-east-1%3A65cf7772-0726-4d69-8acf-da0285c97f9c/br/pa/belem/zona-0028/cc77a2438e86606ae9064767911daba3.jpg", "https://vocefiscal-poll-tape-uploads.s3.amazonaws.com/us-east-1%3A65cf7772-0726-4d69-8acf-da0285c97f9c/br/pa/belem/zona-0028/2010e6d10c3fb0c3147f658fe8ef8e5c.jpg"]}