{"municipio": "BELÉM", "secaoEleitoral": "0138", "data": 1412543830218, "pictureURLList": ["https://vocefiscal-poll-tape-uploads.s3.amazonaws.com/us-east-1%3A2139f919-61a8-4c9a-941a-7e6e004ff130/br/sp/campinas/zona-0029/6a1aafe5f7cb1ef92991ccdc11fa58ab.jpg", "https://vocefiscal-poll-tape-uploads.s3.amazonaws.com/us-east-1%3A2139f919-61a8-4c9a-941a-7e6e004ff130/br/sp/campinas/zona-0029/f9acc0ef169a829d8a61c93d27227a6e.jpg", "https://vocefiscal-poll-tape-uploads.s3.amazonaws.com/us-east-1%3A2139f919-61a8-4c9a-941a-7e6e004ff130/br/sp/campinas/zona-0029/39d9910ed42255ab905fa0cb866aa554.jpg", "https://vocefiscal-poll-tape-uploads.s3.amazonaws.com/us-east-1%3A2139f919-61a8-4c9a-941a-7e6e004ff130/br/sp/campinas/zona-0029/67d9d9fd0abb06941e102f00a16213a2.jpg", "https://vocefiscal-poll-tape-uploads.s3.amazonaws.com/us-east-1%3A2139f919-61a8-4c9a-941a-7e6e004ff130/br/sp/campinas/zona-0029/fd2c766e70b7d56feb1e0996401ed748.jpg", "https://vocefiscal-poll-tape-uploads.s3.amazonaws.com/us-east-1%3A2139f919-61a8-4c9a-941a-7e6e004ff130/br/sp/campinas/zona-0029/52c75a391d269fb9027c9f03757fea8f.jpg", "https://vocefiscal-poll-tape-uploads.s3.amazonaws.com/us-east-1%3A2139f919-61a8-4c9a-941a-7e6e004ff130/br/sp/campinas/zona-0029/39f377e7753d84c7f8a0e7303d00e8ec.jpg", "https://vocefiscal-poll-tape-uploads.s3.amazonaws.com/us-east-1%3A2139f919-61a8-4c9a-941a-7e6e004ff130/br/sp/campinas/zona-0029/31abaadc986f00a97e65b5c60ba3befc.jpg", "https://vocefiscal-poll-tape-uploads.s3.amazonaws.com/us-east-1%3A2139f919-61a8-4c9a-941a-7e6e004ff130/br/sp/campinas/zona-0029/bb30bfc0a5231b7173eb15ac35f5076f.jpg", "https://vocefiscal-poll-tape-uploads.s3.amazonaws.com/us-east-1%3A2139f919-61a8-4c9a-941a-7e6e004ff130/br/sp/campinas/zona-0029/41d2be0ce654b388fc59233ef7879eaa.jpg", "https://vocefiscal-poll-tape-uploads.s3.amazonaws.com/us-east-1%3A2139f919-61a8-4c9a-941a-7e6e004ff130/br/sp/campinas/zona-0029/1c6d314f40539266b35ab4af52524c95.jpg", "https://vocefiscal-poll-tape-uploads.s3.amazonaws.com/us-east-1%3A2139f919-61a8-4c9a-941a-7e6e004ff130/br/sp/campinas/zona-0029/33a33e26055dc3c0594b460be89ab139.jpg", "https://vocefiscal-poll-tape-uploads.s3.amazonaws.com/us-east-1%3A2139f919-61a8-4c9a-941a-7e6e004ff130/br/sp/campinas/zona-0029/e679478e89d63c0ad7e226e7355d130e.jpg", "https://vocefiscal-poll-tape-uploads.s3.amazonaws.com/us-east-1%3A2139f919-61a8-4c9a-941a-7e6e004ff130/br/sp/campinas/zona-0029/79c8e3cf4a5024aca76b647c8db4592b.jpg", "https://vocefiscal-poll-tape-uploads.s3.amazonaws.com/us-east-1%3A2139f919-61a8-4c9a-941a-7e6e004ff130/br/sp/campinas/zona-0029/e1f38673c072781d9df6abbe32d8d153.jpg", "https://vocefiscal-poll-tape-uploads.s3.amazonaws.com/us-east-1%3A2139f919-61a8-4c9a-941a-7e6e004ff130/br/sp/campinas/zona-0029/c831da4cd6e8a02aeaa4d0ff75069095.jpg"], "zonaEleitoral": "0029", "estado": "PA"}