{"municipio": "BEL\u00c9M", "secaoEleitoral": "0090", "zonaEleitoral": "0097", "localDaVotacao": "1201", "estado": "PA", "data": 1412544707970, "pictureURLList": ["https://vocefiscal-poll-tape-uploads.s3.amazonaws.com/us-east-1%3A927f382e-9bd7-46fa-89e1-2ecd3a6192ce/br/pa/belem/zona-0097/d194f76b0d81a40a9d089215c7b50c0a.jpg", "https://vocefiscal-poll-tape-uploads.s3.amazonaws.com/us-east-1%3A927f382e-9bd7-46fa-89e1-2ecd3a6192ce/br/pa/belem/zona-0097/62f04689429efe1efb01e228ab460834.jpg", "https://vocefiscal-poll-tape-uploads.s3.amazonaws.com/us-east-1%3A927f382e-9bd7-46fa-89e1-2ecd3a6192ce/br/pa/belem/zona-0097/f46e926c29164ad93a47f945481963d9.jpg", "https://vocefiscal-poll-tape-uploads.s3.amazonaws.com/us-east-1%3A927f382e-9bd7-46fa-89e1-2ecd3a6192ce/br/pa/belem/zona-0097/12dc94cb80ecf6b87b94ce7e8add55ef.jpg", "https://vocefiscal-poll-tape-uploads.s3.amazonaws.com/us-east-1%3A927f382e-9bd7-46fa-89e1-2ecd3a6192ce/br/pa/belem/zona-0097/c00c9eb4a15f1481a0063713b60d5d4a.jpg", "https://vocefiscal-poll-tape-uploads.s3.amazonaws.com/us-east-1%3A927f382e-9bd7-46fa-89e1-2ecd3a6192ce/br/pa/belem/zona-0097/d1d0c99fcdb66f5bf88457a25149076c.jpg", "https://vocefiscal-poll-tape-uploads.s3.amazonaws.com/us-east-1%3A927f382e-9bd7-46fa-89e1-2ecd3a6192ce/br/pa/belem/zona-0097/bbe43f3c604bfdbf6491b9831a2c1fd3.jpg", "https://vocefiscal-poll-tape-uploads.s3.amazonaws.com/us-east-1%3A927f382e-9bd7-46fa-89e1-2ecd3a6192ce/br/pa/belem/zona-0097/1732141b6da5844cd3d7b3cb116ed7d5.jpg", "https://vocefiscal-poll-tape-uploads.s3.amazonaws.com/us-east-1%3A927f382e-9bd7-46fa-89e1-2ecd3a6192ce/br/pa/belem/zona-0097/5d5dc5af4e6e656c2be883e61d0cccb7.jpg", "https://vocefiscal-poll-tape-uploads.s3.amazonaws.com/us-east-1%3A927f382e-9bd7-46fa-89e1-2ecd3a6192ce/br/pa/belem/zona-0097/3610b224c9549d86d3e3efc295515c90.jpg", "https://vocefiscal-poll-tape-uploads.s3.amazonaws.com/us-east-1%3A927f382e-9bd7-46fa-89e1-2ecd3a6192ce/br/pa/belem/zona-0097/8f587ab5819841a90f117924a4e55cb2.jpg", "https://vocefiscal-poll-tape-uploads.s3.amazonaws.com/us-east-1%3A927f382e-9bd7-46fa-89e1-2ecd3a6192ce/br/pa/belem/zona-0097/da1fa026a49e1e8d2b84e3fb28e339e3.jpg", "https://vocefiscal-poll-tape-uploads.s3.amazonaws.com/us-east-1%3A927f382e-9bd7-46fa-89e1-2ecd3a6192ce/br/pa/belem/zona-0097/8f587ab5819841a90f117924a4e55cb2.jpg", "https://vocefiscal-poll-tape-uploads.s3.amazonaws.com/us-east-1%3A927f382e-9bd7-46fa-89e1-2ecd3a6192ce/br/pa/belem/zona-0097/8f587ab5819841a90f117924a4e55cb2.jpg", "https://vocefiscal-poll-tape-uploads.s3.amazonaws.com/us-east-1%3A927f382e-9bd7-46fa-89e1-2ecd3a6192ce/br/pa/belem/zona-0097/3e0526b7af4d9d797085721003bdc047.jpg", "https://vocefiscal-poll-tape-uploads.s3.amazonaws.com/us-east-1%3A927f382e-9bd7-46fa-89e1-2ecd3a6192ce/br/pa/belem/zona-0097/30f56d88d637269506e52d6ea423f068.jpg", "https://vocefiscal-poll-tape-uploads.s3.amazonaws.com/us-east-1%3A927f382e-9bd7-46fa-89e1-2ecd3a6192ce/br/pa/belem/zona-0097/53a30c56036f4f9c58db7c34776cb89b.jpg", "https://vocefiscal-poll-tape-uploads.s3.amazonaws.com/us-east-1%3A927f382e-9bd7-46fa-89e1-2ecd3a6192ce/br/pa/belem/zona-0097/1627e308cc0170852e6fbcae1730d7e0.jpg", "https://vocefiscal-poll-tape-uploads.s3.amazonaws.com/us-east-1%3A927f382e-9bd7-46fa-89e1-2ecd3a6192ce/br/pa/belem/zona-0097/1ab27fe881f27542114f5dfc404bb19.jpg", "https://vocefiscal-poll-tape-uploads.s3.amazonaws.com/us-east-1%3A927f382e-9bd7-46fa-89e1-2ecd3a6192ce/br/pa/belem/zona-0097/77e7bd320d91d1a34e6710d907d38059.jpg"]}