{"municipio": "PARAGOMINAS", "secaoEleitoral": "0134", "zonaEleitoral": "0042", "estado": "PA", "data": 1412542060995, "pictureURLList": ["https://vocefiscal-poll-tape-uploads.s3.amazonaws.com/us-east-1%3A09f33092-8f95-46fa-a036-36fa21e63b07/br/pa/paragominas/zona-0042/b6eb76f13e6deb249e6f96c525fd275a.jpg", "https://vocefiscal-poll-tape-uploads.s3.amazonaws.com/us-east-1%3A09f33092-8f95-46fa-a036-36fa21e63b07/br/pa/paragominas/zona-0042/2346f4f49142318f0fd3d8e8085edf43.jpg", "https://vocefiscal-poll-tape-uploads.s3.amazonaws.com/us-east-1%3A09f33092-8f95-46fa-a036-36fa21e63b07/br/pa/paragominas/zona-0042/8f2955cddb6ffbb99ef74c2551bec9db.jpg", "https://vocefiscal-poll-tape-uploads.s3.amazonaws.com/us-east-1%3A09f33092-8f95-46fa-a036-36fa21e63b07/br/pa/paragominas/zona-0042/97e1510b4f2e4ed1226f547bc9c4bbeb.jpg", "https://vocefiscal-poll-tape-uploads.s3.amazonaws.com/us-east-1%3A09f33092-8f95-46fa-a036-36fa21e63b07/br/pa/paragominas/zona-0042/92270889eda90eea04f4684787bc3a29.jpg", "https://vocefiscal-poll-tape-uploads.s3.amazonaws.com/us-east-1%3A09f33092-8f95-46fa-a036-36fa21e63b07/br/pa/paragominas/zona-0042/f42bd93c45f87b0b52e12e734061b050.jpg", "https://vocefiscal-poll-tape-uploads.s3.amazonaws.com/us-east-1%3A09f33092-8f95-46fa-a036-36fa21e63b07/br/pa/paragominas/zona-0042/32d41007beb47e7a1f4b34fca5e28250.jpg", "https://vocefiscal-poll-tape-uploads.s3.amazonaws.com/us-east-1%3A09f33092-8f95-46fa-a036-36fa21e63b07/br/pa/paragominas/zona-0042/2b0462464cea908d1e9fc285f75184a1.jpg", "https://vocefiscal-poll-tape-uploads.s3.amazonaws.com/us-east-1%3A09f33092-8f95-46fa-a036-36fa21e63b07/br/pa/paragominas/zona-0042/820b4f6edcfc157528afe294845c8a5c.jpg", "https://vocefiscal-poll-tape-uploads.s3.amazonaws.com/us-east-1%3A09f33092-8f95-46fa-a036-36fa21e63b07/br/pa/paragominas/zona-0042/3dc89d17e9526e5aa6f86d43fe93010e.jpg", "https://vocefiscal-poll-tape-uploads.s3.amazonaws.com/us-east-1%3A09f33092-8f95-46fa-a036-36fa21e63b07/br/pa/paragominas/zona-0042/f04d0f35339f0d89127c7856b3c4a6af.jpg", "https://vocefiscal-poll-tape-uploads.s3.amazonaws.com/us-east-1%3A09f33092-8f95-46fa-a036-36fa21e63b07/br/pa/paragominas/zona-0042/b21cfb089ab69c674e260bdc49357e27.jpg", "https://vocefiscal-poll-tape-uploads.s3.amazonaws.com/us-east-1%3A09f33092-8f95-46fa-a036-36fa21e63b07/br/pa/paragominas/zona-0042/60e6b748f311623fc00414eb5421cdff.jpg", "https://vocefiscal-poll-tape-uploads.s3.amazonaws.com/us-east-1%3A09f33092-8f95-46fa-a036-36fa21e63b07/br/pa/paragominas/zona-0042/ee2e3341c23cc4055e8465c7b3e083da.jpg", "https://vocefiscal-poll-tape-uploads.s3.amazonaws.com/us-east-1%3A09f33092-8f95-46fa-a036-36fa21e63b07/br/pa/paragominas/zona-0042/eb69925a519bec5d775828ef0f90e241.jpg", "https://vocefiscal-poll-tape-uploads.s3.amazonaws.com/us-east-1%3A09f33092-8f95-46fa-a036-36fa21e63b07/br/pa/paragominas/zona-0042/7a18c071407fea543a8420892f463781.jpg", "https://vocefiscal-poll-tape-uploads.s3.amazonaws.com/us-east-1%3A09f33092-8f95-46fa-a036-36fa21e63b07/br/pa/paragominas/zona-0042/dfc428fe043f9057ef0cc030b6d10d74.jpg", "https://vocefiscal-poll-tape-uploads.s3.amazonaws.com/us-east-1%3A09f33092-8f95-46fa-a036-36fa21e63b07/br/pa/paragominas/zona-0042/909a5e4518af964a0f6696d3d145c229.jpg", "https://vocefiscal-poll-tape-uploads.s3.amazonaws.com/us-east-1%3A09f33092-8f95-46fa-a036-36fa21e63b07/br/pa/paragominas/zona-0042/e4dd1a0fa5cec36c5a8f2ed70b24cc6b.jpg", "https://vocefiscal-poll-tape-uploads.s3.amazonaws.com/us-east-1%3A09f33092-8f95-46fa-a036-36fa21e63b07/br/pa/paragominas/zona-0042/b553452e13013e4f37c8537e98e8d2e2.jpg", "https://vocefiscal-poll-tape-uploads.s3.amazonaws.com/us-east-1%3A09f33092-8f95-46fa-a036-36fa21e63b07/br/pa/paragominas/zona-0042/348f25cf76f0ca4a8ff247384359fcf1.jpg", "https://vocefiscal-poll-tape-uploads.s3.amazonaws.com/us-east-1%3A09f33092-8f95-46fa-a036-36fa21e63b07/br/pa/paragominas/zona-0042/6f793e1ed2ff3f28490ab5daaf251983.jpg", "https://vocefiscal-poll-tape-uploads.s3.amazonaws.com/us-east-1%3A09f33092-8f95-46fa-a036-36fa21e63b07/br/pa/paragominas/zona-0042/651143b9982e4758fc045af67d56c1f7.jpg", "https://vocefiscal-poll-tape-uploads.s3.amazonaws.com/us-east-1%3A09f33092-8f95-46fa-a036-36fa21e63b07/br/pa/paragominas/zona-0042/e921a2696e7e5b9c31a8a6e64bbe8dd.jpg", "https://vocefiscal-poll-tape-uploads.s3.amazonaws.com/us-east-1%3A09f33092-8f95-46fa-a036-36fa21e63b07/br/pa/paragominas/zona-0042/8686339abe6fedbe589a238e66a99238.jpg", "https://vocefiscal-poll-tape-uploads.s3.amazonaws.com/us-east-1%3A09f33092-8f95-46fa-a036-36fa21e63b07/br/pa/paragominas/zona-0042/ad68896081c700dbb5ed043b35921178.jpg", "https://vocefiscal-poll-tape-uploads.s3.amazonaws.com/us-east-1%3A09f33092-8f95-46fa-a036-36fa21e63b07/br/pa/paragominas/zona-0042/4d77d7feac0d204ed143a0c7abaf605d.jpg", "https://vocefiscal-poll-tape-uploads.s3.amazonaws.com/us-east-1%3A09f33092-8f95-46fa-a036-36fa21e63b07/br/pa/paragominas/zona-0042/34344fc0fe07f0779a15fb13c184d7fc.jpg"]}