{"municipio": "CASTANHAL", "secaoEleitoral": "0398", "zonaEleitoral": "0004", "localDaVotacao": "1813", "estado": "PA", "data": 1412546517063, "pictureURLList": ["https://vocefiscal-poll-tape-uploads.s3.amazonaws.com/us-east-1%3Af197b5ef-967e-41fd-9b5a-25377eb73d3d/br/pa/castanhal/zona-0004/df1e87367e73a7dcc85dfdc70b600d65.jpg", "https://vocefiscal-poll-tape-uploads.s3.amazonaws.com/us-east-1%3Af197b5ef-967e-41fd-9b5a-25377eb73d3d/br/pa/castanhal/zona-0004/c5b941d1c06d8cde6778c3daf1bc7b79.jpg", "https://vocefiscal-poll-tape-uploads.s3.amazonaws.com/us-east-1%3Af197b5ef-967e-41fd-9b5a-25377eb73d3d/br/pa/castanhal/zona-0004/2b25aa2a7c4749ceff8c56449b14caf5.jpg", "https://vocefiscal-poll-tape-uploads.s3.amazonaws.com/us-east-1%3Af197b5ef-967e-41fd-9b5a-25377eb73d3d/br/pa/castanhal/zona-0004/cf0a0e8955c12a89bcfe9aebb9a2dd30.jpg", "https://vocefiscal-poll-tape-uploads.s3.amazonaws.com/us-east-1%3Af197b5ef-967e-41fd-9b5a-25377eb73d3d/br/pa/castanhal/zona-0004/83976afd37e77f3d8683560fdb49612b.jpg", "https://vocefiscal-poll-tape-uploads.s3.amazonaws.com/us-east-1%3Af197b5ef-967e-41fd-9b5a-25377eb73d3d/br/pa/castanhal/zona-0004/8d2ddd057707c5c2d13cf916cb2cebbe.jpg", "https://vocefiscal-poll-tape-uploads.s3.amazonaws.com/us-east-1%3Af197b5ef-967e-41fd-9b5a-25377eb73d3d/br/pa/castanhal/zona-0004/4bca3a0aba5461cf31f328d44065ccb2.jpg", "https://vocefiscal-poll-tape-uploads.s3.amazonaws.com/us-east-1%3Af197b5ef-967e-41fd-9b5a-25377eb73d3d/br/pa/castanhal/zona-0004/8d9dcc585e510b85ab31172b062f787d.jpg", "https://vocefiscal-poll-tape-uploads.s3.amazonaws.com/us-east-1%3Af197b5ef-967e-41fd-9b5a-25377eb73d3d/br/pa/castanhal/zona-0004/484fb38362e46ab7332d3a3f93b8a1da.jpg", "https://vocefiscal-poll-tape-uploads.s3.amazonaws.com/us-east-1%3Af197b5ef-967e-41fd-9b5a-25377eb73d3d/br/pa/castanhal/zona-0004/ec668a895a6bcec78b396e9438f4ca73.jpg", "https://vocefiscal-poll-tape-uploads.s3.amazonaws.com/us-east-1%3Af197b5ef-967e-41fd-9b5a-25377eb73d3d/br/pa/castanhal/zona-0004/1b76fcd3c5bf4bf200cd91d57c70f22.jpg", "https://vocefiscal-poll-tape-uploads.s3.amazonaws.com/us-east-1%3Af197b5ef-967e-41fd-9b5a-25377eb73d3d/br/pa/castanhal/zona-0004/4a7ee5526bf8707aa4aa206e40375337.jpg", "https://vocefiscal-poll-tape-uploads.s3.amazonaws.com/us-east-1%3Af197b5ef-967e-41fd-9b5a-25377eb73d3d/br/pa/castanhal/zona-0004/33952f7166c3969b97a5905182fa3f5e.jpg", "https://vocefiscal-poll-tape-uploads.s3.amazonaws.com/us-east-1%3Af197b5ef-967e-41fd-9b5a-25377eb73d3d/br/pa/castanhal/zona-0004/fa30a5f27110c84d107f81d631c3c7a2.jpg", "https://vocefiscal-poll-tape-uploads.s3.amazonaws.com/us-east-1%3Af197b5ef-967e-41fd-9b5a-25377eb73d3d/br/pa/castanhal/zona-0004/95f397bb8a1f2b10a98dace1b3deeaa2.jpg", "https://vocefiscal-poll-tape-uploads.s3.amazonaws.com/us-east-1%3Af197b5ef-967e-41fd-9b5a-25377eb73d3d/br/pa/castanhal/zona-0004/a27d2fb11b552f05206ac45847eac8a7.jpg", "https://vocefiscal-poll-tape-uploads.s3.amazonaws.com/us-east-1%3Af197b5ef-967e-41fd-9b5a-25377eb73d3d/br/pa/castanhal/zona-0004/190deea30a318c02624e9951f0a2abeb.jpg"]}