{"municipio": "ANANINDEUA", "secaoEleitoral": "0631", "zonaEleitoral": "0043", "localDaVotacao": "1490", "estado": "PA", "data": 1412541170830, "pictureURLList": ["https://vocefiscal-poll-tape-uploads.s3.amazonaws.com/us-east-1%3A5b6b8d76-1bcc-47fb-a52d-062123682b00/br/pa/ananindeua/zona-0043/e0abea281b08b3790188e0bf7922d80d.jpg", "https://vocefiscal-poll-tape-uploads.s3.amazonaws.com/us-east-1%3A5b6b8d76-1bcc-47fb-a52d-062123682b00/br/pa/ananindeua/zona-0043/774da761571ec5c5efa91248ac46e44d.jpg", "https://vocefiscal-poll-tape-uploads.s3.amazonaws.com/us-east-1%3A5b6b8d76-1bcc-47fb-a52d-062123682b00/br/pa/ananindeua/zona-0043/d96fe8ca9dbaedc8c4c2820e46563d9d.jpg", "https://vocefiscal-poll-tape-uploads.s3.amazonaws.com/us-east-1%3A5b6b8d76-1bcc-47fb-a52d-062123682b00/br/pa/ananindeua/zona-0043/704e8909fbc82c2f50da09abbda47c62.jpg", "https://vocefiscal-poll-tape-uploads.s3.amazonaws.com/us-east-1%3A5b6b8d76-1bcc-47fb-a52d-062123682b00/br/pa/ananindeua/zona-0043/d17814b6d444cdb73e8f21d8b3ecb564.jpg", "https://vocefiscal-poll-tape-uploads.s3.amazonaws.com/us-east-1%3A5b6b8d76-1bcc-47fb-a52d-062123682b00/br/pa/ananindeua/zona-0043/f9104bcfca6b6692f63fa3583ed15e22.jpg", "https://vocefiscal-poll-tape-uploads.s3.amazonaws.com/us-east-1%3A5b6b8d76-1bcc-47fb-a52d-062123682b00/br/pa/ananindeua/zona-0043/77cdff2bedb184cfdaf843453c806e95.jpg", "https://vocefiscal-poll-tape-uploads.s3.amazonaws.com/us-east-1%3A5b6b8d76-1bcc-47fb-a52d-062123682b00/br/pa/ananindeua/zona-0043/a4ee6c9ee6235ee677bfc4cbaa8b5b6c.jpg", "https://vocefiscal-poll-tape-uploads.s3.amazonaws.com/us-east-1%3A5b6b8d76-1bcc-47fb-a52d-062123682b00/br/pa/ananindeua/zona-0043/c2a81ea35c4776c26249ab5d8d16d61b.jpg", "https://vocefiscal-poll-tape-uploads.s3.amazonaws.com/us-east-1%3A5b6b8d76-1bcc-47fb-a52d-062123682b00/br/pa/ananindeua/zona-0043/b7724f4c998919bf52b1a333286c454b.jpg", "https://vocefiscal-poll-tape-uploads.s3.amazonaws.com/us-east-1%3A5b6b8d76-1bcc-47fb-a52d-062123682b00/br/pa/ananindeua/zona-0043/12f9a1d164f103af50542ffb16500c2c.jpg", "https://vocefiscal-poll-tape-uploads.s3.amazonaws.com/us-east-1%3A5b6b8d76-1bcc-47fb-a52d-062123682b00/br/pa/ananindeua/zona-0043/f687fcae1087be174e943f1996cd106d.jpg", "https://vocefiscal-poll-tape-uploads.s3.amazonaws.com/us-east-1%3A5b6b8d76-1bcc-47fb-a52d-062123682b00/br/pa/ananindeua/zona-0043/8dc269e2bf6f46de62223d39d5edc4c5.jpg", "https://vocefiscal-poll-tape-uploads.s3.amazonaws.com/us-east-1%3A5b6b8d76-1bcc-47fb-a52d-062123682b00/br/pa/ananindeua/zona-0043/c0b883e74fd83c8db55dd952d10b360.jpg", "https://vocefiscal-poll-tape-uploads.s3.amazonaws.com/us-east-1%3A5b6b8d76-1bcc-47fb-a52d-062123682b00/br/pa/ananindeua/zona-0043/a3adf055fb0ea6815d27213af0acb360.jpg", "https://vocefiscal-poll-tape-uploads.s3.amazonaws.com/us-east-1%3A5b6b8d76-1bcc-47fb-a52d-062123682b00/br/pa/ananindeua/zona-0043/21b07073275ba2f0c54a0ce73f99fd8f.jpg", "https://vocefiscal-poll-tape-uploads.s3.amazonaws.com/us-east-1%3A5b6b8d76-1bcc-47fb-a52d-062123682b00/br/pa/ananindeua/zona-0043/919f073ec1280a35d633cf0564ef8992.jpg", "https://vocefiscal-poll-tape-uploads.s3.amazonaws.com/us-east-1%3A5b6b8d76-1bcc-47fb-a52d-062123682b00/br/pa/ananindeua/zona-0043/1544f106b70819844f831bac16a017ec.jpg", "https://vocefiscal-poll-tape-uploads.s3.amazonaws.com/us-east-1%3A5b6b8d76-1bcc-47fb-a52d-062123682b00/br/pa/ananindeua/zona-0043/ba07d163beed52ba204c43f0bc60f2dc.jpg", "https://vocefiscal-poll-tape-uploads.s3.amazonaws.com/us-east-1%3A5b6b8d76-1bcc-47fb-a52d-062123682b00/br/pa/ananindeua/zona-0043/96531d456a94ab95da61b6893d0a4032.jpg", "https://vocefiscal-poll-tape-uploads.s3.amazonaws.com/us-east-1%3A5b6b8d76-1bcc-47fb-a52d-062123682b00/br/pa/ananindeua/zona-0043/fcfd880d9a19bd60403c84d0aa330761.jpg", "https://vocefiscal-poll-tape-uploads.s3.amazonaws.com/us-east-1%3A5b6b8d76-1bcc-47fb-a52d-062123682b00/br/pa/ananindeua/zona-0043/25b1a7e670e6d301a0c17861a6362bca.jpg", "https://vocefiscal-poll-tape-uploads.s3.amazonaws.com/us-east-1%3A5b6b8d76-1bcc-47fb-a52d-062123682b00/br/pa/ananindeua/zona-0043/89f3abebbcc4c1ceec3cd08c8f526dfa.jpg", "https://vocefiscal-poll-tape-uploads.s3.amazonaws.com/us-east-1%3A5b6b8d76-1bcc-47fb-a52d-062123682b00/br/pa/ananindeua/zona-0043/e253ec1fd7b4d357e6be5a2a49fd6046.jpg", "https://vocefiscal-poll-tape-uploads.s3.amazonaws.com/us-east-1%3A5b6b8d76-1bcc-47fb-a52d-062123682b00/br/pa/ananindeua/zona-0043/c42a36b5d2bfc1e0b61f44aa1a968e41.jpg"]}