{"municipio": "ANANINDEUA", "secaoEleitoral": "0494", "zonaEleitoral": "0072", "localDaVotacao": "2216", "estado": "PA", "data": 1412541465346, "pictureURLList": ["https://vocefiscal-poll-tape-uploads.s3.amazonaws.com/us-east-1%3Ae1b05a59-9352-4438-9be2-304d697b19b8/br/pa/ananindeua/zona-0072/189f2888ffd7c7b7e8ebf6121215a096.jpg", "https://vocefiscal-poll-tape-uploads.s3.amazonaws.com/us-east-1%3Ae1b05a59-9352-4438-9be2-304d697b19b8/br/pa/ananindeua/zona-0072/8cdb61e526ebb89def831c4ef0916e4d.jpg", "https://vocefiscal-poll-tape-uploads.s3.amazonaws.com/us-east-1%3Ae1b05a59-9352-4438-9be2-304d697b19b8/br/pa/ananindeua/zona-0072/f3fbb4227e0e42b3d63fc2dc1b0e53d1.jpg", "https://vocefiscal-poll-tape-uploads.s3.amazonaws.com/us-east-1%3Ae1b05a59-9352-4438-9be2-304d697b19b8/br/pa/ananindeua/zona-0072/27967e2957f6cf8650576ff76a5b207d.jpg", "https://vocefiscal-poll-tape-uploads.s3.amazonaws.com/us-east-1%3Ae1b05a59-9352-4438-9be2-304d697b19b8/br/pa/ananindeua/zona-0072/a298b612c5056964c3f6125e2fc3cee6.jpg", "https://vocefiscal-poll-tape-uploads.s3.amazonaws.com/us-east-1%3Ae1b05a59-9352-4438-9be2-304d697b19b8/br/pa/ananindeua/zona-0072/745cd9cabaad5e3c874851ed4bd0767c.jpg", "https://vocefiscal-poll-tape-uploads.s3.amazonaws.com/us-east-1%3Ae1b05a59-9352-4438-9be2-304d697b19b8/br/pa/ananindeua/zona-0072/7dd2b46281e8fa58f1d871ece32eec9.jpg", "https://vocefiscal-poll-tape-uploads.s3.amazonaws.com/us-east-1%3Ae1b05a59-9352-4438-9be2-304d697b19b8/br/pa/ananindeua/zona-0072/faf9c65a2f06949e2408b19f4c83e033.jpg"]}