{"municipio": "S\u00c3O F\u00c9LIX DO XINGU", "secaoEleitoral": "0113", "zonaEleitoral": "0053", "estado": "PA", "data": 1412541086415, "pictureURLList": ["https://vocefiscal-poll-tape-uploads.s3.amazonaws.com/us-east-1%3Af8d4e29d-947a-494f-b68e-cddf9098dc56/br/pa/sao-felix-do-xingu/zona-0053/34959bb457fc1fcb521d55eb2d43e8c8.jpg", "https://vocefiscal-poll-tape-uploads.s3.amazonaws.com/us-east-1%3Af8d4e29d-947a-494f-b68e-cddf9098dc56/br/pa/sao-felix-do-xingu/zona-0053/4d30dbb48288e84559f456d70e4f70fb.jpg", "https://vocefiscal-poll-tape-uploads.s3.amazonaws.com/us-east-1%3Af8d4e29d-947a-494f-b68e-cddf9098dc56/br/pa/sao-felix-do-xingu/zona-0053/acf617549731da4c9efa1a8d5b647168.jpg", "https://vocefiscal-poll-tape-uploads.s3.amazonaws.com/us-east-1%3Af8d4e29d-947a-494f-b68e-cddf9098dc56/br/pa/sao-felix-do-xingu/zona-0053/18cb99dc1e3b861ae08cfaecf5f2f4e3.jpg", "https://vocefiscal-poll-tape-uploads.s3.amazonaws.com/us-east-1%3Af8d4e29d-947a-494f-b68e-cddf9098dc56/br/pa/sao-felix-do-xingu/zona-0053/4837773998b91ca841c0db5d1d6b8f8.jpg", "https://vocefiscal-poll-tape-uploads.s3.amazonaws.com/us-east-1%3Af8d4e29d-947a-494f-b68e-cddf9098dc56/br/pa/sao-felix-do-xingu/zona-0053/119b615478ae34cc90206537a3e65811.jpg", "https://vocefiscal-poll-tape-uploads.s3.amazonaws.com/us-east-1%3Af8d4e29d-947a-494f-b68e-cddf9098dc56/br/pa/sao-felix-do-xingu/zona-0053/fa413912aaa26e3ad625ba3602cc1723.jpg", "https://vocefiscal-poll-tape-uploads.s3.amazonaws.com/us-east-1%3Af8d4e29d-947a-494f-b68e-cddf9098dc56/br/pa/sao-felix-do-xingu/zona-0053/fa61f1cd4faf86d8eead6ade08a0d074.jpg", "https://vocefiscal-poll-tape-uploads.s3.amazonaws.com/us-east-1%3Af8d4e29d-947a-494f-b68e-cddf9098dc56/br/pa/sao-felix-do-xingu/zona-0053/9d9206ff7b355d529ae12bf3faa969f.jpg", "https://vocefiscal-poll-tape-uploads.s3.amazonaws.com/us-east-1%3Af8d4e29d-947a-494f-b68e-cddf9098dc56/br/pa/sao-felix-do-xingu/zona-0053/2e31f15ecc7d64c53b1e1923fc74b65a.jpg", "https://vocefiscal-poll-tape-uploads.s3.amazonaws.com/us-east-1%3Af8d4e29d-947a-494f-b68e-cddf9098dc56/br/pa/sao-felix-do-xingu/zona-0053/ce079f54c2171c6616ff4713d460b0e5.jpg", "https://vocefiscal-poll-tape-uploads.s3.amazonaws.com/us-east-1%3Af8d4e29d-947a-494f-b68e-cddf9098dc56/br/pa/sao-felix-do-xingu/zona-0053/357c089e6d58123c3543cf02549d72d6.jpg", "https://vocefiscal-poll-tape-uploads.s3.amazonaws.com/us-east-1%3Af8d4e29d-947a-494f-b68e-cddf9098dc56/br/pa/sao-felix-do-xingu/zona-0053/2162df1cecc1a3278e0193b60a160131.jpg", "https://vocefiscal-poll-tape-uploads.s3.amazonaws.com/us-east-1%3Af8d4e29d-947a-494f-b68e-cddf9098dc56/br/pa/sao-felix-do-xingu/zona-0053/93750152ed25439cd89774af861b247a.jpg", "https://vocefiscal-poll-tape-uploads.s3.amazonaws.com/us-east-1%3Af8d4e29d-947a-494f-b68e-cddf9098dc56/br/pa/sao-felix-do-xingu/zona-0053/53be1b5297c83615988ef92978d9b9a5.jpg", "https://vocefiscal-poll-tape-uploads.s3.amazonaws.com/us-east-1%3Af8d4e29d-947a-494f-b68e-cddf9098dc56/br/pa/sao-felix-do-xingu/zona-0053/2aa55374c08856139fe5e2c33b3908f0.jpg", "https://vocefiscal-poll-tape-uploads.s3.amazonaws.com/us-east-1%3Af8d4e29d-947a-494f-b68e-cddf9098dc56/br/pa/sao-felix-do-xingu/zona-0053/a7ce8772f5f201e134e3ef584299741b.jpg", "https://vocefiscal-poll-tape-uploads.s3.amazonaws.com/us-east-1%3Af8d4e29d-947a-494f-b68e-cddf9098dc56/br/pa/sao-felix-do-xingu/zona-0053/2951c23134d2947e29232371c2134e64.jpg", "https://vocefiscal-poll-tape-uploads.s3.amazonaws.com/us-east-1%3Af8d4e29d-947a-494f-b68e-cddf9098dc56/br/pa/sao-felix-do-xingu/zona-0053/24eda5df2c97b26f939aa98640e58ffc.jpg", "https://vocefiscal-poll-tape-uploads.s3.amazonaws.com/us-east-1%3Af8d4e29d-947a-494f-b68e-cddf9098dc56/br/pa/sao-felix-do-xingu/zona-0053/87803b8ca27ba5aed4b336123856619c.jpg", "https://vocefiscal-poll-tape-uploads.s3.amazonaws.com/us-east-1%3Af8d4e29d-947a-494f-b68e-cddf9098dc56/br/pa/sao-felix-do-xingu/zona-0053/74fa966f2fe22e2aaf40d9a5b9ffbacd.jpg", "https://vocefiscal-poll-tape-uploads.s3.amazonaws.com/us-east-1%3Af8d4e29d-947a-494f-b68e-cddf9098dc56/br/pa/sao-felix-do-xingu/zona-0053/417709de1d2f3a894a8557276564db41.jpg", "https://vocefiscal-poll-tape-uploads.s3.amazonaws.com/us-east-1%3Af8d4e29d-947a-494f-b68e-cddf9098dc56/br/pa/sao-felix-do-xingu/zona-0053/769d1368423a61117e6346ba1ad5dbe9.jpg", "https://vocefiscal-poll-tape-uploads.s3.amazonaws.com/us-east-1%3Af8d4e29d-947a-494f-b68e-cddf9098dc56/br/pa/sao-felix-do-xingu/zona-0053/da8aa6603d3c53f82f63e34a0efa5fad.jpg"]}