{"municipio": "BEL\u00c9M", "secaoEleitoral": "0052", "zonaEleitoral": "0095", "estado": "PA", "data": 1412541578084, "pictureURLList": ["https://vocefiscal-poll-tape-uploads.s3.amazonaws.com/us-east-1%3A106313e7-bf6e-4ed2-9728-2ae2518cbe6b/br/pa/belem/zona-0095/4baf39440c9c62afbb676afd32596f7d.jpg", "https://vocefiscal-poll-tape-uploads.s3.amazonaws.com/us-east-1%3A106313e7-bf6e-4ed2-9728-2ae2518cbe6b/br/pa/belem/zona-0095/c4b3f70273a1710b37c80f94aebc6f2c.jpg", "https://vocefiscal-poll-tape-uploads.s3.amazonaws.com/us-east-1%3A106313e7-bf6e-4ed2-9728-2ae2518cbe6b/br/pa/belem/zona-0095/311e52779f5b84006bc1631f7199f2f4.jpg", "https://vocefiscal-poll-tape-uploads.s3.amazonaws.com/us-east-1%3A106313e7-bf6e-4ed2-9728-2ae2518cbe6b/br/pa/belem/zona-0095/6b576f6df8fef398ae42387563bdb91d.jpg", "https://vocefiscal-poll-tape-uploads.s3.amazonaws.com/us-east-1%3A106313e7-bf6e-4ed2-9728-2ae2518cbe6b/br/pa/belem/zona-0095/a0ba8b98fb64374b7f0aa08b8ac85a50.jpg", "https://vocefiscal-poll-tape-uploads.s3.amazonaws.com/us-east-1%3A106313e7-bf6e-4ed2-9728-2ae2518cbe6b/br/pa/belem/zona-0095/24d7c7626e163621d2bcbf6f257d697f.jpg", "https://vocefiscal-poll-tape-uploads.s3.amazonaws.com/us-east-1%3A106313e7-bf6e-4ed2-9728-2ae2518cbe6b/br/pa/belem/zona-0095/7bc977baa2313b48143dd091709b5f94.jpg", "https://vocefiscal-poll-tape-uploads.s3.amazonaws.com/us-east-1%3A106313e7-bf6e-4ed2-9728-2ae2518cbe6b/br/pa/belem/zona-0095/361ca5f6d0684d773f65c041c07ac33d.jpg", "https://vocefiscal-poll-tape-uploads.s3.amazonaws.com/us-east-1%3A106313e7-bf6e-4ed2-9728-2ae2518cbe6b/br/pa/belem/zona-0095/3acdd1b2cfa8453dfee28cde7f9c2f4d.jpg", "https://vocefiscal-poll-tape-uploads.s3.amazonaws.com/us-east-1%3A106313e7-bf6e-4ed2-9728-2ae2518cbe6b/br/pa/belem/zona-0095/278214707289e868fdab285f367cbe01.jpg", "https://vocefiscal-poll-tape-uploads.s3.amazonaws.com/us-east-1%3A106313e7-bf6e-4ed2-9728-2ae2518cbe6b/br/pa/belem/zona-0095/2c10886524575746ed0869d67dd6fdee.jpg", "https://vocefiscal-poll-tape-uploads.s3.amazonaws.com/us-east-1%3A106313e7-bf6e-4ed2-9728-2ae2518cbe6b/br/pa/belem/zona-0095/7de252ffbfd728bb03e130a0efea2b3d.jpg", "https://vocefiscal-poll-tape-uploads.s3.amazonaws.com/us-east-1%3A106313e7-bf6e-4ed2-9728-2ae2518cbe6b/br/pa/belem/zona-0095/307164a3a1cacaa0f628e0d7a1601809.jpg", "https://vocefiscal-poll-tape-uploads.s3.amazonaws.com/us-east-1%3A106313e7-bf6e-4ed2-9728-2ae2518cbe6b/br/pa/belem/zona-0095/648df12032e32f7e7010fdfbe2470291.jpg", "https://vocefiscal-poll-tape-uploads.s3.amazonaws.com/us-east-1%3A106313e7-bf6e-4ed2-9728-2ae2518cbe6b/br/pa/belem/zona-0095/f86943b6abcb224a9f8b78f840151c85.jpg", "https://vocefiscal-poll-tape-uploads.s3.amazonaws.com/us-east-1%3A106313e7-bf6e-4ed2-9728-2ae2518cbe6b/br/pa/belem/zona-0095/576046b4685cd5320b536770600c48b0.jpg", "https://vocefiscal-poll-tape-uploads.s3.amazonaws.com/us-east-1%3A106313e7-bf6e-4ed2-9728-2ae2518cbe6b/br/pa/belem/zona-0095/11f16ef7563b00f73b49640ecc44b7ee.jpg"]}