{"municipio": "BEL\u00c9M", "secaoEleitoral": "0229", "zonaEleitoral": "0030", "estado": "PA", "data": 1412542235508, "pictureURLList": ["https://vocefiscal-poll-tape-uploads.s3.amazonaws.com/us-east-1%3A5d32ff91-be26-4545-816a-56ce1efe062e/br/pa/belem/zona-0030/d12161fcfdf6ab9cd79f5cfc608d2f6b.jpg", "https://vocefiscal-poll-tape-uploads.s3.amazonaws.com/us-east-1%3A5d32ff91-be26-4545-816a-56ce1efe062e/br/pa/belem/zona-0030/5678ec7507e9fc65cd8fed68e02ed4e1.jpg", "https://vocefiscal-poll-tape-uploads.s3.amazonaws.com/us-east-1%3A5d32ff91-be26-4545-816a-56ce1efe062e/br/pa/belem/zona-0030/7c7488df81440fb7b44d23a9a0756ce1.jpg", "https://vocefiscal-poll-tape-uploads.s3.amazonaws.com/us-east-1%3A5d32ff91-be26-4545-816a-56ce1efe062e/br/pa/belem/zona-0030/847659c8f38b127fa0190a543e804336.jpg", "https://vocefiscal-poll-tape-uploads.s3.amazonaws.com/us-east-1%3A5d32ff91-be26-4545-816a-56ce1efe062e/br/pa/belem/zona-0030/715aed0a2124ca0caa6fd9732c6fdf86.jpg", "https://vocefiscal-poll-tape-uploads.s3.amazonaws.com/us-east-1%3A5d32ff91-be26-4545-816a-56ce1efe062e/br/pa/belem/zona-0030/4fe4923f237c601a4e318ff9df70042b.jpg", "https://vocefiscal-poll-tape-uploads.s3.amazonaws.com/us-east-1%3A5d32ff91-be26-4545-816a-56ce1efe062e/br/pa/belem/zona-0030/ba56db5517b6ea3309548de71d3931c3.jpg", "https://vocefiscal-poll-tape-uploads.s3.amazonaws.com/us-east-1%3A5d32ff91-be26-4545-816a-56ce1efe062e/br/pa/belem/zona-0030/9f2222fab5a8f3ce585af7a5814466b9.jpg", "https://vocefiscal-poll-tape-uploads.s3.amazonaws.com/us-east-1%3A5d32ff91-be26-4545-816a-56ce1efe062e/br/pa/belem/zona-0030/b5ed56fae837966f27104624c9c3e23b.jpg", "https://vocefiscal-poll-tape-uploads.s3.amazonaws.com/us-east-1%3A5d32ff91-be26-4545-816a-56ce1efe062e/br/pa/belem/zona-0030/6ae5d63a40bbe788a73a881cf87bb4f8.jpg", "https://vocefiscal-poll-tape-uploads.s3.amazonaws.com/us-east-1%3A5d32ff91-be26-4545-816a-56ce1efe062e/br/pa/belem/zona-0030/6de400e91f300506602971a6fad0b0e8.jpg", "https://vocefiscal-poll-tape-uploads.s3.amazonaws.com/us-east-1%3A5d32ff91-be26-4545-816a-56ce1efe062e/br/pa/belem/zona-0030/5d439ec96fb0ac40c91122491a2fcaa4.jpg", "https://vocefiscal-poll-tape-uploads.s3.amazonaws.com/us-east-1%3A5d32ff91-be26-4545-816a-56ce1efe062e/br/pa/belem/zona-0030/3ba7139cf1638f79edf16951f2ed182b.jpg", "https://vocefiscal-poll-tape-uploads.s3.amazonaws.com/us-east-1%3A5d32ff91-be26-4545-816a-56ce1efe062e/br/pa/belem/zona-0030/c50538b1cf11e6d9c50f0cdf5894d2e2.jpg", "https://vocefiscal-poll-tape-uploads.s3.amazonaws.com/us-east-1%3A5d32ff91-be26-4545-816a-56ce1efe062e/br/pa/belem/zona-0030/c83cd3126dd1d067b3e3e594983035a1.jpg", "https://vocefiscal-poll-tape-uploads.s3.amazonaws.com/us-east-1%3A5d32ff91-be26-4545-816a-56ce1efe062e/br/pa/belem/zona-0030/bd7158321e6c13c3f738b6c31122b7af.jpg", "https://vocefiscal-poll-tape-uploads.s3.amazonaws.com/us-east-1%3A5d32ff91-be26-4545-816a-56ce1efe062e/br/pa/belem/zona-0030/6da351c7cb6192696e415525816fbc3a.jpg", "https://vocefiscal-poll-tape-uploads.s3.amazonaws.com/us-east-1%3A5d32ff91-be26-4545-816a-56ce1efe062e/br/pa/belem/zona-0030/91e49f20a021031aa19de8cee0a369ac.jpg", "https://vocefiscal-poll-tape-uploads.s3.amazonaws.com/us-east-1%3A5d32ff91-be26-4545-816a-56ce1efe062e/br/pa/belem/zona-0030/9e2cbcad717bbb31dd79548eef454835.jpg", "https://vocefiscal-poll-tape-uploads.s3.amazonaws.com/us-east-1%3A5d32ff91-be26-4545-816a-56ce1efe062e/br/pa/belem/zona-0030/385e1e3c233782b5ce76fb9340d40bed.jpg", "https://vocefiscal-poll-tape-uploads.s3.amazonaws.com/us-east-1%3A5d32ff91-be26-4545-816a-56ce1efe062e/br/pa/belem/zona-0030/560e61141a2b8b064c3953ef8e5067a8.jpg", "https://vocefiscal-poll-tape-uploads.s3.amazonaws.com/us-east-1%3A5d32ff91-be26-4545-816a-56ce1efe062e/br/pa/belem/zona-0030/bfec8823e4429b3d35575678df4117ed.jpg", "https://vocefiscal-poll-tape-uploads.s3.amazonaws.com/us-east-1%3A5d32ff91-be26-4545-816a-56ce1efe062e/br/pa/belem/zona-0030/2978634b76b1e1541867622353e758a1.jpg"]}