{"municipio": "BEL\u00c9M", "secaoEleitoral": "0307", "zonaEleitoral": "0001", "localDaVotacao": "1619", "estado": "PA", "data": 1412545184889, "pictureURLList": ["https://vocefiscal-poll-tape-uploads.s3.amazonaws.com/us-east-1%3A4bbdf0fc-b2be-478f-b561-143b6c6d9716/br/pa/belem/zona-0001/890c9c0c635174a480eecd918f81c782.jpg", "https://vocefiscal-poll-tape-uploads.s3.amazonaws.com/us-east-1%3A4bbdf0fc-b2be-478f-b561-143b6c6d9716/br/pa/belem/zona-0001/170afb147794b2d1052b33f5bb5f02b9.jpg", "https://vocefiscal-poll-tape-uploads.s3.amazonaws.com/us-east-1%3A4bbdf0fc-b2be-478f-b561-143b6c6d9716/br/pa/belem/zona-0001/1220f4644e901ff5de203baec4cff7a0.jpg", "https://vocefiscal-poll-tape-uploads.s3.amazonaws.com/us-east-1%3A4bbdf0fc-b2be-478f-b561-143b6c6d9716/br/pa/belem/zona-0001/377c4428dd3075909da3c5a920a8a4fe.jpg", "https://vocefiscal-poll-tape-uploads.s3.amazonaws.com/us-east-1%3A4bbdf0fc-b2be-478f-b561-143b6c6d9716/br/pa/belem/zona-0001/b023ad32534e3c5e5431abe57d2ee6b0.jpg", "https://vocefiscal-poll-tape-uploads.s3.amazonaws.com/us-east-1%3A4bbdf0fc-b2be-478f-b561-143b6c6d9716/br/pa/belem/zona-0001/738b66fa71323b02c772821939d574e6.jpg", "https://vocefiscal-poll-tape-uploads.s3.amazonaws.com/us-east-1%3A4bbdf0fc-b2be-478f-b561-143b6c6d9716/br/pa/belem/zona-0001/b994dcf56acccdfdfe62ab07ce9d8f5.jpg", "https://vocefiscal-poll-tape-uploads.s3.amazonaws.com/us-east-1%3A4bbdf0fc-b2be-478f-b561-143b6c6d9716/br/pa/belem/zona-0001/acf632f0d0dc1b4e01ed15ee18393000.jpg", "https://vocefiscal-poll-tape-uploads.s3.amazonaws.com/us-east-1%3A4bbdf0fc-b2be-478f-b561-143b6c6d9716/br/pa/belem/zona-0001/eeebec9daeaa4e93a092ab803054578c.jpg", "https://vocefiscal-poll-tape-uploads.s3.amazonaws.com/us-east-1%3A4bbdf0fc-b2be-478f-b561-143b6c6d9716/br/pa/belem/zona-0001/e44082e63291dacf32c3547115a3c571.jpg", "https://vocefiscal-poll-tape-uploads.s3.amazonaws.com/us-east-1%3A4bbdf0fc-b2be-478f-b561-143b6c6d9716/br/pa/belem/zona-0001/d69cdccac033204d4796f9e18d02603f.jpg", "https://vocefiscal-poll-tape-uploads.s3.amazonaws.com/us-east-1%3A4bbdf0fc-b2be-478f-b561-143b6c6d9716/br/pa/belem/zona-0001/4471e9f9e7a82da2995a8ee93adb9ea.jpg", "https://vocefiscal-poll-tape-uploads.s3.amazonaws.com/us-east-1%3A4bbdf0fc-b2be-478f-b561-143b6c6d9716/br/pa/belem/zona-0001/963ce196db9b1ab3433af9721d090ece.jpg", "https://vocefiscal-poll-tape-uploads.s3.amazonaws.com/us-east-1%3A4bbdf0fc-b2be-478f-b561-143b6c6d9716/br/pa/belem/zona-0001/a45b059a4047a9955092089ee4dc9c22.jpg", "https://vocefiscal-poll-tape-uploads.s3.amazonaws.com/us-east-1%3A4bbdf0fc-b2be-478f-b561-143b6c6d9716/br/pa/belem/zona-0001/3ffbd179158f151177fd40e04e48670d.jpg", "https://vocefiscal-poll-tape-uploads.s3.amazonaws.com/us-east-1%3A4bbdf0fc-b2be-478f-b561-143b6c6d9716/br/pa/belem/zona-0001/7df0d3f688da1992e43ff0f07f51e72.jpg", "https://vocefiscal-poll-tape-uploads.s3.amazonaws.com/us-east-1%3A4bbdf0fc-b2be-478f-b561-143b6c6d9716/br/pa/belem/zona-0001/141838cf7e0ba489950c3854dc359e6b.jpg"]}