{"municipio": "OURIL\u00c2NDIA DO NORTE", "secaoEleitoral": "0145", "zonaEleitoral": "0074", "localDaVotacao": "1155", "estado": "PA", "data": 1412544021922, "pictureURLList": ["https://vocefiscal-poll-tape-uploads.s3.amazonaws.com/us-east-1%3Ae364275f-0161-4d10-96bb-c44f55cbc7c5/br/pa/ourilandia-do-norte/zona-0074/ad39ae657685ba435c71e4eebc37ffb0.jpg", "https://vocefiscal-poll-tape-uploads.s3.amazonaws.com/us-east-1%3Ae364275f-0161-4d10-96bb-c44f55cbc7c5/br/pa/ourilandia-do-norte/zona-0074/180352378d02fe15d882a24e5be5581c.jpg", "https://vocefiscal-poll-tape-uploads.s3.amazonaws.com/us-east-1%3Ae364275f-0161-4d10-96bb-c44f55cbc7c5/br/pa/ourilandia-do-norte/zona-0074/ab47a8b3b312737af858b2a8c21cef11.jpg", "https://vocefiscal-poll-tape-uploads.s3.amazonaws.com/us-east-1%3Ae364275f-0161-4d10-96bb-c44f55cbc7c5/br/pa/ourilandia-do-norte/zona-0074/6aa20e95fd30b732b307f4e18a94d3a.jpg", "https://vocefiscal-poll-tape-uploads.s3.amazonaws.com/us-east-1%3Ae364275f-0161-4d10-96bb-c44f55cbc7c5/br/pa/ourilandia-do-norte/zona-0074/17c15425c7f2ed7ec126acee035e7369.jpg", "https://vocefiscal-poll-tape-uploads.s3.amazonaws.com/us-east-1%3Ae364275f-0161-4d10-96bb-c44f55cbc7c5/br/pa/ourilandia-do-norte/zona-0074/52acb947d71bc59166e07b121b8136e3.jpg", "https://vocefiscal-poll-tape-uploads.s3.amazonaws.com/us-east-1%3Ae364275f-0161-4d10-96bb-c44f55cbc7c5/br/pa/ourilandia-do-norte/zona-0074/6edd3c4d286c3aded214cf3c60bb192f.jpg", "https://vocefiscal-poll-tape-uploads.s3.amazonaws.com/us-east-1%3Ae364275f-0161-4d10-96bb-c44f55cbc7c5/br/pa/ourilandia-do-norte/zona-0074/79570ad2d343f41abc973aaad22fdf7f.jpg", "https://vocefiscal-poll-tape-uploads.s3.amazonaws.com/us-east-1%3Ae364275f-0161-4d10-96bb-c44f55cbc7c5/br/pa/ourilandia-do-norte/zona-0074/853092133145e9af3ea0caa779d183ad.jpg", "https://vocefiscal-poll-tape-uploads.s3.amazonaws.com/us-east-1%3Ae364275f-0161-4d10-96bb-c44f55cbc7c5/br/pa/ourilandia-do-norte/zona-0074/e019ea663fa6702843d87deadfa8f6f6.jpg", "https://vocefiscal-poll-tape-uploads.s3.amazonaws.com/us-east-1%3Ae364275f-0161-4d10-96bb-c44f55cbc7c5/br/pa/ourilandia-do-norte/zona-0074/a27aece8db2939c26a3568ea82cc6a4c.jpg", "https://vocefiscal-poll-tape-uploads.s3.amazonaws.com/us-east-1%3Ae364275f-0161-4d10-96bb-c44f55cbc7c5/br/pa/ourilandia-do-norte/zona-0074/b77fbad4fcbbee30f2559e67b3164ed4.jpg", "https://vocefiscal-poll-tape-uploads.s3.amazonaws.com/us-east-1%3Ae364275f-0161-4d10-96bb-c44f55cbc7c5/br/pa/ourilandia-do-norte/zona-0074/4be3cf221c022dfdfb6de4836635cbee.jpg", "https://vocefiscal-poll-tape-uploads.s3.amazonaws.com/us-east-1%3Ae364275f-0161-4d10-96bb-c44f55cbc7c5/br/pa/ourilandia-do-norte/zona-0074/7667af768450ae09681fa32b4fd0cb2e.jpg", "https://vocefiscal-poll-tape-uploads.s3.amazonaws.com/us-east-1%3Ae364275f-0161-4d10-96bb-c44f55cbc7c5/br/pa/ourilandia-do-norte/zona-0074/2174f22e528be092d615ea2b07c03513.jpg", "https://vocefiscal-poll-tape-uploads.s3.amazonaws.com/us-east-1%3Ae364275f-0161-4d10-96bb-c44f55cbc7c5/br/pa/ourilandia-do-norte/zona-0074/5a8a4c71e3a9fc2a8276a834aeaa55e.jpg", "https://vocefiscal-poll-tape-uploads.s3.amazonaws.com/us-east-1%3Ae364275f-0161-4d10-96bb-c44f55cbc7c5/br/pa/ourilandia-do-norte/zona-0074/837b7596f8d6b1ee68e8bb4f28d4dc54.jpg", "https://vocefiscal-poll-tape-uploads.s3.amazonaws.com/us-east-1%3Ae364275f-0161-4d10-96bb-c44f55cbc7c5/br/pa/ourilandia-do-norte/zona-0074/1d525a7eb674fc1f6093aecd21a054ee.jpg", "https://vocefiscal-poll-tape-uploads.s3.amazonaws.com/us-east-1%3Ae364275f-0161-4d10-96bb-c44f55cbc7c5/br/pa/ourilandia-do-norte/zona-0074/2a13e3f77db3aea875db33ebe0c84975.jpg", "https://vocefiscal-poll-tape-uploads.s3.amazonaws.com/us-east-1%3Ae364275f-0161-4d10-96bb-c44f55cbc7c5/br/pa/ourilandia-do-norte/zona-0074/ada166df1263c24bf440e64bccf95c94.jpg"]}