{"municipio": "BEL\u00c9M", "secaoEleitoral": "0055", "zonaEleitoral": "0095", "estado": "PA", "data": 1412540413746, "pictureURLList": ["https://vocefiscal-poll-tape-uploads.s3.amazonaws.com/us-east-1%3A5f24ac00-510d-432f-b7d8-6c0a3f0073fd/br/pa/belem/zona-0095/829ed7a197e3f7cfe6c53bd9ccea4c73.jpg", "https://vocefiscal-poll-tape-uploads.s3.amazonaws.com/us-east-1%3A5f24ac00-510d-432f-b7d8-6c0a3f0073fd/br/pa/belem/zona-0095/61795edd435aefea3c3a8208f030e1d4.jpg", "https://vocefiscal-poll-tape-uploads.s3.amazonaws.com/us-east-1%3A5f24ac00-510d-432f-b7d8-6c0a3f0073fd/br/pa/belem/zona-0095/c39afbca4fdb31d3d2935a968e5062a1.jpg"]}