{"municipio": "MANAUS", "localDaVotacao": "1163", "data": 1414358627857, "estado": "AM", "pictureURLList": ["https://vocefiscal-poll-tape-uploads.s3.amazonaws.com/us-east-1%3A22c12d15-42bc-45c0-a155-55c162606489/br/am/manaus/zona-0037/c23b3626dac0b2294afb4b70531df806.jpg", "https://vocefiscal-poll-tape-uploads.s3.amazonaws.com/us-east-1%3A22c12d15-42bc-45c0-a155-55c162606489/br/am/manaus/zona-0037/b2a166c92abd5e1db4df275b73aa1bde.jpg", "https://vocefiscal-poll-tape-uploads.s3.amazonaws.com/us-east-1%3A22c12d15-42bc-45c0-a155-55c162606489/br/am/manaus/zona-0037/321a5935347b464b2d074a7f3e8101cd.jpg"], "secaoEleitoral": "0095", "zonaEleitoral": "0037"}