{"data": 1412540593100, "estado": "BA", "secaoEleitoral": "0029", "zonaEleitoral": "0002", "pictureURLList": ["https://vocefiscal-poll-tape-uploads.s3.amazonaws.com/us-east-1%3A0bd40301-15a8-4542-b550-4386b98f1c32/br/ba/salvador/zona-0017/719503fd4bea2b6d5c6fba78cc850c34.jpg", "https://vocefiscal-poll-tape-uploads.s3.amazonaws.com/us-east-1%3A0bd40301-15a8-4542-b550-4386b98f1c32/br/ba/salvador/zona-0017/ebc8e88a87be52e0c1a91c12c80acf60.jpg", "https://vocefiscal-poll-tape-uploads.s3.amazonaws.com/us-east-1%3A0bd40301-15a8-4542-b550-4386b98f1c32/br/ba/salvador/zona-0017/3cf05a6cd75ee13f4ef74430d194e656.jpg", "https://vocefiscal-poll-tape-uploads.s3.amazonaws.com/us-east-1%3A0bd40301-15a8-4542-b550-4386b98f1c32/br/ba/salvador/zona-0017/e775deec877c8205f9f6fc70bac9e3aa.jpg", "https://vocefiscal-poll-tape-uploads.s3.amazonaws.com/us-east-1%3A0bd40301-15a8-4542-b550-4386b98f1c32/br/ba/salvador/zona-0017/cef3474e30a2b5dc5b9ff786ba7ba7a9.jpg", "https://vocefiscal-poll-tape-uploads.s3.amazonaws.com/us-east-1%3A0bd40301-15a8-4542-b550-4386b98f1c32/br/ba/salvador/zona-0017/619d5f639e524a32790bb6596ecf7b2f.jpg", "https://vocefiscal-poll-tape-uploads.s3.amazonaws.com/us-east-1%3A0bd40301-15a8-4542-b550-4386b98f1c32/br/ba/salvador/zona-0017/9c37c01620386ce928a68acb8b371b13.jpg", "https://vocefiscal-poll-tape-uploads.s3.amazonaws.com/us-east-1%3A0bd40301-15a8-4542-b550-4386b98f1c32/br/ba/salvador/zona-0017/af3532fce45bbcb4aa68433b2e3f6ad4.jpg", "https://vocefiscal-poll-tape-uploads.s3.amazonaws.com/us-east-1%3A0bd40301-15a8-4542-b550-4386b98f1c32/br/ba/salvador/zona-0017/cde96af6f9367aaa4804174237f74929.jpg", "https://vocefiscal-poll-tape-uploads.s3.amazonaws.com/us-east-1%3A0bd40301-15a8-4542-b550-4386b98f1c32/br/ba/salvador/zona-0017/d68d11a76f85da3e7246b1cadd9be0af.jpg", "https://vocefiscal-poll-tape-uploads.s3.amazonaws.com/us-east-1%3A0bd40301-15a8-4542-b550-4386b98f1c32/br/ba/salvador/zona-0017/c362e5fec8849ea6280be927f0900ff5.jpg", "https://vocefiscal-poll-tape-uploads.s3.amazonaws.com/us-east-1%3A0bd40301-15a8-4542-b550-4386b98f1c32/br/ba/salvador/zona-0017/3b8533614aefa24caf6435fe9287f2dd.jpg", "https://vocefiscal-poll-tape-uploads.s3.amazonaws.com/us-east-1%3A0bd40301-15a8-4542-b550-4386b98f1c32/br/ba/salvador/zona-0017/4070f969ed3525918324d3110b943869.jpg", "https://vocefiscal-poll-tape-uploads.s3.amazonaws.com/us-east-1%3A0bd40301-15a8-4542-b550-4386b98f1c32/br/ba/salvador/zona-0017/e295e1b87612a4cf24d1d2afe137e470.jpg", "https://vocefiscal-poll-tape-uploads.s3.amazonaws.com/us-east-1%3A0bd40301-15a8-4542-b550-4386b98f1c32/br/ba/salvador/zona-0017/2d0956445dbc4f2436a3cef7c1f534da.jpg", "https://vocefiscal-poll-tape-uploads.s3.amazonaws.com/us-east-1%3A0bd40301-15a8-4542-b550-4386b98f1c32/br/ba/salvador/zona-0017/efe19cb41ff4f4148fa3d4b97c0a517c.jpg", "https://vocefiscal-poll-tape-uploads.s3.amazonaws.com/us-east-1%3A0bd40301-15a8-4542-b550-4386b98f1c32/br/ba/salvador/zona-0017/ce85cdd6bc668c941efefe595c1ca24f.jpg", "https://vocefiscal-poll-tape-uploads.s3.amazonaws.com/us-east-1%3A0bd40301-15a8-4542-b550-4386b98f1c32/br/ba/salvador/zona-0017/c49271bc0c8e4cb48091cebe54ed1fda.jpg", "https://vocefiscal-poll-tape-uploads.s3.amazonaws.com/us-east-1%3A0bd40301-15a8-4542-b550-4386b98f1c32/br/ba/salvador/zona-0017/517707d810deb8ccb29346398793a1ea.jpg", "https://vocefiscal-poll-tape-uploads.s3.amazonaws.com/us-east-1%3A0bd40301-15a8-4542-b550-4386b98f1c32/br/ba/salvador/zona-0017/5c5a3583cbf11b25e3e8ca0f4725340e.jpg", "https://vocefiscal-poll-tape-uploads.s3.amazonaws.com/us-east-1%3A0bd40301-15a8-4542-b550-4386b98f1c32/br/ba/salvador/zona-0017/298aa3012928307cfd92fe9e7bf829a5.jpg", "https://vocefiscal-poll-tape-uploads.s3.amazonaws.com/us-east-1%3A0bd40301-15a8-4542-b550-4386b98f1c32/br/ba/salvador/zona-0017/5648f37cca0379bd996a99ec238ba074.jpg"], "municipio": "SALVADOR"}