{"zonaEleitoral": "0062", "municipio": "MANAUS", "estado": "AM", "secaoEleitoral": "0219", "data": 1412549202075, "pictureURLList": ["https://vocefiscal-poll-tape-uploads.s3.amazonaws.com/us-east-1%3A237da9b3-f6af-4bb3-a17f-3a9c20d35a77/br/am/manaus/zona-0062/e8edf192ce72fe64f2390dfd14e27682.jpg", "https://vocefiscal-poll-tape-uploads.s3.amazonaws.com/us-east-1%3A237da9b3-f6af-4bb3-a17f-3a9c20d35a77/br/am/manaus/zona-0062/b52aa9500caf9e14c3c995b4f4ab544.jpg", "https://vocefiscal-poll-tape-uploads.s3.amazonaws.com/us-east-1%3A237da9b3-f6af-4bb3-a17f-3a9c20d35a77/br/am/manaus/zona-0062/d74b4648be679915c744862d4f362e11.jpg", "https://vocefiscal-poll-tape-uploads.s3.amazonaws.com/us-east-1%3A237da9b3-f6af-4bb3-a17f-3a9c20d35a77/br/am/manaus/zona-0062/ca9e5972853566b5be19ab2c30e4ab59.jpg", "https://vocefiscal-poll-tape-uploads.s3.amazonaws.com/us-east-1%3A237da9b3-f6af-4bb3-a17f-3a9c20d35a77/br/am/manaus/zona-0062/46d6057c5e4d4746c1fccfb753cb09c1.jpg", "https://vocefiscal-poll-tape-uploads.s3.amazonaws.com/us-east-1%3A237da9b3-f6af-4bb3-a17f-3a9c20d35a77/br/am/manaus/zona-0062/3bb193ae62fcbc8392e46a8353eb6b2.jpg", "https://vocefiscal-poll-tape-uploads.s3.amazonaws.com/us-east-1%3A237da9b3-f6af-4bb3-a17f-3a9c20d35a77/br/am/manaus/zona-0062/4e85a116a00619c9dcd949e5b55ad7a6.jpg", "https://vocefiscal-poll-tape-uploads.s3.amazonaws.com/us-east-1%3A237da9b3-f6af-4bb3-a17f-3a9c20d35a77/br/am/manaus/zona-0062/339b41f96d633fe1c20578b219ff4f8d.jpg", "https://vocefiscal-poll-tape-uploads.s3.amazonaws.com/us-east-1%3A237da9b3-f6af-4bb3-a17f-3a9c20d35a77/br/am/manaus/zona-0062/83237d2198958ec13ba3a6177eb3a47a.jpg", "https://vocefiscal-poll-tape-uploads.s3.amazonaws.com/us-east-1%3A237da9b3-f6af-4bb3-a17f-3a9c20d35a77/br/am/manaus/zona-0062/e209cc8ea87ae6379e3662fee1f006e1.jpg", "https://vocefiscal-poll-tape-uploads.s3.amazonaws.com/us-east-1%3A237da9b3-f6af-4bb3-a17f-3a9c20d35a77/br/am/manaus/zona-0062/8b73ee53cf6c7a934ca11307a6f8230d.jpg", "https://vocefiscal-poll-tape-uploads.s3.amazonaws.com/us-east-1%3A237da9b3-f6af-4bb3-a17f-3a9c20d35a77/br/am/manaus/zona-0062/de7c522bb71eb576205bc2750fda288b.jpg", "https://vocefiscal-poll-tape-uploads.s3.amazonaws.com/us-east-1%3A237da9b3-f6af-4bb3-a17f-3a9c20d35a77/br/am/manaus/zona-0062/40546250767eeff019277c4c84002885.jpg", "https://vocefiscal-poll-tape-uploads.s3.amazonaws.com/us-east-1%3A237da9b3-f6af-4bb3-a17f-3a9c20d35a77/br/am/manaus/zona-0062/b1e203a127891e33fcaeb29908802a13.jpg", "https://vocefiscal-poll-tape-uploads.s3.amazonaws.com/us-east-1%3A237da9b3-f6af-4bb3-a17f-3a9c20d35a77/br/am/manaus/zona-0062/c1a2c42c8b94f41cd091ac319b803f2b.jpg", "https://vocefiscal-poll-tape-uploads.s3.amazonaws.com/us-east-1%3A237da9b3-f6af-4bb3-a17f-3a9c20d35a77/br/am/manaus/zona-0062/70d4f75b9d933cbc9fd3e2cc5f472c66.jpg", "https://vocefiscal-poll-tape-uploads.s3.amazonaws.com/us-east-1%3A237da9b3-f6af-4bb3-a17f-3a9c20d35a77/br/am/manaus/zona-0062/56eb2d5d094c83ad9311de6c8eeab32a.jpg", "https://vocefiscal-poll-tape-uploads.s3.amazonaws.com/us-east-1%3A237da9b3-f6af-4bb3-a17f-3a9c20d35a77/br/am/manaus/zona-0062/75335af19869551e0fa794426464f22c.jpg", "https://vocefiscal-poll-tape-uploads.s3.amazonaws.com/us-east-1%3A237da9b3-f6af-4bb3-a17f-3a9c20d35a77/br/am/manaus/zona-0062/5fbf176ea054cbcbda4e6e11c8503418.jpg", "https://vocefiscal-poll-tape-uploads.s3.amazonaws.com/us-east-1%3A237da9b3-f6af-4bb3-a17f-3a9c20d35a77/br/am/manaus/zona-0062/b4fcdae348b8686e8adc554139e9d496.jpg", "https://vocefiscal-poll-tape-uploads.s3.amazonaws.com/us-east-1%3A237da9b3-f6af-4bb3-a17f-3a9c20d35a77/br/am/manaus/zona-0062/9433a1a0560bf3c02ae65b99f204ce8.jpg", "https://vocefiscal-poll-tape-uploads.s3.amazonaws.com/us-east-1%3A237da9b3-f6af-4bb3-a17f-3a9c20d35a77/br/am/manaus/zona-0062/ebdea621eee9e7f588e1adcfe0bf55cf.jpg", "https://vocefiscal-poll-tape-uploads.s3.amazonaws.com/us-east-1%3A237da9b3-f6af-4bb3-a17f-3a9c20d35a77/br/am/manaus/zona-0062/b8981ad07cdab7f4635aca5e3cedd67.jpg", "https://vocefiscal-poll-tape-uploads.s3.amazonaws.com/us-east-1%3A237da9b3-f6af-4bb3-a17f-3a9c20d35a77/br/am/manaus/zona-0062/8e9bfcc82a6e33857568f2ca0507ce9f.jpg"]}