{"pictureURLList": ["https://vocefiscal-poll-tape-uploads.s3.amazonaws.com/us-east-1%3A15c7e337-d52a-453b-8bb5-17e265769ae8/br/ce/fortaleza/zona-0094/9839cd8d154edd79558277f4bab340ea.jpg", "https://vocefiscal-poll-tape-uploads.s3.amazonaws.com/us-east-1%3A15c7e337-d52a-453b-8bb5-17e265769ae8/br/ce/fortaleza/zona-0094/26b508e55876048630dddb35867dc37f.jpg"], "data": 1414356215773, "estado": "CE", "municipio": "FORTALEZA", "zonaEleitoral": "0094", "localDaVotacao": "2259", "secaoEleitoral": "0370"}