{"data": 1412541379338, "estado": "BA", "localDaVotacao": "1597", "zonaEleitoral": "0048", "secaoEleitoral": "0094", "pictureURLList": ["https://vocefiscal-poll-tape-uploads.s3.amazonaws.com/us-east-1%3Ad67eabc2-7b59-4982-98db-0418b00d2b75/br/ba/juazeiro/zona-0048/e09e2f2277870529e12cbdcc936cb7af.jpg", "https://vocefiscal-poll-tape-uploads.s3.amazonaws.com/us-east-1%3Ad67eabc2-7b59-4982-98db-0418b00d2b75/br/ba/juazeiro/zona-0048/64ad0ddaa4ed309c2cd4d28e8ab13849.jpg", "https://vocefiscal-poll-tape-uploads.s3.amazonaws.com/us-east-1%3Ad67eabc2-7b59-4982-98db-0418b00d2b75/br/ba/juazeiro/zona-0048/1152cf80c207ab7b825c7c808baef435.jpg", "https://vocefiscal-poll-tape-uploads.s3.amazonaws.com/us-east-1%3Ad67eabc2-7b59-4982-98db-0418b00d2b75/br/ba/juazeiro/zona-0048/c48e25c64d0dcb6860a464c570a1c916.jpg", "https://vocefiscal-poll-tape-uploads.s3.amazonaws.com/us-east-1%3Ad67eabc2-7b59-4982-98db-0418b00d2b75/br/ba/juazeiro/zona-0048/67cca627be29d39870ae4e9a96bc815a.jpg", "https://vocefiscal-poll-tape-uploads.s3.amazonaws.com/us-east-1%3Ad67eabc2-7b59-4982-98db-0418b00d2b75/br/ba/juazeiro/zona-0048/a6c51b6f30c58b37e54b6e473074af4d.jpg", "https://vocefiscal-poll-tape-uploads.s3.amazonaws.com/us-east-1%3Ad67eabc2-7b59-4982-98db-0418b00d2b75/br/ba/juazeiro/zona-0048/5cb9ca1824781f64234217b8d2f07699.jpg", "https://vocefiscal-poll-tape-uploads.s3.amazonaws.com/us-east-1%3Ad67eabc2-7b59-4982-98db-0418b00d2b75/br/ba/juazeiro/zona-0048/e502a712dba161f8c02f4dde8920a7e1.jpg", "https://vocefiscal-poll-tape-uploads.s3.amazonaws.com/us-east-1%3Ad67eabc2-7b59-4982-98db-0418b00d2b75/br/ba/juazeiro/zona-0048/357c11a53b49d725f46cc0fc04d0cc6.jpg", "https://vocefiscal-poll-tape-uploads.s3.amazonaws.com/us-east-1%3Ad67eabc2-7b59-4982-98db-0418b00d2b75/br/ba/juazeiro/zona-0048/8b18c301eece3276420c2ad54ce7c20a.jpg", "https://vocefiscal-poll-tape-uploads.s3.amazonaws.com/us-east-1%3Ad67eabc2-7b59-4982-98db-0418b00d2b75/br/ba/juazeiro/zona-0048/d52cdc2d62c36f98250c44f4ae6a511c.jpg", "https://vocefiscal-poll-tape-uploads.s3.amazonaws.com/us-east-1%3Ad67eabc2-7b59-4982-98db-0418b00d2b75/br/ba/juazeiro/zona-0048/d6193db7c0365d0f3113acac02216d81.jpg", "https://vocefiscal-poll-tape-uploads.s3.amazonaws.com/us-east-1%3Ad67eabc2-7b59-4982-98db-0418b00d2b75/br/ba/juazeiro/zona-0048/312d12ac8601a830275887fc818ba6ea.jpg", "https://vocefiscal-poll-tape-uploads.s3.amazonaws.com/us-east-1%3Ad67eabc2-7b59-4982-98db-0418b00d2b75/br/ba/juazeiro/zona-0048/7988d38c496b388177dbed36fe2ad0f.jpg", "https://vocefiscal-poll-tape-uploads.s3.amazonaws.com/us-east-1%3Ad67eabc2-7b59-4982-98db-0418b00d2b75/br/ba/juazeiro/zona-0048/e3909339329fe3fb8a5f74ef3086ab93.jpg", "https://vocefiscal-poll-tape-uploads.s3.amazonaws.com/us-east-1%3Ad67eabc2-7b59-4982-98db-0418b00d2b75/br/ba/juazeiro/zona-0048/2ae01e5560f54472db007a7426ee417e.jpg", "https://vocefiscal-poll-tape-uploads.s3.amazonaws.com/us-east-1%3Ad67eabc2-7b59-4982-98db-0418b00d2b75/br/ba/juazeiro/zona-0048/283431835e54c274872237ca29c61dd4.jpg", "https://vocefiscal-poll-tape-uploads.s3.amazonaws.com/us-east-1%3Ad67eabc2-7b59-4982-98db-0418b00d2b75/br/ba/juazeiro/zona-0048/3acff58793a70604880edb3acb1408cd.jpg", "https://vocefiscal-poll-tape-uploads.s3.amazonaws.com/us-east-1%3Ad67eabc2-7b59-4982-98db-0418b00d2b75/br/ba/juazeiro/zona-0048/202264b1591bb5396096f76f798b6712.jpg", "https://vocefiscal-poll-tape-uploads.s3.amazonaws.com/us-east-1%3Ad67eabc2-7b59-4982-98db-0418b00d2b75/br/ba/juazeiro/zona-0048/fbfac25fd06167b8e79e776e1e0c3d92.jpg", "https://vocefiscal-poll-tape-uploads.s3.amazonaws.com/us-east-1%3Ad67eabc2-7b59-4982-98db-0418b00d2b75/br/ba/juazeiro/zona-0048/228ed32a28c5a6057fb15387c7f1eeee.jpg", "https://vocefiscal-poll-tape-uploads.s3.amazonaws.com/us-east-1%3Ad67eabc2-7b59-4982-98db-0418b00d2b75/br/ba/juazeiro/zona-0048/202264b1591bb5396096f76f798b6712.jpg", "https://vocefiscal-poll-tape-uploads.s3.amazonaws.com/us-east-1%3Ad67eabc2-7b59-4982-98db-0418b00d2b75/br/ba/juazeiro/zona-0048/fbfac25fd06167b8e79e776e1e0c3d92.jpg", "https://vocefiscal-poll-tape-uploads.s3.amazonaws.com/us-east-1%3Ad67eabc2-7b59-4982-98db-0418b00d2b75/br/ba/juazeiro/zona-0048/228ed32a28c5a6057fb15387c7f1eeee.jpg", "https://vocefiscal-poll-tape-uploads.s3.amazonaws.com/us-east-1%3Ad67eabc2-7b59-4982-98db-0418b00d2b75/br/ba/juazeiro/zona-0048/c897937639a281d2f8bc2df1c94e19a5.jpg", "https://vocefiscal-poll-tape-uploads.s3.amazonaws.com/us-east-1%3Ad67eabc2-7b59-4982-98db-0418b00d2b75/br/ba/juazeiro/zona-0048/b367b9d160f88899c93a6df191eaa790.jpg", "https://vocefiscal-poll-tape-uploads.s3.amazonaws.com/us-east-1%3Ad67eabc2-7b59-4982-98db-0418b00d2b75/br/ba/juazeiro/zona-0048/6dd3c309743963b7c648d59f878a2d68.jpg", "https://vocefiscal-poll-tape-uploads.s3.amazonaws.com/us-east-1%3Ad67eabc2-7b59-4982-98db-0418b00d2b75/br/ba/juazeiro/zona-0048/c897937639a281d2f8bc2df1c94e19a5.jpg", "https://vocefiscal-poll-tape-uploads.s3.amazonaws.com/us-east-1%3Ad67eabc2-7b59-4982-98db-0418b00d2b75/br/ba/juazeiro/zona-0048/20b9899372e0cfa6230f6e177dce2f4a.jpg"], "municipio": "JUAZEIRO"}