{"zonaEleitoral": "0001", "pictureURLList": ["https://vocefiscal-poll-tape-uploads.s3.amazonaws.com/us-east-1%3Af150edb4-18af-4389-bde3-6bc59240355c/br/ba/salvador/zona-0001/2e7f7b89d44fd0e25336bf5954c12e8a.jpg", "https://vocefiscal-poll-tape-uploads.s3.amazonaws.com/us-east-1%3Af150edb4-18af-4389-bde3-6bc59240355c/br/ba/salvador/zona-0001/5b36bf2473ce22f342ea43b5e6834bde.jpg", "https://vocefiscal-poll-tape-uploads.s3.amazonaws.com/us-east-1%3Af150edb4-18af-4389-bde3-6bc59240355c/br/ba/salvador/zona-0001/a5a526703d9cc7400c83e94cec56e1e3.jpg"], "estado": "BA", "secaoEleitoral": "0033", "data": 1414351159780, "municipio": "SALVADOR", "localDaVotacao": "1198"}