{"estado": "CE", "municipio": "QUIXAD\u00c1", "data": 1412546680020, "secaoEleitoral": "0239", "pictureURLList": ["https://vocefiscal-poll-tape-uploads.s3.amazonaws.com/us-east-1%3Ab7867930-59cf-4ae9-82b5-af22044d2d76/br/ce/quixada/zona-0006/59822eaeffab7ca667be7aa8327b7885.jpg", "https://vocefiscal-poll-tape-uploads.s3.amazonaws.com/us-east-1%3Ab7867930-59cf-4ae9-82b5-af22044d2d76/br/ce/quixada/zona-0006/e6e79c262c31a286a8d0fdfe433b6f02.jpg", "https://vocefiscal-poll-tape-uploads.s3.amazonaws.com/us-east-1%3Ab7867930-59cf-4ae9-82b5-af22044d2d76/br/ce/quixada/zona-0006/15cf79cb65a08fb3189bf611ed0960c9.jpg", "https://vocefiscal-poll-tape-uploads.s3.amazonaws.com/us-east-1%3Ab7867930-59cf-4ae9-82b5-af22044d2d76/br/ce/quixada/zona-0006/59ac9a28c615467d14da5972dce8d0f7.jpg", "https://vocefiscal-poll-tape-uploads.s3.amazonaws.com/us-east-1%3Ab7867930-59cf-4ae9-82b5-af22044d2d76/br/ce/quixada/zona-0006/230a2104da423683b70edcf83cf456a9.jpg", "https://vocefiscal-poll-tape-uploads.s3.amazonaws.com/us-east-1%3Ab7867930-59cf-4ae9-82b5-af22044d2d76/br/ce/quixada/zona-0006/1f32b5c288641bba86e629ff10b83db7.jpg", "https://vocefiscal-poll-tape-uploads.s3.amazonaws.com/us-east-1%3Ab7867930-59cf-4ae9-82b5-af22044d2d76/br/ce/quixada/zona-0006/ca6c51b9d918a8f06668d383bab29dcf.jpg", "https://vocefiscal-poll-tape-uploads.s3.amazonaws.com/us-east-1%3Ab7867930-59cf-4ae9-82b5-af22044d2d76/br/ce/quixada/zona-0006/b5e2669297b63e19566b221fc17573ed.jpg", "https://vocefiscal-poll-tape-uploads.s3.amazonaws.com/us-east-1%3Ab7867930-59cf-4ae9-82b5-af22044d2d76/br/ce/quixada/zona-0006/c8119eab0ffe9263c29b1ee3d42971c4.jpg", "https://vocefiscal-poll-tape-uploads.s3.amazonaws.com/us-east-1%3Ab7867930-59cf-4ae9-82b5-af22044d2d76/br/ce/quixada/zona-0006/84fd95685c1cd77c3a4ac7a871b68fa2.jpg", "https://vocefiscal-poll-tape-uploads.s3.amazonaws.com/us-east-1%3Ab7867930-59cf-4ae9-82b5-af22044d2d76/br/ce/quixada/zona-0006/8a454a14b19f87e77794cf59facd4794.jpg", "https://vocefiscal-poll-tape-uploads.s3.amazonaws.com/us-east-1%3Ab7867930-59cf-4ae9-82b5-af22044d2d76/br/ce/quixada/zona-0006/8808cf0a0d198bab7e00c2bd1c1db01.jpg", "https://vocefiscal-poll-tape-uploads.s3.amazonaws.com/us-east-1%3Ab7867930-59cf-4ae9-82b5-af22044d2d76/br/ce/quixada/zona-0006/4afe6b60eed80a568d717aa5bd349477.jpg", "https://vocefiscal-poll-tape-uploads.s3.amazonaws.com/us-east-1%3Ab7867930-59cf-4ae9-82b5-af22044d2d76/br/ce/quixada/zona-0006/67fe379feaaa6144d0182f3045510139.jpg", "https://vocefiscal-poll-tape-uploads.s3.amazonaws.com/us-east-1%3Ab7867930-59cf-4ae9-82b5-af22044d2d76/br/ce/quixada/zona-0006/5807dbe9fb292f4f4ef110f3e9f9e057.jpg", "https://vocefiscal-poll-tape-uploads.s3.amazonaws.com/us-east-1%3Ab7867930-59cf-4ae9-82b5-af22044d2d76/br/ce/quixada/zona-0006/914be60b34b9dbf7059ab08139f703c.jpg", "https://vocefiscal-poll-tape-uploads.s3.amazonaws.com/us-east-1%3Ab7867930-59cf-4ae9-82b5-af22044d2d76/br/ce/quixada/zona-0006/fcb2dca531cdf26c5bc79a73c8d549ba.jpg", "https://vocefiscal-poll-tape-uploads.s3.amazonaws.com/us-east-1%3Ab7867930-59cf-4ae9-82b5-af22044d2d76/br/ce/quixada/zona-0006/bfd50d3a6788314fc62e986d71aa7375.jpg", "https://vocefiscal-poll-tape-uploads.s3.amazonaws.com/us-east-1%3Ab7867930-59cf-4ae9-82b5-af22044d2d76/br/ce/quixada/zona-0006/1761afc0a54dfc7e6e3b0a47e2c568a2.jpg", "https://vocefiscal-poll-tape-uploads.s3.amazonaws.com/us-east-1%3Ab7867930-59cf-4ae9-82b5-af22044d2d76/br/ce/quixada/zona-0006/d9d774604a8be33efce53980f4206775.jpg", "https://vocefiscal-poll-tape-uploads.s3.amazonaws.com/us-east-1%3Ab7867930-59cf-4ae9-82b5-af22044d2d76/br/ce/quixada/zona-0006/810f8fa019e79582a0b0bd66c91410c1.jpg", "https://vocefiscal-poll-tape-uploads.s3.amazonaws.com/us-east-1%3Ab7867930-59cf-4ae9-82b5-af22044d2d76/br/ce/quixada/zona-0006/5e5f2ce7598c4cbbc58fff70e893e1c8.jpg", "https://vocefiscal-poll-tape-uploads.s3.amazonaws.com/us-east-1%3Ab7867930-59cf-4ae9-82b5-af22044d2d76/br/ce/quixada/zona-0006/3406e9cac2cac4825db067b399c1b4b0.jpg", "https://vocefiscal-poll-tape-uploads.s3.amazonaws.com/us-east-1%3Ab7867930-59cf-4ae9-82b5-af22044d2d76/br/ce/quixada/zona-0006/4f74121f19f833aa5be5fdfea71f3887.jpg", "https://vocefiscal-poll-tape-uploads.s3.amazonaws.com/us-east-1%3Ab7867930-59cf-4ae9-82b5-af22044d2d76/br/ce/quixada/zona-0006/713c726c6ccebbec29a7ab48b5443e68.jpg", "https://vocefiscal-poll-tape-uploads.s3.amazonaws.com/us-east-1%3Ab7867930-59cf-4ae9-82b5-af22044d2d76/br/ce/quixada/zona-0006/3e3da6670becf13f48afa111293ba7e7.jpg", "https://vocefiscal-poll-tape-uploads.s3.amazonaws.com/us-east-1%3Ab7867930-59cf-4ae9-82b5-af22044d2d76/br/ce/quixada/zona-0006/9d90f9d9a7da845a2c6523fb3cd6c9b4.jpg", "https://vocefiscal-poll-tape-uploads.s3.amazonaws.com/us-east-1%3Ab7867930-59cf-4ae9-82b5-af22044d2d76/br/ce/quixada/zona-0006/24f59016a07ff4883c7dbe31e0763489.jpg"], "zonaEleitoral": "0006", "localDaVotacao": "1287"}