{"zonaEleitoral": "0142", "pictureURLList": ["https://vocefiscal-poll-tape-uploads.s3.amazonaws.com/us-east-1%3A37293f98-6046-4494-8836-bbd91eb27d72/br/ba/cruz-das-almas/zona-0142/7b54abe6ccd26c356abf21ec1c773ad1.jpg", "https://vocefiscal-poll-tape-uploads.s3.amazonaws.com/us-east-1%3A37293f98-6046-4494-8836-bbd91eb27d72/br/ba/cruz-das-almas/zona-0142/298d9e0d702a945efaf3f951376a1600.jpg"], "estado": "BA", "data": 1414352378182, "municipio": "CRUZ DAS ALMAS", "localDaVotacao": "1171", "secaoEleitoral": "0047"}