{"estado": "CE", "municipio": "FORTALEZA", "data": 1412541434417, "secaoEleitoral": "0485", "pictureURLList": ["https://vocefiscal-poll-tape-uploads.s3.amazonaws.com/us-east-1%3A8a94ec06-833c-4d7e-8a62-2914300e0719/br/ce/fortaleza/zona-0002/a35d16cd4618a156fd56e89d89012737.jpg", "https://vocefiscal-poll-tape-uploads.s3.amazonaws.com/us-east-1%3A8a94ec06-833c-4d7e-8a62-2914300e0719/br/ce/fortaleza/zona-0002/626b7851a53c01f9d44455818d4c1a4e.jpg"], "zonaEleitoral": "0002", "localDaVotacao": "1228"}