{"pictureURLList": ["https://vocefiscal-poll-tape-uploads.s3.amazonaws.com/us-east-1%3Afc02f982-09ac-4107-96e1-f820ba70bf0e/br/ce/fortaleza/zona-0001/f1a5299520b1d365d81681575105765f.jpg", "https://vocefiscal-poll-tape-uploads.s3.amazonaws.com/us-east-1%3Afc02f982-09ac-4107-96e1-f820ba70bf0e/br/ce/fortaleza/zona-0001/166a67ed9326be84db8b213e56df7541.jpg", "https://vocefiscal-poll-tape-uploads.s3.amazonaws.com/us-east-1%3Afc02f982-09ac-4107-96e1-f820ba70bf0e/br/ce/fortaleza/zona-0001/e952a2a7d130ac6be8e056ab599f9894.jpg"], "data": 1414347305503, "estado": "CE", "municipio": "FORTALEZA", "zonaEleitoral": "0001", "localDaVotacao": "0001", "secaoEleitoral": "0144"}