{"data": 1412541595051, "estado": "BA", "localDaVotacao": "1597", "zonaEleitoral": "0048", "secaoEleitoral": "0095", "pictureURLList": ["https://vocefiscal-poll-tape-uploads.s3.amazonaws.com/us-east-1%3Ad67eabc2-7b59-4982-98db-0418b00d2b75/br/ba/juazeiro/zona-0048/fefb389198a5b52201aba30325abbe2f.jpg", "https://vocefiscal-poll-tape-uploads.s3.amazonaws.com/us-east-1%3Ad67eabc2-7b59-4982-98db-0418b00d2b75/br/ba/juazeiro/zona-0048/e7df4048c6b285346b6667216449bb81.jpg", "https://vocefiscal-poll-tape-uploads.s3.amazonaws.com/us-east-1%3Ad67eabc2-7b59-4982-98db-0418b00d2b75/br/ba/juazeiro/zona-0048/8082257fc0299c84c7722a648ec86789.jpg", "https://vocefiscal-poll-tape-uploads.s3.amazonaws.com/us-east-1%3Ad67eabc2-7b59-4982-98db-0418b00d2b75/br/ba/juazeiro/zona-0048/f226cff3e4a7213a02c809ac0751efb8.jpg", "https://vocefiscal-poll-tape-uploads.s3.amazonaws.com/us-east-1%3Ad67eabc2-7b59-4982-98db-0418b00d2b75/br/ba/juazeiro/zona-0048/11b08cd92edbc552334a3426ac9354a8.jpg", "https://vocefiscal-poll-tape-uploads.s3.amazonaws.com/us-east-1%3Ad67eabc2-7b59-4982-98db-0418b00d2b75/br/ba/juazeiro/zona-0048/45fa577b5903bb49d747c97f6b07a65.jpg", "https://vocefiscal-poll-tape-uploads.s3.amazonaws.com/us-east-1%3Ad67eabc2-7b59-4982-98db-0418b00d2b75/br/ba/juazeiro/zona-0048/712c1bfa93839c161182ea3bf469fdbc.jpg", "https://vocefiscal-poll-tape-uploads.s3.amazonaws.com/us-east-1%3Ad67eabc2-7b59-4982-98db-0418b00d2b75/br/ba/juazeiro/zona-0048/68de2136260ad5556c359f766a737077.jpg", "https://vocefiscal-poll-tape-uploads.s3.amazonaws.com/us-east-1%3Ad67eabc2-7b59-4982-98db-0418b00d2b75/br/ba/juazeiro/zona-0048/cf85911bb7302bbdf34eff3bab77acea.jpg", "https://vocefiscal-poll-tape-uploads.s3.amazonaws.com/us-east-1%3Ad67eabc2-7b59-4982-98db-0418b00d2b75/br/ba/juazeiro/zona-0048/c13d2e2295ea05d640c6c95ed097cc44.jpg", "https://vocefiscal-poll-tape-uploads.s3.amazonaws.com/us-east-1%3Ad67eabc2-7b59-4982-98db-0418b00d2b75/br/ba/juazeiro/zona-0048/2fd045ddf0e25ebb1aafba0b4d389649.jpg", "https://vocefiscal-poll-tape-uploads.s3.amazonaws.com/us-east-1%3Ad67eabc2-7b59-4982-98db-0418b00d2b75/br/ba/juazeiro/zona-0048/95990e10d927451ff02dfa2aac8c2acb.jpg", "https://vocefiscal-poll-tape-uploads.s3.amazonaws.com/us-east-1%3Ad67eabc2-7b59-4982-98db-0418b00d2b75/br/ba/juazeiro/zona-0048/de1e32b0ca211593e23a8e2d38acdb2f.jpg", "https://vocefiscal-poll-tape-uploads.s3.amazonaws.com/us-east-1%3Ad67eabc2-7b59-4982-98db-0418b00d2b75/br/ba/juazeiro/zona-0048/fd91a4eeeefb5444e9d44566ef930fdb.jpg", "https://vocefiscal-poll-tape-uploads.s3.amazonaws.com/us-east-1%3Ad67eabc2-7b59-4982-98db-0418b00d2b75/br/ba/juazeiro/zona-0048/2e59a12baf9b20ed5312ab806f0264d6.jpg", "https://vocefiscal-poll-tape-uploads.s3.amazonaws.com/us-east-1%3Ad67eabc2-7b59-4982-98db-0418b00d2b75/br/ba/juazeiro/zona-0048/67f531f2026b7876d6bedb5809e08e91.jpg", "https://vocefiscal-poll-tape-uploads.s3.amazonaws.com/us-east-1%3Ad67eabc2-7b59-4982-98db-0418b00d2b75/br/ba/juazeiro/zona-0048/7d381941bcf262d726995209351c6aac.jpg", "https://vocefiscal-poll-tape-uploads.s3.amazonaws.com/us-east-1%3Ad67eabc2-7b59-4982-98db-0418b00d2b75/br/ba/juazeiro/zona-0048/c987ea3eb91aa9d9304a69ec006b1768.jpg", "https://vocefiscal-poll-tape-uploads.s3.amazonaws.com/us-east-1%3Ad67eabc2-7b59-4982-98db-0418b00d2b75/br/ba/juazeiro/zona-0048/cbca60c274fbafa208577d6b903d70dc.jpg", "https://vocefiscal-poll-tape-uploads.s3.amazonaws.com/us-east-1%3Ad67eabc2-7b59-4982-98db-0418b00d2b75/br/ba/juazeiro/zona-0048/cd747a6717af3d3b1e8838d1918d98f3.jpg", "https://vocefiscal-poll-tape-uploads.s3.amazonaws.com/us-east-1%3Ad67eabc2-7b59-4982-98db-0418b00d2b75/br/ba/juazeiro/zona-0048/6db1921e5d4386502bd9b0381b862ef9.jpg", "https://vocefiscal-poll-tape-uploads.s3.amazonaws.com/us-east-1%3Ad67eabc2-7b59-4982-98db-0418b00d2b75/br/ba/juazeiro/zona-0048/1161d2ad70f9a62e8c53329aa795628f.jpg", "https://vocefiscal-poll-tape-uploads.s3.amazonaws.com/us-east-1%3Ad67eabc2-7b59-4982-98db-0418b00d2b75/br/ba/juazeiro/zona-0048/7d381941bcf262d726995209351c6aac.jpg", "https://vocefiscal-poll-tape-uploads.s3.amazonaws.com/us-east-1%3Ad67eabc2-7b59-4982-98db-0418b00d2b75/br/ba/juazeiro/zona-0048/406c16bc629cf2608cc34b0a62e0eae1.jpg", "https://vocefiscal-poll-tape-uploads.s3.amazonaws.com/us-east-1%3Ad67eabc2-7b59-4982-98db-0418b00d2b75/br/ba/juazeiro/zona-0048/26c4c1b2d932b8114e0940cd8de99924.jpg", "https://vocefiscal-poll-tape-uploads.s3.amazonaws.com/us-east-1%3Ad67eabc2-7b59-4982-98db-0418b00d2b75/br/ba/juazeiro/zona-0048/477bc8a3a734194a6b163fc6a1ff7c25.jpg", "https://vocefiscal-poll-tape-uploads.s3.amazonaws.com/us-east-1%3Ad67eabc2-7b59-4982-98db-0418b00d2b75/br/ba/juazeiro/zona-0048/a0236f984a54035448741dffeb3664bb.jpg", "https://vocefiscal-poll-tape-uploads.s3.amazonaws.com/us-east-1%3Ad67eabc2-7b59-4982-98db-0418b00d2b75/br/ba/juazeiro/zona-0048/e92efcfff2c2543b015e59a75c16a997.jpg", "https://vocefiscal-poll-tape-uploads.s3.amazonaws.com/us-east-1%3Ad67eabc2-7b59-4982-98db-0418b00d2b75/br/ba/juazeiro/zona-0048/c735c2673721d281aba615752eb11c3.jpg"], "municipio": "JUAZEIRO"}