{"pictureURLList": ["https://vocefiscal-poll-tape-uploads.s3.amazonaws.com/us-east-1%3A22eaed64-e674-49e2-bc07-a540be6d39da/br/ce/fortaleza/zona-0082/8f77798943020a7665c8f257cbcc040c.jpg", "https://vocefiscal-poll-tape-uploads.s3.amazonaws.com/us-east-1%3A22eaed64-e674-49e2-bc07-a540be6d39da/br/ce/fortaleza/zona-0082/9611f902ffdb1c1afc94cb25c8db3c83.jpg", "https://vocefiscal-poll-tape-uploads.s3.amazonaws.com/us-east-1%3A22eaed64-e674-49e2-bc07-a540be6d39da/br/ce/fortaleza/zona-0082/8587ed57bddcfbe45fe9189081169f4c.jpg"], "data": 1414358763277, "estado": "CE", "municipio": "FORTALEZA", "zonaEleitoral": "0082", "localDaVotacao": "1503", "secaoEleitoral": "0199"}