{"zonaEleitoral": "0019", "pictureURLList": ["https://vocefiscal-poll-tape-uploads.s3.amazonaws.com/us-east-1%3A0d2ed7c6-53bd-4cc2-9596-142239517a9f/br/ba/salvador/zona-0019/11309e0672d658c4faf773d02438439a.jpg", "https://vocefiscal-poll-tape-uploads.s3.amazonaws.com/us-east-1%3A0d2ed7c6-53bd-4cc2-9596-142239517a9f/br/ba/salvador/zona-0019/17994c0beeb6157a719ef560146e3f7b.jpg", "https://vocefiscal-poll-tape-uploads.s3.amazonaws.com/us-east-1%3A0d2ed7c6-53bd-4cc2-9596-142239517a9f/br/ba/salvador/zona-0019/346059ea2132005ab45260c3ff97079b.jpg", "https://vocefiscal-poll-tape-uploads.s3.amazonaws.com/us-east-1%3A0d2ed7c6-53bd-4cc2-9596-142239517a9f/br/ba/salvador/zona-0019/dd3070254877513ccc2c538f3163b8e9.jpg"], "estado": "BA", "secaoEleitoral": "0248", "data": 1414436835474, "municipio": "SALVADOR", "localDaVotacao": "1236"}