{"municipio": "MARAB\u00c1", "secaoEleitoral": "0716", "zonaEleitoral": "0023", "localDaVotacao": "1520", "estado": "PA", "data": 1412543063515, "pictureURLList": ["https://vocefiscal-poll-tape-uploads.s3.amazonaws.com/us-east-1%3Ae05fad09-b221-436f-8a6e-6e19778d9632/br/pa/maraba/zona-0023/114074c6d913c72ddbc98a52996c43a9.jpg", "https://vocefiscal-poll-tape-uploads.s3.amazonaws.com/us-east-1%3Ae05fad09-b221-436f-8a6e-6e19778d9632/br/pa/maraba/zona-0023/13cf6089cde70dcba075a81b3f9c3a0e.jpg", "https://vocefiscal-poll-tape-uploads.s3.amazonaws.com/us-east-1%3Ae05fad09-b221-436f-8a6e-6e19778d9632/br/pa/maraba/zona-0023/9346aa7404747378d696a9958c44c438.jpg", "https://vocefiscal-poll-tape-uploads.s3.amazonaws.com/us-east-1%3Ae05fad09-b221-436f-8a6e-6e19778d9632/br/pa/maraba/zona-0023/4cd85999543a5acfe37eae84c362fc58.jpg", "https://vocefiscal-poll-tape-uploads.s3.amazonaws.com/us-east-1%3Ae05fad09-b221-436f-8a6e-6e19778d9632/br/pa/maraba/zona-0023/9890b40bc67c9a07664a537b4b33704b.jpg", "https://vocefiscal-poll-tape-uploads.s3.amazonaws.com/us-east-1%3Ae05fad09-b221-436f-8a6e-6e19778d9632/br/pa/maraba/zona-0023/4b7dde8aa093b166bef7b22ee2cf575b.jpg", "https://vocefiscal-poll-tape-uploads.s3.amazonaws.com/us-east-1%3Ae05fad09-b221-436f-8a6e-6e19778d9632/br/pa/maraba/zona-0023/8f4d11b52731bee10bcb63e8edd2cd1.jpg", "https://vocefiscal-poll-tape-uploads.s3.amazonaws.com/us-east-1%3Ae05fad09-b221-436f-8a6e-6e19778d9632/br/pa/maraba/zona-0023/e04fb6e102882c3069700b2ea3faf9e7.jpg", "https://vocefiscal-poll-tape-uploads.s3.amazonaws.com/us-east-1%3Ae05fad09-b221-436f-8a6e-6e19778d9632/br/pa/maraba/zona-0023/78ae6b31c73f3f4bddc02affc510b046.jpg", "https://vocefiscal-poll-tape-uploads.s3.amazonaws.com/us-east-1%3Ae05fad09-b221-436f-8a6e-6e19778d9632/br/pa/maraba/zona-0023/253ff3094f88df1a8c17b119c905e830.jpg", "https://vocefiscal-poll-tape-uploads.s3.amazonaws.com/us-east-1%3Ae05fad09-b221-436f-8a6e-6e19778d9632/br/pa/maraba/zona-0023/22c8279fce3cf86ba5eb785dec031f82.jpg", "https://vocefiscal-poll-tape-uploads.s3.amazonaws.com/us-east-1%3Ae05fad09-b221-436f-8a6e-6e19778d9632/br/pa/maraba/zona-0023/91ff967265ecc72655857b496794809b.jpg", "https://vocefiscal-poll-tape-uploads.s3.amazonaws.com/us-east-1%3Ae05fad09-b221-436f-8a6e-6e19778d9632/br/pa/maraba/zona-0023/2a249e6dba944b83e7835ef7a040b432.jpg", "https://vocefiscal-poll-tape-uploads.s3.amazonaws.com/us-east-1%3Ae05fad09-b221-436f-8a6e-6e19778d9632/br/pa/maraba/zona-0023/902a6c974c3e25f931d602713187e1eb.jpg", "https://vocefiscal-poll-tape-uploads.s3.amazonaws.com/us-east-1%3Ae05fad09-b221-436f-8a6e-6e19778d9632/br/pa/maraba/zona-0023/3ad094449a043cc0b7120b1bc9d88081.jpg"]}