{"pictureURLList": ["https://vocefiscal-poll-tape-uploads.s3.amazonaws.com/us-east-1%3A5f08456c-0af8-483b-b299-d935edf78f55/br/ce/maracanau/zona-0104/b0e2907e936bedcc6b4c3f01d22b4c81.jpg", "https://vocefiscal-poll-tape-uploads.s3.amazonaws.com/us-east-1%3A5f08456c-0af8-483b-b299-d935edf78f55/br/ce/maracanau/zona-0104/52a92bbf72e39aeea5db066e01acc2b6.jpg", "https://vocefiscal-poll-tape-uploads.s3.amazonaws.com/us-east-1%3A5f08456c-0af8-483b-b299-d935edf78f55/br/ce/maracanau/zona-0104/c4762aa9381a7154a35e8ecd4887258f.jpg"], "data": 1414353145103, "estado": "CE", "municipio": "MARACANA\u00da", "zonaEleitoral": "0104", "localDaVotacao": "1759", "secaoEleitoral": "0375"}