{"data": 1412543376951, "pictureURLList": ["https://vocefiscal-poll-tape-uploads.s3.amazonaws.com/us-east-1%3A7bcabed5-28ed-429a-875b-ea99d38c0f4e/br/ba/salvador/zona-0019/830cc89cbd15d8b7ff79039176535de0.jpg", "https://vocefiscal-poll-tape-uploads.s3.amazonaws.com/us-east-1%3A7bcabed5-28ed-429a-875b-ea99d38c0f4e/br/ba/salvador/zona-0019/3bfc9ab4a308f5a22f7fb4c486995537.jpg", "https://vocefiscal-poll-tape-uploads.s3.amazonaws.com/us-east-1%3A7bcabed5-28ed-429a-875b-ea99d38c0f4e/br/ba/salvador/zona-0019/486eeef4547266f28eec28e6f471c82d.jpg", "https://vocefiscal-poll-tape-uploads.s3.amazonaws.com/us-east-1%3A7bcabed5-28ed-429a-875b-ea99d38c0f4e/br/ba/salvador/zona-0019/39dfbba550216d4f42a275bbf5dbc79a.jpg", "https://vocefiscal-poll-tape-uploads.s3.amazonaws.com/us-east-1%3A7bcabed5-28ed-429a-875b-ea99d38c0f4e/br/ba/salvador/zona-0019/3cfca6e7ce9412db0af461409452eeb7.jpg", "https://vocefiscal-poll-tape-uploads.s3.amazonaws.com/us-east-1%3A7bcabed5-28ed-429a-875b-ea99d38c0f4e/br/ba/salvador/zona-0019/f1da7c946ee2d7eb47ec716956e45945.jpg", "https://vocefiscal-poll-tape-uploads.s3.amazonaws.com/us-east-1%3A7bcabed5-28ed-429a-875b-ea99d38c0f4e/br/ba/salvador/zona-0019/d36151f43a286661caba5d8669d3fa8f.jpg", "https://vocefiscal-poll-tape-uploads.s3.amazonaws.com/us-east-1%3A7bcabed5-28ed-429a-875b-ea99d38c0f4e/br/ba/salvador/zona-0019/c1eef0e15279f2831d612d0ee21c4041.jpg", "https://vocefiscal-poll-tape-uploads.s3.amazonaws.com/us-east-1%3A7bcabed5-28ed-429a-875b-ea99d38c0f4e/br/ba/salvador/zona-0019/6314890146620e5e9b0c0d66c76af46e.jpg", "https://vocefiscal-poll-tape-uploads.s3.amazonaws.com/us-east-1%3A7bcabed5-28ed-429a-875b-ea99d38c0f4e/br/ba/salvador/zona-0019/cc72bcdf340ab57e5fd8d296e2b23863.jpg", "https://vocefiscal-poll-tape-uploads.s3.amazonaws.com/us-east-1%3A7bcabed5-28ed-429a-875b-ea99d38c0f4e/br/ba/salvador/zona-0019/25b25790c696d0425630d5909f13c744.jpg", "https://vocefiscal-poll-tape-uploads.s3.amazonaws.com/us-east-1%3A7bcabed5-28ed-429a-875b-ea99d38c0f4e/br/ba/salvador/zona-0019/3564298b27b3cdcf4513ebb1fde8394.jpg", "https://vocefiscal-poll-tape-uploads.s3.amazonaws.com/us-east-1%3A7bcabed5-28ed-429a-875b-ea99d38c0f4e/br/ba/salvador/zona-0019/de0d0daae1c95ba6164d2735840db28a.jpg", "https://vocefiscal-poll-tape-uploads.s3.amazonaws.com/us-east-1%3A7bcabed5-28ed-429a-875b-ea99d38c0f4e/br/ba/salvador/zona-0019/242273026a3b5c472e3bab1af7455b8.jpg", "https://vocefiscal-poll-tape-uploads.s3.amazonaws.com/us-east-1%3A7bcabed5-28ed-429a-875b-ea99d38c0f4e/br/ba/salvador/zona-0019/4d1d963cffe888437861b224e74f1af7.jpg", "https://vocefiscal-poll-tape-uploads.s3.amazonaws.com/us-east-1%3A7bcabed5-28ed-429a-875b-ea99d38c0f4e/br/ba/salvador/zona-0019/368b8a6a5ff1a25948f33455a7e00818.jpg", "https://vocefiscal-poll-tape-uploads.s3.amazonaws.com/us-east-1%3A7bcabed5-28ed-429a-875b-ea99d38c0f4e/br/ba/salvador/zona-0019/77fbb87f90a6092f45c50cebf879f823.jpg", "https://vocefiscal-poll-tape-uploads.s3.amazonaws.com/us-east-1%3A7bcabed5-28ed-429a-875b-ea99d38c0f4e/br/ba/salvador/zona-0019/5bb019ce2a46aeb8f1a7ebee5aa28c7b.jpg", "https://vocefiscal-poll-tape-uploads.s3.amazonaws.com/us-east-1%3A7bcabed5-28ed-429a-875b-ea99d38c0f4e/br/ba/salvador/zona-0019/917c7640846a48440dedef5ef7d93b67.jpg", "https://vocefiscal-poll-tape-uploads.s3.amazonaws.com/us-east-1%3A7bcabed5-28ed-429a-875b-ea99d38c0f4e/br/ba/salvador/zona-0019/39239e8c531c16172f63656acbb88421.jpg", "https://vocefiscal-poll-tape-uploads.s3.amazonaws.com/us-east-1%3A7bcabed5-28ed-429a-875b-ea99d38c0f4e/br/ba/salvador/zona-0019/be1353f7953bf1e1cd0e138331fea943.jpg", "https://vocefiscal-poll-tape-uploads.s3.amazonaws.com/us-east-1%3A7bcabed5-28ed-429a-875b-ea99d38c0f4e/br/ba/salvador/zona-0019/5f6956ec00d09ffc15abe8972afae155.jpg", "https://vocefiscal-poll-tape-uploads.s3.amazonaws.com/us-east-1%3A7bcabed5-28ed-429a-875b-ea99d38c0f4e/br/ba/salvador/zona-0019/acfa80cc7b9602321693e88c373421bd.jpg", "https://vocefiscal-poll-tape-uploads.s3.amazonaws.com/us-east-1%3A7bcabed5-28ed-429a-875b-ea99d38c0f4e/br/ba/salvador/zona-0019/eb321e4aa4a0bdc29bf32c0504f20412.jpg", "https://vocefiscal-poll-tape-uploads.s3.amazonaws.com/us-east-1%3A7bcabed5-28ed-429a-875b-ea99d38c0f4e/br/ba/salvador/zona-0019/59bd9e4ca540c8ba9d80a734e4fb19da.jpg", "https://vocefiscal-poll-tape-uploads.s3.amazonaws.com/us-east-1%3A7bcabed5-28ed-429a-875b-ea99d38c0f4e/br/ba/salvador/zona-0019/a8a034f9de468cf3c9edfcf700227363.jpg", "https://vocefiscal-poll-tape-uploads.s3.amazonaws.com/us-east-1%3A7bcabed5-28ed-429a-875b-ea99d38c0f4e/br/ba/salvador/zona-0019/182d6e2ae8c3898b5d206e99a14844c3.jpg", "https://vocefiscal-poll-tape-uploads.s3.amazonaws.com/us-east-1%3A7bcabed5-28ed-429a-875b-ea99d38c0f4e/br/ba/salvador/zona-0019/3e6dbbbbe7a83493289c159e3e969ff3.jpg", "https://vocefiscal-poll-tape-uploads.s3.amazonaws.com/us-east-1%3A7bcabed5-28ed-429a-875b-ea99d38c0f4e/br/ba/salvador/zona-0019/5d0d49ed9e6cc77b798025d987500cc2.jpg", "https://vocefiscal-poll-tape-uploads.s3.amazonaws.com/us-east-1%3A7bcabed5-28ed-429a-875b-ea99d38c0f4e/br/ba/salvador/zona-0019/e82362db2a2497b4f6283b9bbfb5cc41.jpg", "https://vocefiscal-poll-tape-uploads.s3.amazonaws.com/us-east-1%3A7bcabed5-28ed-429a-875b-ea99d38c0f4e/br/ba/salvador/zona-0019/337cf7a793420842bf741e4ca3abc621.jpg", "https://vocefiscal-poll-tape-uploads.s3.amazonaws.com/us-east-1%3A7bcabed5-28ed-429a-875b-ea99d38c0f4e/br/ba/salvador/zona-0019/e8b42f5b6c1c37519e56fdfe697d6a6b.jpg", "https://vocefiscal-poll-tape-uploads.s3.amazonaws.com/us-east-1%3A7bcabed5-28ed-429a-875b-ea99d38c0f4e/br/ba/salvador/zona-0019/1beecf4b3e42ba44dc397882164ce44d.jpg"], "estado": "BA", "localDaVotacao": "1066", "zonaEleitoral": "0019", "secaoEleitoral": "0154", "municipio": "SALVADOR"}