{"zonaEleitoral": "0048", "estado": "BA", "data": 1414351128845, "municipio": "JUAZEIRO", "pictureURLList": ["https://vocefiscal-poll-tape-uploads.s3.amazonaws.com/us-east-1%3Aef0a89b0-6d7e-4991-b118-b6ef09a7804f/br/ba/juazeiro/zona-0048/3913b3cfa5757d9ae2676ff395cb1cc9.jpg", "https://vocefiscal-poll-tape-uploads.s3.amazonaws.com/us-east-1%3Aef0a89b0-6d7e-4991-b118-b6ef09a7804f/br/ba/juazeiro/zona-0048/6218790b4b272403c0803736e3f2df26.jpg", "https://vocefiscal-poll-tape-uploads.s3.amazonaws.com/us-east-1%3Aef0a89b0-6d7e-4991-b118-b6ef09a7804f/br/ba/juazeiro/zona-0048/ed622f400dcfeee9f9b58f17b7d2248d.jpg"], "secaoEleitoral": "0130"}