{"zonaEleitoral": "0001", "pictureURLList": ["https://vocefiscal-poll-tape-uploads.s3.amazonaws.com/us-east-1%3Af150edb4-18af-4389-bde3-6bc59240355c/br/ba/salvador/zona-0001/4b68084a9c056d9244690f8057550775.jpg", "https://vocefiscal-poll-tape-uploads.s3.amazonaws.com/us-east-1%3Af150edb4-18af-4389-bde3-6bc59240355c/br/ba/salvador/zona-0001/2e01d31bb838e58894df616628ac01eb.jpg", "https://vocefiscal-poll-tape-uploads.s3.amazonaws.com/us-east-1%3Af150edb4-18af-4389-bde3-6bc59240355c/br/ba/salvador/zona-0001/b3c5a1501476e7e9576d6817e6c53730.jpg"], "estado": "BA", "secaoEleitoral": "0102", "data": 1414351218986, "municipio": "SALVADOR", "localDaVotacao": "1198"}