{"zonaEleitoral": "0001", "pictureURLList": ["https://vocefiscal-poll-tape-uploads.s3.amazonaws.com/us-east-1%3A4042b14d-ef42-4cc5-9500-ffae4da656a4/br/ba/salvador/zona-0001/419dcd197c900acaf4b57e5daa69d4af.jpg", "https://vocefiscal-poll-tape-uploads.s3.amazonaws.com/us-east-1%3A4042b14d-ef42-4cc5-9500-ffae4da656a4/br/ba/salvador/zona-0001/39556d93e36b38901ba24fd7d6875b9a.jpg", "https://vocefiscal-poll-tape-uploads.s3.amazonaws.com/us-east-1%3A4042b14d-ef42-4cc5-9500-ffae4da656a4/br/ba/salvador/zona-0001/dafeeafa3eeee1f303575faea6350efd.jpg"], "estado": "BA", "secaoEleitoral": "0061", "data": 1414355407755, "municipio": "SALVADOR", "localDaVotacao": "1066"}