{"zonaEleitoral": "0001", "pictureURLList": ["https://vocefiscal-poll-tape-uploads.s3.amazonaws.com/us-east-1%3Af150edb4-18af-4389-bde3-6bc59240355c/br/ba/salvador/zona-0001/2c61699eaf0ee0ba9db8972accfc53cd.jpg", "https://vocefiscal-poll-tape-uploads.s3.amazonaws.com/us-east-1%3Af150edb4-18af-4389-bde3-6bc59240355c/br/ba/salvador/zona-0001/36edb55952b1d22a59ced73ed337361f.jpg", "https://vocefiscal-poll-tape-uploads.s3.amazonaws.com/us-east-1%3Af150edb4-18af-4389-bde3-6bc59240355c/br/ba/salvador/zona-0001/9433c5a6d02f583e04f666f5539aa481.jpg"], "estado": "BA", "secaoEleitoral": "0063", "data": 1414350730137, "municipio": "SALVADOR", "localDaVotacao": "1198"}