{"zonaEleitoral": "0001", "pictureURLList": ["https://vocefiscal-poll-tape-uploads.s3.amazonaws.com/us-east-1%3Af150edb4-18af-4389-bde3-6bc59240355c/br/ba/salvador/zona-0001/e822130b57ba61f3e3e450c1593dfa02.jpg", "https://vocefiscal-poll-tape-uploads.s3.amazonaws.com/us-east-1%3Af150edb4-18af-4389-bde3-6bc59240355c/br/ba/salvador/zona-0001/5c0fa297ea04f2127f15cf122aff47f8.jpg", "https://vocefiscal-poll-tape-uploads.s3.amazonaws.com/us-east-1%3Af150edb4-18af-4389-bde3-6bc59240355c/br/ba/salvador/zona-0001/18b8302d5d906a0b4e359776cfa84c7.jpg"], "estado": "BA", "data": 1414350892371, "municipio": "SALVADOR", "localDaVotacao": "1198", "secaoEleitoral": "0031"}