{"estado": "CE", "municipio": "QUIXAD\u00c1", "data": 1412547372065, "secaoEleitoral": "0210", "pictureURLList": ["https://vocefiscal-poll-tape-uploads.s3.amazonaws.com/us-east-1%3Ab7867930-59cf-4ae9-82b5-af22044d2d76/br/ce/quixada/zona-0006/8ab6132ac5b712a1eb6dff7841e264fd.jpg", "https://vocefiscal-poll-tape-uploads.s3.amazonaws.com/us-east-1%3Ab7867930-59cf-4ae9-82b5-af22044d2d76/br/ce/quixada/zona-0006/726567f73fa1a08a4432c2f5c6d5fa11.jpg", "https://vocefiscal-poll-tape-uploads.s3.amazonaws.com/us-east-1%3Ab7867930-59cf-4ae9-82b5-af22044d2d76/br/ce/quixada/zona-0006/c926cd6e4603932105c1cb0ae8409489.jpg", "https://vocefiscal-poll-tape-uploads.s3.amazonaws.com/us-east-1%3Ab7867930-59cf-4ae9-82b5-af22044d2d76/br/ce/quixada/zona-0006/aef15e6af54edb4e8f5f638dd55c4af9.jpg", "https://vocefiscal-poll-tape-uploads.s3.amazonaws.com/us-east-1%3Ab7867930-59cf-4ae9-82b5-af22044d2d76/br/ce/quixada/zona-0006/fd65bdeb1b0561231cdfa9f38dbf60f1.jpg", "https://vocefiscal-poll-tape-uploads.s3.amazonaws.com/us-east-1%3Ab7867930-59cf-4ae9-82b5-af22044d2d76/br/ce/quixada/zona-0006/51dd365d8dd798e7b3fdfc666b14bbc8.jpg", "https://vocefiscal-poll-tape-uploads.s3.amazonaws.com/us-east-1%3Ab7867930-59cf-4ae9-82b5-af22044d2d76/br/ce/quixada/zona-0006/e4617376c349280f05e9f426a49f7c82.jpg", "https://vocefiscal-poll-tape-uploads.s3.amazonaws.com/us-east-1%3Ab7867930-59cf-4ae9-82b5-af22044d2d76/br/ce/quixada/zona-0006/76bce6872208502a4dc238b15d812bc4.jpg", "https://vocefiscal-poll-tape-uploads.s3.amazonaws.com/us-east-1%3Ab7867930-59cf-4ae9-82b5-af22044d2d76/br/ce/quixada/zona-0006/cfa65c6d02bd3bba020ad18a1c704c31.jpg", "https://vocefiscal-poll-tape-uploads.s3.amazonaws.com/us-east-1%3Ab7867930-59cf-4ae9-82b5-af22044d2d76/br/ce/quixada/zona-0006/c849bd56611adcce90b7fad6063f36cf.jpg", "https://vocefiscal-poll-tape-uploads.s3.amazonaws.com/us-east-1%3Ab7867930-59cf-4ae9-82b5-af22044d2d76/br/ce/quixada/zona-0006/f0bdca1774684954d514c84c66cc6142.jpg", "https://vocefiscal-poll-tape-uploads.s3.amazonaws.com/us-east-1%3Ab7867930-59cf-4ae9-82b5-af22044d2d76/br/ce/quixada/zona-0006/f6d28f7af462eacf231e7591f9947301.jpg", "https://vocefiscal-poll-tape-uploads.s3.amazonaws.com/us-east-1%3Ab7867930-59cf-4ae9-82b5-af22044d2d76/br/ce/quixada/zona-0006/9cc52799de1aaa53b42ab2fd7aeb3e3e.jpg", "https://vocefiscal-poll-tape-uploads.s3.amazonaws.com/us-east-1%3Ab7867930-59cf-4ae9-82b5-af22044d2d76/br/ce/quixada/zona-0006/59633021cf5367f54c243ecd3c638c7f.jpg", "https://vocefiscal-poll-tape-uploads.s3.amazonaws.com/us-east-1%3Ab7867930-59cf-4ae9-82b5-af22044d2d76/br/ce/quixada/zona-0006/72ff61b5a87041d7147ba71b86993a68.jpg", "https://vocefiscal-poll-tape-uploads.s3.amazonaws.com/us-east-1%3Ab7867930-59cf-4ae9-82b5-af22044d2d76/br/ce/quixada/zona-0006/da607e7b8641ddca0c0dc789f1b57800.jpg", "https://vocefiscal-poll-tape-uploads.s3.amazonaws.com/us-east-1%3Ab7867930-59cf-4ae9-82b5-af22044d2d76/br/ce/quixada/zona-0006/e93ce067e8a66b6041015afd447e9297.jpg", "https://vocefiscal-poll-tape-uploads.s3.amazonaws.com/us-east-1%3Ab7867930-59cf-4ae9-82b5-af22044d2d76/br/ce/quixada/zona-0006/f3bcc40c4204a19ba907fbbed51d898b.jpg", "https://vocefiscal-poll-tape-uploads.s3.amazonaws.com/us-east-1%3Ab7867930-59cf-4ae9-82b5-af22044d2d76/br/ce/quixada/zona-0006/7e001700a99ad9aac3042d0bfaeed644.jpg", "https://vocefiscal-poll-tape-uploads.s3.amazonaws.com/us-east-1%3Ab7867930-59cf-4ae9-82b5-af22044d2d76/br/ce/quixada/zona-0006/52117bc707302adb23fb8d613e94b5ff.jpg", "https://vocefiscal-poll-tape-uploads.s3.amazonaws.com/us-east-1%3Ab7867930-59cf-4ae9-82b5-af22044d2d76/br/ce/quixada/zona-0006/efe90dbe7d6a3928f6039b8fa177d6d5.jpg", "https://vocefiscal-poll-tape-uploads.s3.amazonaws.com/us-east-1%3Ab7867930-59cf-4ae9-82b5-af22044d2d76/br/ce/quixada/zona-0006/f34d8c506ebc95aa63ed2c94c7487732.jpg", "https://vocefiscal-poll-tape-uploads.s3.amazonaws.com/us-east-1%3Ab7867930-59cf-4ae9-82b5-af22044d2d76/br/ce/quixada/zona-0006/e4bb26bf10e140906d9ca9a5e1d3d087.jpg", "https://vocefiscal-poll-tape-uploads.s3.amazonaws.com/us-east-1%3Ab7867930-59cf-4ae9-82b5-af22044d2d76/br/ce/quixada/zona-0006/9788b1273e187dfb9b42176d96b6cc99.jpg", "https://vocefiscal-poll-tape-uploads.s3.amazonaws.com/us-east-1%3Ab7867930-59cf-4ae9-82b5-af22044d2d76/br/ce/quixada/zona-0006/cfe8b992d2ff27aa5d699d5f90efb2ae.jpg", "https://vocefiscal-poll-tape-uploads.s3.amazonaws.com/us-east-1%3Ab7867930-59cf-4ae9-82b5-af22044d2d76/br/ce/quixada/zona-0006/2364b90c09fcfe239e38b440bce9cf54.jpg"], "zonaEleitoral": "0006", "localDaVotacao": "2518"}