{"zonaEleitoral": "0188", "pictureURLList": ["https://vocefiscal-poll-tape-uploads.s3.amazonaws.com/us-east-1%3A0917b947-d523-4459-85fb-dca0eaccc963/br/ba/eunapolis/zona-0188/39fbcb71065d3f329dffd3f64317076e.jpg", "https://vocefiscal-poll-tape-uploads.s3.amazonaws.com/us-east-1%3A0917b947-d523-4459-85fb-dca0eaccc963/br/ba/eunapolis/zona-0188/c76fe15eb8e15cb317210798683e65e4.jpg", "https://vocefiscal-poll-tape-uploads.s3.amazonaws.com/us-east-1%3A0917b947-d523-4459-85fb-dca0eaccc963/br/ba/eunapolis/zona-0188/b31c5cd6643519388171d1cb697fa585.jpg", "https://vocefiscal-poll-tape-uploads.s3.amazonaws.com/us-east-1%3A0917b947-d523-4459-85fb-dca0eaccc963/br/ba/eunapolis/zona-0188/c7d5332fed2e121cb665072fb79427de.jpg"], "estado": "BA", "secaoEleitoral": "0098", "data": 1414351344082, "municipio": "EUN\u00c1POLIS", "localDaVotacao": "1228"}