{"municipio": "REDENÇÃO", "secaoEleitoral": "0205", "data": 1412541931138, "pictureURLList": ["https://vocefiscal-poll-tape-uploads.s3.amazonaws.com/us-east-1%3A3a41cecf-ba3e-411c-8481-4b2eae4c4d18/br/sp/campinas/zona-0059/2fe26be9406b9e490e42a1a5e5cd6d22.jpg", "https://vocefiscal-poll-tape-uploads.s3.amazonaws.com/us-east-1%3A3a41cecf-ba3e-411c-8481-4b2eae4c4d18/br/sp/campinas/zona-0059/480de4657c3d39bd98de20f8bcbdcdaf.jpg", "https://vocefiscal-poll-tape-uploads.s3.amazonaws.com/us-east-1%3A3a41cecf-ba3e-411c-8481-4b2eae4c4d18/br/sp/campinas/zona-0059/b3964f37997ab44e96f84964118146fe.jpg", "https://vocefiscal-poll-tape-uploads.s3.amazonaws.com/us-east-1%3A3a41cecf-ba3e-411c-8481-4b2eae4c4d18/br/sp/campinas/zona-0059/a2d82b135dc27f512cf11e3f096d0066.jpg", "https://vocefiscal-poll-tape-uploads.s3.amazonaws.com/us-east-1%3A3a41cecf-ba3e-411c-8481-4b2eae4c4d18/br/sp/campinas/zona-0059/c947813abb13f21f4fff661d1182cdb6.jpg", "https://vocefiscal-poll-tape-uploads.s3.amazonaws.com/us-east-1%3A3a41cecf-ba3e-411c-8481-4b2eae4c4d18/br/sp/campinas/zona-0059/ed7313d4688df453e002f06cb35f4151.jpg", "https://vocefiscal-poll-tape-uploads.s3.amazonaws.com/us-east-1%3A3a41cecf-ba3e-411c-8481-4b2eae4c4d18/br/sp/campinas/zona-0059/331ac1ae19d720367d9b6e5b469aaa5d.jpg", "https://vocefiscal-poll-tape-uploads.s3.amazonaws.com/us-east-1%3A3a41cecf-ba3e-411c-8481-4b2eae4c4d18/br/sp/campinas/zona-0059/dcd2b18b7afec5d45577c51a4c6ded9b.jpg", "https://vocefiscal-poll-tape-uploads.s3.amazonaws.com/us-east-1%3A3a41cecf-ba3e-411c-8481-4b2eae4c4d18/br/sp/campinas/zona-0059/f42da8960f535a28b622cfc403f57be3.jpg", "https://vocefiscal-poll-tape-uploads.s3.amazonaws.com/us-east-1%3A3a41cecf-ba3e-411c-8481-4b2eae4c4d18/br/sp/campinas/zona-0059/5ff3f615ada7e0ec745666e815ce7b1b.jpg", "https://vocefiscal-poll-tape-uploads.s3.amazonaws.com/us-east-1%3A3a41cecf-ba3e-411c-8481-4b2eae4c4d18/br/sp/campinas/zona-0059/177b4fdc8c0b3365d48fe0a505de57d2.jpg", "https://vocefiscal-poll-tape-uploads.s3.amazonaws.com/us-east-1%3A3a41cecf-ba3e-411c-8481-4b2eae4c4d18/br/sp/campinas/zona-0059/deba66852b180e58a6b6cd51bce6b133.jpg", "https://vocefiscal-poll-tape-uploads.s3.amazonaws.com/us-east-1%3A3a41cecf-ba3e-411c-8481-4b2eae4c4d18/br/sp/campinas/zona-0059/d2faaa7a1fb1f3f231f7800e553c9f42.jpg", "https://vocefiscal-poll-tape-uploads.s3.amazonaws.com/us-east-1%3A3a41cecf-ba3e-411c-8481-4b2eae4c4d18/br/sp/campinas/zona-0059/14dc821e9a66d57be751ed009458d205.jpg", "https://vocefiscal-poll-tape-uploads.s3.amazonaws.com/us-east-1%3A3a41cecf-ba3e-411c-8481-4b2eae4c4d18/br/sp/campinas/zona-0059/223cb6fe756f7ac80728883b1a328a93.jpg", "https://vocefiscal-poll-tape-uploads.s3.amazonaws.com/us-east-1%3A3a41cecf-ba3e-411c-8481-4b2eae4c4d18/br/sp/campinas/zona-0059/e65772e6007457ee7621f50db613939a.jpg", "https://vocefiscal-poll-tape-uploads.s3.amazonaws.com/us-east-1%3A3a41cecf-ba3e-411c-8481-4b2eae4c4d18/br/sp/campinas/zona-0059/9fc9e593f43cae4f18d1b934f3209930.jpg", "https://vocefiscal-poll-tape-uploads.s3.amazonaws.com/us-east-1%3A3a41cecf-ba3e-411c-8481-4b2eae4c4d18/br/sp/campinas/zona-0059/2dc4d9206f48816bae34f354c2b7b5d5.jpg", "https://vocefiscal-poll-tape-uploads.s3.amazonaws.com/us-east-1%3A3a41cecf-ba3e-411c-8481-4b2eae4c4d18/br/sp/campinas/zona-0059/8e71b3992f7f07822af1580114c54996.jpg", "https://vocefiscal-poll-tape-uploads.s3.amazonaws.com/us-east-1%3A3a41cecf-ba3e-411c-8481-4b2eae4c4d18/br/sp/campinas/zona-0059/6000af99826cc843bf5a5389ec27e8c5.jpg", "https://vocefiscal-poll-tape-uploads.s3.amazonaws.com/us-east-1%3A3a41cecf-ba3e-411c-8481-4b2eae4c4d18/br/sp/campinas/zona-0059/e5e4e7866a89ed54bc169b85c74d0d81.jpg"], "zonaEleitoral": "0059", "estado": "PA"}