{"pictureURLList": ["https://vocefiscal-poll-tape-uploads.s3.amazonaws.com/us-east-1%3A9ced1cb3-05b3-4a9a-9e30-e10a84999299/br/ce/fortaleza/zona-0115/3591694f5b0da5c4e402974527115b9b.jpg", "https://vocefiscal-poll-tape-uploads.s3.amazonaws.com/us-east-1%3A9ced1cb3-05b3-4a9a-9e30-e10a84999299/br/ce/fortaleza/zona-0115/dd57a6a728283d05025e793530b7596a.jpg", "https://vocefiscal-poll-tape-uploads.s3.amazonaws.com/us-east-1%3A9ced1cb3-05b3-4a9a-9e30-e10a84999299/br/ce/fortaleza/zona-0115/3b638f14d9dca7659e4c97eae157bc4b.jpg"], "data": 1414354507658, "estado": "CE", "municipio": "FORTALEZA", "zonaEleitoral": "0115", "secaoEleitoral": "0259"}