{"estado": "PA", "localDaVotacao": "1058", "municipio": "SANTAR\u00c9M", "pictureURLList": ["https://vocefiscal-poll-tape-uploads.s3.amazonaws.com/us-east-1%3Abebdeb5f-dc93-424e-b405-e4ac152b0b55/br/pa/santarem/zona-0083/bb055b20fcf727a0c01d869958891480.jpg", "https://vocefiscal-poll-tape-uploads.s3.amazonaws.com/us-east-1%3Abebdeb5f-dc93-424e-b405-e4ac152b0b55/br/pa/santarem/zona-0083/b5091dfdcf29e0e98dbb713bb4b6b32.jpg", "https://vocefiscal-poll-tape-uploads.s3.amazonaws.com/us-east-1%3Abebdeb5f-dc93-424e-b405-e4ac152b0b55/br/pa/santarem/zona-0083/f9672c1a95ac070973c2e9ee03775f43.jpg", "https://vocefiscal-poll-tape-uploads.s3.amazonaws.com/us-east-1%3Abebdeb5f-dc93-424e-b405-e4ac152b0b55/br/pa/santarem/zona-0083/62b449a3d87c6e11b79cc414e596a5c5.jpg"], "data": 1414354990191, "secaoEleitoral": "0308", "zonaEleitoral": "0083"}