{"zonaEleitoral": "0041", "pictureURLList": ["https://vocefiscal-poll-tape-uploads.s3.amazonaws.com/us-east-1%3Ac867bfb9-0e98-4303-bdbe-08a68759c029/br/ba/vitoria-da-conquista/zona-0041/bd127bcd53b6a3b2011d42936a91c72e.jpg", "https://vocefiscal-poll-tape-uploads.s3.amazonaws.com/us-east-1%3Ac867bfb9-0e98-4303-bdbe-08a68759c029/br/ba/vitoria-da-conquista/zona-0041/efbc01d52d260d692ad41aba4196e64.jpg", "https://vocefiscal-poll-tape-uploads.s3.amazonaws.com/us-east-1%3Ac867bfb9-0e98-4303-bdbe-08a68759c029/br/ba/vitoria-da-conquista/zona-0041/489541e26da839b1fe7e959281ebc1ac.jpg"], "estado": "BA", "secaoEleitoral": "0191", "data": 1414354509169, "municipio": "VIT\u00d3RIA DA CONQUISTA", "localDaVotacao": "1511"}