{"zonaEleitoral": "0155", "estado": "BA", "secaoEleitoral": "0215", "data": 1414355098792, "municipio": "FEIRA DE SANTANA", "pictureURLList": ["https://vocefiscal-poll-tape-uploads.s3.amazonaws.com/us-east-1%3A0253803f-d652-464a-8867-a775d3cc5894/br/ba/feira-de-santana/zona-0155/73087a7af1f8fe576260e5b919f5c1d2.jpg", "https://vocefiscal-poll-tape-uploads.s3.amazonaws.com/us-east-1%3A0253803f-d652-464a-8867-a775d3cc5894/br/ba/feira-de-santana/zona-0155/1e836cccc0d74e70f386afe96029768a.jpg", "https://vocefiscal-poll-tape-uploads.s3.amazonaws.com/us-east-1%3A0253803f-d652-464a-8867-a775d3cc5894/br/ba/feira-de-santana/zona-0155/ca7c0f2e8b059681dd48fe27ff5e5975.jpg", "https://vocefiscal-poll-tape-uploads.s3.amazonaws.com/us-east-1%3A0253803f-d652-464a-8867-a775d3cc5894/br/ba/feira-de-santana/zona-0155/bfab5904a825a6edc49f2c98b0196474.jpg"]}