{"pictureURLList": ["https://vocefiscal-poll-tape-uploads.s3.amazonaws.com/us-east-1%3A22d03638-3a0d-4737-9479-800704e176f1/br/ce/fortaleza/zona-0094/9edd52c8c3f67c0a900d906b3aa324be.jpg", "https://vocefiscal-poll-tape-uploads.s3.amazonaws.com/us-east-1%3A22d03638-3a0d-4737-9479-800704e176f1/br/ce/fortaleza/zona-0094/62ff2c2c90d89c3f446a885c82ff53d8.jpg", "https://vocefiscal-poll-tape-uploads.s3.amazonaws.com/us-east-1%3A22d03638-3a0d-4737-9479-800704e176f1/br/ce/fortaleza/zona-0094/e23f3c07c58d07eea4bd62f0911227f9.jpg", "https://vocefiscal-poll-tape-uploads.s3.amazonaws.com/us-east-1%3A22d03638-3a0d-4737-9479-800704e176f1/br/ce/fortaleza/zona-0094/85131b531eca2e550d3219ced512fe86.jpg"], "data": 1414354983025, "estado": "CE", "municipio": "FORTALEZA", "zonaEleitoral": "0094", "localDaVotacao": "2267", "secaoEleitoral": "0645"}