{"estado": "CE", "municipio": "ARACATI", "data": 1412556834807, "secaoEleitoral": "0015", "pictureURLList": ["https://vocefiscal-poll-tape-uploads.s3.amazonaws.com/us-east-1%3Acaad0a2d-c0a2-4e42-99fc-e4fbafa78077/br/ce/aracati/zona-0008/73d3d499c4875f9bf08b445e55988755.jpg", "https://vocefiscal-poll-tape-uploads.s3.amazonaws.com/us-east-1%3Acaad0a2d-c0a2-4e42-99fc-e4fbafa78077/br/ce/aracati/zona-0008/873fd98e06a2300749698f57e1aa5c35.jpg", "https://vocefiscal-poll-tape-uploads.s3.amazonaws.com/us-east-1%3Acaad0a2d-c0a2-4e42-99fc-e4fbafa78077/br/ce/aracati/zona-0008/86947a1e9e3972e56f74af865c7d9bce.jpg", "https://vocefiscal-poll-tape-uploads.s3.amazonaws.com/us-east-1%3Acaad0a2d-c0a2-4e42-99fc-e4fbafa78077/br/ce/aracati/zona-0008/c3714047df0e2dc3382ac72a23ccf3a8.jpg", "https://vocefiscal-poll-tape-uploads.s3.amazonaws.com/us-east-1%3Acaad0a2d-c0a2-4e42-99fc-e4fbafa78077/br/ce/aracati/zona-0008/7f904786c407646c200b943c3f2ef083.jpg", "https://vocefiscal-poll-tape-uploads.s3.amazonaws.com/us-east-1%3Acaad0a2d-c0a2-4e42-99fc-e4fbafa78077/br/ce/aracati/zona-0008/69056b186e0bd4859d3cab7842043af8.jpg", "https://vocefiscal-poll-tape-uploads.s3.amazonaws.com/us-east-1%3Acaad0a2d-c0a2-4e42-99fc-e4fbafa78077/br/ce/aracati/zona-0008/de506c28a606194befc94d9d384980d5.jpg", "https://vocefiscal-poll-tape-uploads.s3.amazonaws.com/us-east-1%3Acaad0a2d-c0a2-4e42-99fc-e4fbafa78077/br/ce/aracati/zona-0008/c3393eaac043dfd42ab9d9aa078c2bd2.jpg", "https://vocefiscal-poll-tape-uploads.s3.amazonaws.com/us-east-1%3Acaad0a2d-c0a2-4e42-99fc-e4fbafa78077/br/ce/aracati/zona-0008/359ac350e18b2abb669d8785bd812986.jpg", "https://vocefiscal-poll-tape-uploads.s3.amazonaws.com/us-east-1%3Acaad0a2d-c0a2-4e42-99fc-e4fbafa78077/br/ce/aracati/zona-0008/a11e95027f4cebd75e0e66b4c8b50134.jpg", "https://vocefiscal-poll-tape-uploads.s3.amazonaws.com/us-east-1%3Acaad0a2d-c0a2-4e42-99fc-e4fbafa78077/br/ce/aracati/zona-0008/36ec29e97585691487df0e444ee51b5b.jpg", "https://vocefiscal-poll-tape-uploads.s3.amazonaws.com/us-east-1%3Acaad0a2d-c0a2-4e42-99fc-e4fbafa78077/br/ce/aracati/zona-0008/d108e26244c58511a192497bb0c1b87d.jpg", "https://vocefiscal-poll-tape-uploads.s3.amazonaws.com/us-east-1%3Acaad0a2d-c0a2-4e42-99fc-e4fbafa78077/br/ce/aracati/zona-0008/41c562231995511d413626130e7030e2.jpg", "https://vocefiscal-poll-tape-uploads.s3.amazonaws.com/us-east-1%3Acaad0a2d-c0a2-4e42-99fc-e4fbafa78077/br/ce/aracati/zona-0008/97d67a0d92d36d3a74bd955ae5583771.jpg", "https://vocefiscal-poll-tape-uploads.s3.amazonaws.com/us-east-1%3Acaad0a2d-c0a2-4e42-99fc-e4fbafa78077/br/ce/aracati/zona-0008/66620c4d7d52868c2d8f5ae219afec22.jpg", "https://vocefiscal-poll-tape-uploads.s3.amazonaws.com/us-east-1%3Acaad0a2d-c0a2-4e42-99fc-e4fbafa78077/br/ce/aracati/zona-0008/a875ab47d43049bed5abc106129a6db4.jpg", "https://vocefiscal-poll-tape-uploads.s3.amazonaws.com/us-east-1%3Acaad0a2d-c0a2-4e42-99fc-e4fbafa78077/br/ce/aracati/zona-0008/97d67a0d92d36d3a74bd955ae5583771.jpg", "https://vocefiscal-poll-tape-uploads.s3.amazonaws.com/us-east-1%3Acaad0a2d-c0a2-4e42-99fc-e4fbafa78077/br/ce/aracati/zona-0008/2ecbbfc6e532a155f262e3f63551c695.jpg", "https://vocefiscal-poll-tape-uploads.s3.amazonaws.com/us-east-1%3Acaad0a2d-c0a2-4e42-99fc-e4fbafa78077/br/ce/aracati/zona-0008/66620c4d7d52868c2d8f5ae219afec22.jpg", "https://vocefiscal-poll-tape-uploads.s3.amazonaws.com/us-east-1%3Acaad0a2d-c0a2-4e42-99fc-e4fbafa78077/br/ce/aracati/zona-0008/72e46440b441ad275f807289df451930.jpg", "https://vocefiscal-poll-tape-uploads.s3.amazonaws.com/us-east-1%3Acaad0a2d-c0a2-4e42-99fc-e4fbafa78077/br/ce/aracati/zona-0008/a875ab47d43049bed5abc106129a6db4.jpg", "https://vocefiscal-poll-tape-uploads.s3.amazonaws.com/us-east-1%3Acaad0a2d-c0a2-4e42-99fc-e4fbafa78077/br/ce/aracati/zona-0008/8af93435ce0573ce328725f536dadec8.jpg", "https://vocefiscal-poll-tape-uploads.s3.amazonaws.com/us-east-1%3Acaad0a2d-c0a2-4e42-99fc-e4fbafa78077/br/ce/aracati/zona-0008/d5115812abd2ace928bafaf11c3c053e.jpg", "https://vocefiscal-poll-tape-uploads.s3.amazonaws.com/us-east-1%3Acaad0a2d-c0a2-4e42-99fc-e4fbafa78077/br/ce/aracati/zona-0008/754a3fa59fb1f8e7cb76c1cfe0997cfc.jpg", "https://vocefiscal-poll-tape-uploads.s3.amazonaws.com/us-east-1%3Acaad0a2d-c0a2-4e42-99fc-e4fbafa78077/br/ce/aracati/zona-0008/2ecbbfc6e532a155f262e3f63551c695.jpg", "https://vocefiscal-poll-tape-uploads.s3.amazonaws.com/us-east-1%3Acaad0a2d-c0a2-4e42-99fc-e4fbafa78077/br/ce/aracati/zona-0008/72e46440b441ad275f807289df451930.jpg", "https://vocefiscal-poll-tape-uploads.s3.amazonaws.com/us-east-1%3Acaad0a2d-c0a2-4e42-99fc-e4fbafa78077/br/ce/aracati/zona-0008/1c7aa83ebdb0daff57abb0630c345313.jpg"], "zonaEleitoral": "0008", "localDaVotacao": "1155"}