{"zonaEleitoral": "0170", "pictureURLList": ["https://vocefiscal-poll-tape-uploads.s3.amazonaws.com/us-east-1%3A924f17ed-96d0-41b4-b9c7-3d057ecdd609/br/ba/camacari/zona-0170/dd75fa2722f044f6b2e705fdfc66038e.jpg", "https://vocefiscal-poll-tape-uploads.s3.amazonaws.com/us-east-1%3A924f17ed-96d0-41b4-b9c7-3d057ecdd609/br/ba/camacari/zona-0170/9d74bee2efe813c11ddf61664e959bc4.jpg"], "estado": "BA", "data": 1414354381270, "municipio": "CAMA\u00c7ARI", "localDaVotacao": "0005", "secaoEleitoral": "0152"}