{"pictureURLList": ["https://vocefiscal-poll-tape-uploads.s3.amazonaws.com/us-east-1%3A9ced1cb3-05b3-4a9a-9e30-e10a84999299/br/ce/fortaleza/zona-0115/df13965d74f85231ed525a76463d9495.jpg", "https://vocefiscal-poll-tape-uploads.s3.amazonaws.com/us-east-1%3A9ced1cb3-05b3-4a9a-9e30-e10a84999299/br/ce/fortaleza/zona-0115/dca9b10776183cd78f7a4b837a63feb9.jpg", "https://vocefiscal-poll-tape-uploads.s3.amazonaws.com/us-east-1%3A9ced1cb3-05b3-4a9a-9e30-e10a84999299/br/ce/fortaleza/zona-0115/362c2fa57b4e004dfb9fa4afbafbd233.jpg"], "data": 1414354607210, "estado": "CE", "municipio": "FORTALEZA", "zonaEleitoral": "0115", "secaoEleitoral": "0230"}