{"municipio": "MANAUS", "localDaVotacao": "1252", "data": 1414492037139, "estado": "AM", "pictureURLList": ["https://vocefiscal-poll-tape-uploads.s3.amazonaws.com/us-east-1%3Abb73b653-4225-46e3-a0c0-53f7e2ff4837/br/am/manaus/zona-0001/d60501924a09abe995b340152dbb34bf.jpg", "https://vocefiscal-poll-tape-uploads.s3.amazonaws.com/us-east-1%3Abb73b653-4225-46e3-a0c0-53f7e2ff4837/br/am/manaus/zona-0001/99b0dd5928e55e8dfe51acf0b5f3338f.jpg", "https://vocefiscal-poll-tape-uploads.s3.amazonaws.com/us-east-1%3Abb73b653-4225-46e3-a0c0-53f7e2ff4837/br/am/manaus/zona-0001/a34138e332cbfa7140656b4307fcbe3.jpg", "https://vocefiscal-poll-tape-uploads.s3.amazonaws.com/us-east-1%3Abb73b653-4225-46e3-a0c0-53f7e2ff4837/br/am/manaus/zona-0001/1f0af59af861bef2e19f85cc91c62331.jpg"], "secaoEleitoral": "0121", "zonaEleitoral": "0001"}