{"municipio": "FORTALEZA", "secaoEleitoral": "0115", "data": 1412548576342, "pictureURLList": ["https://vocefiscal-poll-tape-uploads.s3.amazonaws.com/us-east-1%3A08867ccc-2711-491d-b9b1-05b93656004e/br/sp/campinas/zona-0113/afbd93a91394b5c7674b4d1b584a85d1.jpg", "https://vocefiscal-poll-tape-uploads.s3.amazonaws.com/us-east-1%3A08867ccc-2711-491d-b9b1-05b93656004e/br/sp/campinas/zona-0113/ad5724fb4f24432e7d63b4584801f4ef.jpg", "https://vocefiscal-poll-tape-uploads.s3.amazonaws.com/us-east-1%3A08867ccc-2711-491d-b9b1-05b93656004e/br/sp/campinas/zona-0113/8e4cbc30e6b2717f3a6481520196a4e8.jpg", "https://vocefiscal-poll-tape-uploads.s3.amazonaws.com/us-east-1%3A08867ccc-2711-491d-b9b1-05b93656004e/br/sp/campinas/zona-0113/3a8b3b97e0f03318f14a0d6d3e2e24f9.jpg", "https://vocefiscal-poll-tape-uploads.s3.amazonaws.com/us-east-1%3A08867ccc-2711-491d-b9b1-05b93656004e/br/sp/campinas/zona-0113/ee13608944ed187d42e811fd2c3928b6.jpg", "https://vocefiscal-poll-tape-uploads.s3.amazonaws.com/us-east-1%3A08867ccc-2711-491d-b9b1-05b93656004e/br/sp/campinas/zona-0113/b4536891d6e13fea53cc462af9ff1ed6.jpg", "https://vocefiscal-poll-tape-uploads.s3.amazonaws.com/us-east-1%3A08867ccc-2711-491d-b9b1-05b93656004e/br/sp/campinas/zona-0113/3e1bda7e8b823c6c7f6d063d293c463.jpg", "https://vocefiscal-poll-tape-uploads.s3.amazonaws.com/us-east-1%3A08867ccc-2711-491d-b9b1-05b93656004e/br/sp/campinas/zona-0113/a76d01b28b007f0889c922cee14c96dc.jpg", "https://vocefiscal-poll-tape-uploads.s3.amazonaws.com/us-east-1%3A08867ccc-2711-491d-b9b1-05b93656004e/br/sp/campinas/zona-0113/3006c936d0ffd08081075196b8bed348.jpg", "https://vocefiscal-poll-tape-uploads.s3.amazonaws.com/us-east-1%3A08867ccc-2711-491d-b9b1-05b93656004e/br/sp/campinas/zona-0113/f1c655ed9beba620f650941686c039ef.jpg", "https://vocefiscal-poll-tape-uploads.s3.amazonaws.com/us-east-1%3A08867ccc-2711-491d-b9b1-05b93656004e/br/sp/campinas/zona-0113/420d8624241fd6c06fe5d84ec1c03bce.jpg", "https://vocefiscal-poll-tape-uploads.s3.amazonaws.com/us-east-1%3A08867ccc-2711-491d-b9b1-05b93656004e/br/sp/campinas/zona-0113/6e549194c36874d52f1b7e1df125e865.jpg", "https://vocefiscal-poll-tape-uploads.s3.amazonaws.com/us-east-1%3A08867ccc-2711-491d-b9b1-05b93656004e/br/sp/campinas/zona-0113/3d5ff5a2442c8df8df00641760482ba9.jpg", "https://vocefiscal-poll-tape-uploads.s3.amazonaws.com/us-east-1%3A08867ccc-2711-491d-b9b1-05b93656004e/br/sp/campinas/zona-0113/15bef87435ebb8808b09fedfd325cb3e.jpg", "https://vocefiscal-poll-tape-uploads.s3.amazonaws.com/us-east-1%3A08867ccc-2711-491d-b9b1-05b93656004e/br/sp/campinas/zona-0113/ae21f26c596851737b6d7403acc34b0d.jpg", "https://vocefiscal-poll-tape-uploads.s3.amazonaws.com/us-east-1%3A08867ccc-2711-491d-b9b1-05b93656004e/br/sp/campinas/zona-0113/1b05d96f1f5578933dcc5d3d44d1b445.jpg", "https://vocefiscal-poll-tape-uploads.s3.amazonaws.com/us-east-1%3A08867ccc-2711-491d-b9b1-05b93656004e/br/sp/campinas/zona-0113/8daf987323a8ab8292accd135df3ba12.jpg", "https://vocefiscal-poll-tape-uploads.s3.amazonaws.com/us-east-1%3A08867ccc-2711-491d-b9b1-05b93656004e/br/sp/campinas/zona-0113/5e52d7c1955eca35d80219f37bd2538d.jpg", "https://vocefiscal-poll-tape-uploads.s3.amazonaws.com/us-east-1%3A08867ccc-2711-491d-b9b1-05b93656004e/br/sp/campinas/zona-0113/adb4177f969fe5d0d73ceb103ce9fe1e.jpg", "https://vocefiscal-poll-tape-uploads.s3.amazonaws.com/us-east-1%3A08867ccc-2711-491d-b9b1-05b93656004e/br/sp/campinas/zona-0113/67ad2ed8cb193434e493b48b08d753a.jpg", "https://vocefiscal-poll-tape-uploads.s3.amazonaws.com/us-east-1%3A08867ccc-2711-491d-b9b1-05b93656004e/br/sp/campinas/zona-0113/4a5536f34b50452bff6f0a6ae9a8d95e.jpg", "https://vocefiscal-poll-tape-uploads.s3.amazonaws.com/us-east-1%3A08867ccc-2711-491d-b9b1-05b93656004e/br/sp/campinas/zona-0113/3dc3eb4f16404916f31b00c6965293cd.jpg", "https://vocefiscal-poll-tape-uploads.s3.amazonaws.com/us-east-1%3A08867ccc-2711-491d-b9b1-05b93656004e/br/sp/campinas/zona-0113/7ab8f0b561e8529ba51965c04c60a4f4.jpg", "https://vocefiscal-poll-tape-uploads.s3.amazonaws.com/us-east-1%3A08867ccc-2711-491d-b9b1-05b93656004e/br/sp/campinas/zona-0113/a18d134f07f45d3cf8c0c2a1ead92ed6.jpg", "https://vocefiscal-poll-tape-uploads.s3.amazonaws.com/us-east-1%3A08867ccc-2711-491d-b9b1-05b93656004e/br/sp/campinas/zona-0113/3f148515c81e38ea51bb7b4e49525e1c.jpg", "https://vocefiscal-poll-tape-uploads.s3.amazonaws.com/us-east-1%3A08867ccc-2711-491d-b9b1-05b93656004e/br/sp/campinas/zona-0113/c9c4baa461661c6278ce3b2bf9534bec.jpg", "https://vocefiscal-poll-tape-uploads.s3.amazonaws.com/us-east-1%3A08867ccc-2711-491d-b9b1-05b93656004e/br/sp/campinas/zona-0113/8ab1b8b453430641aa8697fa1aa4e9a3.jpg", "https://vocefiscal-poll-tape-uploads.s3.amazonaws.com/us-east-1%3A08867ccc-2711-491d-b9b1-05b93656004e/br/sp/campinas/zona-0113/624ddde3fd0bdab42fc4f598a9f1ce3d.jpg", "https://vocefiscal-poll-tape-uploads.s3.amazonaws.com/us-east-1%3A08867ccc-2711-491d-b9b1-05b93656004e/br/sp/campinas/zona-0113/237925a362198066c2224b78361f674c.jpg", "https://vocefiscal-poll-tape-uploads.s3.amazonaws.com/us-east-1%3A08867ccc-2711-491d-b9b1-05b93656004e/br/sp/campinas/zona-0113/8a626c230a9dff25b31560244d51a922.jpg"], "zonaEleitoral": "0113", "estado": "CE", "localDaVotacao": "1120"}