{"pictureURLList": ["https://vocefiscal-poll-tape-uploads.s3.amazonaws.com/us-east-1%3A87250f87-d09e-43ed-9902-aa8926fb13f3/br/pi/teresina/zona-0098/22c27521ad75e435fba274a244ec6b90.jpg", "https://vocefiscal-poll-tape-uploads.s3.amazonaws.com/us-east-1%3A87250f87-d09e-43ed-9902-aa8926fb13f3/br/pi/teresina/zona-0098/98787cc7a325ea8c2a4bc65f42e3040e.jpg", "https://vocefiscal-poll-tape-uploads.s3.amazonaws.com/us-east-1%3A87250f87-d09e-43ed-9902-aa8926fb13f3/br/pi/teresina/zona-0098/ad1aaa3e0a87468593339685912f21d8.jpg"], "zonaEleitoral": "0098", "municipio": "TERESINA", "estado": "PI", "secaoEleitoral": "0146", "data": 1414353020835}