{"data": 1412544861660, "estado": "BA", "secaoEleitoral": "0160", "zonaEleitoral": "0170", "pictureURLList": ["https://vocefiscal-poll-tape-uploads.s3.amazonaws.com/us-east-1%3A924f17ed-96d0-41b4-b9c7-3d057ecdd609/br/ba/camacari/zona-0170/14730ce65a6436d908b5b614436eb43e.jpg", "https://vocefiscal-poll-tape-uploads.s3.amazonaws.com/us-east-1%3A924f17ed-96d0-41b4-b9c7-3d057ecdd609/br/ba/camacari/zona-0170/80e76dc949c999d9b76d5a2439b72882.jpg", "https://vocefiscal-poll-tape-uploads.s3.amazonaws.com/us-east-1%3A924f17ed-96d0-41b4-b9c7-3d057ecdd609/br/ba/camacari/zona-0170/95ab4b4a38a45696b11e19cd9e3b39f5.jpg", "https://vocefiscal-poll-tape-uploads.s3.amazonaws.com/us-east-1%3A924f17ed-96d0-41b4-b9c7-3d057ecdd609/br/ba/camacari/zona-0170/778b21b13541511e833e9834b82b943a.jpg", "https://vocefiscal-poll-tape-uploads.s3.amazonaws.com/us-east-1%3A924f17ed-96d0-41b4-b9c7-3d057ecdd609/br/ba/camacari/zona-0170/4aa480d40b5b4a940f867e9deb1d3ee3.jpg", "https://vocefiscal-poll-tape-uploads.s3.amazonaws.com/us-east-1%3A924f17ed-96d0-41b4-b9c7-3d057ecdd609/br/ba/camacari/zona-0170/cae934e79564ec46a5d10f0d9d57045f.jpg", "https://vocefiscal-poll-tape-uploads.s3.amazonaws.com/us-east-1%3A924f17ed-96d0-41b4-b9c7-3d057ecdd609/br/ba/camacari/zona-0170/f0a3956949bac2d9d43fbea9a60f1f30.jpg", "https://vocefiscal-poll-tape-uploads.s3.amazonaws.com/us-east-1%3A924f17ed-96d0-41b4-b9c7-3d057ecdd609/br/ba/camacari/zona-0170/c5087f4b09ccc0efe9b890d0e210528a.jpg", "https://vocefiscal-poll-tape-uploads.s3.amazonaws.com/us-east-1%3A924f17ed-96d0-41b4-b9c7-3d057ecdd609/br/ba/camacari/zona-0170/50dba72d6a67920c3f2ae97b1aec8e85.jpg", "https://vocefiscal-poll-tape-uploads.s3.amazonaws.com/us-east-1%3A924f17ed-96d0-41b4-b9c7-3d057ecdd609/br/ba/camacari/zona-0170/346de2ec4d01b776391eee0d5657b289.jpg", "https://vocefiscal-poll-tape-uploads.s3.amazonaws.com/us-east-1%3A924f17ed-96d0-41b4-b9c7-3d057ecdd609/br/ba/camacari/zona-0170/4ca994816388c891dcb678499b371caf.jpg", "https://vocefiscal-poll-tape-uploads.s3.amazonaws.com/us-east-1%3A924f17ed-96d0-41b4-b9c7-3d057ecdd609/br/ba/camacari/zona-0170/3b07dd13113607f3810023067d25b4c0.jpg", "https://vocefiscal-poll-tape-uploads.s3.amazonaws.com/us-east-1%3A924f17ed-96d0-41b4-b9c7-3d057ecdd609/br/ba/camacari/zona-0170/21a0adc4b010b3bd79fffd0121b5b129.jpg", "https://vocefiscal-poll-tape-uploads.s3.amazonaws.com/us-east-1%3A924f17ed-96d0-41b4-b9c7-3d057ecdd609/br/ba/camacari/zona-0170/6b835bbd49809ebd6b70b78099aa7a61.jpg", "https://vocefiscal-poll-tape-uploads.s3.amazonaws.com/us-east-1%3A924f17ed-96d0-41b4-b9c7-3d057ecdd609/br/ba/camacari/zona-0170/cab7895b25b4f21fb55b0b94fb818bb4.jpg", "https://vocefiscal-poll-tape-uploads.s3.amazonaws.com/us-east-1%3A924f17ed-96d0-41b4-b9c7-3d057ecdd609/br/ba/camacari/zona-0170/5ee43feeeb0c1fc3ef2965233af3ce34.jpg", "https://vocefiscal-poll-tape-uploads.s3.amazonaws.com/us-east-1%3A924f17ed-96d0-41b4-b9c7-3d057ecdd609/br/ba/camacari/zona-0170/f0b6d1a72e8890b42a6accf0073d1cac.jpg", "https://vocefiscal-poll-tape-uploads.s3.amazonaws.com/us-east-1%3A924f17ed-96d0-41b4-b9c7-3d057ecdd609/br/ba/camacari/zona-0170/4b01a9842b74df512a7f4dbdb4eec834.jpg", "https://vocefiscal-poll-tape-uploads.s3.amazonaws.com/us-east-1%3A924f17ed-96d0-41b4-b9c7-3d057ecdd609/br/ba/camacari/zona-0170/b817963a9b55793ebfaf5ad4b7a17fdd.jpg", "https://vocefiscal-poll-tape-uploads.s3.amazonaws.com/us-east-1%3A924f17ed-96d0-41b4-b9c7-3d057ecdd609/br/ba/camacari/zona-0170/b145a58155646b2e8909aab2c97f263c.jpg", "https://vocefiscal-poll-tape-uploads.s3.amazonaws.com/us-east-1%3A924f17ed-96d0-41b4-b9c7-3d057ecdd609/br/ba/camacari/zona-0170/37c5fb41725fb9116ff784133266387f.jpg", "https://vocefiscal-poll-tape-uploads.s3.amazonaws.com/us-east-1%3A924f17ed-96d0-41b4-b9c7-3d057ecdd609/br/ba/camacari/zona-0170/413e78dbf179e45f2f2c2a47791b872b.jpg", "https://vocefiscal-poll-tape-uploads.s3.amazonaws.com/us-east-1%3A924f17ed-96d0-41b4-b9c7-3d057ecdd609/br/ba/camacari/zona-0170/354809aa652c4e92a186d4e551dd2be8.jpg", "https://vocefiscal-poll-tape-uploads.s3.amazonaws.com/us-east-1%3A924f17ed-96d0-41b4-b9c7-3d057ecdd609/br/ba/camacari/zona-0170/78ed41114601ae7ea908c369a629bf2d.jpg", "https://vocefiscal-poll-tape-uploads.s3.amazonaws.com/us-east-1%3A924f17ed-96d0-41b4-b9c7-3d057ecdd609/br/ba/camacari/zona-0170/14a44fd86a290787dca38a572cab877d.jpg", "https://vocefiscal-poll-tape-uploads.s3.amazonaws.com/us-east-1%3A924f17ed-96d0-41b4-b9c7-3d057ecdd609/br/ba/camacari/zona-0170/5b9c9d694c8d0b9c25fa56cb90d23c50.jpg", "https://vocefiscal-poll-tape-uploads.s3.amazonaws.com/us-east-1%3A924f17ed-96d0-41b4-b9c7-3d057ecdd609/br/ba/camacari/zona-0170/d61d34cb80937f43d92372aeba6acf72.jpg", "https://vocefiscal-poll-tape-uploads.s3.amazonaws.com/us-east-1%3A924f17ed-96d0-41b4-b9c7-3d057ecdd609/br/ba/camacari/zona-0170/886c4ce568f67c074a7dd20eca9dd0ea.jpg", "https://vocefiscal-poll-tape-uploads.s3.amazonaws.com/us-east-1%3A924f17ed-96d0-41b4-b9c7-3d057ecdd609/br/ba/camacari/zona-0170/28bf876cb5f2868c5fab4c45157da044.jpg", "https://vocefiscal-poll-tape-uploads.s3.amazonaws.com/us-east-1%3A924f17ed-96d0-41b4-b9c7-3d057ecdd609/br/ba/camacari/zona-0170/32623c6417db159e121bc355e42a215d.jpg"], "municipio": "CAMA\u00c7ARI"}