{"data": 1412554755640, "pictureURLList": ["https://vocefiscal-poll-tape-uploads.s3.amazonaws.com/us-east-1%3Aabe22b0f-e2c3-4a4f-a305-19de4c8b5733/br/ba/candeias/zona-0127/83fe80efd3ea27894d6d5e61254b7684.jpg", "https://vocefiscal-poll-tape-uploads.s3.amazonaws.com/us-east-1%3Aabe22b0f-e2c3-4a4f-a305-19de4c8b5733/br/ba/candeias/zona-0127/b8805b7633aa96f4400bba1eb51735b0.jpg", "https://vocefiscal-poll-tape-uploads.s3.amazonaws.com/us-east-1%3Aabe22b0f-e2c3-4a4f-a305-19de4c8b5733/br/ba/candeias/zona-0127/86096c53500537a4fc39363155801724.jpg", "https://vocefiscal-poll-tape-uploads.s3.amazonaws.com/us-east-1%3Aabe22b0f-e2c3-4a4f-a305-19de4c8b5733/br/ba/candeias/zona-0127/98f598732cc3665732af9ca24fd5d9d5.jpg", "https://vocefiscal-poll-tape-uploads.s3.amazonaws.com/us-east-1%3Aabe22b0f-e2c3-4a4f-a305-19de4c8b5733/br/ba/candeias/zona-0127/54e3a600f96468fae4e20d1a4b894748.jpg", "https://vocefiscal-poll-tape-uploads.s3.amazonaws.com/us-east-1%3Aabe22b0f-e2c3-4a4f-a305-19de4c8b5733/br/ba/candeias/zona-0127/b3adc5e32eb83c6b48248934380a70be.jpg", "https://vocefiscal-poll-tape-uploads.s3.amazonaws.com/us-east-1%3Aabe22b0f-e2c3-4a4f-a305-19de4c8b5733/br/ba/candeias/zona-0127/f9b374b68dd835da7eef3f12e9910426.jpg", "https://vocefiscal-poll-tape-uploads.s3.amazonaws.com/us-east-1%3Aabe22b0f-e2c3-4a4f-a305-19de4c8b5733/br/ba/candeias/zona-0127/d134f8bec70004686b825b3af4dbb940.jpg", "https://vocefiscal-poll-tape-uploads.s3.amazonaws.com/us-east-1%3Aabe22b0f-e2c3-4a4f-a305-19de4c8b5733/br/ba/candeias/zona-0127/c3cf029027dc3150f27f9ec8c9deac50.jpg", "https://vocefiscal-poll-tape-uploads.s3.amazonaws.com/us-east-1%3Aabe22b0f-e2c3-4a4f-a305-19de4c8b5733/br/ba/candeias/zona-0127/b415da7cbfb69667e4456011441529c3.jpg", "https://vocefiscal-poll-tape-uploads.s3.amazonaws.com/us-east-1%3Aabe22b0f-e2c3-4a4f-a305-19de4c8b5733/br/ba/candeias/zona-0127/df7268cbfe15da2bc84f20c035305746.jpg", "https://vocefiscal-poll-tape-uploads.s3.amazonaws.com/us-east-1%3Aabe22b0f-e2c3-4a4f-a305-19de4c8b5733/br/ba/candeias/zona-0127/1e5aa940d1a1033d777d34e5d35fbb9c.jpg", "https://vocefiscal-poll-tape-uploads.s3.amazonaws.com/us-east-1%3Aabe22b0f-e2c3-4a4f-a305-19de4c8b5733/br/ba/candeias/zona-0127/2b93fd4a73c8b8bbaf3ff50d34eba571.jpg", "https://vocefiscal-poll-tape-uploads.s3.amazonaws.com/us-east-1%3Aabe22b0f-e2c3-4a4f-a305-19de4c8b5733/br/ba/candeias/zona-0127/242c4db59b1c3a7bf13e2f7b97cc44d4.jpg", "https://vocefiscal-poll-tape-uploads.s3.amazonaws.com/us-east-1%3Aabe22b0f-e2c3-4a4f-a305-19de4c8b5733/br/ba/candeias/zona-0127/2c6e40e28ce0b353acbdf05471c93b8d.jpg", "https://vocefiscal-poll-tape-uploads.s3.amazonaws.com/us-east-1%3Aabe22b0f-e2c3-4a4f-a305-19de4c8b5733/br/ba/candeias/zona-0127/daeaf569071acf1592fd8a3c6c3cf5f9.jpg", "https://vocefiscal-poll-tape-uploads.s3.amazonaws.com/us-east-1%3Aabe22b0f-e2c3-4a4f-a305-19de4c8b5733/br/ba/candeias/zona-0127/5c49ca632c88c9a1826fccdb722d8180.jpg", "https://vocefiscal-poll-tape-uploads.s3.amazonaws.com/us-east-1%3Aabe22b0f-e2c3-4a4f-a305-19de4c8b5733/br/ba/candeias/zona-0127/a6d75039aca806ec3d96946ebe8ddc81.jpg", "https://vocefiscal-poll-tape-uploads.s3.amazonaws.com/us-east-1%3Aabe22b0f-e2c3-4a4f-a305-19de4c8b5733/br/ba/candeias/zona-0127/27d44e6c3f0c702cf97d9464b9d3d8de.jpg", "https://vocefiscal-poll-tape-uploads.s3.amazonaws.com/us-east-1%3Aabe22b0f-e2c3-4a4f-a305-19de4c8b5733/br/ba/candeias/zona-0127/ff8de1b5f0e33e66e048239acbc83591.jpg"], "estado": "BA", "localDaVotacao": "1201", "zonaEleitoral": "0127", "secaoEleitoral": "0053", "municipio": "CANDEIAS"}