{"estado": "PA", "localDaVotacao": "1147", "municipio": "BEL\u00c9M", "pictureURLList": ["https://vocefiscal-poll-tape-uploads.s3.amazonaws.com/us-east-1%3A9bf410ad-7ed0-4fde-a585-ff6f4623eae8/br/pa/belem/zona-0095/1a1270dd17cf398e4e4e028ed5332ca4.jpg", "https://vocefiscal-poll-tape-uploads.s3.amazonaws.com/us-east-1%3A9bf410ad-7ed0-4fde-a585-ff6f4623eae8/br/pa/belem/zona-0095/4ad2943595a9346ebf9ea9d9733d9449.jpg", "https://vocefiscal-poll-tape-uploads.s3.amazonaws.com/us-east-1%3A9bf410ad-7ed0-4fde-a585-ff6f4623eae8/br/pa/belem/zona-0095/1169db5bf3fe4d98d3c51364f2d0cf8d.jpg"], "data": 1414448680745, "secaoEleitoral": "0169", "zonaEleitoral": "0095"}