{"data": 1412555168580, "estado": "BA", "localDaVotacao": "1023", "zonaEleitoral": "0013", "secaoEleitoral": "0015", "pictureURLList": ["https://vocefiscal-poll-tape-uploads.s3.amazonaws.com/us-east-1%3A26a501a3-2396-47a0-9589-8ea09842e0be/br/ba/salvador/zona-0013/619efd1ced77d14e51717ace280a52db.jpg", "https://vocefiscal-poll-tape-uploads.s3.amazonaws.com/us-east-1%3A26a501a3-2396-47a0-9589-8ea09842e0be/br/ba/salvador/zona-0013/1f4cbf1a127743861f737ac2887d2b72.jpg", "https://vocefiscal-poll-tape-uploads.s3.amazonaws.com/us-east-1%3A26a501a3-2396-47a0-9589-8ea09842e0be/br/ba/salvador/zona-0013/524a17a533479f4076e2461ce209bf5.jpg", "https://vocefiscal-poll-tape-uploads.s3.amazonaws.com/us-east-1%3A26a501a3-2396-47a0-9589-8ea09842e0be/br/ba/salvador/zona-0013/333ae85f2bc4fcad224641660b11bfa2.jpg", "https://vocefiscal-poll-tape-uploads.s3.amazonaws.com/us-east-1%3A26a501a3-2396-47a0-9589-8ea09842e0be/br/ba/salvador/zona-0013/3ddb4fc0c1dd0dd03f134c84dfb83fb9.jpg", "https://vocefiscal-poll-tape-uploads.s3.amazonaws.com/us-east-1%3A26a501a3-2396-47a0-9589-8ea09842e0be/br/ba/salvador/zona-0013/47da71beee9c9faf0f31ae002edea0d7.jpg", "https://vocefiscal-poll-tape-uploads.s3.amazonaws.com/us-east-1%3A26a501a3-2396-47a0-9589-8ea09842e0be/br/ba/salvador/zona-0013/4903ea0a1d0fe64b899754180ad78dcd.jpg", "https://vocefiscal-poll-tape-uploads.s3.amazonaws.com/us-east-1%3A26a501a3-2396-47a0-9589-8ea09842e0be/br/ba/salvador/zona-0013/f46571108adedcab97e489f9b0f6d066.jpg", "https://vocefiscal-poll-tape-uploads.s3.amazonaws.com/us-east-1%3A26a501a3-2396-47a0-9589-8ea09842e0be/br/ba/salvador/zona-0013/5df1661b8ddaded1d9ae7634671c020c.jpg", "https://vocefiscal-poll-tape-uploads.s3.amazonaws.com/us-east-1%3A26a501a3-2396-47a0-9589-8ea09842e0be/br/ba/salvador/zona-0013/27d6963e3185635fe080de18654fc01e.jpg", "https://vocefiscal-poll-tape-uploads.s3.amazonaws.com/us-east-1%3A26a501a3-2396-47a0-9589-8ea09842e0be/br/ba/salvador/zona-0013/1accfa3628e16e51880aeefbceef74c.jpg", "https://vocefiscal-poll-tape-uploads.s3.amazonaws.com/us-east-1%3A26a501a3-2396-47a0-9589-8ea09842e0be/br/ba/salvador/zona-0013/e129937de956a0804d08239c6bfe164f.jpg", "https://vocefiscal-poll-tape-uploads.s3.amazonaws.com/us-east-1%3A26a501a3-2396-47a0-9589-8ea09842e0be/br/ba/salvador/zona-0013/ab9b4d1c152d8da6b62d5e7bc18f210c.jpg", "https://vocefiscal-poll-tape-uploads.s3.amazonaws.com/us-east-1%3A26a501a3-2396-47a0-9589-8ea09842e0be/br/ba/salvador/zona-0013/2d0ea78d0aada3495620009bd87b8ca2.jpg", "https://vocefiscal-poll-tape-uploads.s3.amazonaws.com/us-east-1%3A26a501a3-2396-47a0-9589-8ea09842e0be/br/ba/salvador/zona-0013/ec703e4d8ca4c14a5e924ebd926cd0.jpg", "https://vocefiscal-poll-tape-uploads.s3.amazonaws.com/us-east-1%3A26a501a3-2396-47a0-9589-8ea09842e0be/br/ba/salvador/zona-0013/3c70e0d892b2232cee0a80bf828c8226.jpg", "https://vocefiscal-poll-tape-uploads.s3.amazonaws.com/us-east-1%3A26a501a3-2396-47a0-9589-8ea09842e0be/br/ba/salvador/zona-0013/207b7ae303826fd4c86a885bc508b98b.jpg", "https://vocefiscal-poll-tape-uploads.s3.amazonaws.com/us-east-1%3A26a501a3-2396-47a0-9589-8ea09842e0be/br/ba/salvador/zona-0013/bc7482676aaacdf8dd62197592f782fb.jpg", "https://vocefiscal-poll-tape-uploads.s3.amazonaws.com/us-east-1%3A26a501a3-2396-47a0-9589-8ea09842e0be/br/ba/salvador/zona-0013/b588e158d4bddc60e72921fd6c567e39.jpg", "https://vocefiscal-poll-tape-uploads.s3.amazonaws.com/us-east-1%3A26a501a3-2396-47a0-9589-8ea09842e0be/br/ba/salvador/zona-0013/59b08cb0a26ddc002492e1bcb9fedba8.jpg", "https://vocefiscal-poll-tape-uploads.s3.amazonaws.com/us-east-1%3A26a501a3-2396-47a0-9589-8ea09842e0be/br/ba/salvador/zona-0013/28821f84993654e9344994a6d4c74987.jpg", "https://vocefiscal-poll-tape-uploads.s3.amazonaws.com/us-east-1%3A26a501a3-2396-47a0-9589-8ea09842e0be/br/ba/salvador/zona-0013/7331d8c7c44649fa1709c60829f064d1.jpg", "https://vocefiscal-poll-tape-uploads.s3.amazonaws.com/us-east-1%3A26a501a3-2396-47a0-9589-8ea09842e0be/br/ba/salvador/zona-0013/f79f015288c609decb69bca99f3a6057.jpg", "https://vocefiscal-poll-tape-uploads.s3.amazonaws.com/us-east-1%3A26a501a3-2396-47a0-9589-8ea09842e0be/br/ba/salvador/zona-0013/8b4a9c14c980658dfbc440ea76d7af94.jpg", "https://vocefiscal-poll-tape-uploads.s3.amazonaws.com/us-east-1%3A26a501a3-2396-47a0-9589-8ea09842e0be/br/ba/salvador/zona-0013/6cdd0b855bf141d99864cb13ae915151.jpg", "https://vocefiscal-poll-tape-uploads.s3.amazonaws.com/us-east-1%3A26a501a3-2396-47a0-9589-8ea09842e0be/br/ba/salvador/zona-0013/427806e418c2643adc6234449c214174.jpg", "https://vocefiscal-poll-tape-uploads.s3.amazonaws.com/us-east-1%3A26a501a3-2396-47a0-9589-8ea09842e0be/br/ba/salvador/zona-0013/7b958c0e1756245582c2a3381d29f30b.jpg", "https://vocefiscal-poll-tape-uploads.s3.amazonaws.com/us-east-1%3A26a501a3-2396-47a0-9589-8ea09842e0be/br/ba/salvador/zona-0013/ff3ea361ac905b609cbc1381e18ef351.jpg", "https://vocefiscal-poll-tape-uploads.s3.amazonaws.com/us-east-1%3A26a501a3-2396-47a0-9589-8ea09842e0be/br/ba/salvador/zona-0013/1461f1945c930f420bc946d7fd17a8ea.jpg", "https://vocefiscal-poll-tape-uploads.s3.amazonaws.com/us-east-1%3A26a501a3-2396-47a0-9589-8ea09842e0be/br/ba/salvador/zona-0013/fddb3706452aff522aa965e8ec5704e6.jpg", "https://vocefiscal-poll-tape-uploads.s3.amazonaws.com/us-east-1%3A26a501a3-2396-47a0-9589-8ea09842e0be/br/ba/salvador/zona-0013/ca00cd2a074986bad1c763747c67c4a1.jpg", "https://vocefiscal-poll-tape-uploads.s3.amazonaws.com/us-east-1%3A26a501a3-2396-47a0-9589-8ea09842e0be/br/ba/salvador/zona-0013/e8016d59128da37bebc681570d5cc4c0.jpg", "https://vocefiscal-poll-tape-uploads.s3.amazonaws.com/us-east-1%3A26a501a3-2396-47a0-9589-8ea09842e0be/br/ba/salvador/zona-0013/ea8be8b20eefa353071d33dc0909565b.jpg", "https://vocefiscal-poll-tape-uploads.s3.amazonaws.com/us-east-1%3A26a501a3-2396-47a0-9589-8ea09842e0be/br/ba/salvador/zona-0013/3ba671b3712bb704d9650104ad9487f.jpg", "https://vocefiscal-poll-tape-uploads.s3.amazonaws.com/us-east-1%3A26a501a3-2396-47a0-9589-8ea09842e0be/br/ba/salvador/zona-0013/63304291cddff1a4c52daeb4b6b5c0a0.jpg", "https://vocefiscal-poll-tape-uploads.s3.amazonaws.com/us-east-1%3A26a501a3-2396-47a0-9589-8ea09842e0be/br/ba/salvador/zona-0013/8250537c7ef840a415e947159cd0ca9b.jpg", "https://vocefiscal-poll-tape-uploads.s3.amazonaws.com/us-east-1%3A26a501a3-2396-47a0-9589-8ea09842e0be/br/ba/salvador/zona-0013/c66f3397426bd9527fdae2f761787de.jpg"], "municipio": "SALVADOR"}