{"data": 1412540535776, "estado": "BA", "secaoEleitoral": "0026", "zonaEleitoral": "0002", "pictureURLList": ["https://vocefiscal-poll-tape-uploads.s3.amazonaws.com/us-east-1%3A79d0ce69-d449-419b-8812-3d9b532b4897/br/ba/salvador/zona-0002/6182b0af561c987d9c69359b977d989a.jpg", "https://vocefiscal-poll-tape-uploads.s3.amazonaws.com/us-east-1%3A79d0ce69-d449-419b-8812-3d9b532b4897/br/ba/salvador/zona-0002/f27aa61f23cc0fdd2ce18b27b7f47cbe.jpg", "https://vocefiscal-poll-tape-uploads.s3.amazonaws.com/us-east-1%3A79d0ce69-d449-419b-8812-3d9b532b4897/br/ba/salvador/zona-0002/382030a60665e80b0d166e43aa873894.jpg", "https://vocefiscal-poll-tape-uploads.s3.amazonaws.com/us-east-1%3A79d0ce69-d449-419b-8812-3d9b532b4897/br/ba/salvador/zona-0002/549c745ccc43f24fddd06868018d876e.jpg", "https://vocefiscal-poll-tape-uploads.s3.amazonaws.com/us-east-1%3A79d0ce69-d449-419b-8812-3d9b532b4897/br/ba/salvador/zona-0002/2503e79c5c0363108eb799ca1177f7cd.jpg", "https://vocefiscal-poll-tape-uploads.s3.amazonaws.com/us-east-1%3A79d0ce69-d449-419b-8812-3d9b532b4897/br/ba/salvador/zona-0002/69f96c2c760069a1c7e9ec7c883d272.jpg", "https://vocefiscal-poll-tape-uploads.s3.amazonaws.com/us-east-1%3A79d0ce69-d449-419b-8812-3d9b532b4897/br/ba/salvador/zona-0002/d2e33c00ccb6fa14c762f99e6450b0ed.jpg", "https://vocefiscal-poll-tape-uploads.s3.amazonaws.com/us-east-1%3A79d0ce69-d449-419b-8812-3d9b532b4897/br/ba/salvador/zona-0002/22d393dc5a1cec075faa1bdec73a4deb.jpg", "https://vocefiscal-poll-tape-uploads.s3.amazonaws.com/us-east-1%3A79d0ce69-d449-419b-8812-3d9b532b4897/br/ba/salvador/zona-0002/fcedda47a218c275541e212dbbf1bccb.jpg", "https://vocefiscal-poll-tape-uploads.s3.amazonaws.com/us-east-1%3A79d0ce69-d449-419b-8812-3d9b532b4897/br/ba/salvador/zona-0002/95c7f8a60cdd9e0d9762a106e6561cef.jpg", "https://vocefiscal-poll-tape-uploads.s3.amazonaws.com/us-east-1%3A79d0ce69-d449-419b-8812-3d9b532b4897/br/ba/salvador/zona-0002/cca0b6b1aacadce3d47afbd5110bc2de.jpg", "https://vocefiscal-poll-tape-uploads.s3.amazonaws.com/us-east-1%3A79d0ce69-d449-419b-8812-3d9b532b4897/br/ba/salvador/zona-0002/cca0b6b1aacadce3d47afbd5110bc2de.jpg", "https://vocefiscal-poll-tape-uploads.s3.amazonaws.com/us-east-1%3A79d0ce69-d449-419b-8812-3d9b532b4897/br/ba/salvador/zona-0002/dafdc11108c73720ed0970026eb8df0a.jpg", "https://vocefiscal-poll-tape-uploads.s3.amazonaws.com/us-east-1%3A79d0ce69-d449-419b-8812-3d9b532b4897/br/ba/salvador/zona-0002/eb0dc86bce49d084427a646f0d70ca49.jpg", "https://vocefiscal-poll-tape-uploads.s3.amazonaws.com/us-east-1%3A79d0ce69-d449-419b-8812-3d9b532b4897/br/ba/salvador/zona-0002/79536ec81b5f39c29f73cf443a2e1efb.jpg", "https://vocefiscal-poll-tape-uploads.s3.amazonaws.com/us-east-1%3A79d0ce69-d449-419b-8812-3d9b532b4897/br/ba/salvador/zona-0002/89b4995b270736c54e3e5c4220afb5bf.jpg", "https://vocefiscal-poll-tape-uploads.s3.amazonaws.com/us-east-1%3A79d0ce69-d449-419b-8812-3d9b532b4897/br/ba/salvador/zona-0002/394f16e3c3162450cbc3e839d1a1000.jpg", "https://vocefiscal-poll-tape-uploads.s3.amazonaws.com/us-east-1%3A79d0ce69-d449-419b-8812-3d9b532b4897/br/ba/salvador/zona-0002/17cdc7bee29ddeb6edfb31cb0904ed91.jpg", "https://vocefiscal-poll-tape-uploads.s3.amazonaws.com/us-east-1%3A79d0ce69-d449-419b-8812-3d9b532b4897/br/ba/salvador/zona-0002/3ff668f58c4367b938fa0622b54b160a.jpg"], "municipio": "SALVADOR"}