{"pictureURLList": ["https://vocefiscal-poll-tape-uploads.s3.amazonaws.com/us-east-1%3Aa5ef976a-9e44-41f4-8b44-f298c6f6ce89/br/ce/fortaleza/zona-0113/1896a74b36c58447b4a49146601e2018.jpg", "https://vocefiscal-poll-tape-uploads.s3.amazonaws.com/us-east-1%3Aa5ef976a-9e44-41f4-8b44-f298c6f6ce89/br/ce/fortaleza/zona-0113/f2ba6ffc8f5b023925f740a9d8c9943e.jpg", "https://vocefiscal-poll-tape-uploads.s3.amazonaws.com/us-east-1%3Aa5ef976a-9e44-41f4-8b44-f298c6f6ce89/br/ce/fortaleza/zona-0113/31bf81cbe9bd1dd06f258aa53737f913.jpg", "https://vocefiscal-poll-tape-uploads.s3.amazonaws.com/us-east-1%3Aa5ef976a-9e44-41f4-8b44-f298c6f6ce89/br/ce/fortaleza/zona-0113/19087295c03123351813a2508c34fecd.jpg", "https://vocefiscal-poll-tape-uploads.s3.amazonaws.com/us-east-1%3Aa5ef976a-9e44-41f4-8b44-f298c6f6ce89/br/ce/fortaleza/zona-0113/f43edd41c1dd4db72d57751fc409968.jpg"], "data": 1414360147527, "estado": "CE", "municipio": "FORTALEZA", "zonaEleitoral": "0113", "localDaVotacao": "1074", "secaoEleitoral": "0072"}