{"pictureURLList": ["https://vocefiscal-poll-tape-uploads.s3.amazonaws.com/us-east-1%3Aa5ef976a-9e44-41f4-8b44-f298c6f6ce89/br/ce/fortaleza/zona-0113/8ee4652d857157e74204b26aeaaf4034.jpg", "https://vocefiscal-poll-tape-uploads.s3.amazonaws.com/us-east-1%3Aa5ef976a-9e44-41f4-8b44-f298c6f6ce89/br/ce/fortaleza/zona-0113/9d53dce4fda9601a03a036c4799c6a85.jpg", "https://vocefiscal-poll-tape-uploads.s3.amazonaws.com/us-east-1%3Aa5ef976a-9e44-41f4-8b44-f298c6f6ce89/br/ce/fortaleza/zona-0113/62e18111aa180d684c68911f38cddcfc.jpg", "https://vocefiscal-poll-tape-uploads.s3.amazonaws.com/us-east-1%3Aa5ef976a-9e44-41f4-8b44-f298c6f6ce89/br/ce/fortaleza/zona-0113/355927889bfbb8b19e47acfab97f2a5f.jpg"], "data": 1414359727427, "estado": "CE", "municipio": "FORTALEZA", "zonaEleitoral": "0113", "localDaVotacao": "1074", "secaoEleitoral": "0279"}