{"zonaEleitoral": "0001", "pictureURLList": ["https://vocefiscal-poll-tape-uploads.s3.amazonaws.com/us-east-1%3A4042b14d-ef42-4cc5-9500-ffae4da656a4/br/ba/salvador/zona-0001/a6065826bf17dbfb7f9293b81318ac5c.jpg", "https://vocefiscal-poll-tape-uploads.s3.amazonaws.com/us-east-1%3A4042b14d-ef42-4cc5-9500-ffae4da656a4/br/ba/salvador/zona-0001/8ad27fb5c9817830737454b6116164a2.jpg", "https://vocefiscal-poll-tape-uploads.s3.amazonaws.com/us-east-1%3A4042b14d-ef42-4cc5-9500-ffae4da656a4/br/ba/salvador/zona-0001/96905310cbfb18024f61c4785a663ddd.jpg", "https://vocefiscal-poll-tape-uploads.s3.amazonaws.com/us-east-1%3A4042b14d-ef42-4cc5-9500-ffae4da656a4/br/ba/salvador/zona-0001/f48970b4ad53f5cbeea9e1b70ba3d197.jpg", "https://vocefiscal-poll-tape-uploads.s3.amazonaws.com/us-east-1%3A4042b14d-ef42-4cc5-9500-ffae4da656a4/br/ba/salvador/zona-0001/70ac3cf71131ca0ee2cca4096f4ed4bc.jpg", "https://vocefiscal-poll-tape-uploads.s3.amazonaws.com/us-east-1%3A4042b14d-ef42-4cc5-9500-ffae4da656a4/br/ba/salvador/zona-0001/681197d19d86a82e84e25e81fb756904.jpg", "https://vocefiscal-poll-tape-uploads.s3.amazonaws.com/us-east-1%3A4042b14d-ef42-4cc5-9500-ffae4da656a4/br/ba/salvador/zona-0001/24094f5ed0d81c8205d532379207260b.jpg", "https://vocefiscal-poll-tape-uploads.s3.amazonaws.com/us-east-1%3A4042b14d-ef42-4cc5-9500-ffae4da656a4/br/ba/salvador/zona-0001/40989ebadb4cf02e476dfc514a247d99.jpg", "https://vocefiscal-poll-tape-uploads.s3.amazonaws.com/us-east-1%3A4042b14d-ef42-4cc5-9500-ffae4da656a4/br/ba/salvador/zona-0001/3216de0e5a3515752addb5765a245178.jpg", "https://vocefiscal-poll-tape-uploads.s3.amazonaws.com/us-east-1%3A4042b14d-ef42-4cc5-9500-ffae4da656a4/br/ba/salvador/zona-0001/9571848b8747bb43672d6afcfb00f303.jpg", "https://vocefiscal-poll-tape-uploads.s3.amazonaws.com/us-east-1%3A4042b14d-ef42-4cc5-9500-ffae4da656a4/br/ba/salvador/zona-0001/b3a85c2adceb5612034309b6ab030afb.jpg", "https://vocefiscal-poll-tape-uploads.s3.amazonaws.com/us-east-1%3A4042b14d-ef42-4cc5-9500-ffae4da656a4/br/ba/salvador/zona-0001/184ad4b06e8ab63b010e7dcd908c63cd.jpg", "https://vocefiscal-poll-tape-uploads.s3.amazonaws.com/us-east-1%3A4042b14d-ef42-4cc5-9500-ffae4da656a4/br/ba/salvador/zona-0001/10d74d94d723a0e2fcd6f0d9bbe0a28f.jpg", "https://vocefiscal-poll-tape-uploads.s3.amazonaws.com/us-east-1%3A4042b14d-ef42-4cc5-9500-ffae4da656a4/br/ba/salvador/zona-0001/e5d4054be9131f20d5568d0f575f0e57.jpg", "https://vocefiscal-poll-tape-uploads.s3.amazonaws.com/us-east-1%3A4042b14d-ef42-4cc5-9500-ffae4da656a4/br/ba/salvador/zona-0001/7b9a652d52ffd6b1df887846cb70b70c.jpg", "https://vocefiscal-poll-tape-uploads.s3.amazonaws.com/us-east-1%3A4042b14d-ef42-4cc5-9500-ffae4da656a4/br/ba/salvador/zona-0001/fe55051528f173348186e8765f5be252.jpg", "https://vocefiscal-poll-tape-uploads.s3.amazonaws.com/us-east-1%3A4042b14d-ef42-4cc5-9500-ffae4da656a4/br/ba/salvador/zona-0001/4732e8508eb57543d8c7c490a8d398.jpg"], "estado": "BA", "secaoEleitoral": "0071", "data": 1414355053294, "municipio": "SALVADOR", "localDaVotacao": "0001"}