{"zonaEleitoral": "0128", "pictureURLList": ["https://vocefiscal-poll-tape-uploads.s3.amazonaws.com/us-east-1%3A109766cf-8087-44a8-b12b-e2287522109f/br/ba/amelia-rodrigues/zona-0128/e6d3ec1f4a77b2b7206754749da403a1.jpg", "https://vocefiscal-poll-tape-uploads.s3.amazonaws.com/us-east-1%3A109766cf-8087-44a8-b12b-e2287522109f/br/ba/amelia-rodrigues/zona-0128/b7738a12b64c5695627e7a48dcc371db.jpg", "https://vocefiscal-poll-tape-uploads.s3.amazonaws.com/us-east-1%3A109766cf-8087-44a8-b12b-e2287522109f/br/ba/amelia-rodrigues/zona-0128/4c0272b3951d0650a7120b6ea7dc9bea.jpg", "https://vocefiscal-poll-tape-uploads.s3.amazonaws.com/us-east-1%3A109766cf-8087-44a8-b12b-e2287522109f/br/ba/amelia-rodrigues/zona-0128/fca5519daa5315e2b656eff7d75b4991.jpg"], "estado": "BA", "secaoEleitoral": "0086", "data": 1414371078586, "municipio": "AM\u00c9LIA RODRIGUES", "localDaVotacao": "1015"}