{"zonaEleitoral": "0122", "pictureURLList": ["https://vocefiscal-poll-tape-uploads.s3.amazonaws.com/us-east-1%3A5729359e-590d-46cb-8798-c06dbc8c9810/br/ba/porto-seguro/zona-0122/50253e24b40c38587a1c4dd53f956bbd.jpg", "https://vocefiscal-poll-tape-uploads.s3.amazonaws.com/us-east-1%3A5729359e-590d-46cb-8798-c06dbc8c9810/br/ba/porto-seguro/zona-0122/f40bc57c88ff4e765753145639392235.jpg", "https://vocefiscal-poll-tape-uploads.s3.amazonaws.com/us-east-1%3A5729359e-590d-46cb-8798-c06dbc8c9810/br/ba/porto-seguro/zona-0122/7e0bb24ba905da82ca06691884858b8a.jpg"], "estado": "BA", "secaoEleitoral": "0562", "data": 1414351181347, "municipio": "PORTO SEGURO", "localDaVotacao": "1562"}