{"zonaEleitoral": "0002", "estado": "BA", "secaoEleitoral": "0026", "data": 1414354427910, "municipio": "SALVADOR", "pictureURLList": ["https://vocefiscal-poll-tape-uploads.s3.amazonaws.com/us-east-1%3A0c5e7820-909c-48ea-a1cf-c2bfe77b129a/br/ba/salvador/zona-0002/4efb09f7d8f93567e638d5e47c6a1ab1.jpg", "https://vocefiscal-poll-tape-uploads.s3.amazonaws.com/us-east-1%3A0c5e7820-909c-48ea-a1cf-c2bfe77b129a/br/ba/salvador/zona-0002/8af1ba192c8adb6f413648768ecf041b.jpg", "https://vocefiscal-poll-tape-uploads.s3.amazonaws.com/us-east-1%3A0c5e7820-909c-48ea-a1cf-c2bfe77b129a/br/ba/salvador/zona-0002/e85ca4bfadf98e44ec166b501d71c735.jpg", "https://vocefiscal-poll-tape-uploads.s3.amazonaws.com/us-east-1%3A0c5e7820-909c-48ea-a1cf-c2bfe77b129a/br/ba/salvador/zona-0002/81c4b17c275421c4ea2fce412f60f7dd.jpg", "https://vocefiscal-poll-tape-uploads.s3.amazonaws.com/us-east-1%3A0c5e7820-909c-48ea-a1cf-c2bfe77b129a/br/ba/salvador/zona-0002/f6f1728c33a7003afa187d5cfba7b28d.jpg", "https://vocefiscal-poll-tape-uploads.s3.amazonaws.com/us-east-1%3A0c5e7820-909c-48ea-a1cf-c2bfe77b129a/br/ba/salvador/zona-0002/780df7da9025ed40dd1c529dc615f724.jpg", "https://vocefiscal-poll-tape-uploads.s3.amazonaws.com/us-east-1%3A0c5e7820-909c-48ea-a1cf-c2bfe77b129a/br/ba/salvador/zona-0002/16dea8aa9b639766d1a0532e32cfc11d.jpg"]}