{"zonaEleitoral": "0001", "pictureURLList": ["https://vocefiscal-poll-tape-uploads.s3.amazonaws.com/us-east-1%3Af150edb4-18af-4389-bde3-6bc59240355c/br/ba/salvador/zona-0001/d7c8ecac028c699fa5320b8929ae8f4c.jpg", "https://vocefiscal-poll-tape-uploads.s3.amazonaws.com/us-east-1%3Af150edb4-18af-4389-bde3-6bc59240355c/br/ba/salvador/zona-0001/5e254502ce827d3d5dbebd40831045d9.jpg", "https://vocefiscal-poll-tape-uploads.s3.amazonaws.com/us-east-1%3Af150edb4-18af-4389-bde3-6bc59240355c/br/ba/salvador/zona-0001/73a9595141fee0ca374397dc5eca4e4d.jpg"], "estado": "BA", "secaoEleitoral": "0034", "data": 1414351668575, "municipio": "SALVADOR", "localDaVotacao": "1198"}