{"zonaEleitoral": "0171", "pictureURLList": ["https://vocefiscal-poll-tape-uploads.s3.amazonaws.com/us-east-1%3Aea64f948-87d7-4e6e-a592-a97bd843403f/br/ba/camacari/zona-0171/92bfb8499f62f8276a6b405485bad18d.jpg", "https://vocefiscal-poll-tape-uploads.s3.amazonaws.com/us-east-1%3Aea64f948-87d7-4e6e-a592-a97bd843403f/br/ba/camacari/zona-0171/f4d60919dee5bab7901ec79174a886b8.jpg", "https://vocefiscal-poll-tape-uploads.s3.amazonaws.com/us-east-1%3Aea64f948-87d7-4e6e-a592-a97bd843403f/br/ba/camacari/zona-0171/d887a6c489e55e1bf6563c8e712bdced.jpg", "https://vocefiscal-poll-tape-uploads.s3.amazonaws.com/us-east-1%3Aea64f948-87d7-4e6e-a592-a97bd843403f/br/ba/camacari/zona-0171/c506eb1b1f491c4711f02f64f9ab5885.jpg"], "estado": "BA", "data": 1414354599795, "municipio": "CAMA\u00c7ARI", "localDaVotacao": "1104", "secaoEleitoral": "0359"}