{"zonaEleitoral": "0039", "estado": "BA", "secaoEleitoral": "0039", "data": 1414354460407, "municipio": "VIT\u00d3RIA DA CONQUISTA", "pictureURLList": ["https://vocefiscal-poll-tape-uploads.s3.amazonaws.com/us-east-1%3Ace358e8b-1022-45f2-893a-4d87d62d3708/br/ba/vitoria-da-conquista/zona-0039/7d6ca51acd6f513f41a7993ebe7b027d.jpg", "https://vocefiscal-poll-tape-uploads.s3.amazonaws.com/us-east-1%3Ace358e8b-1022-45f2-893a-4d87d62d3708/br/ba/vitoria-da-conquista/zona-0039/7b32f36995444360494c5de001dbd550.jpg", "https://vocefiscal-poll-tape-uploads.s3.amazonaws.com/us-east-1%3Ace358e8b-1022-45f2-893a-4d87d62d3708/br/ba/vitoria-da-conquista/zona-0039/b4a6c7390515b30b065b5b2712da3bfe.jpg"]}