{"zonaEleitoral": "0002", "estado": "BA", "secaoEleitoral": "0387", "data": 1414354302259, "municipio": "SALVADOR", "pictureURLList": ["https://vocefiscal-poll-tape-uploads.s3.amazonaws.com/us-east-1%3A0c5e7820-909c-48ea-a1cf-c2bfe77b129a/br/ba/salvador/zona-0002/cadb1599a4189a319501390c70783aa0.jpg", "https://vocefiscal-poll-tape-uploads.s3.amazonaws.com/us-east-1%3A0c5e7820-909c-48ea-a1cf-c2bfe77b129a/br/ba/salvador/zona-0002/384db1f8bd210540cfdc61f9aca6c5c.jpg", "https://vocefiscal-poll-tape-uploads.s3.amazonaws.com/us-east-1%3A0c5e7820-909c-48ea-a1cf-c2bfe77b129a/br/ba/salvador/zona-0002/2126a6034b80d5e31f91f7e5dac31d31.jpg", "https://vocefiscal-poll-tape-uploads.s3.amazonaws.com/us-east-1%3A0c5e7820-909c-48ea-a1cf-c2bfe77b129a/br/ba/salvador/zona-0002/2b58e24e1b7339bce5b455683a3d03a8.jpg", "https://vocefiscal-poll-tape-uploads.s3.amazonaws.com/us-east-1%3A0c5e7820-909c-48ea-a1cf-c2bfe77b129a/br/ba/salvador/zona-0002/35df3c995d594eb5289de57cc0899ec9.jpg", "https://vocefiscal-poll-tape-uploads.s3.amazonaws.com/us-east-1%3A0c5e7820-909c-48ea-a1cf-c2bfe77b129a/br/ba/salvador/zona-0002/bc644983f497f4524e627fa3352ca60.jpg"]}