{"zonaEleitoral": "0001", "pictureURLList": ["https://vocefiscal-poll-tape-uploads.s3.amazonaws.com/us-east-1%3A4042b14d-ef42-4cc5-9500-ffae4da656a4/br/ba/salvador/zona-0001/c01effa8c99b42d9e5283c89bfa83951.jpg", "https://vocefiscal-poll-tape-uploads.s3.amazonaws.com/us-east-1%3A4042b14d-ef42-4cc5-9500-ffae4da656a4/br/ba/salvador/zona-0001/69075090816ef51c9880e9803b2a3565.jpg", "https://vocefiscal-poll-tape-uploads.s3.amazonaws.com/us-east-1%3A4042b14d-ef42-4cc5-9500-ffae4da656a4/br/ba/salvador/zona-0001/5bd1113c26803c3615bd2f3aa288b622.jpg", "https://vocefiscal-poll-tape-uploads.s3.amazonaws.com/us-east-1%3A4042b14d-ef42-4cc5-9500-ffae4da656a4/br/ba/salvador/zona-0001/13ed4d2f2fdae1bec777cff4edac7b43.jpg", "https://vocefiscal-poll-tape-uploads.s3.amazonaws.com/us-east-1%3A4042b14d-ef42-4cc5-9500-ffae4da656a4/br/ba/salvador/zona-0001/9f32b666dd684b4dc8659a27a2488638.jpg"], "estado": "BA", "secaoEleitoral": "0072", "data": 1414355286894, "municipio": "SALVADOR", "localDaVotacao": "1066"}