{"data": 1412541732607, "estado": "BA", "secaoEleitoral": "0006", "zonaEleitoral": "0023", "pictureURLList": ["https://vocefiscal-poll-tape-uploads.s3.amazonaws.com/us-east-1%3Ae49d1051-5b03-4b30-820f-4ba22161f140/br/ba/jequie/zona-0023/5b4b366af136b7ba467d7608bd3b4712.jpg", "https://vocefiscal-poll-tape-uploads.s3.amazonaws.com/us-east-1%3Ae49d1051-5b03-4b30-820f-4ba22161f140/br/ba/jequie/zona-0023/c6b104467172453e484553b08e2b2b9a.jpg", "https://vocefiscal-poll-tape-uploads.s3.amazonaws.com/us-east-1%3Ae49d1051-5b03-4b30-820f-4ba22161f140/br/ba/jequie/zona-0023/de07ca6dccab7161975889559d0024b4.jpg", "https://vocefiscal-poll-tape-uploads.s3.amazonaws.com/us-east-1%3Ae49d1051-5b03-4b30-820f-4ba22161f140/br/ba/jequie/zona-0023/f0da66589b7378c4b0558d112ec6e7d3.jpg", "https://vocefiscal-poll-tape-uploads.s3.amazonaws.com/us-east-1%3Ae49d1051-5b03-4b30-820f-4ba22161f140/br/ba/jequie/zona-0023/3b2e7b36338748ca1ef767b66815825d.jpg", "https://vocefiscal-poll-tape-uploads.s3.amazonaws.com/us-east-1%3Ae49d1051-5b03-4b30-820f-4ba22161f140/br/ba/jequie/zona-0023/ccc9e7e7803eaa5ead8acb24dbd1a920.jpg", "https://vocefiscal-poll-tape-uploads.s3.amazonaws.com/us-east-1%3Ae49d1051-5b03-4b30-820f-4ba22161f140/br/ba/jequie/zona-0023/d3869b0faaa2e33f44d49d433510de81.jpg", "https://vocefiscal-poll-tape-uploads.s3.amazonaws.com/us-east-1%3Ae49d1051-5b03-4b30-820f-4ba22161f140/br/ba/jequie/zona-0023/bfde4a2debdddbb8de39e5d8432244a6.jpg", "https://vocefiscal-poll-tape-uploads.s3.amazonaws.com/us-east-1%3Ae49d1051-5b03-4b30-820f-4ba22161f140/br/ba/jequie/zona-0023/61441481241077ff74aab283ccccb871.jpg", "https://vocefiscal-poll-tape-uploads.s3.amazonaws.com/us-east-1%3Ae49d1051-5b03-4b30-820f-4ba22161f140/br/ba/jequie/zona-0023/22b68f857ff9388733ad0d783486f72e.jpg", "https://vocefiscal-poll-tape-uploads.s3.amazonaws.com/us-east-1%3Ae49d1051-5b03-4b30-820f-4ba22161f140/br/ba/jequie/zona-0023/a4e790c407722810f1704760b5a18fa.jpg", "https://vocefiscal-poll-tape-uploads.s3.amazonaws.com/us-east-1%3Ae49d1051-5b03-4b30-820f-4ba22161f140/br/ba/jequie/zona-0023/d78e186e91ea60ba223dbb64f8319941.jpg"], "municipio": "JEQUI\u00c9"}