{"data": 1412540734407, "estado": "BA", "localDaVotacao": "1163", "zonaEleitoral": "0142", "secaoEleitoral": "0105", "pictureURLList": ["https://vocefiscal-poll-tape-uploads.s3.amazonaws.com/us-east-1%3A37293f98-6046-4494-8836-bbd91eb27d72/br/ba/cruz-das-almas/zona-0142/5a215834f4903c83675feb5d2dc60708.jpg", "https://vocefiscal-poll-tape-uploads.s3.amazonaws.com/us-east-1%3A37293f98-6046-4494-8836-bbd91eb27d72/br/ba/cruz-das-almas/zona-0142/b979bcd473d78f09ba662820883ed040.jpg"], "municipio": "CRUZ DAS ALMAS"}