{"data": 1412580782809, "pictureURLList": ["https://vocefiscal-poll-tape-uploads.s3.amazonaws.com/us-east-1%3A5a250bd8-6adf-471e-b55e-06f1f338db78/br/ba/salvador/zona-0008/564bb8f1fac058aae4c41c8f20f158e2.jpg", "https://vocefiscal-poll-tape-uploads.s3.amazonaws.com/us-east-1%3A5a250bd8-6adf-471e-b55e-06f1f338db78/br/ba/salvador/zona-0008/1399b1b9dce44ee890c771dabe274636.jpg", "https://vocefiscal-poll-tape-uploads.s3.amazonaws.com/us-east-1%3A5a250bd8-6adf-471e-b55e-06f1f338db78/br/ba/salvador/zona-0008/7dc162b16517a43bfec236f7628479a3.jpg", "https://vocefiscal-poll-tape-uploads.s3.amazonaws.com/us-east-1%3A5a250bd8-6adf-471e-b55e-06f1f338db78/br/ba/salvador/zona-0008/ae26be971c8b80d8ffe713a7812df01.jpg", "https://vocefiscal-poll-tape-uploads.s3.amazonaws.com/us-east-1%3A5a250bd8-6adf-471e-b55e-06f1f338db78/br/ba/salvador/zona-0008/40eef19e69f80e9971664f1f25724009.jpg"], "estado": "BA", "localDaVotacao": "1244", "zonaEleitoral": "0008", "secaoEleitoral": "0280", "municipio": "SALVADOR"}