{"data": 1412540232592, "estado": "BA", "localDaVotacao": "0230", "zonaEleitoral": "0001", "secaoEleitoral": "0001", "pictureURLList": ["https://vocefiscal-poll-tape-uploads.s3.amazonaws.com/us-east-1%3A4aeeda1c-7a94-4b90-b6f9-48f58958a39e/br/ba/salvador/zona-0001/d41d8cd98f00b204e9800998ecf8427e.jpg", "https://vocefiscal-poll-tape-uploads.s3.amazonaws.com/us-east-1%3A4aeeda1c-7a94-4b90-b6f9-48f58958a39e/br/ba/salvador/zona-0001/d41d8cd98f00b204e9800998ecf8427e.jpg", "https://vocefiscal-poll-tape-uploads.s3.amazonaws.com/us-east-1%3A4aeeda1c-7a94-4b90-b6f9-48f58958a39e/br/ba/salvador/zona-0001/d41d8cd98f00b204e9800998ecf8427e.jpg"], "municipio": "SALVADOR"}