{"data": 1412580597237, "pictureURLList": ["https://vocefiscal-poll-tape-uploads.s3.amazonaws.com/us-east-1%3A5a250bd8-6adf-471e-b55e-06f1f338db78/br/ba/salvador/zona-0008/14bc3cfd13fa4cb1078b7323bb654738.jpg", "https://vocefiscal-poll-tape-uploads.s3.amazonaws.com/us-east-1%3A5a250bd8-6adf-471e-b55e-06f1f338db78/br/ba/salvador/zona-0008/f0a261005a81ddbbecca134591cbc569.jpg", "https://vocefiscal-poll-tape-uploads.s3.amazonaws.com/us-east-1%3A5a250bd8-6adf-471e-b55e-06f1f338db78/br/ba/salvador/zona-0008/1cd1bac9f96f3d822744551481a11f2b.jpg", "https://vocefiscal-poll-tape-uploads.s3.amazonaws.com/us-east-1%3A5a250bd8-6adf-471e-b55e-06f1f338db78/br/ba/salvador/zona-0008/e1dc7e07298b629e6665d5dc97b5fb56.jpg", "https://vocefiscal-poll-tape-uploads.s3.amazonaws.com/us-east-1%3A5a250bd8-6adf-471e-b55e-06f1f338db78/br/ba/salvador/zona-0008/4546d6ce1a955d7c25528c6e83f587fc.jpg"], "estado": "BA", "localDaVotacao": "1244", "zonaEleitoral": "0008", "secaoEleitoral": "0093", "municipio": "SALVADOR"}