{"data": 1412540519892, "pictureURLList": ["https://vocefiscal-poll-tape-uploads.s3.amazonaws.com/us-east-1%3Adaccca2e-3a10-4227-917e-d320a758b5d8/br/ba/salvador/zona-0001/8120ae90c725117fad1e7034cca7c0cb.jpg", "https://vocefiscal-poll-tape-uploads.s3.amazonaws.com/us-east-1%3Adaccca2e-3a10-4227-917e-d320a758b5d8/br/ba/salvador/zona-0001/e58c52b89ae978fbe9613560cd4e242c.jpg", "https://vocefiscal-poll-tape-uploads.s3.amazonaws.com/us-east-1%3Adaccca2e-3a10-4227-917e-d320a758b5d8/br/ba/salvador/zona-0001/6dee7f915d8dd76587bbb363b7c18ad6.jpg"], "estado": "BA", "localDaVotacao": "1449", "zonaEleitoral": "0001", "secaoEleitoral": "0237", "municipio": "SALVADOR"}