{"data": 1412542388036, "estado": "BA", "secaoEleitoral": "0162", "zonaEleitoral": "0026", "pictureURLList": ["https://vocefiscal-poll-tape-uploads.s3.amazonaws.com/us-east-1%3A8f9a51d5-4734-413e-9b76-343060c8bea9/br/ba/ilheus/zona-0026/a14fb00790b5f8d7e938fbac0317fef0.jpg", "https://vocefiscal-poll-tape-uploads.s3.amazonaws.com/us-east-1%3A8f9a51d5-4734-413e-9b76-343060c8bea9/br/ba/ilheus/zona-0026/ae9f51e24c5bc900a394486bf0e57345.jpg", "https://vocefiscal-poll-tape-uploads.s3.amazonaws.com/us-east-1%3A8f9a51d5-4734-413e-9b76-343060c8bea9/br/ba/ilheus/zona-0026/566a110eafb6766bf79f36dadfe69e86.jpg", "https://vocefiscal-poll-tape-uploads.s3.amazonaws.com/us-east-1%3A8f9a51d5-4734-413e-9b76-343060c8bea9/br/ba/ilheus/zona-0026/12bd82d10b6bd88fd5de38ad2cb8a695.jpg", "https://vocefiscal-poll-tape-uploads.s3.amazonaws.com/us-east-1%3A8f9a51d5-4734-413e-9b76-343060c8bea9/br/ba/ilheus/zona-0026/cdc2a28126cb57a7af3b19119fd9a24.jpg", "https://vocefiscal-poll-tape-uploads.s3.amazonaws.com/us-east-1%3A8f9a51d5-4734-413e-9b76-343060c8bea9/br/ba/ilheus/zona-0026/a86d2d08262672851fc0605db911d7ed.jpg", "https://vocefiscal-poll-tape-uploads.s3.amazonaws.com/us-east-1%3A8f9a51d5-4734-413e-9b76-343060c8bea9/br/ba/ilheus/zona-0026/1c2b913656ba22b92b2c6b71d2663bb6.jpg"], "municipio": "ILH\u00c9US"}