{"data": 1412544139948, "pictureURLList": ["https://vocefiscal-poll-tape-uploads.s3.amazonaws.com/us-east-1%3Ac2917a8f-a948-4010-9bf2-04fa95d0611f/br/ba/jequie/zona-0023/1dadb3665135d1401245f21ac7588109.jpg", "https://vocefiscal-poll-tape-uploads.s3.amazonaws.com/us-east-1%3Ac2917a8f-a948-4010-9bf2-04fa95d0611f/br/ba/jequie/zona-0023/f7d52d2fad82a7789759a02fb59f10d.jpg", "https://vocefiscal-poll-tape-uploads.s3.amazonaws.com/us-east-1%3Ac2917a8f-a948-4010-9bf2-04fa95d0611f/br/ba/jequie/zona-0023/841dd6bb4ff8797cbbd044e355657ac4.jpg", "https://vocefiscal-poll-tape-uploads.s3.amazonaws.com/us-east-1%3Ac2917a8f-a948-4010-9bf2-04fa95d0611f/br/ba/jequie/zona-0023/f9606296d339428b9394fdbab5ef3d4d.jpg", "https://vocefiscal-poll-tape-uploads.s3.amazonaws.com/us-east-1%3Ac2917a8f-a948-4010-9bf2-04fa95d0611f/br/ba/jequie/zona-0023/5fece3362620bcf667f670c22754194a.jpg", "https://vocefiscal-poll-tape-uploads.s3.amazonaws.com/us-east-1%3Ac2917a8f-a948-4010-9bf2-04fa95d0611f/br/ba/jequie/zona-0023/f8cb90f60817f24717899ce2decf17a0.jpg", "https://vocefiscal-poll-tape-uploads.s3.amazonaws.com/us-east-1%3Ac2917a8f-a948-4010-9bf2-04fa95d0611f/br/ba/jequie/zona-0023/acce4376b06b019d2875ece712567e23.jpg", "https://vocefiscal-poll-tape-uploads.s3.amazonaws.com/us-east-1%3Ac2917a8f-a948-4010-9bf2-04fa95d0611f/br/ba/jequie/zona-0023/317a289faa3fd1bd090b7bde11733b71.jpg", "https://vocefiscal-poll-tape-uploads.s3.amazonaws.com/us-east-1%3Ac2917a8f-a948-4010-9bf2-04fa95d0611f/br/ba/jequie/zona-0023/950d8702f222445e9cedad833abacd3b.jpg", "https://vocefiscal-poll-tape-uploads.s3.amazonaws.com/us-east-1%3Ac2917a8f-a948-4010-9bf2-04fa95d0611f/br/ba/jequie/zona-0023/b0a5617521b731983509f23cfbbb24e8.jpg", "https://vocefiscal-poll-tape-uploads.s3.amazonaws.com/us-east-1%3Ac2917a8f-a948-4010-9bf2-04fa95d0611f/br/ba/jequie/zona-0023/1dedfd5071060dd7672ca8d783655b32.jpg", "https://vocefiscal-poll-tape-uploads.s3.amazonaws.com/us-east-1%3Ac2917a8f-a948-4010-9bf2-04fa95d0611f/br/ba/jequie/zona-0023/ed014dc735dd8762be4ad54b088c9bec.jpg", "https://vocefiscal-poll-tape-uploads.s3.amazonaws.com/us-east-1%3Ac2917a8f-a948-4010-9bf2-04fa95d0611f/br/ba/jequie/zona-0023/3cb46f170d601616dc6617b8c9cfcbe2.jpg", "https://vocefiscal-poll-tape-uploads.s3.amazonaws.com/us-east-1%3Ac2917a8f-a948-4010-9bf2-04fa95d0611f/br/ba/jequie/zona-0023/17e44e85d09f9e55032cf385ef22d0af.jpg", "https://vocefiscal-poll-tape-uploads.s3.amazonaws.com/us-east-1%3Ac2917a8f-a948-4010-9bf2-04fa95d0611f/br/ba/jequie/zona-0023/29d71c1b64ed0ccae94c2059cfe49b76.jpg", "https://vocefiscal-poll-tape-uploads.s3.amazonaws.com/us-east-1%3Ac2917a8f-a948-4010-9bf2-04fa95d0611f/br/ba/jequie/zona-0023/bb843db227a18704acd4e0432147517a.jpg", "https://vocefiscal-poll-tape-uploads.s3.amazonaws.com/us-east-1%3Ac2917a8f-a948-4010-9bf2-04fa95d0611f/br/ba/jequie/zona-0023/2029949302f6e165bf939b0fc63e6b91.jpg", "https://vocefiscal-poll-tape-uploads.s3.amazonaws.com/us-east-1%3Ac2917a8f-a948-4010-9bf2-04fa95d0611f/br/ba/jequie/zona-0023/6ad2e6f68e3a442a200ac0f554052995.jpg", "https://vocefiscal-poll-tape-uploads.s3.amazonaws.com/us-east-1%3Ac2917a8f-a948-4010-9bf2-04fa95d0611f/br/ba/jequie/zona-0023/ef7b344f76a344cb566e4bc774aa9228.jpg", "https://vocefiscal-poll-tape-uploads.s3.amazonaws.com/us-east-1%3Ac2917a8f-a948-4010-9bf2-04fa95d0611f/br/ba/jequie/zona-0023/9aac138114511494d8218599643fda69.jpg", "https://vocefiscal-poll-tape-uploads.s3.amazonaws.com/us-east-1%3Ac2917a8f-a948-4010-9bf2-04fa95d0611f/br/ba/jequie/zona-0023/f32267691a84cbc8a65ff9b61b42d775.jpg", "https://vocefiscal-poll-tape-uploads.s3.amazonaws.com/us-east-1%3Ac2917a8f-a948-4010-9bf2-04fa95d0611f/br/ba/jequie/zona-0023/6ab38b8146896924aeb22073d18a1677.jpg", "https://vocefiscal-poll-tape-uploads.s3.amazonaws.com/us-east-1%3Ac2917a8f-a948-4010-9bf2-04fa95d0611f/br/ba/jequie/zona-0023/448b11edc8df857afc7de37ff22d894a.jpg", "https://vocefiscal-poll-tape-uploads.s3.amazonaws.com/us-east-1%3Ac2917a8f-a948-4010-9bf2-04fa95d0611f/br/ba/jequie/zona-0023/62433019c2bd8e87fe3192bc3c9735b.jpg"], "estado": "BA", "localDaVotacao": "1449", "zonaEleitoral": "0023", "secaoEleitoral": "0341", "municipio": "JEQUI\u00c9"}