{"data": 1412539987273, "estado": "BA", "localDaVotacao": "0229", "zonaEleitoral": "0001", "secaoEleitoral": "0001", "pictureURLList": ["https://vocefiscal-poll-tape-uploads.s3.amazonaws.com/us-east-1%3A4aeeda1c-7a94-4b90-b6f9-48f58958a39e/br/ba/salvador/zona-0001/d6390a3085cb4556493ae936ec722e3d.jpg", "https://vocefiscal-poll-tape-uploads.s3.amazonaws.com/us-east-1%3A4aeeda1c-7a94-4b90-b6f9-48f58958a39e/br/ba/salvador/zona-0001/61c897156cdeae604d636d4244efaa3b.jpg", "https://vocefiscal-poll-tape-uploads.s3.amazonaws.com/us-east-1%3A4aeeda1c-7a94-4b90-b6f9-48f58958a39e/br/ba/salvador/zona-0001/7318029c87b028d51ae3f6455c3647d3.jpg", "https://vocefiscal-poll-tape-uploads.s3.amazonaws.com/us-east-1%3A4aeeda1c-7a94-4b90-b6f9-48f58958a39e/br/ba/salvador/zona-0001/d41d8cd98f00b204e9800998ecf8427e.jpg"], "municipio": "SALVADOR"}