{"data": 1412540189906, "estado": "BA", "localDaVotacao": "1163", "zonaEleitoral": "0173", "secaoEleitoral": "0027", "pictureURLList": ["https://vocefiscal-poll-tape-uploads.s3.amazonaws.com/us-east-1%3Ac7233eb1-69e5-4e50-8708-f6004c07016f/br/ba/ibotirama/zona-0173/a10da8b94b11d20ccaf7103676f5b8f8.jpg", "https://vocefiscal-poll-tape-uploads.s3.amazonaws.com/us-east-1%3Ac7233eb1-69e5-4e50-8708-f6004c07016f/br/ba/ibotirama/zona-0173/80f16c5fbc458c884b254846fa7e8efa.jpg", "https://vocefiscal-poll-tape-uploads.s3.amazonaws.com/us-east-1%3Ac7233eb1-69e5-4e50-8708-f6004c07016f/br/ba/ibotirama/zona-0173/6c37426d38f06544a252756431ff17dc.jpg", "https://vocefiscal-poll-tape-uploads.s3.amazonaws.com/us-east-1%3Ac7233eb1-69e5-4e50-8708-f6004c07016f/br/ba/ibotirama/zona-0173/413dacd999865b3f5f52b28faeedb271.jpg", "https://vocefiscal-poll-tape-uploads.s3.amazonaws.com/us-east-1%3Ac7233eb1-69e5-4e50-8708-f6004c07016f/br/ba/ibotirama/zona-0173/e1c178767fa9e9b04b934e44407e4087.jpg", "https://vocefiscal-poll-tape-uploads.s3.amazonaws.com/us-east-1%3Ac7233eb1-69e5-4e50-8708-f6004c07016f/br/ba/ibotirama/zona-0173/63c3c5546c44ca89d7e5c78b87480d8e.jpg", "https://vocefiscal-poll-tape-uploads.s3.amazonaws.com/us-east-1%3Ac7233eb1-69e5-4e50-8708-f6004c07016f/br/ba/ibotirama/zona-0173/393c33d789e24cefbbe79fe141545926.jpg", "https://vocefiscal-poll-tape-uploads.s3.amazonaws.com/us-east-1%3Ac7233eb1-69e5-4e50-8708-f6004c07016f/br/ba/ibotirama/zona-0173/c9f3a6e8665fcc3cd4aec456faf66694.jpg", "https://vocefiscal-poll-tape-uploads.s3.amazonaws.com/us-east-1%3Ac7233eb1-69e5-4e50-8708-f6004c07016f/br/ba/ibotirama/zona-0173/7055034ed15168500682c76b4aa0c7e1.jpg", "https://vocefiscal-poll-tape-uploads.s3.amazonaws.com/us-east-1%3Ac7233eb1-69e5-4e50-8708-f6004c07016f/br/ba/ibotirama/zona-0173/91474226619ef3c985903170565a44bc.jpg", "https://vocefiscal-poll-tape-uploads.s3.amazonaws.com/us-east-1%3Ac7233eb1-69e5-4e50-8708-f6004c07016f/br/ba/ibotirama/zona-0173/fd3a1c088d0d33259105d54cdb0a1daf.jpg", "https://vocefiscal-poll-tape-uploads.s3.amazonaws.com/us-east-1%3Ac7233eb1-69e5-4e50-8708-f6004c07016f/br/ba/ibotirama/zona-0173/36e8bc7245270eae9d2aba1824787ebd.jpg", "https://vocefiscal-poll-tape-uploads.s3.amazonaws.com/us-east-1%3Ac7233eb1-69e5-4e50-8708-f6004c07016f/br/ba/ibotirama/zona-0173/76443a4b5be834590f75fcca444e9547.jpg", "https://vocefiscal-poll-tape-uploads.s3.amazonaws.com/us-east-1%3Ac7233eb1-69e5-4e50-8708-f6004c07016f/br/ba/ibotirama/zona-0173/568cc321fcd8328ea7c3e189cb8f94e0.jpg", "https://vocefiscal-poll-tape-uploads.s3.amazonaws.com/us-east-1%3Ac7233eb1-69e5-4e50-8708-f6004c07016f/br/ba/ibotirama/zona-0173/1e00aeb3fb773ebb0175a2702a0b6f0a.jpg", "https://vocefiscal-poll-tape-uploads.s3.amazonaws.com/us-east-1%3Ac7233eb1-69e5-4e50-8708-f6004c07016f/br/ba/ibotirama/zona-0173/319eb9a6a58c281815c581edee1521d4.jpg", "https://vocefiscal-poll-tape-uploads.s3.amazonaws.com/us-east-1%3Ac7233eb1-69e5-4e50-8708-f6004c07016f/br/ba/ibotirama/zona-0173/b08a2e8711837e247ef0caeee816c08d.jpg", "https://vocefiscal-poll-tape-uploads.s3.amazonaws.com/us-east-1%3Ac7233eb1-69e5-4e50-8708-f6004c07016f/br/ba/ibotirama/zona-0173/dca57e5b7eb9206fcf15f5f90bfd417e.jpg", "https://vocefiscal-poll-tape-uploads.s3.amazonaws.com/us-east-1%3Ac7233eb1-69e5-4e50-8708-f6004c07016f/br/ba/ibotirama/zona-0173/662c6b9c1dc04ea9e7e8bdfb5a16d9e0.jpg", "https://vocefiscal-poll-tape-uploads.s3.amazonaws.com/us-east-1%3Ac7233eb1-69e5-4e50-8708-f6004c07016f/br/ba/ibotirama/zona-0173/991d373e6d2a857b9f44c0a717305509.jpg"], "municipio": "IBOTIRAMA"}