{"data": 1412580042789, "pictureURLList": ["https://vocefiscal-poll-tape-uploads.s3.amazonaws.com/us-east-1%3A5a250bd8-6adf-471e-b55e-06f1f338db78/br/ba/salvador/zona-0008/b3c3d512217fcc4f545059e762c60a94.jpg", "https://vocefiscal-poll-tape-uploads.s3.amazonaws.com/us-east-1%3A5a250bd8-6adf-471e-b55e-06f1f338db78/br/ba/salvador/zona-0008/628977c0708075643f4689e5efc51824.jpg", "https://vocefiscal-poll-tape-uploads.s3.amazonaws.com/us-east-1%3A5a250bd8-6adf-471e-b55e-06f1f338db78/br/ba/salvador/zona-0008/b843695611764eb4a3052c30a3d6d916.jpg", "https://vocefiscal-poll-tape-uploads.s3.amazonaws.com/us-east-1%3A5a250bd8-6adf-471e-b55e-06f1f338db78/br/ba/salvador/zona-0008/168fee75873cb3d1ec0b6bd196029c5e.jpg", "https://vocefiscal-poll-tape-uploads.s3.amazonaws.com/us-east-1%3A5a250bd8-6adf-471e-b55e-06f1f338db78/br/ba/salvador/zona-0008/57fc0b3c5e38c0a012cca867b0c8bf59.jpg"], "estado": "BA", "localDaVotacao": "1244", "zonaEleitoral": "0008", "secaoEleitoral": "0210", "municipio": "SALVADOR"}