{"data": 1412559785443, "pictureURLList": ["https://vocefiscal-poll-tape-uploads.s3.amazonaws.com/us-east-1%3Ab5e7c4f6-adad-477a-983e-6f0334719fe7/br/ba/brumado/zona-0090/4f756be6d0c9ee92ec95f6419e2fd464.jpg", "https://vocefiscal-poll-tape-uploads.s3.amazonaws.com/us-east-1%3Ab5e7c4f6-adad-477a-983e-6f0334719fe7/br/ba/brumado/zona-0090/d4b6b355df278ae7d2e8ca9b3fc68a32.jpg", "https://vocefiscal-poll-tape-uploads.s3.amazonaws.com/us-east-1%3Ab5e7c4f6-adad-477a-983e-6f0334719fe7/br/ba/brumado/zona-0090/fe23ccdfb0e0fd87a0f1ec0f91d87eb1.jpg", "https://vocefiscal-poll-tape-uploads.s3.amazonaws.com/us-east-1%3Ab5e7c4f6-adad-477a-983e-6f0334719fe7/br/ba/brumado/zona-0090/76892293af48b0b9492bb20a31ffacd9.jpg", "https://vocefiscal-poll-tape-uploads.s3.amazonaws.com/us-east-1%3Ab5e7c4f6-adad-477a-983e-6f0334719fe7/br/ba/brumado/zona-0090/73022737fc63e3c9622bc6e221f1619f.jpg", "https://vocefiscal-poll-tape-uploads.s3.amazonaws.com/us-east-1%3Ab5e7c4f6-adad-477a-983e-6f0334719fe7/br/ba/brumado/zona-0090/54d191890b09b4fd0f44d0221a4e5e1c.jpg", "https://vocefiscal-poll-tape-uploads.s3.amazonaws.com/us-east-1%3Ab5e7c4f6-adad-477a-983e-6f0334719fe7/br/ba/brumado/zona-0090/36798d3e25a3dfaa1e475b6048e786e3.jpg", "https://vocefiscal-poll-tape-uploads.s3.amazonaws.com/us-east-1%3Ab5e7c4f6-adad-477a-983e-6f0334719fe7/br/ba/brumado/zona-0090/b4bbdc925562821433d0016d3d93894d.jpg", "https://vocefiscal-poll-tape-uploads.s3.amazonaws.com/us-east-1%3Ab5e7c4f6-adad-477a-983e-6f0334719fe7/br/ba/brumado/zona-0090/e4f61d033597892e8eb636f9a1767702.jpg", "https://vocefiscal-poll-tape-uploads.s3.amazonaws.com/us-east-1%3Ab5e7c4f6-adad-477a-983e-6f0334719fe7/br/ba/brumado/zona-0090/e8c0a2ec57dcc6a573444375e34454d5.jpg"], "estado": "BA", "localDaVotacao": "1851", "zonaEleitoral": "0090", "secaoEleitoral": "0167", "municipio": "BRUMADO"}