{"data": 1412546915310, "estado": "BA", "localDaVotacao": "1031", "zonaEleitoral": "0006", "secaoEleitoral": "0052", "pictureURLList": ["https://vocefiscal-poll-tape-uploads.s3.amazonaws.com/us-east-1%3A8bee662b-85fd-4990-9fcf-9205e1f01e3c/br/ba/salvador/zona-0006/a762d1f6478984e2f33ff82892eec7b3.jpg", "https://vocefiscal-poll-tape-uploads.s3.amazonaws.com/us-east-1%3A8bee662b-85fd-4990-9fcf-9205e1f01e3c/br/ba/salvador/zona-0006/acdbcbcc00ba1af124da4164fe9aeabe.jpg", "https://vocefiscal-poll-tape-uploads.s3.amazonaws.com/us-east-1%3A8bee662b-85fd-4990-9fcf-9205e1f01e3c/br/ba/salvador/zona-0006/262dde2ba392faa61469813bfd49fa68.jpg", "https://vocefiscal-poll-tape-uploads.s3.amazonaws.com/us-east-1%3A8bee662b-85fd-4990-9fcf-9205e1f01e3c/br/ba/salvador/zona-0006/60a865b06655dc3b81e4c1752ea3551e.jpg", "https://vocefiscal-poll-tape-uploads.s3.amazonaws.com/us-east-1%3A8bee662b-85fd-4990-9fcf-9205e1f01e3c/br/ba/salvador/zona-0006/8032fddb109ec56448589379de4f75d3.jpg"], "municipio": "SALVADOR"}