{"pictureURLList": ["https://vocefiscal-poll-tape-uploads.s3.amazonaws.com/us-east-1%3A599a5741-ec0b-4038-b044-cbeed35c5baf/br/am/manaus/zona-0001/f9c73edf970066eb9193caca340e527c.jpg", "https://vocefiscal-poll-tape-uploads.s3.amazonaws.com/us-east-1%3A599a5741-ec0b-4038-b044-cbeed35c5baf/br/am/manaus/zona-0001/614bfc4c6b688fe5335c0ebd190ba390.jpg", "https://vocefiscal-poll-tape-uploads.s3.amazonaws.com/us-east-1%3A599a5741-ec0b-4038-b044-cbeed35c5baf/br/am/manaus/zona-0001/5e50e86938ac700183f6edceb11ddbca.jpg", "https://vocefiscal-poll-tape-uploads.s3.amazonaws.com/us-east-1%3A599a5741-ec0b-4038-b044-cbeed35c5baf/br/am/manaus/zona-0001/d2413dae03a54d655dccf968a41bb7ca.jpg", "https://vocefiscal-poll-tape-uploads.s3.amazonaws.com/us-east-1%3A599a5741-ec0b-4038-b044-cbeed35c5baf/br/am/manaus/zona-0001/c0775881aee4b8f56cac232158dbabcc.jpg", "https://vocefiscal-poll-tape-uploads.s3.amazonaws.com/us-east-1%3A599a5741-ec0b-4038-b044-cbeed35c5baf/br/am/manaus/zona-0001/1b3d2c7b174fbe0020f747bcf9195dd.jpg", "https://vocefiscal-poll-tape-uploads.s3.amazonaws.com/us-east-1%3A599a5741-ec0b-4038-b044-cbeed35c5baf/br/am/manaus/zona-0001/c1efcef0af938f814440529fa47cb0de.jpg", "https://vocefiscal-poll-tape-uploads.s3.amazonaws.com/us-east-1%3A599a5741-ec0b-4038-b044-cbeed35c5baf/br/am/manaus/zona-0001/940ee18d592b994d50cb57eab35bc325.jpg", "https://vocefiscal-poll-tape-uploads.s3.amazonaws.com/us-east-1%3A599a5741-ec0b-4038-b044-cbeed35c5baf/br/am/manaus/zona-0001/f08dcf5aa6264ff090ded6e358089368.jpg", "https://vocefiscal-poll-tape-uploads.s3.amazonaws.com/us-east-1%3A599a5741-ec0b-4038-b044-cbeed35c5baf/br/am/manaus/zona-0001/56057d7af34731583bd34569043c4165.jpg", "https://vocefiscal-poll-tape-uploads.s3.amazonaws.com/us-east-1%3A599a5741-ec0b-4038-b044-cbeed35c5baf/br/am/manaus/zona-0001/3c674b803f886e88c5a448fb5dba0c92.jpg", "https://vocefiscal-poll-tape-uploads.s3.amazonaws.com/us-east-1%3A599a5741-ec0b-4038-b044-cbeed35c5baf/br/am/manaus/zona-0001/6ea5bea6399167b34aa0dd2c07800f44.jpg", "https://vocefiscal-poll-tape-uploads.s3.amazonaws.com/us-east-1%3A599a5741-ec0b-4038-b044-cbeed35c5baf/br/am/manaus/zona-0001/d49e592075fccc99d8f1e0c6de202992.jpg", "https://vocefiscal-poll-tape-uploads.s3.amazonaws.com/us-east-1%3A599a5741-ec0b-4038-b044-cbeed35c5baf/br/am/manaus/zona-0001/56391b328f8692eebee7c978f36a08fd.jpg", "https://vocefiscal-poll-tape-uploads.s3.amazonaws.com/us-east-1%3A599a5741-ec0b-4038-b044-cbeed35c5baf/br/am/manaus/zona-0001/61443129f0de1abbe08716ba76939727.jpg", "https://vocefiscal-poll-tape-uploads.s3.amazonaws.com/us-east-1%3A599a5741-ec0b-4038-b044-cbeed35c5baf/br/am/manaus/zona-0001/a8541d7b2d0148678dd48a8d006190aa.jpg", "https://vocefiscal-poll-tape-uploads.s3.amazonaws.com/us-east-1%3A599a5741-ec0b-4038-b044-cbeed35c5baf/br/am/manaus/zona-0001/6eb5295248d635f2a88a7889913d7b52.jpg", "https://vocefiscal-poll-tape-uploads.s3.amazonaws.com/us-east-1%3A599a5741-ec0b-4038-b044-cbeed35c5baf/br/am/manaus/zona-0001/b0eadc1c997c109f291e7476dd450930.jpg", "https://vocefiscal-poll-tape-uploads.s3.amazonaws.com/us-east-1%3A599a5741-ec0b-4038-b044-cbeed35c5baf/br/am/manaus/zona-0001/9e396bd14fdd631b1ca466b0f8de40cf.jpg", "https://vocefiscal-poll-tape-uploads.s3.amazonaws.com/us-east-1%3A599a5741-ec0b-4038-b044-cbeed35c5baf/br/am/manaus/zona-0001/83070e1b3181feb2589aa195486a2c37.jpg", "https://vocefiscal-poll-tape-uploads.s3.amazonaws.com/us-east-1%3A599a5741-ec0b-4038-b044-cbeed35c5baf/br/am/manaus/zona-0001/79014f722734caa2367244f22b2bd06d.jpg", "https://vocefiscal-poll-tape-uploads.s3.amazonaws.com/us-east-1%3A599a5741-ec0b-4038-b044-cbeed35c5baf/br/am/manaus/zona-0001/1aecc8197a6816d9a028fe2a6ace1bbb.jpg"], "zonaEleitoral": "0001", "municipio": "MANAUS", "secaoEleitoral": "0135", "estado": "AM", "localDaVotacao": "0000", "data": 1412544462010}