{"municipio": "SALIN\u00d3POLIS", "secaoEleitoral": "0077", "zonaEleitoral": "0064", "localDaVotacao": "1260", "estado": "PA", "data": 1412541051359, "pictureURLList": ["https://vocefiscal-poll-tape-uploads.s3.amazonaws.com/us-east-1%3A4c97aa55-afd1-41e3-9a33-37e71cf245b5/br/pa/salinopolis/zona-0064/8f0704fb97efe7e1cf348bc9658c9bd.jpg", "https://vocefiscal-poll-tape-uploads.s3.amazonaws.com/us-east-1%3A4c97aa55-afd1-41e3-9a33-37e71cf245b5/br/pa/salinopolis/zona-0064/55f3df301c2a9545f6b0837acc3035e0.jpg", "https://vocefiscal-poll-tape-uploads.s3.amazonaws.com/us-east-1%3A4c97aa55-afd1-41e3-9a33-37e71cf245b5/br/pa/salinopolis/zona-0064/4e890aca6168435dfadf61c355003baf.jpg", "https://vocefiscal-poll-tape-uploads.s3.amazonaws.com/us-east-1%3A4c97aa55-afd1-41e3-9a33-37e71cf245b5/br/pa/salinopolis/zona-0064/ece1bfdffd3f5361862be18478f8f2e9.jpg", "https://vocefiscal-poll-tape-uploads.s3.amazonaws.com/us-east-1%3A4c97aa55-afd1-41e3-9a33-37e71cf245b5/br/pa/salinopolis/zona-0064/bbd952b37e1201ca6a9db03c4285c9af.jpg", "https://vocefiscal-poll-tape-uploads.s3.amazonaws.com/us-east-1%3A4c97aa55-afd1-41e3-9a33-37e71cf245b5/br/pa/salinopolis/zona-0064/761856b1ebe9e6222d33b14e19a2fbc4.jpg", "https://vocefiscal-poll-tape-uploads.s3.amazonaws.com/us-east-1%3A4c97aa55-afd1-41e3-9a33-37e71cf245b5/br/pa/salinopolis/zona-0064/6dc27937c4f6f43b4e29199f3b0cf3f1.jpg", "https://vocefiscal-poll-tape-uploads.s3.amazonaws.com/us-east-1%3A4c97aa55-afd1-41e3-9a33-37e71cf245b5/br/pa/salinopolis/zona-0064/2a7e73e450d3ae3880dc952beec1269d.jpg", "https://vocefiscal-poll-tape-uploads.s3.amazonaws.com/us-east-1%3A4c97aa55-afd1-41e3-9a33-37e71cf245b5/br/pa/salinopolis/zona-0064/b2a9d7d6016165e55033a9b7cfe5e396.jpg", "https://vocefiscal-poll-tape-uploads.s3.amazonaws.com/us-east-1%3A4c97aa55-afd1-41e3-9a33-37e71cf245b5/br/pa/salinopolis/zona-0064/b9eae221da435d930654768a4908a58e.jpg", "https://vocefiscal-poll-tape-uploads.s3.amazonaws.com/us-east-1%3A4c97aa55-afd1-41e3-9a33-37e71cf245b5/br/pa/salinopolis/zona-0064/da8ab4dbd1a9c962ec434aff606a7d59.jpg", "https://vocefiscal-poll-tape-uploads.s3.amazonaws.com/us-east-1%3A4c97aa55-afd1-41e3-9a33-37e71cf245b5/br/pa/salinopolis/zona-0064/832133c503aec886a0e93b645748aa8d.jpg", "https://vocefiscal-poll-tape-uploads.s3.amazonaws.com/us-east-1%3A4c97aa55-afd1-41e3-9a33-37e71cf245b5/br/pa/salinopolis/zona-0064/cfa9dea4ef62f262780abb1a256ad246.jpg", "https://vocefiscal-poll-tape-uploads.s3.amazonaws.com/us-east-1%3A4c97aa55-afd1-41e3-9a33-37e71cf245b5/br/pa/salinopolis/zona-0064/e6eeb39f4ef5420e6bdd995d12c8785a.jpg", "https://vocefiscal-poll-tape-uploads.s3.amazonaws.com/us-east-1%3A4c97aa55-afd1-41e3-9a33-37e71cf245b5/br/pa/salinopolis/zona-0064/60e848e8f8a92c0271ce9b7a4211c754.jpg", "https://vocefiscal-poll-tape-uploads.s3.amazonaws.com/us-east-1%3A4c97aa55-afd1-41e3-9a33-37e71cf245b5/br/pa/salinopolis/zona-0064/ad8c84ccde0902f483f884062989124b.jpg", "https://vocefiscal-poll-tape-uploads.s3.amazonaws.com/us-east-1%3A4c97aa55-afd1-41e3-9a33-37e71cf245b5/br/pa/salinopolis/zona-0064/23ba3fc4e5e127a7e2feed2dc5c1c954.jpg", "https://vocefiscal-poll-tape-uploads.s3.amazonaws.com/us-east-1%3A4c97aa55-afd1-41e3-9a33-37e71cf245b5/br/pa/salinopolis/zona-0064/1e7f35a52d345e39be3ed0d7ee7e39dd.jpg", "https://vocefiscal-poll-tape-uploads.s3.amazonaws.com/us-east-1%3A4c97aa55-afd1-41e3-9a33-37e71cf245b5/br/pa/salinopolis/zona-0064/74738adf89320816b3e46336ad4462ce.jpg"]}