{"municipio": "BEL\u00c9M", "secaoEleitoral": "0304", "zonaEleitoral": "0001", "localDaVotacao": "1619", "estado": "PA", "data": 1412544457364, "pictureURLList": ["https://vocefiscal-poll-tape-uploads.s3.amazonaws.com/us-east-1%3A5bf52ee3-f79a-4bf1-82b4-78f287809edd/br/pa/belem/zona-0001/458644e5cbf38fa3dc79f4a227adef82.jpg", "https://vocefiscal-poll-tape-uploads.s3.amazonaws.com/us-east-1%3A5bf52ee3-f79a-4bf1-82b4-78f287809edd/br/pa/belem/zona-0001/17bea25a64d973bf886894ea45026f84.jpg", "https://vocefiscal-poll-tape-uploads.s3.amazonaws.com/us-east-1%3A5bf52ee3-f79a-4bf1-82b4-78f287809edd/br/pa/belem/zona-0001/761ac09bb268c5352efe60a6b3c04496.jpg", "https://vocefiscal-poll-tape-uploads.s3.amazonaws.com/us-east-1%3A5bf52ee3-f79a-4bf1-82b4-78f287809edd/br/pa/belem/zona-0001/9a489ea22cfa780d5458d7fa95bbc1e.jpg", "https://vocefiscal-poll-tape-uploads.s3.amazonaws.com/us-east-1%3A5bf52ee3-f79a-4bf1-82b4-78f287809edd/br/pa/belem/zona-0001/59db1acc8d0dd64f4b27d037557b69c2.jpg", "https://vocefiscal-poll-tape-uploads.s3.amazonaws.com/us-east-1%3A5bf52ee3-f79a-4bf1-82b4-78f287809edd/br/pa/belem/zona-0001/4296fd7d4ba5c281c5501c7641e65f97.jpg", "https://vocefiscal-poll-tape-uploads.s3.amazonaws.com/us-east-1%3A5bf52ee3-f79a-4bf1-82b4-78f287809edd/br/pa/belem/zona-0001/883c6d9de30039cae955fcf548eda61e.jpg", "https://vocefiscal-poll-tape-uploads.s3.amazonaws.com/us-east-1%3A5bf52ee3-f79a-4bf1-82b4-78f287809edd/br/pa/belem/zona-0001/482e638da2343d9f3f99fd990564b5df.jpg", "https://vocefiscal-poll-tape-uploads.s3.amazonaws.com/us-east-1%3A5bf52ee3-f79a-4bf1-82b4-78f287809edd/br/pa/belem/zona-0001/f6e62d1d03d9dd31f463ce91208dabfb.jpg", "https://vocefiscal-poll-tape-uploads.s3.amazonaws.com/us-east-1%3A5bf52ee3-f79a-4bf1-82b4-78f287809edd/br/pa/belem/zona-0001/2652bf28076e431a53d7f1b2b1e5380c.jpg", "https://vocefiscal-poll-tape-uploads.s3.amazonaws.com/us-east-1%3A5bf52ee3-f79a-4bf1-82b4-78f287809edd/br/pa/belem/zona-0001/5abd85da0cce63f725ce16570847f638.jpg", "https://vocefiscal-poll-tape-uploads.s3.amazonaws.com/us-east-1%3A5bf52ee3-f79a-4bf1-82b4-78f287809edd/br/pa/belem/zona-0001/6640d7ed214aa819d32a8f60035056e6.jpg", "https://vocefiscal-poll-tape-uploads.s3.amazonaws.com/us-east-1%3A5bf52ee3-f79a-4bf1-82b4-78f287809edd/br/pa/belem/zona-0001/a4622f396d36fa2f0a8ba00585eb3faf.jpg", "https://vocefiscal-poll-tape-uploads.s3.amazonaws.com/us-east-1%3A5bf52ee3-f79a-4bf1-82b4-78f287809edd/br/pa/belem/zona-0001/756cb6a5a9b3a9877156b3bdf7aa6ca5.jpg", "https://vocefiscal-poll-tape-uploads.s3.amazonaws.com/us-east-1%3A5bf52ee3-f79a-4bf1-82b4-78f287809edd/br/pa/belem/zona-0001/f00fc7bccc9d69572bc91bfb03970a8c.jpg", "https://vocefiscal-poll-tape-uploads.s3.amazonaws.com/us-east-1%3A5bf52ee3-f79a-4bf1-82b4-78f287809edd/br/pa/belem/zona-0001/d9881beb8586f89c26deca4ca36a8d.jpg", "https://vocefiscal-poll-tape-uploads.s3.amazonaws.com/us-east-1%3A5bf52ee3-f79a-4bf1-82b4-78f287809edd/br/pa/belem/zona-0001/97a8ec1433bc57f9ca56265793fb7637.jpg", "https://vocefiscal-poll-tape-uploads.s3.amazonaws.com/us-east-1%3A5bf52ee3-f79a-4bf1-82b4-78f287809edd/br/pa/belem/zona-0001/6793a0f8600c909f820ba7a696d0cb0a.jpg", "https://vocefiscal-poll-tape-uploads.s3.amazonaws.com/us-east-1%3A5bf52ee3-f79a-4bf1-82b4-78f287809edd/br/pa/belem/zona-0001/b402d643d44d9ccb05cb1b5de05ab391.jpg", "https://vocefiscal-poll-tape-uploads.s3.amazonaws.com/us-east-1%3A5bf52ee3-f79a-4bf1-82b4-78f287809edd/br/pa/belem/zona-0001/64aa53c614a19a0905ba42642d156360.jpg", "https://vocefiscal-poll-tape-uploads.s3.amazonaws.com/us-east-1%3A5bf52ee3-f79a-4bf1-82b4-78f287809edd/br/pa/belem/zona-0001/e0fd5f5b6610aa39ee50ece4eb97628b.jpg"]}