{"pictureURLList": ["https://vocefiscal-poll-tape-uploads.s3.amazonaws.com/us-east-1%3Ab507dab7-4f0e-4016-898d-0c891a3b2c9c/br/pi/teresina/zona-0002/fb2169bf3420c6207a26c7a797da21db.jpg", "https://vocefiscal-poll-tape-uploads.s3.amazonaws.com/us-east-1%3Ab507dab7-4f0e-4016-898d-0c891a3b2c9c/br/pi/teresina/zona-0002/fb2169bf3420c6207a26c7a797da21db.jpg", "https://vocefiscal-poll-tape-uploads.s3.amazonaws.com/us-east-1%3Ab507dab7-4f0e-4016-898d-0c891a3b2c9c/br/pi/teresina/zona-0002/dbb80422b5c5fbe093eb2020ab201d5e.jpg", "https://vocefiscal-poll-tape-uploads.s3.amazonaws.com/us-east-1%3Ab507dab7-4f0e-4016-898d-0c891a3b2c9c/br/pi/teresina/zona-0002/dbb80422b5c5fbe093eb2020ab201d5e.jpg", "https://vocefiscal-poll-tape-uploads.s3.amazonaws.com/us-east-1%3Ab507dab7-4f0e-4016-898d-0c891a3b2c9c/br/pi/teresina/zona-0002/6ae3f516ef18cef16e1148593b226061.jpg"], "zonaEleitoral": "0002", "municipio": "TERESINA", "estado": "PI", "secaoEleitoral": "0206", "data": 1414355404803}