{"pictureURLList": ["https://vocefiscal-poll-tape-uploads.s3.amazonaws.com/us-east-1%3Ab507dab7-4f0e-4016-898d-0c891a3b2c9c/br/pi/teresina/zona-0002/4b95ca9233f7ee0e34984612fc4266bf.jpg", "https://vocefiscal-poll-tape-uploads.s3.amazonaws.com/us-east-1%3Ab507dab7-4f0e-4016-898d-0c891a3b2c9c/br/pi/teresina/zona-0002/84d268d4ff540cb3f8e6b273b8aed0f.jpg", "https://vocefiscal-poll-tape-uploads.s3.amazonaws.com/us-east-1%3Ab507dab7-4f0e-4016-898d-0c891a3b2c9c/br/pi/teresina/zona-0002/4b95ca9233f7ee0e34984612fc4266bf.jpg", "https://vocefiscal-poll-tape-uploads.s3.amazonaws.com/us-east-1%3Ab507dab7-4f0e-4016-898d-0c891a3b2c9c/br/pi/teresina/zona-0002/84d268d4ff540cb3f8e6b273b8aed0f.jpg", "https://vocefiscal-poll-tape-uploads.s3.amazonaws.com/us-east-1%3Ab507dab7-4f0e-4016-898d-0c891a3b2c9c/br/pi/teresina/zona-0002/b768660ba168f49354e37df27c23f3fa.jpg"], "zonaEleitoral": "0002", "municipio": "TERESINA", "estado": "PI", "secaoEleitoral": "0208", "data": 1414355252637}