{"estado": "PA", "localDaVotacao": "1317", "municipio": "BEL\u00c9M", "pictureURLList": ["https://vocefiscal-poll-tape-uploads.s3.amazonaws.com/us-east-1%3A46d53c4b-2da6-4ec1-8798-e8d4f4318903/br/pa/belem/zona-0096/d360a2108e342c66448d59dc015efe15.jpg", "https://vocefiscal-poll-tape-uploads.s3.amazonaws.com/us-east-1%3A46d53c4b-2da6-4ec1-8798-e8d4f4318903/br/pa/belem/zona-0096/78c6cbbcd359bc4a0324501d8e616bf7.jpg", "https://vocefiscal-poll-tape-uploads.s3.amazonaws.com/us-east-1%3A46d53c4b-2da6-4ec1-8798-e8d4f4318903/br/pa/belem/zona-0096/452207e2f2c92b137ae44ec4a5d5f6e6.jpg", "https://vocefiscal-poll-tape-uploads.s3.amazonaws.com/us-east-1%3A46d53c4b-2da6-4ec1-8798-e8d4f4318903/br/pa/belem/zona-0096/14212e4e02ab390c4130d31453a826c2.jpg"], "data": 1414361329125, "secaoEleitoral": "0220", "zonaEleitoral": "0096"}