{"estado": "PA", "municipio": "BEL\u00c9M", "pictureURLList": ["https://vocefiscal-poll-tape-uploads.s3.amazonaws.com/us-east-1%3A23a8ca46-7d2c-49e9-ae44-554b8aecd756/br/pa/belem/zona-0001/62e1e3ada923a438b3acf7c6478f6ac5.jpg", "https://vocefiscal-poll-tape-uploads.s3.amazonaws.com/us-east-1%3A23a8ca46-7d2c-49e9-ae44-554b8aecd756/br/pa/belem/zona-0001/c8787a2f0a821051580f3c1d628ee28.jpg", "https://vocefiscal-poll-tape-uploads.s3.amazonaws.com/us-east-1%3A23a8ca46-7d2c-49e9-ae44-554b8aecd756/br/pa/belem/zona-0001/14d64073d3fc999c39f15967cb0ae0a2.jpg", "https://vocefiscal-poll-tape-uploads.s3.amazonaws.com/us-east-1%3A23a8ca46-7d2c-49e9-ae44-554b8aecd756/br/pa/belem/zona-0001/ba44eab434838004c55dd2a2410177d3.jpg"], "data": 1414354862100, "secaoEleitoral": "0283", "zonaEleitoral": "0001"}