{"estado": "PA", "localDaVotacao": "1058", "municipio": "SANTAR\u00c9M", "pictureURLList": ["https://vocefiscal-poll-tape-uploads.s3.amazonaws.com/us-east-1%3Abebdeb5f-dc93-424e-b405-e4ac152b0b55/br/pa/santarem/zona-0083/e3a1083c8df6dffcb49880ee55f385f2.jpg", "https://vocefiscal-poll-tape-uploads.s3.amazonaws.com/us-east-1%3Abebdeb5f-dc93-424e-b405-e4ac152b0b55/br/pa/santarem/zona-0083/4c13ee3b10bd51cdd2fbb617a1f4c9f2.jpg", "https://vocefiscal-poll-tape-uploads.s3.amazonaws.com/us-east-1%3Abebdeb5f-dc93-424e-b405-e4ac152b0b55/br/pa/santarem/zona-0083/9d9aea6a58434a5cdb4d5ad287a9a222.jpg", "https://vocefiscal-poll-tape-uploads.s3.amazonaws.com/us-east-1%3Abebdeb5f-dc93-424e-b405-e4ac152b0b55/br/pa/santarem/zona-0083/186459df06b3a565f7fc8edb9e98cec6.jpg"], "data": 1414355133128, "secaoEleitoral": "0266", "zonaEleitoral": "0083"}