{"pictureURLList": ["https://vocefiscal-poll-tape-uploads.s3.amazonaws.com/us-east-1%3A5fd5bfc9-1a28-4472-85ce-45d92f679bc9/br/ce/iguatu/zona-0013/f00d8f151493dbffbc8bf467c2db2c16.jpg", "https://vocefiscal-poll-tape-uploads.s3.amazonaws.com/us-east-1%3A5fd5bfc9-1a28-4472-85ce-45d92f679bc9/br/ce/iguatu/zona-0013/fa5d8d41015627a55490fa18d2c86119.jpg", "https://vocefiscal-poll-tape-uploads.s3.amazonaws.com/us-east-1%3A5fd5bfc9-1a28-4472-85ce-45d92f679bc9/br/ce/iguatu/zona-0013/ce9b65bfd5df33ab4f802473591f7497.jpg"], "data": 1414359626276, "estado": "CE", "municipio": "IGUATU", "zonaEleitoral": "0013", "localDaVotacao": "2453", "secaoEleitoral": "0079"}