{"pictureURLList": ["https://vocefiscal-poll-tape-uploads.s3.amazonaws.com/us-east-1%3Aef616f88-0d1e-4a7f-a403-71fa89484f33/br/ce/quixeramobim/zona-0011/9f76c5c6652f3f0712e175201c3b0fe.jpg", "https://vocefiscal-poll-tape-uploads.s3.amazonaws.com/us-east-1%3Aef616f88-0d1e-4a7f-a403-71fa89484f33/br/ce/quixeramobim/zona-0011/d0fba7c65aeca26637e7c1dee6575dab.jpg", "https://vocefiscal-poll-tape-uploads.s3.amazonaws.com/us-east-1%3Aef616f88-0d1e-4a7f-a403-71fa89484f33/br/ce/quixeramobim/zona-0011/a20fcbde07dfe0de3d3d4bfe001d9026.jpg", "https://vocefiscal-poll-tape-uploads.s3.amazonaws.com/us-east-1%3Aef616f88-0d1e-4a7f-a403-71fa89484f33/br/ce/quixeramobim/zona-0011/9221ffa19356fea54bd8b21c836b5c60.jpg"], "data": 1414354780739, "estado": "CE", "municipio": "QUIXERAMOBIM", "zonaEleitoral": "0011", "secaoEleitoral": "0193"}