{"pictureURLList": ["https://vocefiscal-poll-tape-uploads.s3.amazonaws.com/us-east-1%3A6241e8d1-bb27-46dd-a54b-17e45568f08e/br/ce/fortaleza/zona-0003/335bdf8ceaad3dc4cd7e38a668cffdc7.jpg", "https://vocefiscal-poll-tape-uploads.s3.amazonaws.com/us-east-1%3A6241e8d1-bb27-46dd-a54b-17e45568f08e/br/ce/fortaleza/zona-0003/9764af852afe4f771bb29b0b957d2687.jpg", "https://vocefiscal-poll-tape-uploads.s3.amazonaws.com/us-east-1%3A6241e8d1-bb27-46dd-a54b-17e45568f08e/br/ce/fortaleza/zona-0003/fd7633f76becd6f60370946d818557ee.jpg", "https://vocefiscal-poll-tape-uploads.s3.amazonaws.com/us-east-1%3A6241e8d1-bb27-46dd-a54b-17e45568f08e/br/ce/fortaleza/zona-0003/8d2272916d93ac91dc40cd328e4964bb.jpg"], "data": 1414354304810, "estado": "CE", "municipio": "FORTALEZA", "zonaEleitoral": "0003", "secaoEleitoral": "0113"}