{"pictureURLList": ["https://vocefiscal-poll-tape-uploads.s3.amazonaws.com/us-east-1%3A5f08456c-0af8-483b-b299-d935edf78f55/br/ce/maracanau/zona-0104/6fcac8081a97d14d8bf56a149a8b9019.jpg", "https://vocefiscal-poll-tape-uploads.s3.amazonaws.com/us-east-1%3A5f08456c-0af8-483b-b299-d935edf78f55/br/ce/maracanau/zona-0104/957a1cc256e16b2a79a636d6c68a9d8d.jpg", "https://vocefiscal-poll-tape-uploads.s3.amazonaws.com/us-east-1%3A5f08456c-0af8-483b-b299-d935edf78f55/br/ce/maracanau/zona-0104/257cb2e1471af5631b8ad651fa8c68bb.jpg"], "data": 1414352728042, "estado": "CE", "municipio": "MARACANA\u00da", "zonaEleitoral": "0104", "localDaVotacao": "1759", "secaoEleitoral": "0277"}