{"pictureURLList": ["https://vocefiscal-poll-tape-uploads.s3.amazonaws.com/us-east-1%3Abc113fbf-6595-40cc-be91-519e5515e0c9/br/ce/fortaleza/zona-0003/9b5e83c449814c8c6dbcaf433c1ca708.jpg", "https://vocefiscal-poll-tape-uploads.s3.amazonaws.com/us-east-1%3Abc113fbf-6595-40cc-be91-519e5515e0c9/br/ce/fortaleza/zona-0003/9428cd74ffa1b5942f578912a89605f9.jpg"], "data": 1414351112626, "estado": "CE", "municipio": "FORTALEZA", "zonaEleitoral": "0003", "localDaVotacao": "2259", "secaoEleitoral": "0502"}