{"pictureURLList": ["https://vocefiscal-poll-tape-uploads.s3.amazonaws.com/us-east-1%3A861575cf-8ff6-4a66-9ff8-ae19c30abf6a/br/ce/fortaleza/zona-0082/dfc2d4a5c874aa7c03eb5c600cebec54.jpg", "https://vocefiscal-poll-tape-uploads.s3.amazonaws.com/us-east-1%3A861575cf-8ff6-4a66-9ff8-ae19c30abf6a/br/ce/fortaleza/zona-0082/5a6ed63cc41351eaf8a78390beee044d.jpg", "https://vocefiscal-poll-tape-uploads.s3.amazonaws.com/us-east-1%3A861575cf-8ff6-4a66-9ff8-ae19c30abf6a/br/ce/fortaleza/zona-0082/4a95d8b8c20a3b5293760953daf33134.jpg"], "data": 1414355869884, "estado": "CE", "municipio": "FORTALEZA", "zonaEleitoral": "0082", "secaoEleitoral": "0626"}