{"pictureURLList": ["https://vocefiscal-poll-tape-uploads.s3.amazonaws.com/us-east-1%3Ab864e15d-dad6-45ce-b7f9-7481491bcf09/br/ce/fortaleza/zona-0116/a7447d1269d24d3fdb3c4ef06b1752f9.jpg", "https://vocefiscal-poll-tape-uploads.s3.amazonaws.com/us-east-1%3Ab864e15d-dad6-45ce-b7f9-7481491bcf09/br/ce/fortaleza/zona-0116/f23a390f954d7ab368cad2fb953dd5df.jpg", "https://vocefiscal-poll-tape-uploads.s3.amazonaws.com/us-east-1%3Ab864e15d-dad6-45ce-b7f9-7481491bcf09/br/ce/fortaleza/zona-0116/2ab91132d6ca4f54fa707251d437ad05.jpg"], "data": 1414361445830, "estado": "CE", "municipio": "FORTALEZA", "zonaEleitoral": "0116", "localDaVotacao": "1228", "secaoEleitoral": "0295"}