{"pictureURLList": ["https://vocefiscal-poll-tape-uploads.s3.amazonaws.com/us-east-1%3A5d86ab82-711b-4f54-b8b7-5af86f583b33/br/ce/fortaleza/zona-0117/eaaa404a80a7cfaafc3c21fb74b532af.jpg", "https://vocefiscal-poll-tape-uploads.s3.amazonaws.com/us-east-1%3A5d86ab82-711b-4f54-b8b7-5af86f583b33/br/ce/fortaleza/zona-0117/e7ce9c24f9f3e07ff19a83a1e4fa9707.jpg", "https://vocefiscal-poll-tape-uploads.s3.amazonaws.com/us-east-1%3A5d86ab82-711b-4f54-b8b7-5af86f583b33/br/ce/fortaleza/zona-0117/a735280e63003238e190dfa2fb9c1a8.jpg", "https://vocefiscal-poll-tape-uploads.s3.amazonaws.com/us-east-1%3A5d86ab82-711b-4f54-b8b7-5af86f583b33/br/ce/fortaleza/zona-0117/43444c13826b959548c6879e53ae4d54.jpg"], "data": 1414360295308, "estado": "CE", "municipio": "FORTALEZA", "zonaEleitoral": "0117", "localDaVotacao": "1376", "secaoEleitoral": "0248"}