{"pictureURLList": ["https://vocefiscal-poll-tape-uploads.s3.amazonaws.com/us-east-1%3A861575cf-8ff6-4a66-9ff8-ae19c30abf6a/br/ce/fortaleza/zona-0082/6ef6cb2fa2af215df385c68974fd91f7.jpg", "https://vocefiscal-poll-tape-uploads.s3.amazonaws.com/us-east-1%3A861575cf-8ff6-4a66-9ff8-ae19c30abf6a/br/ce/fortaleza/zona-0082/71892a62fb59b91fe59af4cd6921af6b.jpg", "https://vocefiscal-poll-tape-uploads.s3.amazonaws.com/us-east-1%3A861575cf-8ff6-4a66-9ff8-ae19c30abf6a/br/ce/fortaleza/zona-0082/4b48368507ed2baab0cb9b65d357526a.jpg", "https://vocefiscal-poll-tape-uploads.s3.amazonaws.com/us-east-1%3A861575cf-8ff6-4a66-9ff8-ae19c30abf6a/br/ce/fortaleza/zona-0082/ae605718884cd9903d178202ca3c547c.jpg"], "data": 1414355797737, "estado": "CE", "municipio": "FORTALEZA", "zonaEleitoral": "0082", "secaoEleitoral": "0626"}