{"zonaEleitoral": "0026", "estado": "BA", "data": 1414354572981, "municipio": "ILH\u00c9US", "pictureURLList": ["https://vocefiscal-poll-tape-uploads.s3.amazonaws.com/us-east-1%3A198611e2-fff9-46bc-a13c-cb7943ff153f/br/ba/ilheus/zona-0026/75a83372a871f6e7cd824f22e3d032bc.jpg", "https://vocefiscal-poll-tape-uploads.s3.amazonaws.com/us-east-1%3A198611e2-fff9-46bc-a13c-cb7943ff153f/br/ba/ilheus/zona-0026/8029518bb9f3caad27c315f5e858923e.jpg", "https://vocefiscal-poll-tape-uploads.s3.amazonaws.com/us-east-1%3A198611e2-fff9-46bc-a13c-cb7943ff153f/br/ba/ilheus/zona-0026/8029518bb9f3caad27c315f5e858923e.jpg", "https://vocefiscal-poll-tape-uploads.s3.amazonaws.com/us-east-1%3A198611e2-fff9-46bc-a13c-cb7943ff153f/br/ba/ilheus/zona-0026/8029518bb9f3caad27c315f5e858923e.jpg"], "secaoEleitoral": "0166"}