{"zonaEleitoral": "0001", "pictureURLList": ["https://vocefiscal-poll-tape-uploads.s3.amazonaws.com/us-east-1%3Af150edb4-18af-4389-bde3-6bc59240355c/br/ba/salvador/zona-0001/ad6693214914f2c15e3def4dee26451c.jpg", "https://vocefiscal-poll-tape-uploads.s3.amazonaws.com/us-east-1%3Af150edb4-18af-4389-bde3-6bc59240355c/br/ba/salvador/zona-0001/8d9bebe0ba6a3f0ad66228f20faddada.jpg", "https://vocefiscal-poll-tape-uploads.s3.amazonaws.com/us-east-1%3Af150edb4-18af-4389-bde3-6bc59240355c/br/ba/salvador/zona-0001/c58580cfb20a01db4572049bf1972667.jpg"], "estado": "BA", "secaoEleitoral": "0098", "data": 1414351004960, "municipio": "SALVADOR", "localDaVotacao": "1198"}