{"zonaEleitoral": "0154", "pictureURLList": ["https://vocefiscal-poll-tape-uploads.s3.amazonaws.com/us-east-1%3Af5d11810-a03b-4eda-8cd9-0e77c554ce5e/br/ba/feira-de-santana/zona-0154/41bfbe6492597e1b41998c5269933994.jpg", "https://vocefiscal-poll-tape-uploads.s3.amazonaws.com/us-east-1%3Af5d11810-a03b-4eda-8cd9-0e77c554ce5e/br/ba/feira-de-santana/zona-0154/7e0adaec30474b3f92f24fc670dadd56.jpg", "https://vocefiscal-poll-tape-uploads.s3.amazonaws.com/us-east-1%3Af5d11810-a03b-4eda-8cd9-0e77c554ce5e/br/ba/feira-de-santana/zona-0154/a5b0fbc03ae139bebd75787fd637e1ea.jpg", "https://vocefiscal-poll-tape-uploads.s3.amazonaws.com/us-east-1%3Af5d11810-a03b-4eda-8cd9-0e77c554ce5e/br/ba/feira-de-santana/zona-0154/e5663c22c1ec6b8a90aee60459a53c76.jpg"], "estado": "BA", "secaoEleitoral": "0098", "data": 1414351220486, "municipio": "FEIRA DE SANTANA", "localDaVotacao": "1066"}