{"data": 1412650864750, "pictureURLList": ["https://vocefiscal-poll-tape-uploads.s3.amazonaws.com/us-east-1%3Ac80f433d-c7be-49d3-8e75-c6faac92b0b8/br/ba/vitoria-da-conquista/zona-0041/39c2bdad5e2c6031c7a6801f056947cc.jpg", "https://vocefiscal-poll-tape-uploads.s3.amazonaws.com/us-east-1%3Ac80f433d-c7be-49d3-8e75-c6faac92b0b8/br/ba/vitoria-da-conquista/zona-0041/b01cd7ecdd149e5b173695cc942ab1a9.jpg", "https://vocefiscal-poll-tape-uploads.s3.amazonaws.com/us-east-1%3Ac80f433d-c7be-49d3-8e75-c6faac92b0b8/br/ba/vitoria-da-conquista/zona-0041/7926ee0a3df70003f0e44edbd8b63daf.jpg", "https://vocefiscal-poll-tape-uploads.s3.amazonaws.com/us-east-1%3Ac80f433d-c7be-49d3-8e75-c6faac92b0b8/br/ba/vitoria-da-conquista/zona-0041/5a526caa2f59e1388a601e3f7ff37b89.jpg", "https://vocefiscal-poll-tape-uploads.s3.amazonaws.com/us-east-1%3Ac80f433d-c7be-49d3-8e75-c6faac92b0b8/br/ba/vitoria-da-conquista/zona-0041/2933e71b1a070b4475135651a3a49a77.jpg", "https://vocefiscal-poll-tape-uploads.s3.amazonaws.com/us-east-1%3Ac80f433d-c7be-49d3-8e75-c6faac92b0b8/br/ba/vitoria-da-conquista/zona-0041/33e1cc4e9a5f8c1694b95c5456fe50f1.jpg", "https://vocefiscal-poll-tape-uploads.s3.amazonaws.com/us-east-1%3Ac80f433d-c7be-49d3-8e75-c6faac92b0b8/br/ba/vitoria-da-conquista/zona-0041/77dd6305cc9db2c321f292ac5f9ff250.jpg", "https://vocefiscal-poll-tape-uploads.s3.amazonaws.com/us-east-1%3Ac80f433d-c7be-49d3-8e75-c6faac92b0b8/br/ba/vitoria-da-conquista/zona-0041/1d991154d4f0cd1b3642d135351aef1e.jpg", "https://vocefiscal-poll-tape-uploads.s3.amazonaws.com/us-east-1%3Ac80f433d-c7be-49d3-8e75-c6faac92b0b8/br/ba/vitoria-da-conquista/zona-0041/839647d15c717e988c563dc824acd509.jpg", "https://vocefiscal-poll-tape-uploads.s3.amazonaws.com/us-east-1%3Ac80f433d-c7be-49d3-8e75-c6faac92b0b8/br/ba/vitoria-da-conquista/zona-0041/a2029434da7d0bd6f86707c316a1556c.jpg", "https://vocefiscal-poll-tape-uploads.s3.amazonaws.com/us-east-1%3Ac80f433d-c7be-49d3-8e75-c6faac92b0b8/br/ba/vitoria-da-conquista/zona-0041/65492d6c0be07defa5704710bf7e1db8.jpg", "https://vocefiscal-poll-tape-uploads.s3.amazonaws.com/us-east-1%3Ac80f433d-c7be-49d3-8e75-c6faac92b0b8/br/ba/vitoria-da-conquista/zona-0041/6f8cf3688b4d9b79c4f5fcd80c7d36cc.jpg", "https://vocefiscal-poll-tape-uploads.s3.amazonaws.com/us-east-1%3Ac80f433d-c7be-49d3-8e75-c6faac92b0b8/br/ba/vitoria-da-conquista/zona-0041/63466afe55ff873d2b387c357ea974.jpg", "https://vocefiscal-poll-tape-uploads.s3.amazonaws.com/us-east-1%3Ac80f433d-c7be-49d3-8e75-c6faac92b0b8/br/ba/vitoria-da-conquista/zona-0041/d2de47616157d670aad16676e21e881b.jpg", "https://vocefiscal-poll-tape-uploads.s3.amazonaws.com/us-east-1%3Ac80f433d-c7be-49d3-8e75-c6faac92b0b8/br/ba/vitoria-da-conquista/zona-0041/689244a9731780625cadeb9e2e4c9a35.jpg", "https://vocefiscal-poll-tape-uploads.s3.amazonaws.com/us-east-1%3Ac80f433d-c7be-49d3-8e75-c6faac92b0b8/br/ba/vitoria-da-conquista/zona-0041/d8d1cf77ee78d1f9241406b46cbff8ec.jpg", "https://vocefiscal-poll-tape-uploads.s3.amazonaws.com/us-east-1%3Ac80f433d-c7be-49d3-8e75-c6faac92b0b8/br/ba/vitoria-da-conquista/zona-0041/895c416fb8d328511cfa9e01e58b7dd5.jpg", "https://vocefiscal-poll-tape-uploads.s3.amazonaws.com/us-east-1%3Ac80f433d-c7be-49d3-8e75-c6faac92b0b8/br/ba/vitoria-da-conquista/zona-0041/fe3f392bc9a319dcc81caf150e4ba2e9.jpg", "https://vocefiscal-poll-tape-uploads.s3.amazonaws.com/us-east-1%3Ac80f433d-c7be-49d3-8e75-c6faac92b0b8/br/ba/vitoria-da-conquista/zona-0041/97e553b04b0be48167c419f811c3ee11.jpg", "https://vocefiscal-poll-tape-uploads.s3.amazonaws.com/us-east-1%3Ac80f433d-c7be-49d3-8e75-c6faac92b0b8/br/ba/vitoria-da-conquista/zona-0041/32bf2541e91aa1f9fcbe1ae9bfafa629.jpg", "https://vocefiscal-poll-tape-uploads.s3.amazonaws.com/us-east-1%3Ac80f433d-c7be-49d3-8e75-c6faac92b0b8/br/ba/vitoria-da-conquista/zona-0041/f5d197682395e3d066cd413bfdfe986b.jpg"], "estado": "BA", "localDaVotacao": "1201", "zonaEleitoral": "0041", "secaoEleitoral": "0066", "municipio": "VIT\u00d3RIA DA CONQUISTA"}