{"data": 1412541151297, "estado": "BA", "localDaVotacao": "1198", "zonaEleitoral": "0001", "secaoEleitoral": "0102", "pictureURLList": ["https://vocefiscal-poll-tape-uploads.s3.amazonaws.com/us-east-1%3A4f854a55-c747-4570-9cf8-524df57e1f96/br/ba/salvador/zona-0001/a5100491a482fbb0295272919f3dba38.jpg", "https://vocefiscal-poll-tape-uploads.s3.amazonaws.com/us-east-1%3A4f854a55-c747-4570-9cf8-524df57e1f96/br/ba/salvador/zona-0001/ef32b726e66f93191f98520fbaeed029.jpg", "https://vocefiscal-poll-tape-uploads.s3.amazonaws.com/us-east-1%3A4f854a55-c747-4570-9cf8-524df57e1f96/br/ba/salvador/zona-0001/908421fa39658752eb7947bd54f8a66c.jpg"], "municipio": "SALVADOR"}