{"zonaEleitoral": "0155", "estado": "BA", "secaoEleitoral": "0075", "data": 1414355642402, "municipio": "FEIRA DE SANTANA", "pictureURLList": ["https://vocefiscal-poll-tape-uploads.s3.amazonaws.com/us-east-1%3A0253803f-d652-464a-8867-a775d3cc5894/br/ba/feira-de-santana/zona-0155/ac65b50c0ff7b20711e45696cae3b5c7.jpg", "https://vocefiscal-poll-tape-uploads.s3.amazonaws.com/us-east-1%3A0253803f-d652-464a-8867-a775d3cc5894/br/ba/feira-de-santana/zona-0155/8e93619c89cde8c10772a96e88967474.jpg", "https://vocefiscal-poll-tape-uploads.s3.amazonaws.com/us-east-1%3A0253803f-d652-464a-8867-a775d3cc5894/br/ba/feira-de-santana/zona-0155/f97a48459288e086e391bd8c73addecb.jpg"]}