{"zonaEleitoral": "0006", "estado": "BA", "data": 1414355371432, "municipio": "SALVADOR", "pictureURLList": ["https://vocefiscal-poll-tape-uploads.s3.amazonaws.com/us-east-1%3A0da724e5-38cd-4966-9cc4-dc2c6d163a32/br/ba/salvador/zona-0006/5bcc6cb4cbeddb5050f710e980c16b27.jpg", "https://vocefiscal-poll-tape-uploads.s3.amazonaws.com/us-east-1%3A0da724e5-38cd-4966-9cc4-dc2c6d163a32/br/ba/salvador/zona-0006/374fb6cc56edaa566479ba63fc00bea2.jpg", "https://vocefiscal-poll-tape-uploads.s3.amazonaws.com/us-east-1%3A0da724e5-38cd-4966-9cc4-dc2c6d163a32/br/ba/salvador/zona-0006/98019e5cd9ddf1b0e0184e2cf6fa398b.jpg", "https://vocefiscal-poll-tape-uploads.s3.amazonaws.com/us-east-1%3A0da724e5-38cd-4966-9cc4-dc2c6d163a32/br/ba/salvador/zona-0006/ccc9ec108ba4a09581018954a8f92c1a.jpg"], "secaoEleitoral": "0046"}