{"zonaEleitoral": "0006", "estado": "BA", "data": 1414354376056, "municipio": "SALVADOR", "pictureURLList": ["https://vocefiscal-poll-tape-uploads.s3.amazonaws.com/us-east-1%3A0da724e5-38cd-4966-9cc4-dc2c6d163a32/br/ba/salvador/zona-0006/ea85e826a2ba9f7ecee3c28fd70ebd26.jpg", "https://vocefiscal-poll-tape-uploads.s3.amazonaws.com/us-east-1%3A0da724e5-38cd-4966-9cc4-dc2c6d163a32/br/ba/salvador/zona-0006/d9e51d084d5225d9f78a7a1895df59c4.jpg", "https://vocefiscal-poll-tape-uploads.s3.amazonaws.com/us-east-1%3A0da724e5-38cd-4966-9cc4-dc2c6d163a32/br/ba/salvador/zona-0006/c8d94cf6eafa342495854afafe053181.jpg"], "secaoEleitoral": "0115"}