{"zonaEleitoral": "0013", "estado": "BA", "data": 1414354872524, "municipio": "SALVADOR", "pictureURLList": ["https://vocefiscal-poll-tape-uploads.s3.amazonaws.com/us-east-1%3Aa82a1a53-ae47-420d-96b3-53bf898336e7/br/ba/salvador/zona-0013/232f67e1ea042026f8bcea6873abd8e2.jpg", "https://vocefiscal-poll-tape-uploads.s3.amazonaws.com/us-east-1%3Aa82a1a53-ae47-420d-96b3-53bf898336e7/br/ba/salvador/zona-0013/2a91ef2af8d71b45861261f269b0e93.jpg", "https://vocefiscal-poll-tape-uploads.s3.amazonaws.com/us-east-1%3Aa82a1a53-ae47-420d-96b3-53bf898336e7/br/ba/salvador/zona-0013/70923d0ebd6a6418ec92473c629cc709.jpg"], "secaoEleitoral": "0220"}