{"zonaEleitoral": "0128", "estado": "BA", "secaoEleitoral": "0089", "data": 1414365279542, "municipio": "AM\u00c9LIA RODRIGUES", "pictureURLList": ["https://vocefiscal-poll-tape-uploads.s3.amazonaws.com/us-east-1%3A109766cf-8087-44a8-b12b-e2287522109f/br/ba/amelia-rodrigues/zona-0128/fc974e045a0e3db39da6404394c81eb8.jpg", "https://vocefiscal-poll-tape-uploads.s3.amazonaws.com/us-east-1%3A109766cf-8087-44a8-b12b-e2287522109f/br/ba/amelia-rodrigues/zona-0128/13c6edb4758074ac635d4f9588798e00.jpg", "https://vocefiscal-poll-tape-uploads.s3.amazonaws.com/us-east-1%3A109766cf-8087-44a8-b12b-e2287522109f/br/ba/amelia-rodrigues/zona-0128/107ea7b0d9d71268edd64f6f340f8be1.jpg"]}