{"zonaEleitoral": "0030", "pictureURLList": ["https://vocefiscal-poll-tape-uploads.s3.amazonaws.com/us-east-1%3Ad96b8a65-d164-40fb-8de4-fa8837732f7d/br/ba/salvador/zona-0030/b44104bba694f520bd028139e1748288.jpg", "https://vocefiscal-poll-tape-uploads.s3.amazonaws.com/us-east-1%3Ad96b8a65-d164-40fb-8de4-fa8837732f7d/br/ba/salvador/zona-0030/ad0829258619bf5ac798fedab11d9905.jpg", "https://vocefiscal-poll-tape-uploads.s3.amazonaws.com/us-east-1%3Ad96b8a65-d164-40fb-8de4-fa8837732f7d/br/ba/salvador/zona-0030/1380b7c5baec7fb2707643f9062b55a0.jpg"], "estado": "BA", "data": 1414354705372, "municipio": "SALVADOR", "localDaVotacao": "1058", "secaoEleitoral": "0036"}