{"zonaEleitoral": "0035", "pictureURLList": ["https://vocefiscal-poll-tape-uploads.s3.amazonaws.com/us-east-1%3A00f9d8e5-e751-480d-b1b6-b1351345d1b7/br/ba/mucuri/zona-0035/439a1a514938863e2eefbd84b4ee6dd6.jpg", "https://vocefiscal-poll-tape-uploads.s3.amazonaws.com/us-east-1%3A00f9d8e5-e751-480d-b1b6-b1351345d1b7/br/ba/mucuri/zona-0035/d4c3bd8fec739f38dc2a3dfaa827ed11.jpg", "https://vocefiscal-poll-tape-uploads.s3.amazonaws.com/us-east-1%3A00f9d8e5-e751-480d-b1b6-b1351345d1b7/br/ba/mucuri/zona-0035/6f4791756269f0391e3cb7bf83e9030e.jpg", "https://vocefiscal-poll-tape-uploads.s3.amazonaws.com/us-east-1%3A00f9d8e5-e751-480d-b1b6-b1351345d1b7/br/ba/mucuri/zona-0035/4dc3966d85cb015dbc98d8199538bccd.jpg"], "estado": "BA", "data": 1414354469804, "municipio": "MUCURI", "localDaVotacao": "1031", "secaoEleitoral": "0244"}