{"zonaEleitoral": "0188", "pictureURLList": ["https://vocefiscal-poll-tape-uploads.s3.amazonaws.com/us-east-1%3A0917b947-d523-4459-85fb-dca0eaccc963/br/ba/eunapolis/zona-0188/5ff4e4623284d240e04d399265088357.jpg", "https://vocefiscal-poll-tape-uploads.s3.amazonaws.com/us-east-1%3A0917b947-d523-4459-85fb-dca0eaccc963/br/ba/eunapolis/zona-0188/7876b9b6199c744ea50c58fd94d6b48d.jpg", "https://vocefiscal-poll-tape-uploads.s3.amazonaws.com/us-east-1%3A0917b947-d523-4459-85fb-dca0eaccc963/br/ba/eunapolis/zona-0188/75a1797c9a3e67c41b51438036a8627c.jpg"], "estado": "BA", "secaoEleitoral": "0099", "data": 1414351416676, "municipio": "EUN\u00c1POLIS", "localDaVotacao": "1228"}