{"zonaEleitoral": "0001", "pictureURLList": ["https://vocefiscal-poll-tape-uploads.s3.amazonaws.com/us-east-1%3A4042b14d-ef42-4cc5-9500-ffae4da656a4/br/ba/salvador/zona-0001/d208407dad490f419280209b3cec842.jpg", "https://vocefiscal-poll-tape-uploads.s3.amazonaws.com/us-east-1%3A4042b14d-ef42-4cc5-9500-ffae4da656a4/br/ba/salvador/zona-0001/d7f0d89d48a7430fce74160e8917089f.jpg", "https://vocefiscal-poll-tape-uploads.s3.amazonaws.com/us-east-1%3A4042b14d-ef42-4cc5-9500-ffae4da656a4/br/ba/salvador/zona-0001/a2389bfa2467d1f76c1f257da31c2de8.jpg"], "estado": "BA", "secaoEleitoral": "0070", "data": 1414355153863, "municipio": "SALVADOR", "localDaVotacao": "0001"}