{"zonaEleitoral": "0012", "pictureURLList": ["https://vocefiscal-poll-tape-uploads.s3.amazonaws.com/us-east-1%3A66024622-1dad-45fc-a786-e8c4f26de1f9/br/ba/salvador/zona-0012/9b7b614e8ddd7e6ccdd7ea4811f9b568.jpg", "https://vocefiscal-poll-tape-uploads.s3.amazonaws.com/us-east-1%3A66024622-1dad-45fc-a786-e8c4f26de1f9/br/ba/salvador/zona-0012/d4ca49bf21f3026bf8d719129af33c5d.jpg", "https://vocefiscal-poll-tape-uploads.s3.amazonaws.com/us-east-1%3A66024622-1dad-45fc-a786-e8c4f26de1f9/br/ba/salvador/zona-0012/8569e1561fd9ba2239363c6578515631.jpg", "https://vocefiscal-poll-tape-uploads.s3.amazonaws.com/us-east-1%3A66024622-1dad-45fc-a786-e8c4f26de1f9/br/ba/salvador/zona-0012/5a7408e51e490d73463cfc34e98ca562.jpg"], "estado": "BA", "secaoEleitoral": "0052", "data": 1414354765666, "municipio": "SALVADOR", "localDaVotacao": "1252"}