{"zonaEleitoral": "0035", "pictureURLList": ["https://vocefiscal-poll-tape-uploads.s3.amazonaws.com/us-east-1%3A00f9d8e5-e751-480d-b1b6-b1351345d1b7/br/ba/mucuri/zona-0035/fcb1eb450cda4145d0162f9a2caeb6e5.jpg", "https://vocefiscal-poll-tape-uploads.s3.amazonaws.com/us-east-1%3A00f9d8e5-e751-480d-b1b6-b1351345d1b7/br/ba/mucuri/zona-0035/d80c71a53ba494e7978fd230676e877b.jpg", "https://vocefiscal-poll-tape-uploads.s3.amazonaws.com/us-east-1%3A00f9d8e5-e751-480d-b1b6-b1351345d1b7/br/ba/mucuri/zona-0035/90ae0b97b5c56e2f64672d45650b0cc1.jpg", "https://vocefiscal-poll-tape-uploads.s3.amazonaws.com/us-east-1%3A00f9d8e5-e751-480d-b1b6-b1351345d1b7/br/ba/mucuri/zona-0035/e63966867e43db1c7860b94f1483515d.jpg"], "estado": "BA", "data": 1414354230940, "municipio": "MUCURI", "localDaVotacao": "1031", "secaoEleitoral": "0185"}