{"zonaEleitoral": "0142", "pictureURLList": ["https://vocefiscal-poll-tape-uploads.s3.amazonaws.com/us-east-1%3A37293f98-6046-4494-8836-bbd91eb27d72/br/ba/cruz-das-almas/zona-0142/945ab14cb333b9cadf0ed8a0b5a4d277.jpg", "https://vocefiscal-poll-tape-uploads.s3.amazonaws.com/us-east-1%3A37293f98-6046-4494-8836-bbd91eb27d72/br/ba/cruz-das-almas/zona-0142/8e53ef5d9bff1f73bc72223242954b3f.jpg"], "estado": "BA", "data": 1414351834436, "municipio": "CRUZ DAS ALMAS", "localDaVotacao": "1090", "secaoEleitoral": "0100"}