{"zonaEleitoral": "0128", "estado": "BA", "secaoEleitoral": "0139", "data": 1414365376809, "municipio": "AM\u00c9LIA RODRIGUES", "pictureURLList": ["https://vocefiscal-poll-tape-uploads.s3.amazonaws.com/us-east-1%3A109766cf-8087-44a8-b12b-e2287522109f/br/ba/amelia-rodrigues/zona-0128/94c4a27b6320aa88537f6c38e69da19.jpg", "https://vocefiscal-poll-tape-uploads.s3.amazonaws.com/us-east-1%3A109766cf-8087-44a8-b12b-e2287522109f/br/ba/amelia-rodrigues/zona-0128/2594916d338f1c2f1f55f4418cc0e3ab.jpg", "https://vocefiscal-poll-tape-uploads.s3.amazonaws.com/us-east-1%3A109766cf-8087-44a8-b12b-e2287522109f/br/ba/amelia-rodrigues/zona-0128/c2811510b931e63af4e750db8275c0e5.jpg"]}