{"zonaEleitoral": "0030", "pictureURLList": ["https://vocefiscal-poll-tape-uploads.s3.amazonaws.com/us-east-1%3Ad96b8a65-d164-40fb-8de4-fa8837732f7d/br/ba/salvador/zona-0030/9dca0849a08f7e53c471fb844a002f3d.jpg", "https://vocefiscal-poll-tape-uploads.s3.amazonaws.com/us-east-1%3Ad96b8a65-d164-40fb-8de4-fa8837732f7d/br/ba/salvador/zona-0030/ef194bf753caa8106184687ca367597d.jpg", "https://vocefiscal-poll-tape-uploads.s3.amazonaws.com/us-east-1%3Ad96b8a65-d164-40fb-8de4-fa8837732f7d/br/ba/salvador/zona-0030/d6563f6a934b46ca22cacff66e95a5bd.jpg"], "estado": "BA", "data": 1414354932463, "municipio": "SALVADOR", "localDaVotacao": "1058", "secaoEleitoral": "0029"}