{"zonaEleitoral": "0048", "estado": "BA", "data": 1414351340660, "municipio": "JUAZEIRO", "pictureURLList": ["https://vocefiscal-poll-tape-uploads.s3.amazonaws.com/us-east-1%3Aef0a89b0-6d7e-4991-b118-b6ef09a7804f/br/ba/juazeiro/zona-0048/ddb81101c0f82bd69bd4bc3da470287.jpg", "https://vocefiscal-poll-tape-uploads.s3.amazonaws.com/us-east-1%3Aef0a89b0-6d7e-4991-b118-b6ef09a7804f/br/ba/juazeiro/zona-0048/604e0e57206444972ad8e2d355b08aa8.jpg", "https://vocefiscal-poll-tape-uploads.s3.amazonaws.com/us-east-1%3Aef0a89b0-6d7e-4991-b118-b6ef09a7804f/br/ba/juazeiro/zona-0048/e6601f325f31d1227b9871eb8ef36af6.jpg", "https://vocefiscal-poll-tape-uploads.s3.amazonaws.com/us-east-1%3Aef0a89b0-6d7e-4991-b118-b6ef09a7804f/br/ba/juazeiro/zona-0048/29e0dc5fc903d2d55c5e750df5c203af.jpg", "https://vocefiscal-poll-tape-uploads.s3.amazonaws.com/us-east-1%3Aef0a89b0-6d7e-4991-b118-b6ef09a7804f/br/ba/juazeiro/zona-0048/dd7d78d789f30086bb2c23745a465683.jpg"], "secaoEleitoral": "0092"}