{"zonaEleitoral": "0241", "pictureURLList": ["https://vocefiscal-poll-tape-uploads.s3.amazonaws.com/us-east-1%3A0d2ed7c6-53bd-4cc2-9596-142239517a9f/br/ba/salvador/zona-0241/a377d1f5d0464be22ccdd30b1300031a.jpg", "https://vocefiscal-poll-tape-uploads.s3.amazonaws.com/us-east-1%3A0d2ed7c6-53bd-4cc2-9596-142239517a9f/br/ba/salvador/zona-0241/41d74b1a21a13785eb1c80749d370fa0.jpg", "https://vocefiscal-poll-tape-uploads.s3.amazonaws.com/us-east-1%3A0d2ed7c6-53bd-4cc2-9596-142239517a9f/br/ba/salvador/zona-0241/668f5ccb23d9898ab28eecafea9e6ff9.jpg"], "estado": "BA", "secaoEleitoral": "0271", "data": 1414436920442, "municipio": "SALVADOR", "localDaVotacao": "1236"}