{"zonaEleitoral": "0128", "pictureURLList": ["https://vocefiscal-poll-tape-uploads.s3.amazonaws.com/us-east-1%3A109766cf-8087-44a8-b12b-e2287522109f/br/ba/amelia-rodrigues/zona-0128/32b9c3c63a5b63030f2a67332a8669f8.jpg", "https://vocefiscal-poll-tape-uploads.s3.amazonaws.com/us-east-1%3A109766cf-8087-44a8-b12b-e2287522109f/br/ba/amelia-rodrigues/zona-0128/13f912a99e11f0b83c710c80d4cfec09.jpg", "https://vocefiscal-poll-tape-uploads.s3.amazonaws.com/us-east-1%3A109766cf-8087-44a8-b12b-e2287522109f/br/ba/amelia-rodrigues/zona-0128/9a87945879560cb217cd84e4909bafd1.jpg"], "estado": "BA", "secaoEleitoral": "0121", "data": 1414366049549, "municipio": "AM\u00c9LIA RODRIGUES", "localDaVotacao": "1058"}