{"zonaEleitoral": "0048", "estado": "BA", "data": 1414351180220, "municipio": "JUAZEIRO", "pictureURLList": ["https://vocefiscal-poll-tape-uploads.s3.amazonaws.com/us-east-1%3Aef0a89b0-6d7e-4991-b118-b6ef09a7804f/br/ba/juazeiro/zona-0048/3a70b5938f5d5184d8655c6523b6f882.jpg", "https://vocefiscal-poll-tape-uploads.s3.amazonaws.com/us-east-1%3Aef0a89b0-6d7e-4991-b118-b6ef09a7804f/br/ba/juazeiro/zona-0048/33b58dc26ed83b0b590f054cc51fbe44.jpg", "https://vocefiscal-poll-tape-uploads.s3.amazonaws.com/us-east-1%3Aef0a89b0-6d7e-4991-b118-b6ef09a7804f/br/ba/juazeiro/zona-0048/a1723e74917d13679fe0c81446149753.jpg"], "secaoEleitoral": "0131"}