{"zonaEleitoral": "0109", "pictureURLList": ["https://vocefiscal-poll-tape-uploads.s3.amazonaws.com/us-east-1%3A2db5a1d5-0ffe-414b-bc10-ab7a89d6f4f5/br/ba/mutuipe/zona-0109/4b93aea71674534ce2285328a1d767af.jpg", "https://vocefiscal-poll-tape-uploads.s3.amazonaws.com/us-east-1%3A2db5a1d5-0ffe-414b-bc10-ab7a89d6f4f5/br/ba/mutuipe/zona-0109/7d72f49237ec9bfaff370807dd51ca11.jpg", "https://vocefiscal-poll-tape-uploads.s3.amazonaws.com/us-east-1%3A2db5a1d5-0ffe-414b-bc10-ab7a89d6f4f5/br/ba/mutuipe/zona-0109/13dfd608868f830587e8ffada5454a7d.jpg"], "estado": "BA", "secaoEleitoral": "0112", "data": 1414353316862, "municipio": "MUTU\u00cdPE", "localDaVotacao": "1147"}