{"zonaEleitoral": "0128", "estado": "BA", "secaoEleitoral": "0135", "data": 1414365587898, "municipio": "AM\u00c9LIA RODRIGUES", "pictureURLList": ["https://vocefiscal-poll-tape-uploads.s3.amazonaws.com/us-east-1%3A109766cf-8087-44a8-b12b-e2287522109f/br/ba/amelia-rodrigues/zona-0128/aec8a83c7d1ffb11dd103ab77dc1e588.jpg", "https://vocefiscal-poll-tape-uploads.s3.amazonaws.com/us-east-1%3A109766cf-8087-44a8-b12b-e2287522109f/br/ba/amelia-rodrigues/zona-0128/92cf134023607243e0a4577764459c61.jpg", "https://vocefiscal-poll-tape-uploads.s3.amazonaws.com/us-east-1%3A109766cf-8087-44a8-b12b-e2287522109f/br/ba/amelia-rodrigues/zona-0128/e637c8c00cad37adb21f8c6c7b4acaa.jpg"]}