{"data": 1412540359602, "estado": "BA", "secaoEleitoral": "0028", "zonaEleitoral": "0180", "pictureURLList": ["https://vocefiscal-poll-tape-uploads.s3.amazonaws.com/us-east-1%3Ac671b3b9-b68f-4932-b02c-0a0105ad6869/br/ba/lauro-de-freitas/zona-0180/ce8b297b1aca8be976e640b13b84042e.jpg", "https://vocefiscal-poll-tape-uploads.s3.amazonaws.com/us-east-1%3Ac671b3b9-b68f-4932-b02c-0a0105ad6869/br/ba/lauro-de-freitas/zona-0180/aa1bb8964171c30b3fc282f2b533cf7f.jpg", "https://vocefiscal-poll-tape-uploads.s3.amazonaws.com/us-east-1%3Ac671b3b9-b68f-4932-b02c-0a0105ad6869/br/ba/lauro-de-freitas/zona-0180/84eaea03c75e88dd4d42c9913e6faa30.jpg", "https://vocefiscal-poll-tape-uploads.s3.amazonaws.com/us-east-1%3Ac671b3b9-b68f-4932-b02c-0a0105ad6869/br/ba/lauro-de-freitas/zona-0180/4d1495bf3267c2d2ce70dea86a85d011.jpg", "https://vocefiscal-poll-tape-uploads.s3.amazonaws.com/us-east-1%3Ac671b3b9-b68f-4932-b02c-0a0105ad6869/br/ba/lauro-de-freitas/zona-0180/acfa51b4d2f30891f42183830f380a07.jpg", "https://vocefiscal-poll-tape-uploads.s3.amazonaws.com/us-east-1%3Ac671b3b9-b68f-4932-b02c-0a0105ad6869/br/ba/lauro-de-freitas/zona-0180/486baa6d307b2d224c24d6e164b55071.jpg", "https://vocefiscal-poll-tape-uploads.s3.amazonaws.com/us-east-1%3Ac671b3b9-b68f-4932-b02c-0a0105ad6869/br/ba/lauro-de-freitas/zona-0180/77a99252f49b86cf55e7a11baaa0a2cd.jpg", "https://vocefiscal-poll-tape-uploads.s3.amazonaws.com/us-east-1%3Ac671b3b9-b68f-4932-b02c-0a0105ad6869/br/ba/lauro-de-freitas/zona-0180/bcddc2324b22378642f979001d666a0f.jpg", "https://vocefiscal-poll-tape-uploads.s3.amazonaws.com/us-east-1%3Ac671b3b9-b68f-4932-b02c-0a0105ad6869/br/ba/lauro-de-freitas/zona-0180/7a341736201502134f0f59b3ff720bcd.jpg", "https://vocefiscal-poll-tape-uploads.s3.amazonaws.com/us-east-1%3Ac671b3b9-b68f-4932-b02c-0a0105ad6869/br/ba/lauro-de-freitas/zona-0180/16ccde707186f3d47c990835155a5263.jpg", "https://vocefiscal-poll-tape-uploads.s3.amazonaws.com/us-east-1%3Ac671b3b9-b68f-4932-b02c-0a0105ad6869/br/ba/lauro-de-freitas/zona-0180/d26392930cd10dc7dd28ed5c31572b4e.jpg", "https://vocefiscal-poll-tape-uploads.s3.amazonaws.com/us-east-1%3Ac671b3b9-b68f-4932-b02c-0a0105ad6869/br/ba/lauro-de-freitas/zona-0180/7fb59b230c684e69710c5577bb496737.jpg", "https://vocefiscal-poll-tape-uploads.s3.amazonaws.com/us-east-1%3Ac671b3b9-b68f-4932-b02c-0a0105ad6869/br/ba/lauro-de-freitas/zona-0180/12dfdfb11bcc474b543b5beca0c965a5.jpg", "https://vocefiscal-poll-tape-uploads.s3.amazonaws.com/us-east-1%3Ac671b3b9-b68f-4932-b02c-0a0105ad6869/br/ba/lauro-de-freitas/zona-0180/42a9688c1683630a8c1ef09bf34c554e.jpg", "https://vocefiscal-poll-tape-uploads.s3.amazonaws.com/us-east-1%3Ac671b3b9-b68f-4932-b02c-0a0105ad6869/br/ba/lauro-de-freitas/zona-0180/5f055df473d6c7049035fd3c4e94a418.jpg", "https://vocefiscal-poll-tape-uploads.s3.amazonaws.com/us-east-1%3Ac671b3b9-b68f-4932-b02c-0a0105ad6869/br/ba/lauro-de-freitas/zona-0180/643cf00d406833804a9a888f378d95a7.jpg", "https://vocefiscal-poll-tape-uploads.s3.amazonaws.com/us-east-1%3Ac671b3b9-b68f-4932-b02c-0a0105ad6869/br/ba/lauro-de-freitas/zona-0180/cdb8e39204955dba731629cb75b22559.jpg", "https://vocefiscal-poll-tape-uploads.s3.amazonaws.com/us-east-1%3Ac671b3b9-b68f-4932-b02c-0a0105ad6869/br/ba/lauro-de-freitas/zona-0180/5c3a801eae28c0e4248c5580f062dd4f.jpg", "https://vocefiscal-poll-tape-uploads.s3.amazonaws.com/us-east-1%3Ac671b3b9-b68f-4932-b02c-0a0105ad6869/br/ba/lauro-de-freitas/zona-0180/9ca0d0b01950b811aff077f144717136.jpg", "https://vocefiscal-poll-tape-uploads.s3.amazonaws.com/us-east-1%3Ac671b3b9-b68f-4932-b02c-0a0105ad6869/br/ba/lauro-de-freitas/zona-0180/a7b1228a416d7f8e5ee4118c170e5860.jpg", "https://vocefiscal-poll-tape-uploads.s3.amazonaws.com/us-east-1%3Ac671b3b9-b68f-4932-b02c-0a0105ad6869/br/ba/lauro-de-freitas/zona-0180/2d3a787a8cf2b179b7757d1c22462e3c.jpg", "https://vocefiscal-poll-tape-uploads.s3.amazonaws.com/us-east-1%3Ac671b3b9-b68f-4932-b02c-0a0105ad6869/br/ba/lauro-de-freitas/zona-0180/761aced7c22d18634b9fb34048cf639a.jpg"], "municipio": "LAURO DE FREITAS"}