{"zonaEleitoral": "0026", "estado": "BA", "data": 1414354997861, "municipio": "ILH\u00c9US", "pictureURLList": ["https://vocefiscal-poll-tape-uploads.s3.amazonaws.com/us-east-1%3A198611e2-fff9-46bc-a13c-cb7943ff153f/br/ba/ilheus/zona-0026/82ca5e77e435d14aae9192c814e20048.jpg", "https://vocefiscal-poll-tape-uploads.s3.amazonaws.com/us-east-1%3A198611e2-fff9-46bc-a13c-cb7943ff153f/br/ba/ilheus/zona-0026/6b64b4d922ab780a834b7f5627e35765.jpg", "https://vocefiscal-poll-tape-uploads.s3.amazonaws.com/us-east-1%3A198611e2-fff9-46bc-a13c-cb7943ff153f/br/ba/ilheus/zona-0026/a4059a400b253494dc05ca14b9598d06.jpg"], "secaoEleitoral": "0159"}