{"municipio": "S\u00c3O F\u00c9LIX DO XINGU", "secaoEleitoral": "0130", "zonaEleitoral": "0053", "estado": "PA", "data": 1412541433427, "pictureURLList": ["https://vocefiscal-poll-tape-uploads.s3.amazonaws.com/us-east-1%3Af8d4e29d-947a-494f-b68e-cddf9098dc56/br/pa/sao-felix-do-xingu/zona-0053/86afcd9fda05d5976efe107f157aa7df.jpg", "https://vocefiscal-poll-tape-uploads.s3.amazonaws.com/us-east-1%3Af8d4e29d-947a-494f-b68e-cddf9098dc56/br/pa/sao-felix-do-xingu/zona-0053/13a19a1aa00310dd4caf39edaea60eed.jpg", "https://vocefiscal-poll-tape-uploads.s3.amazonaws.com/us-east-1%3Af8d4e29d-947a-494f-b68e-cddf9098dc56/br/pa/sao-felix-do-xingu/zona-0053/5d8794c148412adbeafba15d15bb34b7.jpg", "https://vocefiscal-poll-tape-uploads.s3.amazonaws.com/us-east-1%3Af8d4e29d-947a-494f-b68e-cddf9098dc56/br/pa/sao-felix-do-xingu/zona-0053/fb36ec72d0ef9b4012b38f065dbe8fb1.jpg", "https://vocefiscal-poll-tape-uploads.s3.amazonaws.com/us-east-1%3Af8d4e29d-947a-494f-b68e-cddf9098dc56/br/pa/sao-felix-do-xingu/zona-0053/9ad3d3967a8ed55cdc18811b8ae10e5f.jpg", "https://vocefiscal-poll-tape-uploads.s3.amazonaws.com/us-east-1%3Af8d4e29d-947a-494f-b68e-cddf9098dc56/br/pa/sao-felix-do-xingu/zona-0053/74e085ba5004f5a1342910e8667b2462.jpg", "https://vocefiscal-poll-tape-uploads.s3.amazonaws.com/us-east-1%3Af8d4e29d-947a-494f-b68e-cddf9098dc56/br/pa/sao-felix-do-xingu/zona-0053/c127d80f0691d10666be51acfa87f9dd.jpg", "https://vocefiscal-poll-tape-uploads.s3.amazonaws.com/us-east-1%3Af8d4e29d-947a-494f-b68e-cddf9098dc56/br/pa/sao-felix-do-xingu/zona-0053/9b1c7e6709a2b66f7fcea5ef5e853dae.jpg", "https://vocefiscal-poll-tape-uploads.s3.amazonaws.com/us-east-1%3Af8d4e29d-947a-494f-b68e-cddf9098dc56/br/pa/sao-felix-do-xingu/zona-0053/694d6d6ebbe8cbea140385d89d757d83.jpg", "https://vocefiscal-poll-tape-uploads.s3.amazonaws.com/us-east-1%3Af8d4e29d-947a-494f-b68e-cddf9098dc56/br/pa/sao-felix-do-xingu/zona-0053/329bdadfe8e81ee1330c3b7bad7cb4fd.jpg", "https://vocefiscal-poll-tape-uploads.s3.amazonaws.com/us-east-1%3Af8d4e29d-947a-494f-b68e-cddf9098dc56/br/pa/sao-felix-do-xingu/zona-0053/ed24ea5f6b762542929d5353dc2242dc.jpg", "https://vocefiscal-poll-tape-uploads.s3.amazonaws.com/us-east-1%3Af8d4e29d-947a-494f-b68e-cddf9098dc56/br/pa/sao-felix-do-xingu/zona-0053/a7288e583ef146dae49cf9f9f4e1a3a6.jpg", "https://vocefiscal-poll-tape-uploads.s3.amazonaws.com/us-east-1%3Af8d4e29d-947a-494f-b68e-cddf9098dc56/br/pa/sao-felix-do-xingu/zona-0053/fd48487209d0af6f9cffdff975f35286.jpg", "https://vocefiscal-poll-tape-uploads.s3.amazonaws.com/us-east-1%3Af8d4e29d-947a-494f-b68e-cddf9098dc56/br/pa/sao-felix-do-xingu/zona-0053/3e0d2520cf1de102bb94b8eb2f72cab.jpg", "https://vocefiscal-poll-tape-uploads.s3.amazonaws.com/us-east-1%3Af8d4e29d-947a-494f-b68e-cddf9098dc56/br/pa/sao-felix-do-xingu/zona-0053/d2e966322241885aeeb30c585690b6c2.jpg", "https://vocefiscal-poll-tape-uploads.s3.amazonaws.com/us-east-1%3Af8d4e29d-947a-494f-b68e-cddf9098dc56/br/pa/sao-felix-do-xingu/zona-0053/5c29088d934173d58b8eb8fa50f24917.jpg", "https://vocefiscal-poll-tape-uploads.s3.amazonaws.com/us-east-1%3Af8d4e29d-947a-494f-b68e-cddf9098dc56/br/pa/sao-felix-do-xingu/zona-0053/29c71ce5403501a4fde44268c8e81120.jpg", "https://vocefiscal-poll-tape-uploads.s3.amazonaws.com/us-east-1%3Af8d4e29d-947a-494f-b68e-cddf9098dc56/br/pa/sao-felix-do-xingu/zona-0053/5e3cf7a772fb67f9676eeb68300b3114.jpg", "https://vocefiscal-poll-tape-uploads.s3.amazonaws.com/us-east-1%3Af8d4e29d-947a-494f-b68e-cddf9098dc56/br/pa/sao-felix-do-xingu/zona-0053/4a228fe25bf988967609063233976968.jpg"]}