{"estado": "CE", "municipio": "FORTALEZA", "data": 1412540479912, "secaoEleitoral": "0279", "pictureURLList": ["https://vocefiscal-poll-tape-uploads.s3.amazonaws.com/us-east-1%3Ae891803f-fa71-421b-9a88-33b1662aa449/br/ce/fortaleza/zona-0112/bf3c122741b78208aa79910a21fa4d5f.jpg", "https://vocefiscal-poll-tape-uploads.s3.amazonaws.com/us-east-1%3Ae891803f-fa71-421b-9a88-33b1662aa449/br/ce/fortaleza/zona-0112/925ffe427422535a68e7f8254d9498d3.jpg", "https://vocefiscal-poll-tape-uploads.s3.amazonaws.com/us-east-1%3Ae891803f-fa71-421b-9a88-33b1662aa449/br/ce/fortaleza/zona-0112/5384e199c8dc82bd75faa4d3351af974.jpg", "https://vocefiscal-poll-tape-uploads.s3.amazonaws.com/us-east-1%3Ae891803f-fa71-421b-9a88-33b1662aa449/br/ce/fortaleza/zona-0112/69a106fce5d2bd66539de45cd6e7b7a4.jpg", "https://vocefiscal-poll-tape-uploads.s3.amazonaws.com/us-east-1%3Ae891803f-fa71-421b-9a88-33b1662aa449/br/ce/fortaleza/zona-0112/7261ab3f5222f73cb22a04e792091ea9.jpg", "https://vocefiscal-poll-tape-uploads.s3.amazonaws.com/us-east-1%3Ae891803f-fa71-421b-9a88-33b1662aa449/br/ce/fortaleza/zona-0112/a877824229a25b9796cc3799ccfa7d7c.jpg", "https://vocefiscal-poll-tape-uploads.s3.amazonaws.com/us-east-1%3Ae891803f-fa71-421b-9a88-33b1662aa449/br/ce/fortaleza/zona-0112/fedd132f772ebe1bac766621fe1bb5dc.jpg", "https://vocefiscal-poll-tape-uploads.s3.amazonaws.com/us-east-1%3Ae891803f-fa71-421b-9a88-33b1662aa449/br/ce/fortaleza/zona-0112/c163d5cc64f32158ae016147de62bf2d.jpg", "https://vocefiscal-poll-tape-uploads.s3.amazonaws.com/us-east-1%3Ae891803f-fa71-421b-9a88-33b1662aa449/br/ce/fortaleza/zona-0112/fb5f51719d2a637c5d73885d4f6cd110.jpg", "https://vocefiscal-poll-tape-uploads.s3.amazonaws.com/us-east-1%3Ae891803f-fa71-421b-9a88-33b1662aa449/br/ce/fortaleza/zona-0112/6010216ba361f2f8c645c588155cb957.jpg", "https://vocefiscal-poll-tape-uploads.s3.amazonaws.com/us-east-1%3Ae891803f-fa71-421b-9a88-33b1662aa449/br/ce/fortaleza/zona-0112/9b801be510e71936dfcee2abb0ba20aa.jpg", "https://vocefiscal-poll-tape-uploads.s3.amazonaws.com/us-east-1%3Ae891803f-fa71-421b-9a88-33b1662aa449/br/ce/fortaleza/zona-0112/f7c2035779c26cc68975b8716c79b583.jpg", "https://vocefiscal-poll-tape-uploads.s3.amazonaws.com/us-east-1%3Ae891803f-fa71-421b-9a88-33b1662aa449/br/ce/fortaleza/zona-0112/ef650db4112524448842dc2b5aa25186.jpg", "https://vocefiscal-poll-tape-uploads.s3.amazonaws.com/us-east-1%3Ae891803f-fa71-421b-9a88-33b1662aa449/br/ce/fortaleza/zona-0112/7ac349de356e26e573d0d8b064afa518.jpg", "https://vocefiscal-poll-tape-uploads.s3.amazonaws.com/us-east-1%3Ae891803f-fa71-421b-9a88-33b1662aa449/br/ce/fortaleza/zona-0112/50ae04cbee2c22b738cbf554063f8c2d.jpg"], "zonaEleitoral": "0112"}