{"estado": "CE", "municipio": "FORTALEZA", "data": 1412540632895, "secaoEleitoral": "0360", "pictureURLList": ["https://vocefiscal-poll-tape-uploads.s3.amazonaws.com/us-east-1%3Ad582bbff-2a39-40ec-9f06-b98605a6dda5/br/ce/fortaleza/zona-0082/83e8b215a7ae9f68c75584dedb3bc2c4.jpg", "https://vocefiscal-poll-tape-uploads.s3.amazonaws.com/us-east-1%3Ad582bbff-2a39-40ec-9f06-b98605a6dda5/br/ce/fortaleza/zona-0082/a123d997ec0c47cab6cd6ed248aee63.jpg", "https://vocefiscal-poll-tape-uploads.s3.amazonaws.com/us-east-1%3Ad582bbff-2a39-40ec-9f06-b98605a6dda5/br/ce/fortaleza/zona-0082/b222cbea36ef9ea7649788c52480cc56.jpg", "https://vocefiscal-poll-tape-uploads.s3.amazonaws.com/us-east-1%3Ad582bbff-2a39-40ec-9f06-b98605a6dda5/br/ce/fortaleza/zona-0082/3872415b0a092618a5ed35d6d083fbd8.jpg", "https://vocefiscal-poll-tape-uploads.s3.amazonaws.com/us-east-1%3Ad582bbff-2a39-40ec-9f06-b98605a6dda5/br/ce/fortaleza/zona-0082/930f3fe314e7a85c74ad67b99e10b1fa.jpg", "https://vocefiscal-poll-tape-uploads.s3.amazonaws.com/us-east-1%3Ad582bbff-2a39-40ec-9f06-b98605a6dda5/br/ce/fortaleza/zona-0082/b12cba38cd02db2102da62bc6af0d937.jpg", "https://vocefiscal-poll-tape-uploads.s3.amazonaws.com/us-east-1%3Ad582bbff-2a39-40ec-9f06-b98605a6dda5/br/ce/fortaleza/zona-0082/5a69fd2d7d5f16f41ada718f76dc0960.jpg", "https://vocefiscal-poll-tape-uploads.s3.amazonaws.com/us-east-1%3Ad582bbff-2a39-40ec-9f06-b98605a6dda5/br/ce/fortaleza/zona-0082/5e0926c00e4fcec4d575271ac3769128.jpg", "https://vocefiscal-poll-tape-uploads.s3.amazonaws.com/us-east-1%3Ad582bbff-2a39-40ec-9f06-b98605a6dda5/br/ce/fortaleza/zona-0082/72c4b3fbfcd34058d06e4099fcb789a9.jpg", "https://vocefiscal-poll-tape-uploads.s3.amazonaws.com/us-east-1%3Ad582bbff-2a39-40ec-9f06-b98605a6dda5/br/ce/fortaleza/zona-0082/4364f5889b7bcf3f2a26527886477a9c.jpg", "https://vocefiscal-poll-tape-uploads.s3.amazonaws.com/us-east-1%3Ad582bbff-2a39-40ec-9f06-b98605a6dda5/br/ce/fortaleza/zona-0082/558c3c1e08f3b0fc05e65da7fa02bf39.jpg", "https://vocefiscal-poll-tape-uploads.s3.amazonaws.com/us-east-1%3Ad582bbff-2a39-40ec-9f06-b98605a6dda5/br/ce/fortaleza/zona-0082/feca0896d80f662c6c20dbc53077c1b6.jpg", "https://vocefiscal-poll-tape-uploads.s3.amazonaws.com/us-east-1%3Ad582bbff-2a39-40ec-9f06-b98605a6dda5/br/ce/fortaleza/zona-0082/7bb2ab1d050baf31b0addaae7edc1c73.jpg", "https://vocefiscal-poll-tape-uploads.s3.amazonaws.com/us-east-1%3Ad582bbff-2a39-40ec-9f06-b98605a6dda5/br/ce/fortaleza/zona-0082/4bb40443c4b193fb1a3b7fc64775a641.jpg", "https://vocefiscal-poll-tape-uploads.s3.amazonaws.com/us-east-1%3Ad582bbff-2a39-40ec-9f06-b98605a6dda5/br/ce/fortaleza/zona-0082/baf14b745bc1f7c0da4fb8f53ed22258.jpg", "https://vocefiscal-poll-tape-uploads.s3.amazonaws.com/us-east-1%3Ad582bbff-2a39-40ec-9f06-b98605a6dda5/br/ce/fortaleza/zona-0082/a48000f96df21bd5658adcb8885c6120.jpg", "https://vocefiscal-poll-tape-uploads.s3.amazonaws.com/us-east-1%3Ad582bbff-2a39-40ec-9f06-b98605a6dda5/br/ce/fortaleza/zona-0082/289f85a57e416b6b9c2d8b1370d3a17b.jpg", "https://vocefiscal-poll-tape-uploads.s3.amazonaws.com/us-east-1%3Ad582bbff-2a39-40ec-9f06-b98605a6dda5/br/ce/fortaleza/zona-0082/bf14ab071ff02d4f9b528f53e956fe32.jpg", "https://vocefiscal-poll-tape-uploads.s3.amazonaws.com/us-east-1%3Ad582bbff-2a39-40ec-9f06-b98605a6dda5/br/ce/fortaleza/zona-0082/458eb4a219179ee054046f216b92322e.jpg", "https://vocefiscal-poll-tape-uploads.s3.amazonaws.com/us-east-1%3Ad582bbff-2a39-40ec-9f06-b98605a6dda5/br/ce/fortaleza/zona-0082/7342e5b75ac3f3020fd10ac64ec34938.jpg", "https://vocefiscal-poll-tape-uploads.s3.amazonaws.com/us-east-1%3Ad582bbff-2a39-40ec-9f06-b98605a6dda5/br/ce/fortaleza/zona-0082/d302bcd66018987e88ebba823958dec1.jpg", "https://vocefiscal-poll-tape-uploads.s3.amazonaws.com/us-east-1%3Ad582bbff-2a39-40ec-9f06-b98605a6dda5/br/ce/fortaleza/zona-0082/13e1495d4eb6cdec456b7429f2799839.jpg", "https://vocefiscal-poll-tape-uploads.s3.amazonaws.com/us-east-1%3Ad582bbff-2a39-40ec-9f06-b98605a6dda5/br/ce/fortaleza/zona-0082/183b5e2de00328aa60a904bbf27ca2f2.jpg", "https://vocefiscal-poll-tape-uploads.s3.amazonaws.com/us-east-1%3Ad582bbff-2a39-40ec-9f06-b98605a6dda5/br/ce/fortaleza/zona-0082/4eba9abc496dc6102baebc0c81cd6f1d.jpg", "https://vocefiscal-poll-tape-uploads.s3.amazonaws.com/us-east-1%3Ad582bbff-2a39-40ec-9f06-b98605a6dda5/br/ce/fortaleza/zona-0082/f75e91c10a0109a01350507dbbbe135.jpg", "https://vocefiscal-poll-tape-uploads.s3.amazonaws.com/us-east-1%3Ad582bbff-2a39-40ec-9f06-b98605a6dda5/br/ce/fortaleza/zona-0082/667e9f1fc824f66e611263bef07872c9.jpg"], "zonaEleitoral": "0082", "localDaVotacao": "2356"}