{"pictureURLList": ["https://vocefiscal-poll-tape-uploads.s3.amazonaws.com/us-east-1%3A6241e8d1-bb27-46dd-a54b-17e45568f08e/br/ce/fortaleza/zona-0003/a5d97d8cd73b9a85f4ce755b21a276ec.jpg", "https://vocefiscal-poll-tape-uploads.s3.amazonaws.com/us-east-1%3A6241e8d1-bb27-46dd-a54b-17e45568f08e/br/ce/fortaleza/zona-0003/6b13144f3424e27f7491390b84b3f002.jpg", "https://vocefiscal-poll-tape-uploads.s3.amazonaws.com/us-east-1%3A6241e8d1-bb27-46dd-a54b-17e45568f08e/br/ce/fortaleza/zona-0003/22fbc2ed000dc94561a35b61e33798b4.jpg", "https://vocefiscal-poll-tape-uploads.s3.amazonaws.com/us-east-1%3A6241e8d1-bb27-46dd-a54b-17e45568f08e/br/ce/fortaleza/zona-0003/da605e688e8f435d74d2829e71dda60c.jpg", "https://vocefiscal-poll-tape-uploads.s3.amazonaws.com/us-east-1%3A6241e8d1-bb27-46dd-a54b-17e45568f08e/br/ce/fortaleza/zona-0003/93033f2f43167349f4bee4118966db27.jpg"], "data": 1414356073295, "estado": "CE", "municipio": "FORTALEZA", "zonaEleitoral": "0003", "localDaVotacao": "1660", "secaoEleitoral": "0115"}