{"estado": "CE", "municipio": "FORTALEZA", "data": 1412541569978, "secaoEleitoral": "0644", "pictureURLList": ["https://vocefiscal-poll-tape-uploads.s3.amazonaws.com/us-east-1%3Ac56016b0-21b2-4a0f-ab67-a9c4c4f495fd/br/ce/fortaleza/zona-0002/d1f63b3d5be666cb581fde3a1690f176.jpg", "https://vocefiscal-poll-tape-uploads.s3.amazonaws.com/us-east-1%3Ac56016b0-21b2-4a0f-ab67-a9c4c4f495fd/br/ce/fortaleza/zona-0002/3ae8d6bb9940b4bd2f8515db1a94bc09.jpg"], "zonaEleitoral": "0002", "localDaVotacao": "1228"}