{"estado": "CE", "municipio": "FORTALEZA", "data": 1412541884612, "secaoEleitoral": "0718", "pictureURLList": ["https://vocefiscal-poll-tape-uploads.s3.amazonaws.com/us-east-1%3Ac56016b0-21b2-4a0f-ab67-a9c4c4f495fd/br/ce/fortaleza/zona-0002/27403f6cd18865ecc321d20a1f5f7f05.jpg", "https://vocefiscal-poll-tape-uploads.s3.amazonaws.com/us-east-1%3Ac56016b0-21b2-4a0f-ab67-a9c4c4f495fd/br/ce/fortaleza/zona-0002/d49b09a292732cf89ccc3f50da8e2ce5.jpg"], "zonaEleitoral": "0002", "localDaVotacao": "1228"}