{"estado": "CE", "municipio": "FORTALEZA", "data": 1412541756136, "secaoEleitoral": "0689", "pictureURLList": ["https://vocefiscal-poll-tape-uploads.s3.amazonaws.com/us-east-1%3Ac56016b0-21b2-4a0f-ab67-a9c4c4f495fd/br/ce/fortaleza/zona-0002/1dee2b1fa47f3d1475fc32777c8a0bb5.jpg", "https://vocefiscal-poll-tape-uploads.s3.amazonaws.com/us-east-1%3Ac56016b0-21b2-4a0f-ab67-a9c4c4f495fd/br/ce/fortaleza/zona-0002/acd3db01bbc3520f18970cbf851720fc.jpg"], "zonaEleitoral": "0002", "localDaVotacao": "1228"}