{"estado": "CE", "municipio": "QUIXAD\u00c1", "data": 1412548557271, "secaoEleitoral": "0241", "pictureURLList": ["https://vocefiscal-poll-tape-uploads.s3.amazonaws.com/us-east-1%3Ab7867930-59cf-4ae9-82b5-af22044d2d76/br/ce/quixada/zona-0006/a4ce026a9cb311f5111b59f81f03d86d.jpg", "https://vocefiscal-poll-tape-uploads.s3.amazonaws.com/us-east-1%3Ab7867930-59cf-4ae9-82b5-af22044d2d76/br/ce/quixada/zona-0006/a0908c44e47e88d84f6a86c9cff3b323.jpg", "https://vocefiscal-poll-tape-uploads.s3.amazonaws.com/us-east-1%3Ab7867930-59cf-4ae9-82b5-af22044d2d76/br/ce/quixada/zona-0006/c3e1a28d856c3184f2076aca623a3146.jpg", "https://vocefiscal-poll-tape-uploads.s3.amazonaws.com/us-east-1%3Ab7867930-59cf-4ae9-82b5-af22044d2d76/br/ce/quixada/zona-0006/e876a31893ff13121962f88099d746dc.jpg", "https://vocefiscal-poll-tape-uploads.s3.amazonaws.com/us-east-1%3Ab7867930-59cf-4ae9-82b5-af22044d2d76/br/ce/quixada/zona-0006/1b4c2a83f91da5500e954f92303fb51f.jpg", "https://vocefiscal-poll-tape-uploads.s3.amazonaws.com/us-east-1%3Ab7867930-59cf-4ae9-82b5-af22044d2d76/br/ce/quixada/zona-0006/677d4ef9fa4c34d706beb290c8506f5e.jpg", "https://vocefiscal-poll-tape-uploads.s3.amazonaws.com/us-east-1%3Ab7867930-59cf-4ae9-82b5-af22044d2d76/br/ce/quixada/zona-0006/3e4311693881af9bfa1acd896660eca9.jpg", "https://vocefiscal-poll-tape-uploads.s3.amazonaws.com/us-east-1%3Ab7867930-59cf-4ae9-82b5-af22044d2d76/br/ce/quixada/zona-0006/a025ac1aad2757fc50e83e2010b40fdf.jpg", "https://vocefiscal-poll-tape-uploads.s3.amazonaws.com/us-east-1%3Ab7867930-59cf-4ae9-82b5-af22044d2d76/br/ce/quixada/zona-0006/4ab582edf69511a2776d34c51001fb5a.jpg", "https://vocefiscal-poll-tape-uploads.s3.amazonaws.com/us-east-1%3Ab7867930-59cf-4ae9-82b5-af22044d2d76/br/ce/quixada/zona-0006/c0293d6ed29a02f766eb7125b16316fb.jpg", "https://vocefiscal-poll-tape-uploads.s3.amazonaws.com/us-east-1%3Ab7867930-59cf-4ae9-82b5-af22044d2d76/br/ce/quixada/zona-0006/2c8632653385068b0da66dbd94a14c39.jpg", "https://vocefiscal-poll-tape-uploads.s3.amazonaws.com/us-east-1%3Ab7867930-59cf-4ae9-82b5-af22044d2d76/br/ce/quixada/zona-0006/99f59199e4adf20aa0291496a445124b.jpg", "https://vocefiscal-poll-tape-uploads.s3.amazonaws.com/us-east-1%3Ab7867930-59cf-4ae9-82b5-af22044d2d76/br/ce/quixada/zona-0006/90bd3b6af5551660df55d6f7eb717a1a.jpg", "https://vocefiscal-poll-tape-uploads.s3.amazonaws.com/us-east-1%3Ab7867930-59cf-4ae9-82b5-af22044d2d76/br/ce/quixada/zona-0006/e44d4f88fdde25cd5ae1bcbc685edf62.jpg", "https://vocefiscal-poll-tape-uploads.s3.amazonaws.com/us-east-1%3Ab7867930-59cf-4ae9-82b5-af22044d2d76/br/ce/quixada/zona-0006/88512a7714d768f2841dc646c56f5014.jpg", "https://vocefiscal-poll-tape-uploads.s3.amazonaws.com/us-east-1%3Ab7867930-59cf-4ae9-82b5-af22044d2d76/br/ce/quixada/zona-0006/dd06e1db6d49df96962f4b069dc3307c.jpg", "https://vocefiscal-poll-tape-uploads.s3.amazonaws.com/us-east-1%3Ab7867930-59cf-4ae9-82b5-af22044d2d76/br/ce/quixada/zona-0006/a912f05d92302f217a7a83f780f768da.jpg", "https://vocefiscal-poll-tape-uploads.s3.amazonaws.com/us-east-1%3Ab7867930-59cf-4ae9-82b5-af22044d2d76/br/ce/quixada/zona-0006/9f8a8c07abe7d90175fc926bc60ab9ff.jpg", "https://vocefiscal-poll-tape-uploads.s3.amazonaws.com/us-east-1%3Ab7867930-59cf-4ae9-82b5-af22044d2d76/br/ce/quixada/zona-0006/1bb4d40ed6708d2f96e29ea9cb503311.jpg", "https://vocefiscal-poll-tape-uploads.s3.amazonaws.com/us-east-1%3Ab7867930-59cf-4ae9-82b5-af22044d2d76/br/ce/quixada/zona-0006/f3e8040b4d830397d0dfce2f634c6b9a.jpg", "https://vocefiscal-poll-tape-uploads.s3.amazonaws.com/us-east-1%3Ab7867930-59cf-4ae9-82b5-af22044d2d76/br/ce/quixada/zona-0006/37071a09c8a632ea1040ffab071d5cdc.jpg", "https://vocefiscal-poll-tape-uploads.s3.amazonaws.com/us-east-1%3Ab7867930-59cf-4ae9-82b5-af22044d2d76/br/ce/quixada/zona-0006/cbc4143a8f0d7c2e49d48cce3450cb24.jpg", "https://vocefiscal-poll-tape-uploads.s3.amazonaws.com/us-east-1%3Ab7867930-59cf-4ae9-82b5-af22044d2d76/br/ce/quixada/zona-0006/45c0d0c8c912836d217d04e0feeeee2d.jpg", "https://vocefiscal-poll-tape-uploads.s3.amazonaws.com/us-east-1%3Ab7867930-59cf-4ae9-82b5-af22044d2d76/br/ce/quixada/zona-0006/a163a2512e63599e943b0b68b08a0a99.jpg", "https://vocefiscal-poll-tape-uploads.s3.amazonaws.com/us-east-1%3Ab7867930-59cf-4ae9-82b5-af22044d2d76/br/ce/quixada/zona-0006/d0a9f287a30fb7c7593d925d7783a752.jpg", "https://vocefiscal-poll-tape-uploads.s3.amazonaws.com/us-east-1%3Ab7867930-59cf-4ae9-82b5-af22044d2d76/br/ce/quixada/zona-0006/76773a8d49083aea2dcba76d46d966ce.jpg", "https://vocefiscal-poll-tape-uploads.s3.amazonaws.com/us-east-1%3Ab7867930-59cf-4ae9-82b5-af22044d2d76/br/ce/quixada/zona-0006/79d7f062879eea9f78e1e5407e2d821b.jpg", "https://vocefiscal-poll-tape-uploads.s3.amazonaws.com/us-east-1%3Ab7867930-59cf-4ae9-82b5-af22044d2d76/br/ce/quixada/zona-0006/374b5f5c6575842ad6500f29e77a3fc4.jpg", "https://vocefiscal-poll-tape-uploads.s3.amazonaws.com/us-east-1%3Ab7867930-59cf-4ae9-82b5-af22044d2d76/br/ce/quixada/zona-0006/4d04d9e272e7e6f392026aed1c43cc98.jpg", "https://vocefiscal-poll-tape-uploads.s3.amazonaws.com/us-east-1%3Ab7867930-59cf-4ae9-82b5-af22044d2d76/br/ce/quixada/zona-0006/da22d2c4ab0024385973b8b13699667c.jpg", "https://vocefiscal-poll-tape-uploads.s3.amazonaws.com/us-east-1%3Ab7867930-59cf-4ae9-82b5-af22044d2d76/br/ce/quixada/zona-0006/9a706d5dd4de7c1736f3834d00497fba.jpg"], "zonaEleitoral": "0006", "localDaVotacao": "2518"}