{"estado": "PA", "localDaVotacao": "1147", "municipio": "BEL\u00c9M", "pictureURLList": ["https://vocefiscal-poll-tape-uploads.s3.amazonaws.com/us-east-1%3Aa9e8e266-fa61-4c86-bd8f-63181ec2a1cc/br/pa/belem/zona-0095/dba61f29f6087e5aa8c52ad2b1b99a4a.jpg", "https://vocefiscal-poll-tape-uploads.s3.amazonaws.com/us-east-1%3Aa9e8e266-fa61-4c86-bd8f-63181ec2a1cc/br/pa/belem/zona-0095/e97208ff1e222008d860d24eed70332.jpg", "https://vocefiscal-poll-tape-uploads.s3.amazonaws.com/us-east-1%3Aa9e8e266-fa61-4c86-bd8f-63181ec2a1cc/br/pa/belem/zona-0095/2523eea44bb4bace18bcebfbf6430a11.jpg", "https://vocefiscal-poll-tape-uploads.s3.amazonaws.com/us-east-1%3Aa9e8e266-fa61-4c86-bd8f-63181ec2a1cc/br/pa/belem/zona-0095/85d856c5c102ccb8848ed15146a02199.jpg"], "data": 1414365022100, "secaoEleitoral": "0167", "zonaEleitoral": "0095"}