{"estado": "PA", "municipio": "BEL\u00c9M", "pictureURLList": ["https://vocefiscal-poll-tape-uploads.s3.amazonaws.com/us-east-1%3A23a8ca46-7d2c-49e9-ae44-554b8aecd756/br/pa/belem/zona-0001/64c215e7678a8200694474e245cff604.jpg", "https://vocefiscal-poll-tape-uploads.s3.amazonaws.com/us-east-1%3A23a8ca46-7d2c-49e9-ae44-554b8aecd756/br/pa/belem/zona-0001/12d038a5bdbf70d614aafca76b2bd8dc.jpg", "https://vocefiscal-poll-tape-uploads.s3.amazonaws.com/us-east-1%3A23a8ca46-7d2c-49e9-ae44-554b8aecd756/br/pa/belem/zona-0001/9cc895e2c1ae58b8312670f167b20d18.jpg", "https://vocefiscal-poll-tape-uploads.s3.amazonaws.com/us-east-1%3A23a8ca46-7d2c-49e9-ae44-554b8aecd756/br/pa/belem/zona-0001/48cb6632d87dc89b2fef4d056be7ae64.jpg"], "data": 1414354689556, "secaoEleitoral": "0279", "zonaEleitoral": "0001"}