{"zonaEleitoral": "0006", "estado": "BA", "data": 1414354104439, "municipio": "SALVADOR", "pictureURLList": ["https://vocefiscal-poll-tape-uploads.s3.amazonaws.com/us-east-1%3A0da724e5-38cd-4966-9cc4-dc2c6d163a32/br/ba/salvador/zona-0006/dc96b709c2c44bd3e5c349f2fca1e5a.jpg", "https://vocefiscal-poll-tape-uploads.s3.amazonaws.com/us-east-1%3A0da724e5-38cd-4966-9cc4-dc2c6d163a32/br/ba/salvador/zona-0006/d87df79981cc1c4e4a9b627ed3a262e4.jpg", "https://vocefiscal-poll-tape-uploads.s3.amazonaws.com/us-east-1%3A0da724e5-38cd-4966-9cc4-dc2c6d163a32/br/ba/salvador/zona-0006/5fd3405087999dddc354f422377d0d02.jpg", "https://vocefiscal-poll-tape-uploads.s3.amazonaws.com/us-east-1%3A0da724e5-38cd-4966-9cc4-dc2c6d163a32/br/ba/salvador/zona-0006/d7b58164cb70a46c4c5f556c25cc0e94.jpg"], "secaoEleitoral": "0114"}