{"pictureURLList": ["https://vocefiscal-poll-tape-uploads.s3.amazonaws.com/us-east-1%3Ade77bf21-109a-4441-9d9a-87a548537a97/br/ce/itapipoca/zona-0017/d5dd6610e9dff30a9faf7a77306efbb5.jpg", "https://vocefiscal-poll-tape-uploads.s3.amazonaws.com/us-east-1%3Ade77bf21-109a-4441-9d9a-87a548537a97/br/ce/itapipoca/zona-0017/7365e1a0e0c7033c87d1cecaa5b20cb7.jpg", "https://vocefiscal-poll-tape-uploads.s3.amazonaws.com/us-east-1%3Ade77bf21-109a-4441-9d9a-87a548537a97/br/ce/itapipoca/zona-0017/9617c276830f9313d258b65503da937d.jpg", "https://vocefiscal-poll-tape-uploads.s3.amazonaws.com/us-east-1%3Ade77bf21-109a-4441-9d9a-87a548537a97/br/ce/itapipoca/zona-0017/26df4f6cd135a34350a7e21a236f1bcc.jpg"], "data": 1414350539282, "estado": "CE", "municipio": "ITAPIPOCA", "zonaEleitoral": "0017", "localDaVotacao": "1031", "secaoEleitoral": "0005"}