{"municipio": "SALVADOR", "secaoEleitoral": "0150", "data": 1412542317154, "pictureURLList": ["https://vocefiscal-poll-tape-uploads.s3.amazonaws.com/us-east-1%3A959469c9-9c3d-4805-a537-c1e5e3c97bd9/br/sp/campinas/zona-0013/d875513d515cecbd06cb698c0cf2eca7.jpg", "https://vocefiscal-poll-tape-uploads.s3.amazonaws.com/us-east-1%3A959469c9-9c3d-4805-a537-c1e5e3c97bd9/br/sp/campinas/zona-0013/89f04d25da154c4e1a512e8d80bcd52f.jpg", "https://vocefiscal-poll-tape-uploads.s3.amazonaws.com/us-east-1%3A959469c9-9c3d-4805-a537-c1e5e3c97bd9/br/sp/campinas/zona-0013/c339e707150f0b15ae0bdffcbb113e30.jpg", "https://vocefiscal-poll-tape-uploads.s3.amazonaws.com/us-east-1%3A959469c9-9c3d-4805-a537-c1e5e3c97bd9/br/sp/campinas/zona-0013/a4bd333ed5051eda73fb4daaa2aa7f2f.jpg", "https://vocefiscal-poll-tape-uploads.s3.amazonaws.com/us-east-1%3A959469c9-9c3d-4805-a537-c1e5e3c97bd9/br/sp/campinas/zona-0013/2c331cc31dc6412628a7eff2d0a63641.jpg", "https://vocefiscal-poll-tape-uploads.s3.amazonaws.com/us-east-1%3A959469c9-9c3d-4805-a537-c1e5e3c97bd9/br/sp/campinas/zona-0013/4ffac402bdcf2ed14af767a63f243ae9.jpg", "https://vocefiscal-poll-tape-uploads.s3.amazonaws.com/us-east-1%3A959469c9-9c3d-4805-a537-c1e5e3c97bd9/br/sp/campinas/zona-0013/d2f96d9d157597b96aa74373bc2537b.jpg", "https://vocefiscal-poll-tape-uploads.s3.amazonaws.com/us-east-1%3A959469c9-9c3d-4805-a537-c1e5e3c97bd9/br/sp/campinas/zona-0013/b3b6e7c612ecf399725a2224c8a8cb6e.jpg", "https://vocefiscal-poll-tape-uploads.s3.amazonaws.com/us-east-1%3A959469c9-9c3d-4805-a537-c1e5e3c97bd9/br/sp/campinas/zona-0013/e5bb06c5c9d011acaea2c35ed56fad42.jpg", "https://vocefiscal-poll-tape-uploads.s3.amazonaws.com/us-east-1%3A959469c9-9c3d-4805-a537-c1e5e3c97bd9/br/sp/campinas/zona-0013/ea35b43a259780a8e2220737e7c8654b.jpg", "https://vocefiscal-poll-tape-uploads.s3.amazonaws.com/us-east-1%3A959469c9-9c3d-4805-a537-c1e5e3c97bd9/br/sp/campinas/zona-0013/8b2ce3f2eae06e9f9aefd50be1e5e246.jpg", "https://vocefiscal-poll-tape-uploads.s3.amazonaws.com/us-east-1%3A959469c9-9c3d-4805-a537-c1e5e3c97bd9/br/sp/campinas/zona-0013/3841ae88d7bc7f2fe5dc0713b81aef5a.jpg", "https://vocefiscal-poll-tape-uploads.s3.amazonaws.com/us-east-1%3A959469c9-9c3d-4805-a537-c1e5e3c97bd9/br/sp/campinas/zona-0013/eab5f2629caa621c74881a29bd19d187.jpg", "https://vocefiscal-poll-tape-uploads.s3.amazonaws.com/us-east-1%3A959469c9-9c3d-4805-a537-c1e5e3c97bd9/br/sp/campinas/zona-0013/997b8d5f150c3c2cd55bc9d28863bb37.jpg", "https://vocefiscal-poll-tape-uploads.s3.amazonaws.com/us-east-1%3A959469c9-9c3d-4805-a537-c1e5e3c97bd9/br/sp/campinas/zona-0013/d23f57606b5e166dd003bf8ef73457ad.jpg", "https://vocefiscal-poll-tape-uploads.s3.amazonaws.com/us-east-1%3A959469c9-9c3d-4805-a537-c1e5e3c97bd9/br/sp/campinas/zona-0013/f7406bd7381207b4c5cb94b9ce78c4c1.jpg", "https://vocefiscal-poll-tape-uploads.s3.amazonaws.com/us-east-1%3A959469c9-9c3d-4805-a537-c1e5e3c97bd9/br/sp/campinas/zona-0013/c8856b99d054fd58bb895a55b2d7ba58.jpg", "https://vocefiscal-poll-tape-uploads.s3.amazonaws.com/us-east-1%3A959469c9-9c3d-4805-a537-c1e5e3c97bd9/br/sp/campinas/zona-0013/95417d4855d2ba696399eadabf45380b.jpg", "https://vocefiscal-poll-tape-uploads.s3.amazonaws.com/us-east-1%3A959469c9-9c3d-4805-a537-c1e5e3c97bd9/br/sp/campinas/zona-0013/f3e8b6e7b2cd6ebd89540dcc0590f17a.jpg", "https://vocefiscal-poll-tape-uploads.s3.amazonaws.com/us-east-1%3A959469c9-9c3d-4805-a537-c1e5e3c97bd9/br/sp/campinas/zona-0013/28fb4ab11256435a6c55249b8b1b8929.jpg", "https://vocefiscal-poll-tape-uploads.s3.amazonaws.com/us-east-1%3A959469c9-9c3d-4805-a537-c1e5e3c97bd9/br/sp/campinas/zona-0013/974f0272250246d370676ab724cac849.jpg", "https://vocefiscal-poll-tape-uploads.s3.amazonaws.com/us-east-1%3A959469c9-9c3d-4805-a537-c1e5e3c97bd9/br/sp/campinas/zona-0013/4503c52286fbed83d69a980f2373859a.jpg", "https://vocefiscal-poll-tape-uploads.s3.amazonaws.com/us-east-1%3A959469c9-9c3d-4805-a537-c1e5e3c97bd9/br/sp/campinas/zona-0013/698d43be36f06f6cb9012bca04f89622.jpg", "https://vocefiscal-poll-tape-uploads.s3.amazonaws.com/us-east-1%3A959469c9-9c3d-4805-a537-c1e5e3c97bd9/br/sp/campinas/zona-0013/40a0e4f68c7e4533116760314d5460ae.jpg", "https://vocefiscal-poll-tape-uploads.s3.amazonaws.com/us-east-1%3A959469c9-9c3d-4805-a537-c1e5e3c97bd9/br/sp/campinas/zona-0013/2ba47e86d97c936d1c5718b71271f1d.jpg"], "zonaEleitoral": "0013", "estado": "BA", "localDaVotacao": "1023"}