{"pictureURLList": ["https://vocefiscal-poll-tape-uploads.s3.amazonaws.com/us-east-1%3A08867ccc-2711-491d-b9b1-05b93656004e/br/ce/fortaleza/zona-0113/653e7aa7e9f850f246f09d2610ebfd2e.jpg", "https://vocefiscal-poll-tape-uploads.s3.amazonaws.com/us-east-1%3A08867ccc-2711-491d-b9b1-05b93656004e/br/ce/fortaleza/zona-0113/d0654928a57c60444ad8daac2f86041c.jpg", "https://vocefiscal-poll-tape-uploads.s3.amazonaws.com/us-east-1%3A08867ccc-2711-491d-b9b1-05b93656004e/br/ce/fortaleza/zona-0113/77dde45bd6d1e71d7d28f61fc76c1cf8.jpg", "https://vocefiscal-poll-tape-uploads.s3.amazonaws.com/us-east-1%3A08867ccc-2711-491d-b9b1-05b93656004e/br/ce/fortaleza/zona-0113/7fdfd8bd33c0114d23b90604531a4cd0.jpg"], "data": 1414354381580, "estado": "CE", "municipio": "FORTALEZA", "zonaEleitoral": "0113", "localDaVotacao": "1120", "secaoEleitoral": "0115"}