{"zonaEleitoral": "0013", "pictureURLList": ["https://vocefiscal-poll-tape-uploads.s3.amazonaws.com/us-east-1%3Ad96b8a65-d164-40fb-8de4-fa8837732f7d/br/ba/salvador/zona-0013/98fc5e2e9de7b38eb2334d68f943eca0.jpg", "https://vocefiscal-poll-tape-uploads.s3.amazonaws.com/us-east-1%3Ad96b8a65-d164-40fb-8de4-fa8837732f7d/br/ba/salvador/zona-0013/89e768ed00250ee6c60b84d62a766532.jpg", "https://vocefiscal-poll-tape-uploads.s3.amazonaws.com/us-east-1%3Ad96b8a65-d164-40fb-8de4-fa8837732f7d/br/ba/salvador/zona-0013/c586d008496ed6323631a08558fb78e3.jpg"], "estado": "BA", "data": 1414355386691, "municipio": "SALVADOR", "localDaVotacao": "1058", "secaoEleitoral": "0179"}