{"estado": "PA", "localDaVotacao": "1040", "municipio": "PARAUAPEBAS", "pictureURLList": ["https://vocefiscal-poll-tape-uploads.s3.amazonaws.com/us-east-1%3Ad15812b7-3bc5-44d1-baca-60f6241c641c/br/pa/parauapebas/zona-0075/56c9b1e95f67b97695f53fc60bd91947.jpg", "https://vocefiscal-poll-tape-uploads.s3.amazonaws.com/us-east-1%3Ad15812b7-3bc5-44d1-baca-60f6241c641c/br/pa/parauapebas/zona-0075/d8fbcf06995bb99da68ee6353e33fc00.jpg", "https://vocefiscal-poll-tape-uploads.s3.amazonaws.com/us-east-1%3Ad15812b7-3bc5-44d1-baca-60f6241c641c/br/pa/parauapebas/zona-0075/7a6f763a90d3c2d203c5b32485a3490f.jpg", "https://vocefiscal-poll-tape-uploads.s3.amazonaws.com/us-east-1%3Ad15812b7-3bc5-44d1-baca-60f6241c641c/br/pa/parauapebas/zona-0075/477092d8a62ee4b03ffd133e0c0ed363.jpg", "https://vocefiscal-poll-tape-uploads.s3.amazonaws.com/us-east-1%3Ad15812b7-3bc5-44d1-baca-60f6241c641c/br/pa/parauapebas/zona-0075/156ebac464020bf4a2bf5a2e3a37063c.jpg", "https://vocefiscal-poll-tape-uploads.s3.amazonaws.com/us-east-1%3Ad15812b7-3bc5-44d1-baca-60f6241c641c/br/pa/parauapebas/zona-0075/48668d00be3a495062448fdc6a9e2aef.jpg"], "data": 1414355481742, "secaoEleitoral": "0054", "zonaEleitoral": "0075"}