{"pictureURLList": ["https://vocefiscal-poll-tape-uploads.s3.amazonaws.com/us-east-1%3A75585a30-2522-49d2-83ac-271b269264c9/br/ce/russas/zona-0009/90e94ebaff767dd2b9dc3c37eccd27e7.jpg", "https://vocefiscal-poll-tape-uploads.s3.amazonaws.com/us-east-1%3A75585a30-2522-49d2-83ac-271b269264c9/br/ce/russas/zona-0009/49f4114da65551047d2b0eea4068a004.jpg", "https://vocefiscal-poll-tape-uploads.s3.amazonaws.com/us-east-1%3A75585a30-2522-49d2-83ac-271b269264c9/br/ce/russas/zona-0009/2d0d3e67c29b30cd58e2f79c1938cee4.jpg", "https://vocefiscal-poll-tape-uploads.s3.amazonaws.com/us-east-1%3A75585a30-2522-49d2-83ac-271b269264c9/br/ce/russas/zona-0009/48e1109ab6c429cc0e1d07530cb74ae3.jpg", "https://vocefiscal-poll-tape-uploads.s3.amazonaws.com/us-east-1%3A75585a30-2522-49d2-83ac-271b269264c9/br/ce/russas/zona-0009/a5a4c9220f56c66312407aed1981876f.jpg"], "data": 1414355023122, "estado": "CE", "municipio": "RUSSAS", "zonaEleitoral": "0009", "secaoEleitoral": "0217"}