{"pictureURLList": ["https://vocefiscal-poll-tape-uploads.s3.amazonaws.com/us-east-1%3A0668b6c0-32ed-411c-b238-41fd9c5a6bbb/br/ce/fortaleza/zona-0118/eeee3f8ef1741aa2b6e0dbee3a8f5cad.jpg", "https://vocefiscal-poll-tape-uploads.s3.amazonaws.com/us-east-1%3A0668b6c0-32ed-411c-b238-41fd9c5a6bbb/br/ce/fortaleza/zona-0118/ae2b17ba3f4787d7b685dea53b0db7a7.jpg", "https://vocefiscal-poll-tape-uploads.s3.amazonaws.com/us-east-1%3A0668b6c0-32ed-411c-b238-41fd9c5a6bbb/br/ce/fortaleza/zona-0118/964eacb95b7a4ece9c157ff50e2608ee.jpg"], "data": 1414354519173, "estado": "CE", "municipio": "FORTALEZA", "zonaEleitoral": "0118", "secaoEleitoral": "0348"}