{"pictureURLList": ["https://vocefiscal-poll-tape-uploads.s3.amazonaws.com/us-east-1%3A694bfc6d-fc3c-4050-9d91-a4b562543ea3/br/ce/fortaleza/zona-0113/395e38441b0121a260aa960e03a3ea6.jpg", "https://vocefiscal-poll-tape-uploads.s3.amazonaws.com/us-east-1%3A694bfc6d-fc3c-4050-9d91-a4b562543ea3/br/ce/fortaleza/zona-0113/8b0b0a61e51d8aa1b69ab2f4616ae4a7.jpg", "https://vocefiscal-poll-tape-uploads.s3.amazonaws.com/us-east-1%3A694bfc6d-fc3c-4050-9d91-a4b562543ea3/br/ce/fortaleza/zona-0113/e0468d7cdb1da09543354f0e67af85c9.jpg"], "data": 1414355108312, "estado": "CE", "municipio": "FORTALEZA", "zonaEleitoral": "0113", "secaoEleitoral": "0121"}