{"pictureURLList": ["https://vocefiscal-poll-tape-uploads.s3.amazonaws.com/us-east-1%3A45c0f904-affd-4a83-adfc-c002c35d01cf/br/ce/guaiuba/zona-0057/db74894dccde18f9caf10117cbe15015.jpg", "https://vocefiscal-poll-tape-uploads.s3.amazonaws.com/us-east-1%3A45c0f904-affd-4a83-adfc-c002c35d01cf/br/ce/guaiuba/zona-0057/3082d841cfe8ec93bc3214811abe28cc.jpg", "https://vocefiscal-poll-tape-uploads.s3.amazonaws.com/us-east-1%3A45c0f904-affd-4a83-adfc-c002c35d01cf/br/ce/guaiuba/zona-0057/bd25bb78f034b10ede77e111f5200f57.jpg", "https://vocefiscal-poll-tape-uploads.s3.amazonaws.com/us-east-1%3A45c0f904-affd-4a83-adfc-c002c35d01cf/br/ce/guaiuba/zona-0057/5069ad947bbd989f0af59e347a371bd9.jpg"], "data": 1414353046690, "estado": "CE", "municipio": "GUAI\u00daBA", "zonaEleitoral": "0057", "localDaVotacao": "1228", "secaoEleitoral": "0127"}