{"pictureURLList": ["https://vocefiscal-poll-tape-uploads.s3.amazonaws.com/us-east-1%3A7d18ee67-7e00-48eb-a177-69d05d847831/br/ce/fortaleza/zona-0587/e1b14a0ab86652be768269a73ea31050.jpg", "https://vocefiscal-poll-tape-uploads.s3.amazonaws.com/us-east-1%3A7d18ee67-7e00-48eb-a177-69d05d847831/br/ce/fortaleza/zona-0587/5c4f728dec7ecc51602ccce8ef35bc9b.jpg", "https://vocefiscal-poll-tape-uploads.s3.amazonaws.com/us-east-1%3A7d18ee67-7e00-48eb-a177-69d05d847831/br/ce/fortaleza/zona-0587/220f84d07fe5e8c9b1e91ca846612cd3.jpg", "https://vocefiscal-poll-tape-uploads.s3.amazonaws.com/us-east-1%3A7d18ee67-7e00-48eb-a177-69d05d847831/br/ce/fortaleza/zona-0587/2b00fab1898a8ed65809c8b42399c88e.jpg", "https://vocefiscal-poll-tape-uploads.s3.amazonaws.com/us-east-1%3A7d18ee67-7e00-48eb-a177-69d05d847831/br/ce/fortaleza/zona-0587/aba735fa71aba44ed3a19bd056f15209.jpg", "https://vocefiscal-poll-tape-uploads.s3.amazonaws.com/us-east-1%3A7d18ee67-7e00-48eb-a177-69d05d847831/br/ce/fortaleza/zona-0587/ceb98501a6ac2d9841df78234afbb1c2.jpg", "https://vocefiscal-poll-tape-uploads.s3.amazonaws.com/us-east-1%3A7d18ee67-7e00-48eb-a177-69d05d847831/br/ce/fortaleza/zona-0587/f2ea5cc180b9d3bc46e61c990668d5cb.jpg", "https://vocefiscal-poll-tape-uploads.s3.amazonaws.com/us-east-1%3A7d18ee67-7e00-48eb-a177-69d05d847831/br/ce/fortaleza/zona-0587/84cefb6571d5743338aa4b62efaec547.jpg", "https://vocefiscal-poll-tape-uploads.s3.amazonaws.com/us-east-1%3A7d18ee67-7e00-48eb-a177-69d05d847831/br/ce/fortaleza/zona-0587/ab9541de021d6a6eed75e16eb65d2739.jpg", "https://vocefiscal-poll-tape-uploads.s3.amazonaws.com/us-east-1%3A7d18ee67-7e00-48eb-a177-69d05d847831/br/ce/fortaleza/zona-0587/5a0e534444aa1e0091b3a286b9fd3e4b.jpg", "https://vocefiscal-poll-tape-uploads.s3.amazonaws.com/us-east-1%3A7d18ee67-7e00-48eb-a177-69d05d847831/br/ce/fortaleza/zona-0587/7534cccbb1903034948f40c9b3237fec.jpg", "https://vocefiscal-poll-tape-uploads.s3.amazonaws.com/us-east-1%3A7d18ee67-7e00-48eb-a177-69d05d847831/br/ce/fortaleza/zona-0587/53f21a7410e302a236ce7147132cd983.jpg", "https://vocefiscal-poll-tape-uploads.s3.amazonaws.com/us-east-1%3A7d18ee67-7e00-48eb-a177-69d05d847831/br/ce/fortaleza/zona-0587/d74b259f35701773ef6d6942db6cc560.jpg", "https://vocefiscal-poll-tape-uploads.s3.amazonaws.com/us-east-1%3A7d18ee67-7e00-48eb-a177-69d05d847831/br/ce/fortaleza/zona-0587/d64d97cde19f6b773b89a2a8c4eb8a0.jpg"], "data": 1414355040169, "estado": "CE", "municipio": "FORTALEZA", "zonaEleitoral": "0587", "secaoEleitoral": "0002"}