{"pictureURLList": ["https://vocefiscal-poll-tape-uploads.s3.amazonaws.com/us-east-1%3A694bfc6d-fc3c-4050-9d91-a4b562543ea3/br/ce/fortaleza/zona-0113/50a5e760d29020de286b7bb7175a147e.jpg", "https://vocefiscal-poll-tape-uploads.s3.amazonaws.com/us-east-1%3A694bfc6d-fc3c-4050-9d91-a4b562543ea3/br/ce/fortaleza/zona-0113/ed58458e0b0bc60863f26a91a8e3186b.jpg", "https://vocefiscal-poll-tape-uploads.s3.amazonaws.com/us-east-1%3A694bfc6d-fc3c-4050-9d91-a4b562543ea3/br/ce/fortaleza/zona-0113/77aefc889ad2e0719c109bd0fce248bd.jpg"], "data": 1414355000183, "estado": "CE", "municipio": "FORTALEZA", "zonaEleitoral": "0113", "secaoEleitoral": "0118"}