{"pictureURLList": ["https://vocefiscal-poll-tape-uploads.s3.amazonaws.com/us-east-1%3A59f4a8a8-b8a9-493a-aa2f-1c41f1867785/br/ce/fortaleza/zona-0003/a67986dbd915ae11a9a2dddd569b82ed.jpg", "https://vocefiscal-poll-tape-uploads.s3.amazonaws.com/us-east-1%3A59f4a8a8-b8a9-493a-aa2f-1c41f1867785/br/ce/fortaleza/zona-0003/3d3578fb19eb2ea8a587f074e898f1df.jpg", "https://vocefiscal-poll-tape-uploads.s3.amazonaws.com/us-east-1%3A59f4a8a8-b8a9-493a-aa2f-1c41f1867785/br/ce/fortaleza/zona-0003/3d3578fb19eb2ea8a587f074e898f1df.jpg", "https://vocefiscal-poll-tape-uploads.s3.amazonaws.com/us-east-1%3A59f4a8a8-b8a9-493a-aa2f-1c41f1867785/br/ce/fortaleza/zona-0003/49b977358e95d9c971235c4277862b42.jpg", "https://vocefiscal-poll-tape-uploads.s3.amazonaws.com/us-east-1%3A59f4a8a8-b8a9-493a-aa2f-1c41f1867785/br/ce/fortaleza/zona-0003/49b977358e95d9c971235c4277862b42.jpg", "https://vocefiscal-poll-tape-uploads.s3.amazonaws.com/us-east-1%3A59f4a8a8-b8a9-493a-aa2f-1c41f1867785/br/ce/fortaleza/zona-0003/d2a0c034f56457e720395adbf37e7003.jpg", "https://vocefiscal-poll-tape-uploads.s3.amazonaws.com/us-east-1%3A59f4a8a8-b8a9-493a-aa2f-1c41f1867785/br/ce/fortaleza/zona-0003/6bfaabb131c15bf1a27cdaac123019ce.jpg", "https://vocefiscal-poll-tape-uploads.s3.amazonaws.com/us-east-1%3A59f4a8a8-b8a9-493a-aa2f-1c41f1867785/br/ce/fortaleza/zona-0003/356b7e66ac3da9e9ee14ec7bf312ca37.jpg", "https://vocefiscal-poll-tape-uploads.s3.amazonaws.com/us-east-1%3A59f4a8a8-b8a9-493a-aa2f-1c41f1867785/br/ce/fortaleza/zona-0003/8e5f5dba4e0e4f4898a730fa2c11ad91.jpg"], "data": 1414355438660, "estado": "CE", "municipio": "FORTALEZA", "zonaEleitoral": "0003", "localDaVotacao": "2348", "secaoEleitoral": "0429"}