{"pictureURLList": ["https://vocefiscal-poll-tape-uploads.s3.amazonaws.com/us-east-1%3A4f31be2c-deb3-49a7-ab88-af8c09a7d9dc/br/ce/fortaleza/zona-0112/e51c518f4eee69788aba538f6773bf46.jpg", "https://vocefiscal-poll-tape-uploads.s3.amazonaws.com/us-east-1%3A4f31be2c-deb3-49a7-ab88-af8c09a7d9dc/br/ce/fortaleza/zona-0112/ca5490f95b016b0aaece0843f0d74b38.jpg", "https://vocefiscal-poll-tape-uploads.s3.amazonaws.com/us-east-1%3A4f31be2c-deb3-49a7-ab88-af8c09a7d9dc/br/ce/fortaleza/zona-0112/2b8d42a70368f5ae28903c848724dc31.jpg", "https://vocefiscal-poll-tape-uploads.s3.amazonaws.com/us-east-1%3A4f31be2c-deb3-49a7-ab88-af8c09a7d9dc/br/ce/fortaleza/zona-0112/a3dde9f1c58c68bbc1241a3b7ace0db2.jpg"], "data": 1414354497530, "estado": "CE", "municipio": "FORTALEZA", "zonaEleitoral": "0112", "localDaVotacao": "1090", "secaoEleitoral": "0039"}