{"pictureURLList": ["https://vocefiscal-poll-tape-uploads.s3.amazonaws.com/us-east-1%3A0668b6c0-32ed-411c-b238-41fd9c5a6bbb/br/ce/fortaleza/zona-0118/f37355b2eddc25441dba7e86fe372119.jpg", "https://vocefiscal-poll-tape-uploads.s3.amazonaws.com/us-east-1%3A0668b6c0-32ed-411c-b238-41fd9c5a6bbb/br/ce/fortaleza/zona-0118/13fdab4b3b843517d5c89d1b4c63a2f6.jpg", "https://vocefiscal-poll-tape-uploads.s3.amazonaws.com/us-east-1%3A0668b6c0-32ed-411c-b238-41fd9c5a6bbb/br/ce/fortaleza/zona-0118/20e3023b359a89f6a8acb90f2fb842be.jpg"], "data": 1414354305613, "estado": "CE", "municipio": "FORTALEZA", "zonaEleitoral": "0118", "secaoEleitoral": "0239"}