{"pictureURLList": ["https://vocefiscal-poll-tape-uploads.s3.amazonaws.com/us-east-1%3A7d18ee67-7e00-48eb-a177-69d05d847831/br/ce/fortaleza/zona-0591/c92a2924ef588f138361d07e0cdcf349.jpg", "https://vocefiscal-poll-tape-uploads.s3.amazonaws.com/us-east-1%3A7d18ee67-7e00-48eb-a177-69d05d847831/br/ce/fortaleza/zona-0591/bfa6215e4471364b7e5cd66d6c08cdc4.jpg", "https://vocefiscal-poll-tape-uploads.s3.amazonaws.com/us-east-1%3A7d18ee67-7e00-48eb-a177-69d05d847831/br/ce/fortaleza/zona-0591/e5833f7abae9b628bc0d55cdc0717b57.jpg", "https://vocefiscal-poll-tape-uploads.s3.amazonaws.com/us-east-1%3A7d18ee67-7e00-48eb-a177-69d05d847831/br/ce/fortaleza/zona-0591/7a2bfd3468a62506d3e94c93cfb7f176.jpg", "https://vocefiscal-poll-tape-uploads.s3.amazonaws.com/us-east-1%3A7d18ee67-7e00-48eb-a177-69d05d847831/br/ce/fortaleza/zona-0591/d61bb935886a2693cb7c959ad5723598.jpg", "https://vocefiscal-poll-tape-uploads.s3.amazonaws.com/us-east-1%3A7d18ee67-7e00-48eb-a177-69d05d847831/br/ce/fortaleza/zona-0591/66ef62dcafc56ffa3a528a3409ff4f3d.jpg"], "data": 1414354618095, "estado": "CE", "municipio": "FORTALEZA", "zonaEleitoral": "0591", "secaoEleitoral": "0002"}