{"pictureURLList": ["https://vocefiscal-poll-tape-uploads.s3.amazonaws.com/us-east-1%3A59f4a8a8-b8a9-493a-aa2f-1c41f1867785/br/ce/fortaleza/zona-0003/277fcabf9ceb45254df673fd8b93de4.jpg", "https://vocefiscal-poll-tape-uploads.s3.amazonaws.com/us-east-1%3A59f4a8a8-b8a9-493a-aa2f-1c41f1867785/br/ce/fortaleza/zona-0003/277fcabf9ceb45254df673fd8b93de4.jpg", "https://vocefiscal-poll-tape-uploads.s3.amazonaws.com/us-east-1%3A59f4a8a8-b8a9-493a-aa2f-1c41f1867785/br/ce/fortaleza/zona-0003/739f626fa9bd0a7c75b3f421cc5319e4.jpg", "https://vocefiscal-poll-tape-uploads.s3.amazonaws.com/us-east-1%3A59f4a8a8-b8a9-493a-aa2f-1c41f1867785/br/ce/fortaleza/zona-0003/739f626fa9bd0a7c75b3f421cc5319e4.jpg", "https://vocefiscal-poll-tape-uploads.s3.amazonaws.com/us-east-1%3A59f4a8a8-b8a9-493a-aa2f-1c41f1867785/br/ce/fortaleza/zona-0003/1046246cb55d67d8b30c934ceed9589f.jpg", "https://vocefiscal-poll-tape-uploads.s3.amazonaws.com/us-east-1%3A59f4a8a8-b8a9-493a-aa2f-1c41f1867785/br/ce/fortaleza/zona-0003/1046246cb55d67d8b30c934ceed9589f.jpg", "https://vocefiscal-poll-tape-uploads.s3.amazonaws.com/us-east-1%3A59f4a8a8-b8a9-493a-aa2f-1c41f1867785/br/ce/fortaleza/zona-0003/e73d160063ed5aa540fc540e4340f360.jpg", "https://vocefiscal-poll-tape-uploads.s3.amazonaws.com/us-east-1%3A59f4a8a8-b8a9-493a-aa2f-1c41f1867785/br/ce/fortaleza/zona-0003/f945d6007460b66d1a5935ff5ec1bd43.jpg", "https://vocefiscal-poll-tape-uploads.s3.amazonaws.com/us-east-1%3A59f4a8a8-b8a9-493a-aa2f-1c41f1867785/br/ce/fortaleza/zona-0003/e73d160063ed5aa540fc540e4340f360.jpg", "https://vocefiscal-poll-tape-uploads.s3.amazonaws.com/us-east-1%3A59f4a8a8-b8a9-493a-aa2f-1c41f1867785/br/ce/fortaleza/zona-0003/34dd11b1191d4205d3194633e3bcdef4.jpg", "https://vocefiscal-poll-tape-uploads.s3.amazonaws.com/us-east-1%3A59f4a8a8-b8a9-493a-aa2f-1c41f1867785/br/ce/fortaleza/zona-0003/7026a1e5286da1f1ef8c9d2f5c23def3.jpg"], "data": 1414354749289, "estado": "CE", "municipio": "FORTALEZA", "zonaEleitoral": "0003", "localDaVotacao": "2348", "secaoEleitoral": "0426"}