{"zonaEleitoral": "0142", "pictureURLList": ["https://vocefiscal-poll-tape-uploads.s3.amazonaws.com/us-east-1%3A37293f98-6046-4494-8836-bbd91eb27d72/br/ba/cruz-das-almas/zona-0142/7dde15d98f34a6c9e602b7814d4a386.jpg", "https://vocefiscal-poll-tape-uploads.s3.amazonaws.com/us-east-1%3A37293f98-6046-4494-8836-bbd91eb27d72/br/ba/cruz-das-almas/zona-0142/5ba8e5284f7e30b1e0931c5190578242.jpg"], "estado": "BA", "data": 1414351907702, "municipio": "CRUZ DAS ALMAS", "localDaVotacao": "1090", "secaoEleitoral": "0104"}