{"data": 1412595205375, "pictureURLList": ["https://vocefiscal-poll-tape-uploads.s3.amazonaws.com/us-east-1%3A65974b8a-405e-4889-aca9-bf140d785991/br/ba/salvador/zona-0007/ab722d49e852eaf22bd3f4a40d6bb110.jpg", "https://vocefiscal-poll-tape-uploads.s3.amazonaws.com/us-east-1%3A65974b8a-405e-4889-aca9-bf140d785991/br/ba/salvador/zona-0007/6ff09bfc7f9287011eb58d0c273877c6.jpg", "https://vocefiscal-poll-tape-uploads.s3.amazonaws.com/us-east-1%3A65974b8a-405e-4889-aca9-bf140d785991/br/ba/salvador/zona-0007/82c72128bd3f6de8046c9b268d117f89.jpg", "https://vocefiscal-poll-tape-uploads.s3.amazonaws.com/us-east-1%3A65974b8a-405e-4889-aca9-bf140d785991/br/ba/salvador/zona-0007/f5ee73c15a9e94ceee8c59f88af56301.jpg", "https://vocefiscal-poll-tape-uploads.s3.amazonaws.com/us-east-1%3A65974b8a-405e-4889-aca9-bf140d785991/br/ba/salvador/zona-0007/e5bd55c42492edc39840fd180ef4da76.jpg", "https://vocefiscal-poll-tape-uploads.s3.amazonaws.com/us-east-1%3A65974b8a-405e-4889-aca9-bf140d785991/br/ba/salvador/zona-0007/f2e17ee59dc12947f9af5d832b31a74.jpg", "https://vocefiscal-poll-tape-uploads.s3.amazonaws.com/us-east-1%3A65974b8a-405e-4889-aca9-bf140d785991/br/ba/salvador/zona-0007/5b07c9a7ba921862eda360c7e7b666eb.jpg", "https://vocefiscal-poll-tape-uploads.s3.amazonaws.com/us-east-1%3A65974b8a-405e-4889-aca9-bf140d785991/br/ba/salvador/zona-0007/884aa03a73cb5b7dc201bd5e2ed25485.jpg", "https://vocefiscal-poll-tape-uploads.s3.amazonaws.com/us-east-1%3A65974b8a-405e-4889-aca9-bf140d785991/br/ba/salvador/zona-0007/fb8e2b1e8210dbf299cbad07d00ac911.jpg", "https://vocefiscal-poll-tape-uploads.s3.amazonaws.com/us-east-1%3A65974b8a-405e-4889-aca9-bf140d785991/br/ba/salvador/zona-0007/4ada364a4df77cd8a2587e5e14bdd973.jpg", "https://vocefiscal-poll-tape-uploads.s3.amazonaws.com/us-east-1%3A65974b8a-405e-4889-aca9-bf140d785991/br/ba/salvador/zona-0007/4b373365ecf78fbf2a2fef5509ec8b9c.jpg", "https://vocefiscal-poll-tape-uploads.s3.amazonaws.com/us-east-1%3A65974b8a-405e-4889-aca9-bf140d785991/br/ba/salvador/zona-0007/310a5dd34c2b119f01165c233dbdd22.jpg", "https://vocefiscal-poll-tape-uploads.s3.amazonaws.com/us-east-1%3A65974b8a-405e-4889-aca9-bf140d785991/br/ba/salvador/zona-0007/d36076caa5c90cbd3e0339862f252b9d.jpg", "https://vocefiscal-poll-tape-uploads.s3.amazonaws.com/us-east-1%3A65974b8a-405e-4889-aca9-bf140d785991/br/ba/salvador/zona-0007/804dc84e3a320a463cf037b50d9744e1.jpg", "https://vocefiscal-poll-tape-uploads.s3.amazonaws.com/us-east-1%3A65974b8a-405e-4889-aca9-bf140d785991/br/ba/salvador/zona-0007/41b9072988ff0b5cc8ffdef2be69d3c5.jpg", "https://vocefiscal-poll-tape-uploads.s3.amazonaws.com/us-east-1%3A65974b8a-405e-4889-aca9-bf140d785991/br/ba/salvador/zona-0007/c42d84ca96478a92f3180bbadfd0a20c.jpg", "https://vocefiscal-poll-tape-uploads.s3.amazonaws.com/us-east-1%3A65974b8a-405e-4889-aca9-bf140d785991/br/ba/salvador/zona-0007/3eee18b9c5d359eed5845263b17394.jpg", "https://vocefiscal-poll-tape-uploads.s3.amazonaws.com/us-east-1%3A65974b8a-405e-4889-aca9-bf140d785991/br/ba/salvador/zona-0007/f51650ef588d3736e54df28402408e8d.jpg", "https://vocefiscal-poll-tape-uploads.s3.amazonaws.com/us-east-1%3A65974b8a-405e-4889-aca9-bf140d785991/br/ba/salvador/zona-0007/feafdb16d0da43fc893706a8cafcafcd.jpg", "https://vocefiscal-poll-tape-uploads.s3.amazonaws.com/us-east-1%3A65974b8a-405e-4889-aca9-bf140d785991/br/ba/salvador/zona-0007/e284714b78a8a10e80c887e0a575d653.jpg", "https://vocefiscal-poll-tape-uploads.s3.amazonaws.com/us-east-1%3A65974b8a-405e-4889-aca9-bf140d785991/br/ba/salvador/zona-0007/efb301da696babbb40c5292fc11773b8.jpg", "https://vocefiscal-poll-tape-uploads.s3.amazonaws.com/us-east-1%3A65974b8a-405e-4889-aca9-bf140d785991/br/ba/salvador/zona-0007/b0a3e27b8b3e9eff75db0c293b0e2c10.jpg", "https://vocefiscal-poll-tape-uploads.s3.amazonaws.com/us-east-1%3A65974b8a-405e-4889-aca9-bf140d785991/br/ba/salvador/zona-0007/8a0a5d560d9e5a2ee00e292269f0f90d.jpg", "https://vocefiscal-poll-tape-uploads.s3.amazonaws.com/us-east-1%3A65974b8a-405e-4889-aca9-bf140d785991/br/ba/salvador/zona-0007/5c1e19f7f4cc467658104a30088dbd3a.jpg", "https://vocefiscal-poll-tape-uploads.s3.amazonaws.com/us-east-1%3A65974b8a-405e-4889-aca9-bf140d785991/br/ba/salvador/zona-0007/787e09fc4fd62924b4f0ddf7ba758d2d.jpg", "https://vocefiscal-poll-tape-uploads.s3.amazonaws.com/us-east-1%3A65974b8a-405e-4889-aca9-bf140d785991/br/ba/salvador/zona-0007/272b62396cbd0da6373243bccca387d2.jpg", "https://vocefiscal-poll-tape-uploads.s3.amazonaws.com/us-east-1%3A65974b8a-405e-4889-aca9-bf140d785991/br/ba/salvador/zona-0007/dcf956d4744d4f2f9d8faead354ed1d3.jpg", "https://vocefiscal-poll-tape-uploads.s3.amazonaws.com/us-east-1%3A65974b8a-405e-4889-aca9-bf140d785991/br/ba/salvador/zona-0007/d978b542f2259edd29608ac417bd7bfa.jpg", "https://vocefiscal-poll-tape-uploads.s3.amazonaws.com/us-east-1%3A65974b8a-405e-4889-aca9-bf140d785991/br/ba/salvador/zona-0007/8c1abbe6beb57f648c8e736193a1afa2.jpg"], "estado": "BA", "localDaVotacao": "1201", "zonaEleitoral": "0007", "secaoEleitoral": "0064", "municipio": "SALVADOR"}