{"municipio": "BEL\u00c9M", "secaoEleitoral": "0071", "zonaEleitoral": "0001", "estado": "PA", "data": 1412541666140, "pictureURLList": ["https://vocefiscal-poll-tape-uploads.s3.amazonaws.com/us-east-1%3A9230de71-f918-4aa6-9429-3b1e964137ab/br/pa/belem/zona-0001/9e649ebefd8a48e2d10f51c7e8d81792.jpg", "https://vocefiscal-poll-tape-uploads.s3.amazonaws.com/us-east-1%3A9230de71-f918-4aa6-9429-3b1e964137ab/br/pa/belem/zona-0001/c0b61947fee988e25c921503f39ac4a5.jpg", "https://vocefiscal-poll-tape-uploads.s3.amazonaws.com/us-east-1%3A9230de71-f918-4aa6-9429-3b1e964137ab/br/pa/belem/zona-0001/f27088e7b7c664b643b638704e149b7a.jpg", "https://vocefiscal-poll-tape-uploads.s3.amazonaws.com/us-east-1%3A9230de71-f918-4aa6-9429-3b1e964137ab/br/pa/belem/zona-0001/6ea657968407676778b1838eac84a381.jpg", "https://vocefiscal-poll-tape-uploads.s3.amazonaws.com/us-east-1%3A9230de71-f918-4aa6-9429-3b1e964137ab/br/pa/belem/zona-0001/ddf9f4e0169d1b371167f849b98349d7.jpg", "https://vocefiscal-poll-tape-uploads.s3.amazonaws.com/us-east-1%3A9230de71-f918-4aa6-9429-3b1e964137ab/br/pa/belem/zona-0001/c772e3be5cc1c200045b28f61ff9cb79.jpg", "https://vocefiscal-poll-tape-uploads.s3.amazonaws.com/us-east-1%3A9230de71-f918-4aa6-9429-3b1e964137ab/br/pa/belem/zona-0001/839db9b5eed1cbef4ef745e914b0eded.jpg", "https://vocefiscal-poll-tape-uploads.s3.amazonaws.com/us-east-1%3A9230de71-f918-4aa6-9429-3b1e964137ab/br/pa/belem/zona-0001/5679fa02ac7346205b869455ed8ac352.jpg", "https://vocefiscal-poll-tape-uploads.s3.amazonaws.com/us-east-1%3A9230de71-f918-4aa6-9429-3b1e964137ab/br/pa/belem/zona-0001/a73e53e302bb9e3b07b8ee36078f830c.jpg", "https://vocefiscal-poll-tape-uploads.s3.amazonaws.com/us-east-1%3A9230de71-f918-4aa6-9429-3b1e964137ab/br/pa/belem/zona-0001/bceb79aac7a2f96700df8f4b5070caf1.jpg", "https://vocefiscal-poll-tape-uploads.s3.amazonaws.com/us-east-1%3A9230de71-f918-4aa6-9429-3b1e964137ab/br/pa/belem/zona-0001/b82c02717027b0d42372cb0b7b2b0575.jpg", "https://vocefiscal-poll-tape-uploads.s3.amazonaws.com/us-east-1%3A9230de71-f918-4aa6-9429-3b1e964137ab/br/pa/belem/zona-0001/9dd03acc7bca971788826e98311a5474.jpg", "https://vocefiscal-poll-tape-uploads.s3.amazonaws.com/us-east-1%3A9230de71-f918-4aa6-9429-3b1e964137ab/br/pa/belem/zona-0001/7ab86eaa5f7be3ba6f3d7055acf8fbed.jpg", "https://vocefiscal-poll-tape-uploads.s3.amazonaws.com/us-east-1%3A9230de71-f918-4aa6-9429-3b1e964137ab/br/pa/belem/zona-0001/3910ea4b2a802fa7d25aabbf6c9189e7.jpg", "https://vocefiscal-poll-tape-uploads.s3.amazonaws.com/us-east-1%3A9230de71-f918-4aa6-9429-3b1e964137ab/br/pa/belem/zona-0001/d615a16bbe9d64b6ae9df8e2b3a6c9e1.jpg", "https://vocefiscal-poll-tape-uploads.s3.amazonaws.com/us-east-1%3A9230de71-f918-4aa6-9429-3b1e964137ab/br/pa/belem/zona-0001/af183bc001072542f51a82ccfca3284e.jpg", "https://vocefiscal-poll-tape-uploads.s3.amazonaws.com/us-east-1%3A9230de71-f918-4aa6-9429-3b1e964137ab/br/pa/belem/zona-0001/df2e1757bcef3e123fdbf94951d4a3db.jpg", "https://vocefiscal-poll-tape-uploads.s3.amazonaws.com/us-east-1%3A9230de71-f918-4aa6-9429-3b1e964137ab/br/pa/belem/zona-0001/e4d00ee938404b7be7aa646f9abcf993.jpg", "https://vocefiscal-poll-tape-uploads.s3.amazonaws.com/us-east-1%3A9230de71-f918-4aa6-9429-3b1e964137ab/br/pa/belem/zona-0001/fa9670529962da4de20be080d8501c19.jpg", "https://vocefiscal-poll-tape-uploads.s3.amazonaws.com/us-east-1%3A9230de71-f918-4aa6-9429-3b1e964137ab/br/pa/belem/zona-0001/58eb50a6858d7d23f29f607582cf732a.jpg", "https://vocefiscal-poll-tape-uploads.s3.amazonaws.com/us-east-1%3A9230de71-f918-4aa6-9429-3b1e964137ab/br/pa/belem/zona-0001/832906b076db560acdf842a1da60ffa8.jpg", "https://vocefiscal-poll-tape-uploads.s3.amazonaws.com/us-east-1%3A9230de71-f918-4aa6-9429-3b1e964137ab/br/pa/belem/zona-0001/9c4f6bbe2a8528af8851bb35c96b3e84.jpg", "https://vocefiscal-poll-tape-uploads.s3.amazonaws.com/us-east-1%3A9230de71-f918-4aa6-9429-3b1e964137ab/br/pa/belem/zona-0001/d0595bc5aa137e17f84509d12d1ef51e.jpg"]}