{"estado": "PA", "localDaVotacao": "1317", "municipio": "BEL\u00c9M", "pictureURLList": ["https://vocefiscal-poll-tape-uploads.s3.amazonaws.com/us-east-1%3A46d53c4b-2da6-4ec1-8798-e8d4f4318903/br/pa/belem/zona-0096/e2aa93160827455db0b5f08f7b12e656.jpg", "https://vocefiscal-poll-tape-uploads.s3.amazonaws.com/us-east-1%3A46d53c4b-2da6-4ec1-8798-e8d4f4318903/br/pa/belem/zona-0096/65f1fce5f1ee3e2bf3575f1f4553c526.jpg", "https://vocefiscal-poll-tape-uploads.s3.amazonaws.com/us-east-1%3A46d53c4b-2da6-4ec1-8798-e8d4f4318903/br/pa/belem/zona-0096/a2f74a7ade3b964dcbf03b466ee52a72.jpg", "https://vocefiscal-poll-tape-uploads.s3.amazonaws.com/us-east-1%3A46d53c4b-2da6-4ec1-8798-e8d4f4318903/br/pa/belem/zona-0096/ab0403c1b7cfe3bf7d8e4a5e704bcc66.jpg"], "data": 1414357348355, "secaoEleitoral": "0005", "zonaEleitoral": "0096"}