{"pictureURLList": ["https://vocefiscal-poll-tape-uploads.s3.amazonaws.com/us-east-1%3A57c12a2b-1098-474f-8836-8d715b4c3319/br/ce/fortaleza/zona-0002/b703f9253702331bbeab53a4c7c9463d.jpg", "https://vocefiscal-poll-tape-uploads.s3.amazonaws.com/us-east-1%3A57c12a2b-1098-474f-8836-8d715b4c3319/br/ce/fortaleza/zona-0002/b73074e20c2dbc338d7851b8c81ffc83.jpg", "https://vocefiscal-poll-tape-uploads.s3.amazonaws.com/us-east-1%3A57c12a2b-1098-474f-8836-8d715b4c3319/br/ce/fortaleza/zona-0002/6fa8256813879a29451634b778415f83.jpg", "https://vocefiscal-poll-tape-uploads.s3.amazonaws.com/us-east-1%3A57c12a2b-1098-474f-8836-8d715b4c3319/br/ce/fortaleza/zona-0002/e0942998580359f406ef8bbdc59e7a33.jpg"], "data": 1414350223173, "estado": "CE", "municipio": "FORTALEZA", "zonaEleitoral": "0002", "localDaVotacao": "2089", "secaoEleitoral": "0717"}