{"pictureURLList": ["https://vocefiscal-poll-tape-uploads.s3.amazonaws.com/us-east-1%3A22eaed64-e674-49e2-bc07-a540be6d39da/br/ce/fortaleza/zona-0113/c871f2cfd7ccf2f613fc436d01ecd68b.jpg", "https://vocefiscal-poll-tape-uploads.s3.amazonaws.com/us-east-1%3A22eaed64-e674-49e2-bc07-a540be6d39da/br/ce/fortaleza/zona-0113/7b7fbd90a2e226f3435ed834fb74ecbb.jpg", "https://vocefiscal-poll-tape-uploads.s3.amazonaws.com/us-east-1%3A22eaed64-e674-49e2-bc07-a540be6d39da/br/ce/fortaleza/zona-0113/988c33e36400345251d9e5c7f017b0fb.jpg"], "data": 1414352701603, "estado": "CE", "municipio": "FORTALEZA", "zonaEleitoral": "0113", "localDaVotacao": "1309", "secaoEleitoral": "0227"}