{"pictureURLList": ["https://vocefiscal-poll-tape-uploads.s3.amazonaws.com/us-east-1%3A4ad88977-d81e-401d-8927-7d1071a9292f/br/ce/fortaleza/zona-0001/4a864b9c71c0dab2a16c1a2c94f5a1c2.jpg", "https://vocefiscal-poll-tape-uploads.s3.amazonaws.com/us-east-1%3A4ad88977-d81e-401d-8927-7d1071a9292f/br/ce/fortaleza/zona-0001/6c05d8a8d33f174a0b1c5e18665ef3c0.jpg"], "data": 1414350879128, "estado": "CE", "municipio": "FORTALEZA", "zonaEleitoral": "0001", "localDaVotacao": "2585", "secaoEleitoral": "0749"}