{"pictureURLList": ["https://vocefiscal-poll-tape-uploads.s3.amazonaws.com/us-east-1%3Af8f69de4-daf8-4c7e-a72b-3d9354789ee9/br/ce/abaiara/zona-0027/f35b82103cc45bbd29f65727fc9c1285.jpg", "https://vocefiscal-poll-tape-uploads.s3.amazonaws.com/us-east-1%3Af8f69de4-daf8-4c7e-a72b-3d9354789ee9/br/ce/abaiara/zona-0027/38935edc040d4735b637d68301e2cdcf.jpg", "https://vocefiscal-poll-tape-uploads.s3.amazonaws.com/us-east-1%3Af8f69de4-daf8-4c7e-a72b-3d9354789ee9/br/ce/abaiara/zona-0027/8d5ed429bb3160eefd4680b164e73d6e.jpg", "https://vocefiscal-poll-tape-uploads.s3.amazonaws.com/us-east-1%3Af8f69de4-daf8-4c7e-a72b-3d9354789ee9/br/ce/abaiara/zona-0027/7790489c604331d04bfc3dbd86f2bf7e.jpg"], "data": 1414359174416, "estado": "CE", "municipio": "ABAIARA", "zonaEleitoral": "0027", "secaoEleitoral": "0206"}