{"data": 1414350203, "estado": "SP", "municipio": "SOROCABA", "pictureURLList": ["https://vocefiscal-poll-tape-uploads-jotform.s3.amazonaws.com/vocefiscal/42978337405665/290166595764898007/UE%2001153511_1.jpg", " https://vocefiscal-poll-tape-uploads-jotform.s3.amazonaws.com/vocefiscal/42978337405665/290166595764898007/UE%2001153511_2.jpg", " https://vocefiscal-poll-tape-uploads-jotform.s3.amazonaws.com/vocefiscal/42978337405665/290166595764898007/UE%2001153511_3.jpg"], "secaoEleitoral": "0177", "zonaEleitoral": "0343"}