{"data": 1414354253, "estado": "RJ", "municipio": "RIO DE JANEIRO", "pictureURLList": ["https://vocefiscal-poll-tape-uploads-jotform.s3.amazonaws.com/vocefiscal/42978337405665/290170646851480243/IMG_0358.JPG", " https://vocefiscal-poll-tape-uploads-jotform.s3.amazonaws.com/vocefiscal/42978337405665/290170646851480243/IMG_0359.JPG", " https://vocefiscal-poll-tape-uploads-jotform.s3.amazonaws.com/vocefiscal/42978337405665/290170646851480243/IMG_0360.JPG", " https://vocefiscal-poll-tape-uploads-jotform.s3.amazonaws.com/vocefiscal/42978337405665/290170646851480243/IMG_0440.JPG", " https://vocefiscal-poll-tape-uploads-jotform.s3.amazonaws.com/vocefiscal/42978337405665/290170646851480243/IMG_0441.JPG", " https://vocefiscal-poll-tape-uploads-jotform.s3.amazonaws.com/vocefiscal/42978337405665/290170646851480243/IMG_0443.JPG"], "secaoEleitoral": "0205", "zonaEleitoral": "0119"}