{"data": 1414364311, "estado": "RJ", "municipio": "NITER\u00c3\u00b3I", "pictureURLList": ["https://vocefiscal-poll-tape-uploads-jotform.s3.amazonaws.com/vocefiscal/42978337405665/290180703774466663/IMG_5411.JPG", " https://vocefiscal-poll-tape-uploads-jotform.s3.amazonaws.com/vocefiscal/42978337405665/290180703774466663/IMG_5412.JPG", " https://vocefiscal-poll-tape-uploads-jotform.s3.amazonaws.com/vocefiscal/42978337405665/290180703774466663/IMG_5413.JPG", " https://vocefiscal-poll-tape-uploads-jotform.s3.amazonaws.com/vocefiscal/42978337405665/290180703774466663/IMG_5414.JPG"], "secaoEleitoral": "0125", "zonaEleitoral": "0199"}