{"data": 1414354326, "estado": "SP", "municipio": "S\u00c3\u00a3O PAULO", "pictureURLList": ["https://vocefiscal-poll-tape-uploads-jotform.s3.amazonaws.com/vocefiscal/42978337405665/290170718901387792/2014-10-26%2017.15.31.jpg", " https://vocefiscal-poll-tape-uploads-jotform.s3.amazonaws.com/vocefiscal/42978337405665/290170718901387792/2014-10-26%2017.15.37.jpg", " https://vocefiscal-poll-tape-uploads-jotform.s3.amazonaws.com/vocefiscal/42978337405665/290170718901387792/2014-10-26%2017.15.40.jpg"], "secaoEleitoral": "0068", "zonaEleitoral": "0259"}