{"data": 1414357405, "estado": "RJ", "municipio": "MACA\u00c3\u00a9", "pictureURLList": ["https://vocefiscal-poll-tape-uploads-jotform.s3.amazonaws.com/vocefiscal/42978337405665/290173797712306494/IMG_2906.JPG", " https://vocefiscal-poll-tape-uploads-jotform.s3.amazonaws.com/vocefiscal/42978337405665/290173797712306494/IMG_2907.JPG", " https://vocefiscal-poll-tape-uploads-jotform.s3.amazonaws.com/vocefiscal/42978337405665/290173797712306494/IMG_2908.JPG"], "secaoEleitoral": "0352", "zonaEleitoral": "0109"}