{"data": 1414374698, "estado": "CE", "municipio": "FORTALEZA", "pictureURLList": ["https://vocefiscal-poll-tape-uploads-jotform.s3.amazonaws.com/vocefiscal/42978337405665/290191090821284983/SAM_4857.JPG", " https://vocefiscal-poll-tape-uploads-jotform.s3.amazonaws.com/vocefiscal/42978337405665/290191090821284983/SAM_4858.JPG", " https://vocefiscal-poll-tape-uploads-jotform.s3.amazonaws.com/vocefiscal/42978337405665/290191090821284983/SAM_4859.JPG"], "secaoEleitoral": "0064", "zonaEleitoral": "0113"}