{"data": 1414346607, "estado": "GO", "municipio": "GOI\u00c3\u00a2NIA ", "pictureURLList": ["https://vocefiscal-poll-tape-uploads-jotform.s3.amazonaws.com/vocefiscal/42978337405665/290162999612474057/image.jpg", " https://vocefiscal-poll-tape-uploads-jotform.s3.amazonaws.com/vocefiscal/42978337405665/290162999612474057/image35.jpg", " https://vocefiscal-poll-tape-uploads-jotform.s3.amazonaws.com/vocefiscal/42978337405665/290162999612474057/image54.jpg"], "secaoEleitoral": "0138", "zonaEleitoral": "0136"}