{"data": 1414419738, "estado": "AM", "municipio": "MANAUS", "pictureURLList": ["https://vocefiscal-poll-tape-uploads-jotform.s3.amazonaws.com/vocefiscal/42978337405665/290236130701271537/2014-10-26%2017.12.44.jpg", " https://vocefiscal-poll-tape-uploads-jotform.s3.amazonaws.com/vocefiscal/42978337405665/290236130701271537/2014-10-26%2017.12.54.jpg", " https://vocefiscal-poll-tape-uploads-jotform.s3.amazonaws.com/vocefiscal/42978337405665/290236130701271537/2014-10-26%2017.12.58.jpg", " https://vocefiscal-poll-tape-uploads-jotform.s3.amazonaws.com/vocefiscal/42978337405665/290236130701271537/2014-10-26%2017.13.02.jpg", " https://vocefiscal-poll-tape-uploads-jotform.s3.amazonaws.com/vocefiscal/42978337405665/290236130701271537/2014-10-26%2017.13.05.jpg"], "secaoEleitoral": "0045", "zonaEleitoral": "0002"}