{"data": 1414351972, "estado": "RJ", "municipio": "RIO DE JANEIRO", "pictureURLList": ["https://vocefiscal-poll-tape-uploads-jotform.s3.amazonaws.com/vocefiscal/42978337405665/290168365381757802/IMG_0632.JPG", " https://vocefiscal-poll-tape-uploads-jotform.s3.amazonaws.com/vocefiscal/42978337405665/290168365381757802/IMG_0633.JPG", " https://vocefiscal-poll-tape-uploads-jotform.s3.amazonaws.com/vocefiscal/42978337405665/290168365381757802/IMG_0634.JPG"], "secaoEleitoral": "0099", "zonaEleitoral": "0252"}