{"data": 1414356128, "estado": "MG", "municipio": "BELO HORIZONTE", "pictureURLList": ["https://vocefiscal-poll-tape-uploads-jotform.s3.amazonaws.com/vocefiscal/42978337405665/290172521781615011/WP_20141026_021.jpg", " https://vocefiscal-poll-tape-uploads-jotform.s3.amazonaws.com/vocefiscal/42978337405665/290172521781615011/WP_20141026_022.jpg", " https://vocefiscal-poll-tape-uploads-jotform.s3.amazonaws.com/vocefiscal/42978337405665/290172521781615011/WP_20141026_023.jpg"], "secaoEleitoral": "0012", "zonaEleitoral": "0034"}