{"data": 1414347699, "estado": "MG", "municipio": "BELO HORIZONTE", "pictureURLList": ["https://vocefiscal-poll-tape-uploads-jotform.s3.amazonaws.com/vocefiscal/42978337405665/290164092769414879/20141026_171832%280%29.jpg", " https://vocefiscal-poll-tape-uploads-jotform.s3.amazonaws.com/vocefiscal/42978337405665/290164092769414879/20141026_171832.jpg", " https://vocefiscal-poll-tape-uploads-jotform.s3.amazonaws.com/vocefiscal/42978337405665/290164092769414879/20141026_171836.jpg"], "secaoEleitoral": "0324", "zonaEleitoral": "0034"}