{"data": 1414355361, "estado": "RJ", "municipio": "NITER\u00c3\u00b3I", "pictureURLList": ["https://vocefiscal-poll-tape-uploads-jotform.s3.amazonaws.com/vocefiscal/42978337405665/290171753451161699/2o%20turno%20Niteroi%20RJ%20Zona%20142%20Secao%200131%20parte%201.jpg", " https://vocefiscal-poll-tape-uploads-jotform.s3.amazonaws.com/vocefiscal/42978337405665/290171753451161699/2o%20turno%20Niteroi%20RJ%20Zona%20142%20Secao%200131%20parte%202.jpg"], "secaoEleitoral": "0131", "zonaEleitoral": "0142"}