{"data": 1414345352, "estado": "RS", "municipio": "CANOAS", "pictureURLList": ["https://vocefiscal-poll-tape-uploads-jotform.s3.amazonaws.com/vocefiscal/42978337405665/290161744168799635/10262014227.jpg", " https://vocefiscal-poll-tape-uploads-jotform.s3.amazonaws.com/vocefiscal/42978337405665/290161744168799635/10262014229.jpg", " https://vocefiscal-poll-tape-uploads-jotform.s3.amazonaws.com/vocefiscal/42978337405665/290161744168799635/10262014230.jpg"], "secaoEleitoral": "0140", "zonaEleitoral": "0170"}