{"data": 1414353470, "estado": "MG", "municipio": "POUSO ALEGRE", "pictureURLList": ["https://vocefiscal-poll-tape-uploads-jotform.s3.amazonaws.com/vocefiscal/42978337405665/290169862422503571/20141026_170531.jpg", " https://vocefiscal-poll-tape-uploads-jotform.s3.amazonaws.com/vocefiscal/42978337405665/290169862422503571/20141026_170537.jpg", " https://vocefiscal-poll-tape-uploads-jotform.s3.amazonaws.com/vocefiscal/42978337405665/290169862422503571/20141026_170544.jpg"], "secaoEleitoral": "0255", "zonaEleitoral": "0227"}