{"data": 1414347765, "estado": "SP", "municipio": "S\u00c3\u00a3O PAULO", "pictureURLList": ["https://vocefiscal-poll-tape-uploads-jotform.s3.amazonaws.com/vocefiscal/42978337405665/290164158651157232/image.jpg", " https://vocefiscal-poll-tape-uploads-jotform.s3.amazonaws.com/vocefiscal/42978337405665/290164158651157232/image62.jpg", " https://vocefiscal-poll-tape-uploads-jotform.s3.amazonaws.com/vocefiscal/42978337405665/290164158651157232/image74.jpg"], "secaoEleitoral": "0120", "zonaEleitoral": "0246"}