{"data": 1414351130, "estado": "MT", "municipio": "CUIABA", "pictureURLList": ["https://vocefiscal-poll-tape-uploads-jotform.s3.amazonaws.com/vocefiscal/42978337405665/290167522011430855/20141026_181525.jpg", " https://vocefiscal-poll-tape-uploads-jotform.s3.amazonaws.com/vocefiscal/42978337405665/290167522011430855/20141026_181532.jpg", " https://vocefiscal-poll-tape-uploads-jotform.s3.amazonaws.com/vocefiscal/42978337405665/290167522011430855/20141026_181537.jpg"], "secaoEleitoral": "0078", "zonaEleitoral": "0054"}