{"data": 1414449770, "estado": "SP", "municipio": "S\u00c3\u00a3O CARLOS", "pictureURLList": ["https://vocefiscal-poll-tape-uploads-jotform.s3.amazonaws.com/vocefiscal/42978337405665/290266161071526544/154_1.jpg", " https://vocefiscal-poll-tape-uploads-jotform.s3.amazonaws.com/vocefiscal/42978337405665/290266161071526544/154_2.jpg", " https://vocefiscal-poll-tape-uploads-jotform.s3.amazonaws.com/vocefiscal/42978337405665/290266161071526544/154_3.jpg", " https://vocefiscal-poll-tape-uploads-jotform.s3.amazonaws.com/vocefiscal/42978337405665/290266161071526544/154_4.jpg"], "secaoEleitoral": "0154", "zonaEleitoral": "0410"}