{"data": 1414349292, "estado": "SP", "municipio": "GUARULHOS", "pictureURLList": ["https://vocefiscal-poll-tape-uploads-jotform.s3.amazonaws.com/vocefiscal/42978337405665/290165684714589455/IMG_1120.JPG", " https://vocefiscal-poll-tape-uploads-jotform.s3.amazonaws.com/vocefiscal/42978337405665/290165684714589455/IMG_1121.JPG", " https://vocefiscal-poll-tape-uploads-jotform.s3.amazonaws.com/vocefiscal/42978337405665/290165684714589455/IMG_1122.JPG", " https://vocefiscal-poll-tape-uploads-jotform.s3.amazonaws.com/vocefiscal/42978337405665/290165684714589455/IMG_1123.JPG", " https://vocefiscal-poll-tape-uploads-jotform.s3.amazonaws.com/vocefiscal/42978337405665/290165684714589455/IMG_1124.JPG"], "secaoEleitoral": "0371", "zonaEleitoral": "0176"}