{"data": 1414345809, "estado": "RJ", "municipio": "RIO DE JANEIRO ", "pictureURLList": ["https://vocefiscal-poll-tape-uploads-jotform.s3.amazonaws.com/vocefiscal/42978337405665/290162201239626890/image.jpg", " https://vocefiscal-poll-tape-uploads-jotform.s3.amazonaws.com/vocefiscal/42978337405665/290162201239626890/image43.jpg", " https://vocefiscal-poll-tape-uploads-jotform.s3.amazonaws.com/vocefiscal/42978337405665/290162201239626890/image48.jpg", " https://vocefiscal-poll-tape-uploads-jotform.s3.amazonaws.com/vocefiscal/42978337405665/290162201239626890/image73.jpg"], "secaoEleitoral": "0070", "zonaEleitoral": "0252"}