{"data": 1414348006, "estado": "GO", "municipio": "AN\u00c3\u00a1POLIS", "pictureURLList": ["https://vocefiscal-poll-tape-uploads-jotform.s3.amazonaws.com/vocefiscal/42978337405665/290164399591617218/332.jpg", " https://vocefiscal-poll-tape-uploads-jotform.s3.amazonaws.com/vocefiscal/42978337405665/290164399591617218/IMG_20141026_170835339.jpg", " https://vocefiscal-poll-tape-uploads-jotform.s3.amazonaws.com/vocefiscal/42978337405665/290164399591617218/IMG_20141026_170840967.jpg"], "secaoEleitoral": "0332", "zonaEleitoral": "0003"}