{"data": 1414360366, "estado": "DF", "municipio": "BRAS\u00c3\u00adLIA", "pictureURLList": ["https://vocefiscal-poll-tape-uploads-jotform.s3.amazonaws.com/vocefiscal/42978337405665/290176758311547270/WP_001279.jpg", " https://vocefiscal-poll-tape-uploads-jotform.s3.amazonaws.com/vocefiscal/42978337405665/290176758311547270/WP_001281.jpg", " https://vocefiscal-poll-tape-uploads-jotform.s3.amazonaws.com/vocefiscal/42978337405665/290176758311547270/WP_001286.jpg"], "secaoEleitoral": "0114", "zonaEleitoral": "0014"}