{"data": 1414413056, "estado": "SP", "municipio": "SAO PAULO", "pictureURLList": ["https://vocefiscal-poll-tape-uploads-jotform.s3.amazonaws.com/vocefiscal/42978337405665/290229447812994032/1837dbdd64ea64f34b9a52973e019e79.jpg", " https://vocefiscal-poll-tape-uploads-jotform.s3.amazonaws.com/vocefiscal/42978337405665/290229447812994032/2ad88f4b2891f404b05106d503a52bf3.jpg", " https://vocefiscal-poll-tape-uploads-jotform.s3.amazonaws.com/vocefiscal/42978337405665/290229447812994032/3cf293e6b8b0d812f32aa5c6f00f9e12.jpg", " https://vocefiscal-poll-tape-uploads-jotform.s3.amazonaws.com/vocefiscal/42978337405665/290229447812994032/4aa95782190e21f10e071fad43d60938.jpg", " https://vocefiscal-poll-tape-uploads-jotform.s3.amazonaws.com/vocefiscal/42978337405665/290229447812994032/625936d7ef7f6f62af53d3062e0ba1cf.jpg", " https://vocefiscal-poll-tape-uploads-jotform.s3.amazonaws.com/vocefiscal/42978337405665/290229447812994032/6e398615ab5b7f46396d9aecd2d3e3b8.jpg", " https://vocefiscal-poll-tape-uploads-jotform.s3.amazonaws.com/vocefiscal/42978337405665/290229447812994032/7d886bf9eaef41ba09d5336f876e4350.jpg", " https://vocefiscal-poll-tape-uploads-jotform.s3.amazonaws.com/vocefiscal/42978337405665/290229447812994032/892efcbe0321b25a85a7e730d6b10882.jpg", " https://vocefiscal-poll-tape-uploads-jotform.s3.amazonaws.com/vocefiscal/42978337405665/290229447812994032/970a9bbf3583937c370a5ff59a4ad97e.jpg", " https://vocefiscal-poll-tape-uploads-jotform.s3.amazonaws.com/vocefiscal/42978337405665/290229447812994032/9738f580fab8b14df4317d41461ede78.jpg", " https://vocefiscal-poll-tape-uploads-jotform.s3.amazonaws.com/vocefiscal/42978337405665/290229447812994032/98a7279763f78cc8ada4661bc0c18cd1.jpg", " https://vocefiscal-poll-tape-uploads-jotform.s3.amazonaws.com/vocefiscal/42978337405665/290229447812994032/a94482b2cea970cc5824d87c3862c06e.jpg", " https://vocefiscal-poll-tape-uploads-jotform.s3.amazonaws.com/vocefiscal/42978337405665/290229447812994032/ada9ab0c4fafa85ee15506dad0fc8609.jpg"], "secaoEleitoral": "0082", "zonaEleitoral": "0246"}