{"data": 1414426451, "estado": "SP", "municipio": "ASSIS", "pictureURLList": ["https://vocefiscal-poll-tape-uploads-jotform.s3.amazonaws.com/vocefiscal/42978337405665/290242842571678726/BU%20z%200290%2C%20local%201058%2C%20se%C3%A7%C3%A3o%200063%20%282%29.jpg", " https://vocefiscal-poll-tape-uploads-jotform.s3.amazonaws.com/vocefiscal/42978337405665/290242842571678726/BU%20z%200290%2C%20local%201058%2C%20se%C3%A7%C3%A3o%200063%20%283%29.jpg", " https://vocefiscal-poll-tape-uploads-jotform.s3.amazonaws.com/vocefiscal/42978337405665/290242842571678726/BU%20z%200290%2C%20local%201058%2C%20se%C3%A7%C3%A3o%200063%20%284%29.jpg", " https://vocefiscal-poll-tape-uploads-jotform.s3.amazonaws.com/vocefiscal/42978337405665/290242842571678726/BU%20z%200290%2C%20local%201058%2C%20se%C3%A7%C3%A3o%200063.jpg"], "secaoEleitoral": "0063", "zonaEleitoral": "0290"}