{"data": 1414356698, "estado": "PR", "municipio": "CURITIBA", "pictureURLList": ["https://vocefiscal-poll-tape-uploads-jotform.s3.amazonaws.com/vocefiscal/42978337405665/290173090971439933/foto%201-3.JPG", " https://vocefiscal-poll-tape-uploads-jotform.s3.amazonaws.com/vocefiscal/42978337405665/290173090971439933/foto%202-2.JPG", " https://vocefiscal-poll-tape-uploads-jotform.s3.amazonaws.com/vocefiscal/42978337405665/290173090971439933/foto%202-3.JPG", " https://vocefiscal-poll-tape-uploads-jotform.s3.amazonaws.com/vocefiscal/42978337405665/290173090971439933/foto%204-3.JPG"], "secaoEleitoral": "0464", "zonaEleitoral": "0001"}