{"data": 1414360820, "estado": "AM", "municipio": "MANAUS", "pictureURLList": ["https://vocefiscal-poll-tape-uploads-jotform.s3.amazonaws.com/vocefiscal/42978337405665/290177212617685390/2014-10-26%2017.08.30.jpg", " https://vocefiscal-poll-tape-uploads-jotform.s3.amazonaws.com/vocefiscal/42978337405665/290177212617685390/2014-10-26%2017.08.42.jpg", " https://vocefiscal-poll-tape-uploads-jotform.s3.amazonaws.com/vocefiscal/42978337405665/290177212617685390/2014-10-26%2017.08.49.jpg"], "secaoEleitoral": "0430", "zonaEleitoral": "0001"}