{"data": 1414346859, "estado": "MG", "municipio": "POUSO ALEGRE", "pictureURLList": ["https://vocefiscal-poll-tape-uploads-jotform.s3.amazonaws.com/vocefiscal/42978337405665/290163251841414116/IMG_20141026_171440263.jpg", " https://vocefiscal-poll-tape-uploads-jotform.s3.amazonaws.com/vocefiscal/42978337405665/290163251841414116/IMG_20141026_171445369.jpg", " https://vocefiscal-poll-tape-uploads-jotform.s3.amazonaws.com/vocefiscal/42978337405665/290163251841414116/IMG_20141026_171447590.jpg"], "secaoEleitoral": "0357", "zonaEleitoral": "0227"}