{"data": 1414344643, "estado": "SP", "municipio": "SANTO ANDR\u00c3\u00a9", "pictureURLList": ["https://vocefiscal-poll-tape-uploads-jotform.s3.amazonaws.com/vocefiscal/42978337405665/290161036413641252/20141026_171348.jpg", " https://vocefiscal-poll-tape-uploads-jotform.s3.amazonaws.com/vocefiscal/42978337405665/290161036413641252/20141026_171400.jpg", " https://vocefiscal-poll-tape-uploads-jotform.s3.amazonaws.com/vocefiscal/42978337405665/290161036413641252/20141026_171414.jpg"], "secaoEleitoral": "0054", "zonaEleitoral": "0156"}