{"data": 1414407320, "estado": "RO", "municipio": "JI-PARANA ", "pictureURLList": ["https://vocefiscal-poll-tape-uploads-jotform.s3.amazonaws.com/vocefiscal/42978337405665/290223711341595549/image.jpg", " https://vocefiscal-poll-tape-uploads-jotform.s3.amazonaws.com/vocefiscal/42978337405665/290223711341595549/image30.jpg", " https://vocefiscal-poll-tape-uploads-jotform.s3.amazonaws.com/vocefiscal/42978337405665/290223711341595549/image49.jpg"], "secaoEleitoral": "0127", "zonaEleitoral": "0003"}