{"data": 1414347852, "estado": "RS", "municipio": "PORTO ALEGRE", "pictureURLList": ["https://vocefiscal-poll-tape-uploads-jotform.s3.amazonaws.com/vocefiscal/42978337405665/290164244732821851/image.jpg", " https://vocefiscal-poll-tape-uploads-jotform.s3.amazonaws.com/vocefiscal/42978337405665/290164244732821851/image57.jpg", " https://vocefiscal-poll-tape-uploads-jotform.s3.amazonaws.com/vocefiscal/42978337405665/290164244732821851/image66.jpg"], "secaoEleitoral": "0185", "zonaEleitoral": "0001"}