{"data": 1414349327, "estado": "SP", "municipio": "S\u00c3\u00a3O PAULO", "pictureURLList": ["https://vocefiscal-poll-tape-uploads-jotform.s3.amazonaws.com/vocefiscal/42978337405665/290165720492179664/DSC06509.JPG", " https://vocefiscal-poll-tape-uploads-jotform.s3.amazonaws.com/vocefiscal/42978337405665/290165720492179664/DSC06510.JPG", " https://vocefiscal-poll-tape-uploads-jotform.s3.amazonaws.com/vocefiscal/42978337405665/290165720492179664/DSC06511.JPG"], "secaoEleitoral": "0210", "zonaEleitoral": "0250"}