{"data": 1414346502, "estado": "ZZ", "municipio": "LONDRES GBRE ", "pictureURLList": ["https://vocefiscal-poll-tape-uploads-jotform.s3.amazonaws.com/vocefiscal/42978337405665/290162894971316422/image.jpg", " https://vocefiscal-poll-tape-uploads-jotform.s3.amazonaws.com/vocefiscal/42978337405665/290162894971316422/image18.jpg", " https://vocefiscal-poll-tape-uploads-jotform.s3.amazonaws.com/vocefiscal/42978337405665/290162894971316422/image80.jpg"], "secaoEleitoral": "0914", "zonaEleitoral": "0001"}