{"data": 1414350131, "estado": "SP", "municipio": "SOROCABA", "pictureURLList": ["https://vocefiscal-poll-tape-uploads-jotform.s3.amazonaws.com/vocefiscal/42978337405665/290166523764322701/UE%2001154325_1.jpg", " https://vocefiscal-poll-tape-uploads-jotform.s3.amazonaws.com/vocefiscal/42978337405665/290166523764322701/UE%2001154325_2.jpg", " https://vocefiscal-poll-tape-uploads-jotform.s3.amazonaws.com/vocefiscal/42978337405665/290166523764322701/UE%2001154325_3.jpg"], "secaoEleitoral": "0111", "zonaEleitoral": "0343"}