{"data": 1414348938, "estado": "SC", "municipio": "ITAPEMA", "pictureURLList": ["https://vocefiscal-poll-tape-uploads-jotform.s3.amazonaws.com/vocefiscal/42978337405665/290165330331813491/IMG_20141026_173512.jpg", " https://vocefiscal-poll-tape-uploads-jotform.s3.amazonaws.com/vocefiscal/42978337405665/290165330331813491/IMG_20141026_173523.jpg", " https://vocefiscal-poll-tape-uploads-jotform.s3.amazonaws.com/vocefiscal/42978337405665/290165330331813491/IMG_20141026_173744.jpg", " https://vocefiscal-poll-tape-uploads-jotform.s3.amazonaws.com/vocefiscal/42978337405665/290165330331813491/IMG_20141026_173841.jpg", " https://vocefiscal-poll-tape-uploads-jotform.s3.amazonaws.com/vocefiscal/42978337405665/290165330331813491/IMG_20141026_173855.jpg"], "secaoEleitoral": "0208", "zonaEleitoral": "0091"}