{"data": 1414347054, "estado": "DF", "municipio": "BRAS\u00c3\u00adLIA", "pictureURLList": ["https://vocefiscal-poll-tape-uploads-jotform.s3.amazonaws.com/vocefiscal/42978337405665/290163446261779128/IMG_7071.JPG", " https://vocefiscal-poll-tape-uploads-jotform.s3.amazonaws.com/vocefiscal/42978337405665/290163446261779128/IMG_7072.JPG", " https://vocefiscal-poll-tape-uploads-jotform.s3.amazonaws.com/vocefiscal/42978337405665/290163446261779128/IMG_7073.JPG", " https://vocefiscal-poll-tape-uploads-jotform.s3.amazonaws.com/vocefiscal/42978337405665/290163446261779128/IMG_7074.JPG"], "secaoEleitoral": "0095", "zonaEleitoral": "0005"}