{"data": 1414344702, "estado": "RJ", "municipio": "CAMPOS DOS GOYTACAZES", "pictureURLList": ["https://vocefiscal-poll-tape-uploads-jotform.s3.amazonaws.com/vocefiscal/42978337405665/290161094589686264/Campos%20dos%20Goytacazes%20RJ%20zona%2098%20secao%20138%20-%20foto%2001.JPG", " https://vocefiscal-poll-tape-uploads-jotform.s3.amazonaws.com/vocefiscal/42978337405665/290161094589686264/Campos%20dos%20Goytacazes%20RJ%20zona%2098%20secao%20138%20-%20foto%2002.JPG", " https://vocefiscal-poll-tape-uploads-jotform.s3.amazonaws.com/vocefiscal/42978337405665/290161094589686264/Campos%20dos%20Goytacazes%20RJ%20zona%2098%20secao%20138%20-%20foto%2003.JPG"], "secaoEleitoral": "0138", "zonaEleitoral": "0098"}