{"data": 1414348706, "estado": "MG", "municipio": "BELO HORIZONTE", "pictureURLList": ["https://vocefiscal-poll-tape-uploads-jotform.s3.amazonaws.com/vocefiscal/42978337405665/290165099422321849/2014-10-26%2017.15.10.jpg", " https://vocefiscal-poll-tape-uploads-jotform.s3.amazonaws.com/vocefiscal/42978337405665/290165099422321849/2014-10-26%2017.15.27.jpg", " https://vocefiscal-poll-tape-uploads-jotform.s3.amazonaws.com/vocefiscal/42978337405665/290165099422321849/2014-10-26%2017.15.40.jpg"], "secaoEleitoral": "0422", "zonaEleitoral": "0027"}