{"data": 1414365612, "estado": "DF", "municipio": "BRAS\u00c3\u00adLIA", "pictureURLList": ["https://vocefiscal-poll-tape-uploads-jotform.s3.amazonaws.com/vocefiscal/42978337405665/290182004252594022/image.jpg", " https://vocefiscal-poll-tape-uploads-jotform.s3.amazonaws.com/vocefiscal/42978337405665/290182004252594022/image77.jpg", " https://vocefiscal-poll-tape-uploads-jotform.s3.amazonaws.com/vocefiscal/42978337405665/290182004252594022/image82.jpg"], "secaoEleitoral": "0188", "zonaEleitoral": "0001"}