{"data": 1414365206, "estado": "SP", "municipio": "S\u00c3\u00a3O PAULO", "pictureURLList": ["https://vocefiscal-poll-tape-uploads-jotform.s3.amazonaws.com/vocefiscal/42978337405665/290181599151825463/BU1.jpg", " https://vocefiscal-poll-tape-uploads-jotform.s3.amazonaws.com/vocefiscal/42978337405665/290181599151825463/BU2.jpg", " https://vocefiscal-poll-tape-uploads-jotform.s3.amazonaws.com/vocefiscal/42978337405665/290181599151825463/BU3.jpg"], "secaoEleitoral": "0518", "zonaEleitoral": "0258"}