{"data": 1414350222, "estado": "SP", "municipio": "OSASCO", "pictureURLList": ["https://vocefiscal-poll-tape-uploads-jotform.s3.amazonaws.com/vocefiscal/42978337405665/290166615312395530/IMG_1222.JPG", " https://vocefiscal-poll-tape-uploads-jotform.s3.amazonaws.com/vocefiscal/42978337405665/290166615312395530/IMG_1223.JPG", " https://vocefiscal-poll-tape-uploads-jotform.s3.amazonaws.com/vocefiscal/42978337405665/290166615312395530/IMG_1224.JPG"], "secaoEleitoral": "0181", "zonaEleitoral": "0276"}