{"data": 1414399359, "estado": "MS", "municipio": "NOVA ANDRADINA ", "pictureURLList": ["https://vocefiscal-poll-tape-uploads-jotform.s3.amazonaws.com/vocefiscal/42978337405665/290215750181704812/image.jpg", " https://vocefiscal-poll-tape-uploads-jotform.s3.amazonaws.com/vocefiscal/42978337405665/290215750181704812/image55.jpg", " https://vocefiscal-poll-tape-uploads-jotform.s3.amazonaws.com/vocefiscal/42978337405665/290215750181704812/image88.jpg"], "secaoEleitoral": "0060", "zonaEleitoral": "0005"}