{"data": 1414346707, "estado": "MG", "municipio": "FELIXL\u00c3\u00a2NDIA", "pictureURLList": ["https://vocefiscal-poll-tape-uploads-jotform.s3.amazonaws.com/vocefiscal/42978337405665/290163100492631989/2.jpg", " https://vocefiscal-poll-tape-uploads-jotform.s3.amazonaws.com/vocefiscal/42978337405665/290163100492631989/3.jpg", " https://vocefiscal-poll-tape-uploads-jotform.s3.amazonaws.com/vocefiscal/42978337405665/290163100492631989/4.jpg", " https://vocefiscal-poll-tape-uploads-jotform.s3.amazonaws.com/vocefiscal/42978337405665/290163100492631989/5.jpg"], "secaoEleitoral": "0231", "zonaEleitoral": "0100"}