{"data": 1414344275, "estado": "ZZ", "municipio": "LONDRES GBRE", "pictureURLList": ["https://vocefiscal-poll-tape-uploads-jotform.s3.amazonaws.com/vocefiscal/42978337405665/290160667971586262/image.jpg", " https://vocefiscal-poll-tape-uploads-jotform.s3.amazonaws.com/vocefiscal/42978337405665/290160667971586262/image18.jpg", " https://vocefiscal-poll-tape-uploads-jotform.s3.amazonaws.com/vocefiscal/42978337405665/290160667971586262/image29.jpg"], "secaoEleitoral": "0659", "zonaEleitoral": "0001"}