{"data": 1414351170, "estado": "SP", "municipio": "SAO PAULO", "pictureURLList": ["https://vocefiscal-poll-tape-uploads-jotform.s3.amazonaws.com/vocefiscal/42978337405665/290167562802473340/IMG_2139.JPG", " https://vocefiscal-poll-tape-uploads-jotform.s3.amazonaws.com/vocefiscal/42978337405665/290167562802473340/IMG_2140.JPG", " https://vocefiscal-poll-tape-uploads-jotform.s3.amazonaws.com/vocefiscal/42978337405665/290167562802473340/IMG_2141.JPG", " https://vocefiscal-poll-tape-uploads-jotform.s3.amazonaws.com/vocefiscal/42978337405665/290167562802473340/IMG_2142.JPG"], "secaoEleitoral": "0012", "zonaEleitoral": "0374"}