{"data": 1414345246, "estado": "SP", "municipio": "SAO PAULO", "pictureURLList": ["https://vocefiscal-poll-tape-uploads-jotform.s3.amazonaws.com/vocefiscal/42978337405665/290161639892202567/IMG_3902.JPG", " https://vocefiscal-poll-tape-uploads-jotform.s3.amazonaws.com/vocefiscal/42978337405665/290161639892202567/IMG_3903.JPG", " https://vocefiscal-poll-tape-uploads-jotform.s3.amazonaws.com/vocefiscal/42978337405665/290161639892202567/IMG_3904.JPG"], "secaoEleitoral": "0067", "zonaEleitoral": "0258"}