{"data": 1414424886, "estado": "RJ", "municipio": "RIO DE JANEIRO", "pictureURLList": ["https://vocefiscal-poll-tape-uploads-jotform.s3.amazonaws.com/vocefiscal/42978337405665/290241277491536720/IMG_9151.jpg", " https://vocefiscal-poll-tape-uploads-jotform.s3.amazonaws.com/vocefiscal/42978337405665/290241277491536720/IMG_9152.jpg", " https://vocefiscal-poll-tape-uploads-jotform.s3.amazonaws.com/vocefiscal/42978337405665/290241277491536720/IMG_9153.jpg"], "secaoEleitoral": "0190", "zonaEleitoral": "0009"}