{"data": 1414347254, "estado": "MG", "municipio": "BELO HORIZONTE ", "pictureURLList": ["https://vocefiscal-poll-tape-uploads-jotform.s3.amazonaws.com/vocefiscal/42978337405665/290163647488371204/image.jpg", " https://vocefiscal-poll-tape-uploads-jotform.s3.amazonaws.com/vocefiscal/42978337405665/290163647488371204/image20.jpg", " https://vocefiscal-poll-tape-uploads-jotform.s3.amazonaws.com/vocefiscal/42978337405665/290163647488371204/image54.jpg"], "secaoEleitoral": "0224", "zonaEleitoral": "0026"}