{"data": 1414362280, "estado": "CE", "municipio": "PARACURU", "pictureURLList": ["https://vocefiscal-poll-tape-uploads-jotform.s3.amazonaws.com/vocefiscal/42978337405665/290178672592969022/IMG_1180.JPG", " https://vocefiscal-poll-tape-uploads-jotform.s3.amazonaws.com/vocefiscal/42978337405665/290178672592969022/IMG_118077.JPG", " https://vocefiscal-poll-tape-uploads-jotform.s3.amazonaws.com/vocefiscal/42978337405665/290178672592969022/IMG_1181.JPG"], "secaoEleitoral": "0019", "zonaEleitoral": "0109"}