{"data": 1414345263, "estado": "ZZ", "municipio": "LONDRES GBRE ", "pictureURLList": ["https://vocefiscal-poll-tape-uploads-jotform.s3.amazonaws.com/vocefiscal/42978337405665/290161655971674088/image.jpg", " https://vocefiscal-poll-tape-uploads-jotform.s3.amazonaws.com/vocefiscal/42978337405665/290161655971674088/image47.jpg", " https://vocefiscal-poll-tape-uploads-jotform.s3.amazonaws.com/vocefiscal/42978337405665/290161655971674088/image90.jpg"], "secaoEleitoral": "0790", "zonaEleitoral": "0001"}