{"data": 1414346724, "estado": "MG", "municipio": "POUSO ALEGRE", "pictureURLList": ["https://vocefiscal-poll-tape-uploads-jotform.s3.amazonaws.com/vocefiscal/42978337405665/290163117091111812/image.jpg", " https://vocefiscal-poll-tape-uploads-jotform.s3.amazonaws.com/vocefiscal/42978337405665/290163117091111812/image54.jpg", " https://vocefiscal-poll-tape-uploads-jotform.s3.amazonaws.com/vocefiscal/42978337405665/290163117091111812/image88.jpg"], "secaoEleitoral": "0331", "zonaEleitoral": "0227"}