{"data": 1414346133, "estado": "SP", "municipio": "PIRAJU", "pictureURLList": ["https://vocefiscal-poll-tape-uploads-jotform.s3.amazonaws.com/vocefiscal/42978337405665/290162525161354975/WP_20141026_007.jpg", " https://vocefiscal-poll-tape-uploads-jotform.s3.amazonaws.com/vocefiscal/42978337405665/290162525161354975/WP_20141026_008.jpg", " https://vocefiscal-poll-tape-uploads-jotform.s3.amazonaws.com/vocefiscal/42978337405665/290162525161354975/WP_20141026_009.jpg"], "secaoEleitoral": "0112", "zonaEleitoral": "0094"}