{"data": 1414351374, "estado": "RJ", "municipio": "RIO DE JANEIRO", "pictureURLList": ["https://vocefiscal-poll-tape-uploads-jotform.s3.amazonaws.com/vocefiscal/42978337405665/290167767452893472/image.jpg", " https://vocefiscal-poll-tape-uploads-jotform.s3.amazonaws.com/vocefiscal/42978337405665/290167767452893472/image56.jpg", " https://vocefiscal-poll-tape-uploads-jotform.s3.amazonaws.com/vocefiscal/42978337405665/290167767452893472/image69.jpg"], "secaoEleitoral": "0006", "zonaEleitoral": "0005"}