{"data": 1414369205, "estado": "SP", "municipio": "SANTO ANDR\u00c3\u00a9", "pictureURLList": ["https://vocefiscal-poll-tape-uploads-jotform.s3.amazonaws.com/vocefiscal/42978337405665/290185598542878962/Zona%20307_Sess%C3%A3o%20345_1%20de%203.JPG", " https://vocefiscal-poll-tape-uploads-jotform.s3.amazonaws.com/vocefiscal/42978337405665/290185598542878962/Zona%20307_Sess%C3%A3o%20345_2%20de%203.JPG", " https://vocefiscal-poll-tape-uploads-jotform.s3.amazonaws.com/vocefiscal/42978337405665/290185598542878962/Zona%20307_Sess%C3%A3o%20345_3%20de%203.JPG"], "secaoEleitoral": "0345", "zonaEleitoral": "0307"}