{"data": 1414347086, "estado": "SP", "municipio": "COTIA", "pictureURLList": ["https://vocefiscal-poll-tape-uploads-jotform.s3.amazonaws.com/vocefiscal/42978337405665/290163479779976968/SL732764.JPG", " https://vocefiscal-poll-tape-uploads-jotform.s3.amazonaws.com/vocefiscal/42978337405665/290163479779976968/SL732765.JPG", " https://vocefiscal-poll-tape-uploads-jotform.s3.amazonaws.com/vocefiscal/42978337405665/290163479779976968/SL732766.JPG"], "secaoEleitoral": "0574", "zonaEleitoral": "0227"}