{"data": 1414351735, "estado": "SP", "municipio": "SAO PAULO", "pictureURLList": ["https://vocefiscal-poll-tape-uploads-jotform.s3.amazonaws.com/vocefiscal/42978337405665/290168127802717541/IMG_2161.JPG", " https://vocefiscal-poll-tape-uploads-jotform.s3.amazonaws.com/vocefiscal/42978337405665/290168127802717541/IMG_2162.JPG", " https://vocefiscal-poll-tape-uploads-jotform.s3.amazonaws.com/vocefiscal/42978337405665/290168127802717541/IMG_2163.JPG"], "secaoEleitoral": "0569", "zonaEleitoral": "0374"}