{"data": 1414365895, "estado": "DF", "municipio": "BRAS\u00c3\u00adLIA", "pictureURLList": ["https://vocefiscal-poll-tape-uploads-jotform.s3.amazonaws.com/vocefiscal/42978337405665/290182288252230351/image.jpg", " https://vocefiscal-poll-tape-uploads-jotform.s3.amazonaws.com/vocefiscal/42978337405665/290182288252230351/image38.jpg", " https://vocefiscal-poll-tape-uploads-jotform.s3.amazonaws.com/vocefiscal/42978337405665/290182288252230351/image75.jpg"], "secaoEleitoral": "0189", "zonaEleitoral": "0001"}