{"data": 1414344771, "estado": "ZZ", "municipio": "LONDRES GBRE ", "pictureURLList": ["https://vocefiscal-poll-tape-uploads-jotform.s3.amazonaws.com/vocefiscal/42978337405665/290161164971369491/image.jpg", " https://vocefiscal-poll-tape-uploads-jotform.s3.amazonaws.com/vocefiscal/42978337405665/290161164971369491/image73.jpg", " https://vocefiscal-poll-tape-uploads-jotform.s3.amazonaws.com/vocefiscal/42978337405665/290161164971369491/image87.jpg"], "secaoEleitoral": "0680", "zonaEleitoral": "0001"}