{"data": 1414398456, "estado": "SC", "municipio": "BRA\u00c3\u00a7O DO NORTE", "pictureURLList": ["https://vocefiscal-poll-tape-uploads-jotform.s3.amazonaws.com/vocefiscal/42978337405665/290214848731610451/SAM_4645.JPG", " https://vocefiscal-poll-tape-uploads-jotform.s3.amazonaws.com/vocefiscal/42978337405665/290214848731610451/SAM_4646.JPG", " https://vocefiscal-poll-tape-uploads-jotform.s3.amazonaws.com/vocefiscal/42978337405665/290214848731610451/SAM_4647.JPG", " https://vocefiscal-poll-tape-uploads-jotform.s3.amazonaws.com/vocefiscal/42978337405665/290214848731610451/SAM_4648.JPG"], "secaoEleitoral": "0085", "zonaEleitoral": "0044"}