{"data": 1414354693, "estado": "RS", "municipio": "CAMPO BOM", "pictureURLList": ["https://vocefiscal-poll-tape-uploads-jotform.s3.amazonaws.com/vocefiscal/42978337405665/290171085881387183/20141026_171300.jpg", " https://vocefiscal-poll-tape-uploads-jotform.s3.amazonaws.com/vocefiscal/42978337405665/290171085881387183/20141026_171304.jpg", " https://vocefiscal-poll-tape-uploads-jotform.s3.amazonaws.com/vocefiscal/42978337405665/290171085881387183/20141026_171310.jpg"], "secaoEleitoral": "0038", "zonaEleitoral": "0105"}