{"data": 1414346672, "estado": "DF", "municipio": "BRAS\u00c3\u00adLIA", "pictureURLList": ["https://vocefiscal-poll-tape-uploads-jotform.s3.amazonaws.com/vocefiscal/42978337405665/290163064566304753/IMG_2339.JPG", " https://vocefiscal-poll-tape-uploads-jotform.s3.amazonaws.com/vocefiscal/42978337405665/290163064566304753/IMG_2340.JPG", " https://vocefiscal-poll-tape-uploads-jotform.s3.amazonaws.com/vocefiscal/42978337405665/290163064566304753/IMG_2341.JPG"], "secaoEleitoral": "0356", "zonaEleitoral": "0015"}