{"data": 1414534772, "estado": "MG", "municipio": "BELO HORIZONTE", "pictureURLList": ["https://vocefiscal-poll-tape-uploads-jotform.s3.amazonaws.com/vocefiscal/42978337405665/290351161840333745/Celular%2028%20out%2014%201382.JPG", " https://vocefiscal-poll-tape-uploads-jotform.s3.amazonaws.com/vocefiscal/42978337405665/290351161840333745/Celular%2028%20out%2014%201383.JPG", " https://vocefiscal-poll-tape-uploads-jotform.s3.amazonaws.com/vocefiscal/42978337405665/290351161840333745/Celular%2028%20out%2014%201384.JPG"], "secaoEleitoral": "0223", "zonaEleitoral": "0026"}