{"data": 1414349494, "estado": "SP", "municipio": "S\u00c3\u00a3O PAULO", "pictureURLList": ["https://vocefiscal-poll-tape-uploads-jotform.s3.amazonaws.com/vocefiscal/42978337405665/290165886492566297/DSC06521.JPG", " https://vocefiscal-poll-tape-uploads-jotform.s3.amazonaws.com/vocefiscal/42978337405665/290165886492566297/DSC06522.JPG", " https://vocefiscal-poll-tape-uploads-jotform.s3.amazonaws.com/vocefiscal/42978337405665/290165886492566297/DSC06523.JPG"], "secaoEleitoral": "0207", "zonaEleitoral": "0250"}