{"data": 1414368804, "estado": "PI", "municipio": "TERESINA", "pictureURLList": ["https://vocefiscal-poll-tape-uploads-jotform.s3.amazonaws.com/vocefiscal/42978337405665/290185196491792643/Se%C3%A7%C3%A3o%20275%20%281%29.jpg", " https://vocefiscal-poll-tape-uploads-jotform.s3.amazonaws.com/vocefiscal/42978337405665/290185196491792643/Se%C3%A7%C3%A3o%20275%20%282%29.jpg", " https://vocefiscal-poll-tape-uploads-jotform.s3.amazonaws.com/vocefiscal/42978337405665/290185196491792643/Se%C3%A7%C3%A3o%20275%20%283%29.jpg"], "secaoEleitoral": "0275", "zonaEleitoral": "0098"}