{"data": 1414449916, "estado": "MS", "municipio": "CAMPO GRANDE", "pictureURLList": ["https://vocefiscal-poll-tape-uploads-jotform.s3.amazonaws.com/vocefiscal/42978337405665/290266306842383977/20141026_170840.jpg", " https://vocefiscal-poll-tape-uploads-jotform.s3.amazonaws.com/vocefiscal/42978337405665/290266306842383977/20141026_170846.jpg", " https://vocefiscal-poll-tape-uploads-jotform.s3.amazonaws.com/vocefiscal/42978337405665/290266306842383977/20141026_170851.jpg"], "secaoEleitoral": "0109", "zonaEleitoral": "0054"}