{"data": 1414355208, "estado": "DF", "municipio": "CEIL\u00c3\u00a2NDIA", "pictureURLList": ["https://vocefiscal-poll-tape-uploads-jotform.s3.amazonaws.com/vocefiscal/42978337405665/290171601681189907/20141026_171013.jpg", " https://vocefiscal-poll-tape-uploads-jotform.s3.amazonaws.com/vocefiscal/42978337405665/290171601681189907/20141026_171023.jpg", " https://vocefiscal-poll-tape-uploads-jotform.s3.amazonaws.com/vocefiscal/42978337405665/290171601681189907/20141026_171034.jpg", " https://vocefiscal-poll-tape-uploads-jotform.s3.amazonaws.com/vocefiscal/42978337405665/290171601681189907/20141026_171045.jpg", " https://vocefiscal-poll-tape-uploads-jotform.s3.amazonaws.com/vocefiscal/42978337405665/290171601681189907/20141026_171050.jpg"], "secaoEleitoral": "0114", "zonaEleitoral": "0020"}