{"data": 1414345308, "estado": "RS", "municipio": "URUGUAIANA", "pictureURLList": ["https://vocefiscal-poll-tape-uploads-jotform.s3.amazonaws.com/vocefiscal/42978337405665/290161701551206716/WP_20141026_013.jpg", " https://vocefiscal-poll-tape-uploads-jotform.s3.amazonaws.com/vocefiscal/42978337405665/290161701551206716/WP_20141026_014.jpg", " https://vocefiscal-poll-tape-uploads-jotform.s3.amazonaws.com/vocefiscal/42978337405665/290161701551206716/WP_20141026_015.jpg"], "secaoEleitoral": "0153", "zonaEleitoral": "0057"}