{"data": 1414356148, "estado": "MS", "municipio": "CAMPO GRANDE", "pictureURLList": ["https://vocefiscal-poll-tape-uploads-jotform.s3.amazonaws.com/vocefiscal/42978337405665/290172541042335716/IMG_0061%5B1%5D.JPG", " https://vocefiscal-poll-tape-uploads-jotform.s3.amazonaws.com/vocefiscal/42978337405665/290172541042335716/IMG_0062%5B1%5D.JPG", " https://vocefiscal-poll-tape-uploads-jotform.s3.amazonaws.com/vocefiscal/42978337405665/290172541042335716/IMG_0063%5B1%5D.JPG"], "secaoEleitoral": "0251", "zonaEleitoral": "0036"}