{"data": 1414409127, "estado": "RJ", "municipio": "JAPERI", "pictureURLList": ["https://vocefiscal-poll-tape-uploads-jotform.s3.amazonaws.com/vocefiscal/42978337405665/290225518721649647/20141026_170930.jpg", " https://vocefiscal-poll-tape-uploads-jotform.s3.amazonaws.com/vocefiscal/42978337405665/290225518721649647/20141026_170935.jpg", " https://vocefiscal-poll-tape-uploads-jotform.s3.amazonaws.com/vocefiscal/42978337405665/290225518721649647/20141026_170940.jpg", " https://vocefiscal-poll-tape-uploads-jotform.s3.amazonaws.com/vocefiscal/42978337405665/290225518721649647/20141026_170946.jpg", " https://vocefiscal-poll-tape-uploads-jotform.s3.amazonaws.com/vocefiscal/42978337405665/290225518721649647/20141026_170950.jpg"], "secaoEleitoral": "0035", "zonaEleitoral": "0139"}