{"data": 1414351550, "estado": "CE", "municipio": "FORTALEZA", "pictureURLList": ["https://vocefiscal-poll-tape-uploads-jotform.s3.amazonaws.com/vocefiscal/42978337405665/290167942531609335/IMG_20141026_171527_0.jpg", " https://vocefiscal-poll-tape-uploads-jotform.s3.amazonaws.com/vocefiscal/42978337405665/290167942531609335/IMG_20141026_171537_0.jpg", " https://vocefiscal-poll-tape-uploads-jotform.s3.amazonaws.com/vocefiscal/42978337405665/290167942531609335/IMG_20141026_171542_0.jpg"], "secaoEleitoral": "0040", "zonaEleitoral": "0094"}