{"data": 1414352516, "estado": "SP", "municipio": "ARA\u00c3\u00a7ATUBA", "pictureURLList": ["https://vocefiscal-poll-tape-uploads-jotform.s3.amazonaws.com/vocefiscal/42978337405665/290168908361767446/IMG_0097.JPG", " https://vocefiscal-poll-tape-uploads-jotform.s3.amazonaws.com/vocefiscal/42978337405665/290168908361767446/IMG_0098.JPG", " https://vocefiscal-poll-tape-uploads-jotform.s3.amazonaws.com/vocefiscal/42978337405665/290168908361767446/IMG_0099.JPG"], "secaoEleitoral": "0010", "zonaEleitoral": "0011"}