{"data": 1414354441, "estado": "RJ", "municipio": "RIO DE JANEIRO ", "pictureURLList": ["https://vocefiscal-poll-tape-uploads-jotform.s3.amazonaws.com/vocefiscal/42978337405665/290170833821209853/image.jpg", " https://vocefiscal-poll-tape-uploads-jotform.s3.amazonaws.com/vocefiscal/42978337405665/290170833821209853/image28.jpg", " https://vocefiscal-poll-tape-uploads-jotform.s3.amazonaws.com/vocefiscal/42978337405665/290170833821209853/image62.jpg"], "secaoEleitoral": "0219", "zonaEleitoral": "0119"}