{"data": 1414347807, "estado": "RS", "municipio": "PELOTAS", "pictureURLList": ["https://vocefiscal-poll-tape-uploads-jotform.s3.amazonaws.com/vocefiscal/42978337405665/290164200942833565/DSC04016.JPG", " https://vocefiscal-poll-tape-uploads-jotform.s3.amazonaws.com/vocefiscal/42978337405665/290164200942833565/DSC04017.JPG", " https://vocefiscal-poll-tape-uploads-jotform.s3.amazonaws.com/vocefiscal/42978337405665/290164200942833565/DSC04018.JPG", " https://vocefiscal-poll-tape-uploads-jotform.s3.amazonaws.com/vocefiscal/42978337405665/290164200942833565/DSC04019.JPG", " https://vocefiscal-poll-tape-uploads-jotform.s3.amazonaws.com/vocefiscal/42978337405665/290164200942833565/DSC04020.JPG"], "secaoEleitoral": "0237", "zonaEleitoral": "0060"}