{"data": 1414345434, "estado": "SP", "municipio": "SAO PAULO", "pictureURLList": ["https://vocefiscal-poll-tape-uploads-jotform.s3.amazonaws.com/vocefiscal/42978337405665/290161827325218403/IMG_7136.jpg", " https://vocefiscal-poll-tape-uploads-jotform.s3.amazonaws.com/vocefiscal/42978337405665/290161827325218403/IMG_7137.jpg", " https://vocefiscal-poll-tape-uploads-jotform.s3.amazonaws.com/vocefiscal/42978337405665/290161827325218403/IMG_713787.jpg"], "secaoEleitoral": "0307", "zonaEleitoral": "0005"}