{"data": 1414347074, "estado": "MG", "municipio": "BELO HORIZONTE", "pictureURLList": ["https://vocefiscal-poll-tape-uploads-jotform.s3.amazonaws.com/vocefiscal/42978337405665/290163467270998313/DSC04889.JPG", " https://vocefiscal-poll-tape-uploads-jotform.s3.amazonaws.com/vocefiscal/42978337405665/290163467270998313/DSC04890.JPG", " https://vocefiscal-poll-tape-uploads-jotform.s3.amazonaws.com/vocefiscal/42978337405665/290163467270998313/DSC04891.JPG"], "secaoEleitoral": "0075", "zonaEleitoral": "0036"}