{"data": 1414347267, "estado": "SC", "municipio": "TIMB\u00c3\u0093", "pictureURLList": ["https://vocefiscal-poll-tape-uploads-jotform.s3.amazonaws.com/vocefiscal/42978337405665/290163660604309570/Zona0032Se%C3%A7%C3%A3o0127-A.JPG", " https://vocefiscal-poll-tape-uploads-jotform.s3.amazonaws.com/vocefiscal/42978337405665/290163660604309570/Zona0032Se%C3%A7%C3%A3o0127-B.JPG", " https://vocefiscal-poll-tape-uploads-jotform.s3.amazonaws.com/vocefiscal/42978337405665/290163660604309570/Zona0032Se%C3%A7%C3%A3o0127-C.JPG"], "secaoEleitoral": "0127", "zonaEleitoral": "0032"}