{"data": 1414350306, "estado": "SP", "municipio": "SAO PAULO", "pictureURLList": ["https://vocefiscal-poll-tape-uploads-jotform.s3.amazonaws.com/vocefiscal/42978337405665/290166699086203393/out2014%20521.jpg", " https://vocefiscal-poll-tape-uploads-jotform.s3.amazonaws.com/vocefiscal/42978337405665/290166699086203393/out2014%20522.jpg", " https://vocefiscal-poll-tape-uploads-jotform.s3.amazonaws.com/vocefiscal/42978337405665/290166699086203393/out2014%20523.jpg"], "secaoEleitoral": "0476", "zonaEleitoral": "0002"}