{"data": 1412542180815, "estado": "BA", "secaoEleitoral": "0237", "zonaEleitoral": "0129", "pictureURLList": ["https://vocefiscal-poll-tape-uploads.s3.amazonaws.com/us-east-1%3A44bcf1b2-a245-4b99-9b85-a315a0799984/br/ba/catu/zona-0129/b0283e12455eda4a5015582dad02900f.jpg", "https://vocefiscal-poll-tape-uploads.s3.amazonaws.com/us-east-1%3A44bcf1b2-a245-4b99-9b85-a315a0799984/br/ba/catu/zona-0129/191b11fe517bf464b92dd4969d84df1d.jpg", "https://vocefiscal-poll-tape-uploads.s3.amazonaws.com/us-east-1%3A44bcf1b2-a245-4b99-9b85-a315a0799984/br/ba/catu/zona-0129/b5f4097a9e708aa29022b04b2da6b9a3.jpg", "https://vocefiscal-poll-tape-uploads.s3.amazonaws.com/us-east-1%3A44bcf1b2-a245-4b99-9b85-a315a0799984/br/ba/catu/zona-0129/5d6a2c9148ed429ec8880424c47793bf.jpg", "https://vocefiscal-poll-tape-uploads.s3.amazonaws.com/us-east-1%3A44bcf1b2-a245-4b99-9b85-a315a0799984/br/ba/catu/zona-0129/8a79dfb829a938ffd25e13c7d06a00e9.jpg", "https://vocefiscal-poll-tape-uploads.s3.amazonaws.com/us-east-1%3A44bcf1b2-a245-4b99-9b85-a315a0799984/br/ba/catu/zona-0129/1b201775d6f49386b7681389e2fdf29f.jpg", "https://vocefiscal-poll-tape-uploads.s3.amazonaws.com/us-east-1%3A44bcf1b2-a245-4b99-9b85-a315a0799984/br/ba/catu/zona-0129/fc38e0689d2ba97b365acc53fb696af2.jpg", "https://vocefiscal-poll-tape-uploads.s3.amazonaws.com/us-east-1%3A44bcf1b2-a245-4b99-9b85-a315a0799984/br/ba/catu/zona-0129/10cba4bfc169588ff45a7bf5019de941.jpg", "https://vocefiscal-poll-tape-uploads.s3.amazonaws.com/us-east-1%3A44bcf1b2-a245-4b99-9b85-a315a0799984/br/ba/catu/zona-0129/3a1578987fc44257dd018672ff30bca3.jpg", "https://vocefiscal-poll-tape-uploads.s3.amazonaws.com/us-east-1%3A44bcf1b2-a245-4b99-9b85-a315a0799984/br/ba/catu/zona-0129/51ad3e37a89084bca915e9445f211f17.jpg", "https://vocefiscal-poll-tape-uploads.s3.amazonaws.com/us-east-1%3A44bcf1b2-a245-4b99-9b85-a315a0799984/br/ba/catu/zona-0129/cc51b09a201575f3d5d204e7a4096e9d.jpg", "https://vocefiscal-poll-tape-uploads.s3.amazonaws.com/us-east-1%3A44bcf1b2-a245-4b99-9b85-a315a0799984/br/ba/catu/zona-0129/41e60e879f0bb48b33c856ca6aace103.jpg", "https://vocefiscal-poll-tape-uploads.s3.amazonaws.com/us-east-1%3A44bcf1b2-a245-4b99-9b85-a315a0799984/br/ba/catu/zona-0129/a3377a041eb6a763ef3b3f5b88286d2a.jpg", "https://vocefiscal-poll-tape-uploads.s3.amazonaws.com/us-east-1%3A44bcf1b2-a245-4b99-9b85-a315a0799984/br/ba/catu/zona-0129/a1585c726d3c09697f534fc9f2d9b440.jpg", "https://vocefiscal-poll-tape-uploads.s3.amazonaws.com/us-east-1%3A44bcf1b2-a245-4b99-9b85-a315a0799984/br/ba/catu/zona-0129/d4b08101b5b118fb7d281e694822c98a.jpg", "https://vocefiscal-poll-tape-uploads.s3.amazonaws.com/us-east-1%3A44bcf1b2-a245-4b99-9b85-a315a0799984/br/ba/catu/zona-0129/156ec31cf175aa585ec5c2775b0b4d3b.jpg", "https://vocefiscal-poll-tape-uploads.s3.amazonaws.com/us-east-1%3A44bcf1b2-a245-4b99-9b85-a315a0799984/br/ba/catu/zona-0129/adb7dcff8150c5a1660f3e3e7de5c5bf.jpg", "https://vocefiscal-poll-tape-uploads.s3.amazonaws.com/us-east-1%3A44bcf1b2-a245-4b99-9b85-a315a0799984/br/ba/catu/zona-0129/683d8aceb697c3dcaea6689ba9df5a61.jpg", "https://vocefiscal-poll-tape-uploads.s3.amazonaws.com/us-east-1%3A44bcf1b2-a245-4b99-9b85-a315a0799984/br/ba/catu/zona-0129/7a1ec2607ceafc5f74845049b09ae1df.jpg", "https://vocefiscal-poll-tape-uploads.s3.amazonaws.com/us-east-1%3A44bcf1b2-a245-4b99-9b85-a315a0799984/br/ba/catu/zona-0129/1ae3d8d5b06b93ed7d9b943b552ecd79.jpg", "https://vocefiscal-poll-tape-uploads.s3.amazonaws.com/us-east-1%3A44bcf1b2-a245-4b99-9b85-a315a0799984/br/ba/catu/zona-0129/c8a03fe8a002b62dc2349279d4c2533b.jpg", "https://vocefiscal-poll-tape-uploads.s3.amazonaws.com/us-east-1%3A44bcf1b2-a245-4b99-9b85-a315a0799984/br/ba/catu/zona-0129/df3b1d98f90b136fbd2fbb5913d486de.jpg", "https://vocefiscal-poll-tape-uploads.s3.amazonaws.com/us-east-1%3A44bcf1b2-a245-4b99-9b85-a315a0799984/br/ba/catu/zona-0129/267db32c31ae7112c5dd0dbb7330f3a.jpg", "https://vocefiscal-poll-tape-uploads.s3.amazonaws.com/us-east-1%3A44bcf1b2-a245-4b99-9b85-a315a0799984/br/ba/catu/zona-0129/6a53f39c6429bcd4d0152c8b7644e34c.jpg", "https://vocefiscal-poll-tape-uploads.s3.amazonaws.com/us-east-1%3A44bcf1b2-a245-4b99-9b85-a315a0799984/br/ba/catu/zona-0129/a433f2dbb22a0b6dc884ce30018c8a0d.jpg", "https://vocefiscal-poll-tape-uploads.s3.amazonaws.com/us-east-1%3A44bcf1b2-a245-4b99-9b85-a315a0799984/br/ba/catu/zona-0129/9eb958a188960c553088b06252480f70.jpg", "https://vocefiscal-poll-tape-uploads.s3.amazonaws.com/us-east-1%3A44bcf1b2-a245-4b99-9b85-a315a0799984/br/ba/catu/zona-0129/ee96024ef0dd3ba851da820c6d5bc52b.jpg", "https://vocefiscal-poll-tape-uploads.s3.amazonaws.com/us-east-1%3A44bcf1b2-a245-4b99-9b85-a315a0799984/br/ba/catu/zona-0129/42665b17ceec514701513abc8c447785.jpg", "https://vocefiscal-poll-tape-uploads.s3.amazonaws.com/us-east-1%3A44bcf1b2-a245-4b99-9b85-a315a0799984/br/ba/catu/zona-0129/744b5064fa195390a78ef509ee94ea2f.jpg", "https://vocefiscal-poll-tape-uploads.s3.amazonaws.com/us-east-1%3A44bcf1b2-a245-4b99-9b85-a315a0799984/br/ba/catu/zona-0129/43f7c411d4b9e60263f979785822cc64.jpg", "https://vocefiscal-poll-tape-uploads.s3.amazonaws.com/us-east-1%3A44bcf1b2-a245-4b99-9b85-a315a0799984/br/ba/catu/zona-0129/c51442d9623d85cd553473811ec6cbc8.jpg", "https://vocefiscal-poll-tape-uploads.s3.amazonaws.com/us-east-1%3A44bcf1b2-a245-4b99-9b85-a315a0799984/br/ba/catu/zona-0129/983ea7592dec64c64b03a451af9e3fab.jpg", "https://vocefiscal-poll-tape-uploads.s3.amazonaws.com/us-east-1%3A44bcf1b2-a245-4b99-9b85-a315a0799984/br/ba/catu/zona-0129/15a192e9e4520088948ea6da6dae8184.jpg"], "municipio": "CATU"}