{"pictureURLList": ["https://vocefiscal-poll-tape-uploads.s3.amazonaws.com/us-east-1%3A22eaed64-e674-49e2-bc07-a540be6d39da/br/ce/fortaleza/zona-0082/95202f1a655e07d1b67e8ffe47f5927a.jpg", "https://vocefiscal-poll-tape-uploads.s3.amazonaws.com/us-east-1%3A22eaed64-e674-49e2-bc07-a540be6d39da/br/ce/fortaleza/zona-0082/84a024ee3dd83f0e4280945bd119c3b4.jpg", "https://vocefiscal-poll-tape-uploads.s3.amazonaws.com/us-east-1%3A22eaed64-e674-49e2-bc07-a540be6d39da/br/ce/fortaleza/zona-0082/938946d420a6b729dea39bc97f247bf7.jpg", "https://vocefiscal-poll-tape-uploads.s3.amazonaws.com/us-east-1%3A22eaed64-e674-49e2-bc07-a540be6d39da/br/ce/fortaleza/zona-0082/89ed81ab40c1b249a902bda60aeea68d.jpg"], "data": 1414358599304, "estado": "CE", "municipio": "FORTALEZA", "zonaEleitoral": "0082", "localDaVotacao": "1503", "secaoEleitoral": "0197"}