{"pictureURLList": ["https://vocefiscal-poll-tape-uploads.s3.amazonaws.com/us-east-1%3Ab864e15d-dad6-45ce-b7f9-7481491bcf09/br/ce/fortaleza/zona-0116/fae819f0663bf2cfe8c140dffad6ead1.jpg", "https://vocefiscal-poll-tape-uploads.s3.amazonaws.com/us-east-1%3Ab864e15d-dad6-45ce-b7f9-7481491bcf09/br/ce/fortaleza/zona-0116/ace80971548ebba761ca5dd5c8071325.jpg", "https://vocefiscal-poll-tape-uploads.s3.amazonaws.com/us-east-1%3Ab864e15d-dad6-45ce-b7f9-7481491bcf09/br/ce/fortaleza/zona-0116/de81f6193cfcda2754c89752377f6e99.jpg"], "data": 1414359181971, "estado": "CE", "municipio": "FORTALEZA", "zonaEleitoral": "0116", "localDaVotacao": "1406", "secaoEleitoral": "0237"}