{"zonaEleitoral": "0001", "pictureURLList": ["https://vocefiscal-poll-tape-uploads.s3.amazonaws.com/us-east-1%3A32d29305-ce9c-47a2-99ac-2bf2e0ab8281/br/ba/salvador/zona-0001/1b970edee4b1345a0556e7612e69ac12.jpg", "https://vocefiscal-poll-tape-uploads.s3.amazonaws.com/us-east-1%3A32d29305-ce9c-47a2-99ac-2bf2e0ab8281/br/ba/salvador/zona-0001/a58a32847b47087374d888a395588453.jpg", "https://vocefiscal-poll-tape-uploads.s3.amazonaws.com/us-east-1%3A32d29305-ce9c-47a2-99ac-2bf2e0ab8281/br/ba/salvador/zona-0001/c86c191f059980a494c3dc4a016f26b2.jpg"], "estado": "BA", "secaoEleitoral": "0320", "data": 1414354555439, "municipio": "SALVADOR", "localDaVotacao": "1023"}