{"estado": "CE", "municipio": "FORTALEZA", "data": 1412548070045, "secaoEleitoral": "0155", "pictureURLList": ["https://vocefiscal-poll-tape-uploads.s3.amazonaws.com/us-east-1%3A9667ab6f-18d7-47a1-94ab-88abdc67f0d7/br/ce/fortaleza/zona-0003/c2921be0097d86981fc59449f67c5da.jpg", "https://vocefiscal-poll-tape-uploads.s3.amazonaws.com/us-east-1%3A9667ab6f-18d7-47a1-94ab-88abdc67f0d7/br/ce/fortaleza/zona-0003/50dee0dcf51d50234815dbb8a4fdf5a1.jpg", "https://vocefiscal-poll-tape-uploads.s3.amazonaws.com/us-east-1%3A9667ab6f-18d7-47a1-94ab-88abdc67f0d7/br/ce/fortaleza/zona-0003/3de2b1809dab127adf77485b8e4d4b3b.jpg", "https://vocefiscal-poll-tape-uploads.s3.amazonaws.com/us-east-1%3A9667ab6f-18d7-47a1-94ab-88abdc67f0d7/br/ce/fortaleza/zona-0003/304ab9159bacd1b56039f8ef07fed517.jpg", "https://vocefiscal-poll-tape-uploads.s3.amazonaws.com/us-east-1%3A9667ab6f-18d7-47a1-94ab-88abdc67f0d7/br/ce/fortaleza/zona-0003/ed053cb2630d3cabe0fb73fd1b6cfea6.jpg", "https://vocefiscal-poll-tape-uploads.s3.amazonaws.com/us-east-1%3A9667ab6f-18d7-47a1-94ab-88abdc67f0d7/br/ce/fortaleza/zona-0003/24efad2d5355623a83c82e5880a769f3.jpg", "https://vocefiscal-poll-tape-uploads.s3.amazonaws.com/us-east-1%3A9667ab6f-18d7-47a1-94ab-88abdc67f0d7/br/ce/fortaleza/zona-0003/8a703283d5c75a04798bee4ce3a65760.jpg", "https://vocefiscal-poll-tape-uploads.s3.amazonaws.com/us-east-1%3A9667ab6f-18d7-47a1-94ab-88abdc67f0d7/br/ce/fortaleza/zona-0003/165f894b6c9f24f42c674dcf533729b4.jpg", "https://vocefiscal-poll-tape-uploads.s3.amazonaws.com/us-east-1%3A9667ab6f-18d7-47a1-94ab-88abdc67f0d7/br/ce/fortaleza/zona-0003/7e3da1ab34a2f0f662a3687051f69179.jpg", "https://vocefiscal-poll-tape-uploads.s3.amazonaws.com/us-east-1%3A9667ab6f-18d7-47a1-94ab-88abdc67f0d7/br/ce/fortaleza/zona-0003/6a34038d164e252767d4ca82a85a75cb.jpg", "https://vocefiscal-poll-tape-uploads.s3.amazonaws.com/us-east-1%3A9667ab6f-18d7-47a1-94ab-88abdc67f0d7/br/ce/fortaleza/zona-0003/c4a3888ec5065018497b2aad5baf01f0.jpg", "https://vocefiscal-poll-tape-uploads.s3.amazonaws.com/us-east-1%3A9667ab6f-18d7-47a1-94ab-88abdc67f0d7/br/ce/fortaleza/zona-0003/318e73fea2caf7a214541ed145a1c9f9.jpg", "https://vocefiscal-poll-tape-uploads.s3.amazonaws.com/us-east-1%3A9667ab6f-18d7-47a1-94ab-88abdc67f0d7/br/ce/fortaleza/zona-0003/e4b48c54784587ab04e7d5ff770e200e.jpg", "https://vocefiscal-poll-tape-uploads.s3.amazonaws.com/us-east-1%3A9667ab6f-18d7-47a1-94ab-88abdc67f0d7/br/ce/fortaleza/zona-0003/c53a249a96cf7e7ffa2b10ad75985e2f.jpg", "https://vocefiscal-poll-tape-uploads.s3.amazonaws.com/us-east-1%3A9667ab6f-18d7-47a1-94ab-88abdc67f0d7/br/ce/fortaleza/zona-0003/3f1930be10634110bd204a9bad0f05df.jpg", "https://vocefiscal-poll-tape-uploads.s3.amazonaws.com/us-east-1%3A9667ab6f-18d7-47a1-94ab-88abdc67f0d7/br/ce/fortaleza/zona-0003/4bc9e8e77c65f0ba612e2a8b42184caa.jpg", "https://vocefiscal-poll-tape-uploads.s3.amazonaws.com/us-east-1%3A9667ab6f-18d7-47a1-94ab-88abdc67f0d7/br/ce/fortaleza/zona-0003/1ce56e6ef68d074decf79e4b25c18b6a.jpg", "https://vocefiscal-poll-tape-uploads.s3.amazonaws.com/us-east-1%3A9667ab6f-18d7-47a1-94ab-88abdc67f0d7/br/ce/fortaleza/zona-0003/d9b2559a13f834231fb1ae89e0956baf.jpg", "https://vocefiscal-poll-tape-uploads.s3.amazonaws.com/us-east-1%3A9667ab6f-18d7-47a1-94ab-88abdc67f0d7/br/ce/fortaleza/zona-0003/95bad47349ba00fcb98de314e2de783f.jpg"], "zonaEleitoral": "0003", "localDaVotacao": "1937"}