{"estado": "PA", "municipio": "BEL\u00c9M", "pictureURLList": ["https://vocefiscal-poll-tape-uploads.s3.amazonaws.com/us-east-1%3Aa15610cd-819c-4d6d-b6a9-9628708a5fff/br/pa/belem/zona-0001/54dc303f17d3d12bc778f5da580828ab.jpg", "https://vocefiscal-poll-tape-uploads.s3.amazonaws.com/us-east-1%3Aa15610cd-819c-4d6d-b6a9-9628708a5fff/br/pa/belem/zona-0001/fc24f21e8792389f00d2de13d8d502c2.jpg", "https://vocefiscal-poll-tape-uploads.s3.amazonaws.com/us-east-1%3Aa15610cd-819c-4d6d-b6a9-9628708a5fff/br/pa/belem/zona-0001/4c345e7c76b6be3801bef08b01e3281b.jpg", "https://vocefiscal-poll-tape-uploads.s3.amazonaws.com/us-east-1%3Aa15610cd-819c-4d6d-b6a9-9628708a5fff/br/pa/belem/zona-0001/a613bfbf47b989e22d2d20ffe0966b79.jpg"], "data": 1414354953499, "secaoEleitoral": "0226", "zonaEleitoral": "0001"}