{"data": 1412540421271, "estado": "BA", "secaoEleitoral": "0176", "zonaEleitoral": "0155", "pictureURLList": ["https://vocefiscal-poll-tape-uploads.s3.amazonaws.com/us-east-1%3A14084bcd-e603-4b0b-9765-c565830a6d4e/br/ba/feira-de-santana/zona-0155/81dbe1c657f7935d478e38a74509fb42.jpg", "https://vocefiscal-poll-tape-uploads.s3.amazonaws.com/us-east-1%3A14084bcd-e603-4b0b-9765-c565830a6d4e/br/ba/feira-de-santana/zona-0155/19bd047acf4e05c928312f3922a6f05d.jpg", "https://vocefiscal-poll-tape-uploads.s3.amazonaws.com/us-east-1%3A14084bcd-e603-4b0b-9765-c565830a6d4e/br/ba/feira-de-santana/zona-0155/f7042b8fda85989ed637e62f2d4566f5.jpg", "https://vocefiscal-poll-tape-uploads.s3.amazonaws.com/us-east-1%3A14084bcd-e603-4b0b-9765-c565830a6d4e/br/ba/feira-de-santana/zona-0155/88b99a26815694f6a8f980d6a553c0b9.jpg", "https://vocefiscal-poll-tape-uploads.s3.amazonaws.com/us-east-1%3A14084bcd-e603-4b0b-9765-c565830a6d4e/br/ba/feira-de-santana/zona-0155/ede1094dc59fa09d71da018334a90c7d.jpg", "https://vocefiscal-poll-tape-uploads.s3.amazonaws.com/us-east-1%3A14084bcd-e603-4b0b-9765-c565830a6d4e/br/ba/feira-de-santana/zona-0155/e032171f9c73eecc2cde0d432a8126b7.jpg", "https://vocefiscal-poll-tape-uploads.s3.amazonaws.com/us-east-1%3A14084bcd-e603-4b0b-9765-c565830a6d4e/br/ba/feira-de-santana/zona-0155/9293ac270483d3cac3637751ddba9cc6.jpg", "https://vocefiscal-poll-tape-uploads.s3.amazonaws.com/us-east-1%3A14084bcd-e603-4b0b-9765-c565830a6d4e/br/ba/feira-de-santana/zona-0155/b7a2163678dd259e4ca7f845c48ac17d.jpg", "https://vocefiscal-poll-tape-uploads.s3.amazonaws.com/us-east-1%3A14084bcd-e603-4b0b-9765-c565830a6d4e/br/ba/feira-de-santana/zona-0155/89b391f6e4cd841a3faa72e12b81028d.jpg", "https://vocefiscal-poll-tape-uploads.s3.amazonaws.com/us-east-1%3A14084bcd-e603-4b0b-9765-c565830a6d4e/br/ba/feira-de-santana/zona-0155/5c2650f7fbb6bb9bfa6590116a6a84b0.jpg", "https://vocefiscal-poll-tape-uploads.s3.amazonaws.com/us-east-1%3A14084bcd-e603-4b0b-9765-c565830a6d4e/br/ba/feira-de-santana/zona-0155/3a740c11e5ab1d121520b0015a450a8b.jpg", "https://vocefiscal-poll-tape-uploads.s3.amazonaws.com/us-east-1%3A14084bcd-e603-4b0b-9765-c565830a6d4e/br/ba/feira-de-santana/zona-0155/957d78db6b888672c519784a69d9c089.jpg"], "municipio": "FEIRA DE SANTANA"}