{"estado": "CE", "municipio": "FORTALEZA", "data": 1412543548902, "secaoEleitoral": "0345", "pictureURLList": ["https://vocefiscal-poll-tape-uploads.s3.amazonaws.com/us-east-1%3A10265d64-d11b-4a5f-a96f-fdd1524ed09b/br/ce/fortaleza/zona-0112/f7934edd41fa2f673af819c3272adf7.jpg", "https://vocefiscal-poll-tape-uploads.s3.amazonaws.com/us-east-1%3A10265d64-d11b-4a5f-a96f-fdd1524ed09b/br/ce/fortaleza/zona-0112/a26874446dcff0358becc99d27ac0ff1.jpg", "https://vocefiscal-poll-tape-uploads.s3.amazonaws.com/us-east-1%3A10265d64-d11b-4a5f-a96f-fdd1524ed09b/br/ce/fortaleza/zona-0112/e475a57a4bab7d029ec410c77c9e7dab.jpg", "https://vocefiscal-poll-tape-uploads.s3.amazonaws.com/us-east-1%3A10265d64-d11b-4a5f-a96f-fdd1524ed09b/br/ce/fortaleza/zona-0112/a447064fd875e7b5fa52d08d9961428b.jpg", "https://vocefiscal-poll-tape-uploads.s3.amazonaws.com/us-east-1%3A10265d64-d11b-4a5f-a96f-fdd1524ed09b/br/ce/fortaleza/zona-0112/773dc19d51338ecf15da72c39b61134b.jpg", "https://vocefiscal-poll-tape-uploads.s3.amazonaws.com/us-east-1%3A10265d64-d11b-4a5f-a96f-fdd1524ed09b/br/ce/fortaleza/zona-0112/3f4c18a1e6dc1dae882ad85cb256476f.jpg", "https://vocefiscal-poll-tape-uploads.s3.amazonaws.com/us-east-1%3A10265d64-d11b-4a5f-a96f-fdd1524ed09b/br/ce/fortaleza/zona-0112/22b78be2456ae699ce7b3dbaaedfe3fc.jpg", "https://vocefiscal-poll-tape-uploads.s3.amazonaws.com/us-east-1%3A10265d64-d11b-4a5f-a96f-fdd1524ed09b/br/ce/fortaleza/zona-0112/3f99e99e2d0a1431c6b8fc575f12f1a0.jpg", "https://vocefiscal-poll-tape-uploads.s3.amazonaws.com/us-east-1%3A10265d64-d11b-4a5f-a96f-fdd1524ed09b/br/ce/fortaleza/zona-0112/5e88ed803af8104a11a0c662f6d0c25b.jpg", "https://vocefiscal-poll-tape-uploads.s3.amazonaws.com/us-east-1%3A10265d64-d11b-4a5f-a96f-fdd1524ed09b/br/ce/fortaleza/zona-0112/42bee2cb72999b5c77b59b1ca395afc1.jpg", "https://vocefiscal-poll-tape-uploads.s3.amazonaws.com/us-east-1%3A10265d64-d11b-4a5f-a96f-fdd1524ed09b/br/ce/fortaleza/zona-0112/8544bd5088e0cfc8a444c42cdac4f778.jpg", "https://vocefiscal-poll-tape-uploads.s3.amazonaws.com/us-east-1%3A10265d64-d11b-4a5f-a96f-fdd1524ed09b/br/ce/fortaleza/zona-0112/b43cdb057224624c55008f4f259339b3.jpg", "https://vocefiscal-poll-tape-uploads.s3.amazonaws.com/us-east-1%3A10265d64-d11b-4a5f-a96f-fdd1524ed09b/br/ce/fortaleza/zona-0112/be3339f98d457ec68ef306e97cde7fef.jpg", "https://vocefiscal-poll-tape-uploads.s3.amazonaws.com/us-east-1%3A10265d64-d11b-4a5f-a96f-fdd1524ed09b/br/ce/fortaleza/zona-0112/7ceebe8c993de659d011ddff7906ca8c.jpg", "https://vocefiscal-poll-tape-uploads.s3.amazonaws.com/us-east-1%3A10265d64-d11b-4a5f-a96f-fdd1524ed09b/br/ce/fortaleza/zona-0112/df06475bf5d22830e153d2e79887eee0.jpg", "https://vocefiscal-poll-tape-uploads.s3.amazonaws.com/us-east-1%3A10265d64-d11b-4a5f-a96f-fdd1524ed09b/br/ce/fortaleza/zona-0112/1317dc065aa66c73e04dc81c9159f14a.jpg", "https://vocefiscal-poll-tape-uploads.s3.amazonaws.com/us-east-1%3A10265d64-d11b-4a5f-a96f-fdd1524ed09b/br/ce/fortaleza/zona-0112/b2a648ab04891afd71fede11b1f4f40d.jpg", "https://vocefiscal-poll-tape-uploads.s3.amazonaws.com/us-east-1%3A10265d64-d11b-4a5f-a96f-fdd1524ed09b/br/ce/fortaleza/zona-0112/88dd89f54097b93c8d362de6460ad7de.jpg", "https://vocefiscal-poll-tape-uploads.s3.amazonaws.com/us-east-1%3A10265d64-d11b-4a5f-a96f-fdd1524ed09b/br/ce/fortaleza/zona-0112/1856666727d08347334e19a16d261bf1.jpg", "https://vocefiscal-poll-tape-uploads.s3.amazonaws.com/us-east-1%3A10265d64-d11b-4a5f-a96f-fdd1524ed09b/br/ce/fortaleza/zona-0112/6b1868172fb777232e1ad957b77d3548.jpg", "https://vocefiscal-poll-tape-uploads.s3.amazonaws.com/us-east-1%3A10265d64-d11b-4a5f-a96f-fdd1524ed09b/br/ce/fortaleza/zona-0112/98d69c1758a83bfd339af60d55b81958.jpg", "https://vocefiscal-poll-tape-uploads.s3.amazonaws.com/us-east-1%3A10265d64-d11b-4a5f-a96f-fdd1524ed09b/br/ce/fortaleza/zona-0112/69aa28ff4288fc53d958a4049de99a89.jpg", "https://vocefiscal-poll-tape-uploads.s3.amazonaws.com/us-east-1%3A10265d64-d11b-4a5f-a96f-fdd1524ed09b/br/ce/fortaleza/zona-0112/81dbbcb84b48d2b0729a45d34f27dd19.jpg", "https://vocefiscal-poll-tape-uploads.s3.amazonaws.com/us-east-1%3A10265d64-d11b-4a5f-a96f-fdd1524ed09b/br/ce/fortaleza/zona-0112/7ae4e79475d478ab67bc0d33be3b321f.jpg", "https://vocefiscal-poll-tape-uploads.s3.amazonaws.com/us-east-1%3A10265d64-d11b-4a5f-a96f-fdd1524ed09b/br/ce/fortaleza/zona-0112/48b64ebf855ccc134b677ca7b886656f.jpg", "https://vocefiscal-poll-tape-uploads.s3.amazonaws.com/us-east-1%3A10265d64-d11b-4a5f-a96f-fdd1524ed09b/br/ce/fortaleza/zona-0112/a6eed1f8e30d3f918239f0aabbe8aa5e.jpg"], "zonaEleitoral": "0112", "localDaVotacao": "1333"}