{"estado": "PA", "municipio": "BEL\u00c9M", "pictureURLList": ["https://vocefiscal-poll-tape-uploads.s3.amazonaws.com/us-east-1%3A23a8ca46-7d2c-49e9-ae44-554b8aecd756/br/pa/belem/zona-0001/2063378da71b0a83cc5215d56451496a.jpg", "https://vocefiscal-poll-tape-uploads.s3.amazonaws.com/us-east-1%3A23a8ca46-7d2c-49e9-ae44-554b8aecd756/br/pa/belem/zona-0001/f81e2f54f66465a9cf2781cb32848e82.jpg", "https://vocefiscal-poll-tape-uploads.s3.amazonaws.com/us-east-1%3A23a8ca46-7d2c-49e9-ae44-554b8aecd756/br/pa/belem/zona-0001/7e96599c55ff001a430b981b18036404.jpg", "https://vocefiscal-poll-tape-uploads.s3.amazonaws.com/us-east-1%3A23a8ca46-7d2c-49e9-ae44-554b8aecd756/br/pa/belem/zona-0001/6fde5b0c4b16a8b27e787081c1e12d36.jpg"], "data": 1414354598068, "secaoEleitoral": "0278", "zonaEleitoral": "0001"}