{"zonaEleitoral": "0001", "municipio": "MANAUS", "secaoEleitoral": "0326", "estado": "AM", "pictureURLList": ["https://vocefiscal-poll-tape-uploads.s3.amazonaws.com/us-east-1%3Ad3d6db1e-a85a-4abc-b615-3f308ea1af6d/br/am/manaus/zona-0001/f02d41ee7a32890e30b04ccc05f22d36.jpg", "https://vocefiscal-poll-tape-uploads.s3.amazonaws.com/us-east-1%3Ad3d6db1e-a85a-4abc-b615-3f308ea1af6d/br/am/manaus/zona-0001/16d63180de3ec273dd957a1f2a69157a.jpg", "https://vocefiscal-poll-tape-uploads.s3.amazonaws.com/us-east-1%3Ad3d6db1e-a85a-4abc-b615-3f308ea1af6d/br/am/manaus/zona-0001/9a8811c4892eace669f19ee50567475a.jpg", "https://vocefiscal-poll-tape-uploads.s3.amazonaws.com/us-east-1%3Ad3d6db1e-a85a-4abc-b615-3f308ea1af6d/br/am/manaus/zona-0001/bd7d413d454b4a7687b3501aadb8524f.jpg", "https://vocefiscal-poll-tape-uploads.s3.amazonaws.com/us-east-1%3Ad3d6db1e-a85a-4abc-b615-3f308ea1af6d/br/am/manaus/zona-0001/e34d2c5f4fdd213da7e9ded2c9f7d037.jpg", "https://vocefiscal-poll-tape-uploads.s3.amazonaws.com/us-east-1%3Ad3d6db1e-a85a-4abc-b615-3f308ea1af6d/br/am/manaus/zona-0001/467e30652b67289e3d81b0e20c40561b.jpg", "https://vocefiscal-poll-tape-uploads.s3.amazonaws.com/us-east-1%3Ad3d6db1e-a85a-4abc-b615-3f308ea1af6d/br/am/manaus/zona-0001/f21686c86998466b52f6cb4ce1e7ba65.jpg", "https://vocefiscal-poll-tape-uploads.s3.amazonaws.com/us-east-1%3Ad3d6db1e-a85a-4abc-b615-3f308ea1af6d/br/am/manaus/zona-0001/14c94e1c18e72143037fb8924a0e7e47.jpg", "https://vocefiscal-poll-tape-uploads.s3.amazonaws.com/us-east-1%3Ad3d6db1e-a85a-4abc-b615-3f308ea1af6d/br/am/manaus/zona-0001/a6f92f61c24392d8e3e3a22c82f6a1d7.jpg", "https://vocefiscal-poll-tape-uploads.s3.amazonaws.com/us-east-1%3Ad3d6db1e-a85a-4abc-b615-3f308ea1af6d/br/am/manaus/zona-0001/1b956217070c77cb1ad0e03b066b830c.jpg", "https://vocefiscal-poll-tape-uploads.s3.amazonaws.com/us-east-1%3Ad3d6db1e-a85a-4abc-b615-3f308ea1af6d/br/am/manaus/zona-0001/2f7e585ede36aef4256bb04e6d6409a8.jpg", "https://vocefiscal-poll-tape-uploads.s3.amazonaws.com/us-east-1%3Ad3d6db1e-a85a-4abc-b615-3f308ea1af6d/br/am/manaus/zona-0001/2e39a80796057ebcc272da03fa32e089.jpg", "https://vocefiscal-poll-tape-uploads.s3.amazonaws.com/us-east-1%3Ad3d6db1e-a85a-4abc-b615-3f308ea1af6d/br/am/manaus/zona-0001/d54528198a5dcc40f017f172fb272d0a.jpg", "https://vocefiscal-poll-tape-uploads.s3.amazonaws.com/us-east-1%3Ad3d6db1e-a85a-4abc-b615-3f308ea1af6d/br/am/manaus/zona-0001/453582e59471dfbbb25eae73a98f23e0.jpg", "https://vocefiscal-poll-tape-uploads.s3.amazonaws.com/us-east-1%3Ad3d6db1e-a85a-4abc-b615-3f308ea1af6d/br/am/manaus/zona-0001/f0bdc4b05f253946eef567ac74151279.jpg", "https://vocefiscal-poll-tape-uploads.s3.amazonaws.com/us-east-1%3Ad3d6db1e-a85a-4abc-b615-3f308ea1af6d/br/am/manaus/zona-0001/9a95bcc5d2f6e17d42e828b31a165c66.jpg", "https://vocefiscal-poll-tape-uploads.s3.amazonaws.com/us-east-1%3Ad3d6db1e-a85a-4abc-b615-3f308ea1af6d/br/am/manaus/zona-0001/f4102df46070460643f9438a319aafaa.jpg", "https://vocefiscal-poll-tape-uploads.s3.amazonaws.com/us-east-1%3Ad3d6db1e-a85a-4abc-b615-3f308ea1af6d/br/am/manaus/zona-0001/21ed5b0d5de4b3b4371bfbabd7680fb4.jpg", "https://vocefiscal-poll-tape-uploads.s3.amazonaws.com/us-east-1%3Ad3d6db1e-a85a-4abc-b615-3f308ea1af6d/br/am/manaus/zona-0001/cbcfc6f3fd0ba0de248a2e2358d6c57f.jpg", "https://vocefiscal-poll-tape-uploads.s3.amazonaws.com/us-east-1%3Ad3d6db1e-a85a-4abc-b615-3f308ea1af6d/br/am/manaus/zona-0001/27c8d5ee3bf2b2c47818fc422fdb7a0f.jpg", "https://vocefiscal-poll-tape-uploads.s3.amazonaws.com/us-east-1%3Ad3d6db1e-a85a-4abc-b615-3f308ea1af6d/br/am/manaus/zona-0001/cc4cb49c5a8d50ee51f5f49686ecf6fe.jpg", "https://vocefiscal-poll-tape-uploads.s3.amazonaws.com/us-east-1%3Ad3d6db1e-a85a-4abc-b615-3f308ea1af6d/br/am/manaus/zona-0001/932b59e03ad4a97b895881145cbfb662.jpg", "https://vocefiscal-poll-tape-uploads.s3.amazonaws.com/us-east-1%3Ad3d6db1e-a85a-4abc-b615-3f308ea1af6d/br/am/manaus/zona-0001/515d51f710e08c5fd461935a7f806c51.jpg", "https://vocefiscal-poll-tape-uploads.s3.amazonaws.com/us-east-1%3Ad3d6db1e-a85a-4abc-b615-3f308ea1af6d/br/am/manaus/zona-0001/dadac8d0367ecdea10715c948343cebb.jpg", "https://vocefiscal-poll-tape-uploads.s3.amazonaws.com/us-east-1%3Ad3d6db1e-a85a-4abc-b615-3f308ea1af6d/br/am/manaus/zona-0001/fdb2e41c0c6d736c11aa76a9d34f946.jpg", "https://vocefiscal-poll-tape-uploads.s3.amazonaws.com/us-east-1%3Ad3d6db1e-a85a-4abc-b615-3f308ea1af6d/br/am/manaus/zona-0001/78e5c0be9eb135fb465f67fb1008dff4.jpg", "https://vocefiscal-poll-tape-uploads.s3.amazonaws.com/us-east-1%3Ad3d6db1e-a85a-4abc-b615-3f308ea1af6d/br/am/manaus/zona-0001/9754decb25c9323d5950875fe3a51482.jpg", "https://vocefiscal-poll-tape-uploads.s3.amazonaws.com/us-east-1%3Ad3d6db1e-a85a-4abc-b615-3f308ea1af6d/br/am/manaus/zona-0001/a253a4c46565ea19187cd08254dcc54d.jpg", "https://vocefiscal-poll-tape-uploads.s3.amazonaws.com/us-east-1%3Ad3d6db1e-a85a-4abc-b615-3f308ea1af6d/br/am/manaus/zona-0001/e7224998faa37c748923141b451186b6.jpg", "https://vocefiscal-poll-tape-uploads.s3.amazonaws.com/us-east-1%3Ad3d6db1e-a85a-4abc-b615-3f308ea1af6d/br/am/manaus/zona-0001/5d447244c99d150e2d2a57fba584791e.jpg", "https://vocefiscal-poll-tape-uploads.s3.amazonaws.com/us-east-1%3Ad3d6db1e-a85a-4abc-b615-3f308ea1af6d/br/am/manaus/zona-0001/1e40402e0efb9298eee3b477348caec1.jpg", "https://vocefiscal-poll-tape-uploads.s3.amazonaws.com/us-east-1%3Ad3d6db1e-a85a-4abc-b615-3f308ea1af6d/br/am/manaus/zona-0001/26eadc420c6d10443173a58d1cf0bc61.jpg", "https://vocefiscal-poll-tape-uploads.s3.amazonaws.com/us-east-1%3Ad3d6db1e-a85a-4abc-b615-3f308ea1af6d/br/am/manaus/zona-0001/76bfc8d126b361901e46bc1d42ca76e.jpg"], "data": 1412546205264}