{"zonaEleitoral": "0001", "municipio": "MANAUS", "secaoEleitoral": "0151", "pictureURLList": ["https://vocefiscal-poll-tape-uploads.s3.amazonaws.com/us-east-1%3Aa952df83-fe05-4bbd-95b0-2746193766bc/br/am/manaus/zona-0001/b85c5fffbb5cfd1e313955e55f931352.jpg", "https://vocefiscal-poll-tape-uploads.s3.amazonaws.com/us-east-1%3Aa952df83-fe05-4bbd-95b0-2746193766bc/br/am/manaus/zona-0001/156ff9fd0c32bae1af760c3126abf776.jpg", "https://vocefiscal-poll-tape-uploads.s3.amazonaws.com/us-east-1%3Aa952df83-fe05-4bbd-95b0-2746193766bc/br/am/manaus/zona-0001/cb430e4463717a5dedff3d9ed002d77c.jpg", "https://vocefiscal-poll-tape-uploads.s3.amazonaws.com/us-east-1%3Aa952df83-fe05-4bbd-95b0-2746193766bc/br/am/manaus/zona-0001/e83d6cfa8f83300725284684b652fdf9.jpg", "https://vocefiscal-poll-tape-uploads.s3.amazonaws.com/us-east-1%3Aa952df83-fe05-4bbd-95b0-2746193766bc/br/am/manaus/zona-0001/5fcf5bbdb8c7fce33d4dd85ff95ec8c7.jpg", "https://vocefiscal-poll-tape-uploads.s3.amazonaws.com/us-east-1%3Aa952df83-fe05-4bbd-95b0-2746193766bc/br/am/manaus/zona-0001/a76772029b40ed31ca5edfce08e0a7e6.jpg", "https://vocefiscal-poll-tape-uploads.s3.amazonaws.com/us-east-1%3Aa952df83-fe05-4bbd-95b0-2746193766bc/br/am/manaus/zona-0001/f336abf8bf244818d33ad1595f3a8642.jpg", "https://vocefiscal-poll-tape-uploads.s3.amazonaws.com/us-east-1%3Aa952df83-fe05-4bbd-95b0-2746193766bc/br/am/manaus/zona-0001/fb7452f116f10b7e25f3620c2afa6baa.jpg", "https://vocefiscal-poll-tape-uploads.s3.amazonaws.com/us-east-1%3Aa952df83-fe05-4bbd-95b0-2746193766bc/br/am/manaus/zona-0001/38ec3cb23c74a9179768ee894ee4907d.jpg", "https://vocefiscal-poll-tape-uploads.s3.amazonaws.com/us-east-1%3Aa952df83-fe05-4bbd-95b0-2746193766bc/br/am/manaus/zona-0001/da676444c838c64df4dd1cf156f5c0db.jpg", "https://vocefiscal-poll-tape-uploads.s3.amazonaws.com/us-east-1%3Aa952df83-fe05-4bbd-95b0-2746193766bc/br/am/manaus/zona-0001/c98b07296a13394ed48ddeeff9d692ad.jpg", "https://vocefiscal-poll-tape-uploads.s3.amazonaws.com/us-east-1%3Aa952df83-fe05-4bbd-95b0-2746193766bc/br/am/manaus/zona-0001/5f6d141e63727cf849da480721051cc3.jpg"], "data": 1412543632783, "estado": "AM"}