{"zonaEleitoral": "0070", "municipio": "MANAUS", "estado": "AM", "secaoEleitoral": "0035", "data": 1412543768603, "pictureURLList": ["https://vocefiscal-poll-tape-uploads.s3.amazonaws.com/us-east-1%3Aa4e374da-36be-4f82-884a-4d486f5c7623/br/am/manaus/zona-0070/c0d239b9182b98dab2090dfdacc64f4f.jpg", "https://vocefiscal-poll-tape-uploads.s3.amazonaws.com/us-east-1%3Aa4e374da-36be-4f82-884a-4d486f5c7623/br/am/manaus/zona-0070/a9af080433aec305674335d3e9601ab4.jpg", "https://vocefiscal-poll-tape-uploads.s3.amazonaws.com/us-east-1%3Aa4e374da-36be-4f82-884a-4d486f5c7623/br/am/manaus/zona-0070/e5c8a8315ece5a65afc1aff73549ced.jpg", "https://vocefiscal-poll-tape-uploads.s3.amazonaws.com/us-east-1%3Aa4e374da-36be-4f82-884a-4d486f5c7623/br/am/manaus/zona-0070/be1b777ddb567ed875e8430a4454f3e6.jpg", "https://vocefiscal-poll-tape-uploads.s3.amazonaws.com/us-east-1%3Aa4e374da-36be-4f82-884a-4d486f5c7623/br/am/manaus/zona-0070/be1b777ddb567ed875e8430a4454f3e6.jpg", "https://vocefiscal-poll-tape-uploads.s3.amazonaws.com/us-east-1%3Aa4e374da-36be-4f82-884a-4d486f5c7623/br/am/manaus/zona-0070/506e1694d30d41e16c2e47f7aa8d497f.jpg", "https://vocefiscal-poll-tape-uploads.s3.amazonaws.com/us-east-1%3Aa4e374da-36be-4f82-884a-4d486f5c7623/br/am/manaus/zona-0070/93b0fbe4f656cca4b13a01a6acefda3a.jpg", "https://vocefiscal-poll-tape-uploads.s3.amazonaws.com/us-east-1%3Aa4e374da-36be-4f82-884a-4d486f5c7623/br/am/manaus/zona-0070/506e1694d30d41e16c2e47f7aa8d497f.jpg", "https://vocefiscal-poll-tape-uploads.s3.amazonaws.com/us-east-1%3Aa4e374da-36be-4f82-884a-4d486f5c7623/br/am/manaus/zona-0070/7541742d6d86f1d38fe997678191eb0d.jpg", "https://vocefiscal-poll-tape-uploads.s3.amazonaws.com/us-east-1%3Aa4e374da-36be-4f82-884a-4d486f5c7623/br/am/manaus/zona-0070/93b0fbe4f656cca4b13a01a6acefda3a.jpg", "https://vocefiscal-poll-tape-uploads.s3.amazonaws.com/us-east-1%3Aa4e374da-36be-4f82-884a-4d486f5c7623/br/am/manaus/zona-0070/7541742d6d86f1d38fe997678191eb0d.jpg", "https://vocefiscal-poll-tape-uploads.s3.amazonaws.com/us-east-1%3Aa4e374da-36be-4f82-884a-4d486f5c7623/br/am/manaus/zona-0070/95176e746a7f22977aa7f8cb53a15aaf.jpg", "https://vocefiscal-poll-tape-uploads.s3.amazonaws.com/us-east-1%3Aa4e374da-36be-4f82-884a-4d486f5c7623/br/am/manaus/zona-0070/95176e746a7f22977aa7f8cb53a15aaf.jpg", "https://vocefiscal-poll-tape-uploads.s3.amazonaws.com/us-east-1%3Aa4e374da-36be-4f82-884a-4d486f5c7623/br/am/manaus/zona-0070/7cd0a399eadbb5da74baa49a59dda61a.jpg", "https://vocefiscal-poll-tape-uploads.s3.amazonaws.com/us-east-1%3Aa4e374da-36be-4f82-884a-4d486f5c7623/br/am/manaus/zona-0070/7cd0a399eadbb5da74baa49a59dda61a.jpg", "https://vocefiscal-poll-tape-uploads.s3.amazonaws.com/us-east-1%3Aa4e374da-36be-4f82-884a-4d486f5c7623/br/am/manaus/zona-0070/2ed33c984d5b1dbdcc7b1ea741f290c6.jpg", "https://vocefiscal-poll-tape-uploads.s3.amazonaws.com/us-east-1%3Aa4e374da-36be-4f82-884a-4d486f5c7623/br/am/manaus/zona-0070/2ed33c984d5b1dbdcc7b1ea741f290c6.jpg", "https://vocefiscal-poll-tape-uploads.s3.amazonaws.com/us-east-1%3Aa4e374da-36be-4f82-884a-4d486f5c7623/br/am/manaus/zona-0070/e5a73acc3fb14806ad4b6f6d5acfaa1b.jpg", "https://vocefiscal-poll-tape-uploads.s3.amazonaws.com/us-east-1%3Aa4e374da-36be-4f82-884a-4d486f5c7623/br/am/manaus/zona-0070/9bb9e35d6df0e9b526f336d109eded09.jpg", "https://vocefiscal-poll-tape-uploads.s3.amazonaws.com/us-east-1%3Aa4e374da-36be-4f82-884a-4d486f5c7623/br/am/manaus/zona-0070/e5a73acc3fb14806ad4b6f6d5acfaa1b.jpg", "https://vocefiscal-poll-tape-uploads.s3.amazonaws.com/us-east-1%3Aa4e374da-36be-4f82-884a-4d486f5c7623/br/am/manaus/zona-0070/cdda60afe3a6ea634f4f4773411d579.jpg", "https://vocefiscal-poll-tape-uploads.s3.amazonaws.com/us-east-1%3Aa4e374da-36be-4f82-884a-4d486f5c7623/br/am/manaus/zona-0070/bc8d59f83bd3bec5e6ae455e9c34337a.jpg", "https://vocefiscal-poll-tape-uploads.s3.amazonaws.com/us-east-1%3Aa4e374da-36be-4f82-884a-4d486f5c7623/br/am/manaus/zona-0070/413ed1c2ce17e6a78473fe9a9c5ec086.jpg", "https://vocefiscal-poll-tape-uploads.s3.amazonaws.com/us-east-1%3Aa4e374da-36be-4f82-884a-4d486f5c7623/br/am/manaus/zona-0070/8e874bc94cdfe4332c27068fe76d5727.jpg", "https://vocefiscal-poll-tape-uploads.s3.amazonaws.com/us-east-1%3Aa4e374da-36be-4f82-884a-4d486f5c7623/br/am/manaus/zona-0070/cdda60afe3a6ea634f4f4773411d579.jpg", "https://vocefiscal-poll-tape-uploads.s3.amazonaws.com/us-east-1%3Aa4e374da-36be-4f82-884a-4d486f5c7623/br/am/manaus/zona-0070/9bb9e35d6df0e9b526f336d109eded09.jpg"]}