{"municipio": "OURIL\u00c2NDIA DO NORTE", "secaoEleitoral": "0143", "zonaEleitoral": "0074", "localDaVotacao": "1155", "estado": "PA", "data": 1412545499448, "pictureURLList": ["https://vocefiscal-poll-tape-uploads.s3.amazonaws.com/us-east-1%3Ae364275f-0161-4d10-96bb-c44f55cbc7c5/br/pa/ourilandia-do-norte/zona-0074/abe6a724d76ea1bcf4b2b12bae44d5bc.jpg", "https://vocefiscal-poll-tape-uploads.s3.amazonaws.com/us-east-1%3Ae364275f-0161-4d10-96bb-c44f55cbc7c5/br/pa/ourilandia-do-norte/zona-0074/594b4a1c7e26a7a5b3a069f5feec6a0.jpg", "https://vocefiscal-poll-tape-uploads.s3.amazonaws.com/us-east-1%3Ae364275f-0161-4d10-96bb-c44f55cbc7c5/br/pa/ourilandia-do-norte/zona-0074/25ca107d6ca77d6a85b886669718c277.jpg", "https://vocefiscal-poll-tape-uploads.s3.amazonaws.com/us-east-1%3Ae364275f-0161-4d10-96bb-c44f55cbc7c5/br/pa/ourilandia-do-norte/zona-0074/200cd00c20be9280a8ae3400bd411002.jpg", "https://vocefiscal-poll-tape-uploads.s3.amazonaws.com/us-east-1%3Ae364275f-0161-4d10-96bb-c44f55cbc7c5/br/pa/ourilandia-do-norte/zona-0074/fda5ac0727ee14cd98149658c9b295a3.jpg", "https://vocefiscal-poll-tape-uploads.s3.amazonaws.com/us-east-1%3Ae364275f-0161-4d10-96bb-c44f55cbc7c5/br/pa/ourilandia-do-norte/zona-0074/a92d93a56056b9ccef21c1acc916a098.jpg", "https://vocefiscal-poll-tape-uploads.s3.amazonaws.com/us-east-1%3Ae364275f-0161-4d10-96bb-c44f55cbc7c5/br/pa/ourilandia-do-norte/zona-0074/444cd64da0a3eadb3a1bb49916da42cd.jpg", "https://vocefiscal-poll-tape-uploads.s3.amazonaws.com/us-east-1%3Ae364275f-0161-4d10-96bb-c44f55cbc7c5/br/pa/ourilandia-do-norte/zona-0074/2ff0d5bf0d3837650e7dad3c68254888.jpg", "https://vocefiscal-poll-tape-uploads.s3.amazonaws.com/us-east-1%3Ae364275f-0161-4d10-96bb-c44f55cbc7c5/br/pa/ourilandia-do-norte/zona-0074/3f5d6d139443cb12adac01338e4276cd.jpg", "https://vocefiscal-poll-tape-uploads.s3.amazonaws.com/us-east-1%3Ae364275f-0161-4d10-96bb-c44f55cbc7c5/br/pa/ourilandia-do-norte/zona-0074/a591c81465adcb70b1105048a679bb80.jpg", "https://vocefiscal-poll-tape-uploads.s3.amazonaws.com/us-east-1%3Ae364275f-0161-4d10-96bb-c44f55cbc7c5/br/pa/ourilandia-do-norte/zona-0074/bf8303225e1807f11af6c7e478906c2d.jpg", "https://vocefiscal-poll-tape-uploads.s3.amazonaws.com/us-east-1%3Ae364275f-0161-4d10-96bb-c44f55cbc7c5/br/pa/ourilandia-do-norte/zona-0074/3af458019d14fd66cde3827cdd97c432.jpg", "https://vocefiscal-poll-tape-uploads.s3.amazonaws.com/us-east-1%3Ae364275f-0161-4d10-96bb-c44f55cbc7c5/br/pa/ourilandia-do-norte/zona-0074/fb4f9eabf20478584d562c566b0a6693.jpg", "https://vocefiscal-poll-tape-uploads.s3.amazonaws.com/us-east-1%3Ae364275f-0161-4d10-96bb-c44f55cbc7c5/br/pa/ourilandia-do-norte/zona-0074/5f7a85c70ac55e30beca80f016907cca.jpg", "https://vocefiscal-poll-tape-uploads.s3.amazonaws.com/us-east-1%3Ae364275f-0161-4d10-96bb-c44f55cbc7c5/br/pa/ourilandia-do-norte/zona-0074/2eacd8d9b4ef01354c751f402a16bd04.jpg", "https://vocefiscal-poll-tape-uploads.s3.amazonaws.com/us-east-1%3Ae364275f-0161-4d10-96bb-c44f55cbc7c5/br/pa/ourilandia-do-norte/zona-0074/f1fd56fd8d9a02ff46dd8499b0adba23.jpg", "https://vocefiscal-poll-tape-uploads.s3.amazonaws.com/us-east-1%3Ae364275f-0161-4d10-96bb-c44f55cbc7c5/br/pa/ourilandia-do-norte/zona-0074/51ef46e55e0caf6a3ea431f315cf5ffd.jpg", "https://vocefiscal-poll-tape-uploads.s3.amazonaws.com/us-east-1%3Ae364275f-0161-4d10-96bb-c44f55cbc7c5/br/pa/ourilandia-do-norte/zona-0074/95cadf5af53493da835515bfd1febfb5.jpg", "https://vocefiscal-poll-tape-uploads.s3.amazonaws.com/us-east-1%3Ae364275f-0161-4d10-96bb-c44f55cbc7c5/br/pa/ourilandia-do-norte/zona-0074/4cbdd2c45bc19674461c4dc178defaa1.jpg", "https://vocefiscal-poll-tape-uploads.s3.amazonaws.com/us-east-1%3Ae364275f-0161-4d10-96bb-c44f55cbc7c5/br/pa/ourilandia-do-norte/zona-0074/abd6db66de0a9494d5b37e1f6524c255.jpg", "https://vocefiscal-poll-tape-uploads.s3.amazonaws.com/us-east-1%3Ae364275f-0161-4d10-96bb-c44f55cbc7c5/br/pa/ourilandia-do-norte/zona-0074/680f0747d81b10f20a85127b3e4977d5.jpg"]}