{"estado": "CE", "municipio": "RUSSAS", "data": 1412541819657, "secaoEleitoral": "0217", "pictureURLList": ["https://vocefiscal-poll-tape-uploads.s3.amazonaws.com/us-east-1%3A75585a30-2522-49d2-83ac-271b269264c9/br/ce/russas/zona-0009/51059981dcf987fc5dbaf62016245978.jpg", "https://vocefiscal-poll-tape-uploads.s3.amazonaws.com/us-east-1%3A75585a30-2522-49d2-83ac-271b269264c9/br/ce/russas/zona-0009/51059981dcf987fc5dbaf62016245978.jpg", "https://vocefiscal-poll-tape-uploads.s3.amazonaws.com/us-east-1%3A75585a30-2522-49d2-83ac-271b269264c9/br/ce/russas/zona-0009/5b481b4d0ac77490268e1bc7264f728d.jpg", "https://vocefiscal-poll-tape-uploads.s3.amazonaws.com/us-east-1%3A75585a30-2522-49d2-83ac-271b269264c9/br/ce/russas/zona-0009/9ad6557471c5fb85b0a9416c5e204eaf.jpg", "https://vocefiscal-poll-tape-uploads.s3.amazonaws.com/us-east-1%3A75585a30-2522-49d2-83ac-271b269264c9/br/ce/russas/zona-0009/95f52b86be73b8395cba6456c40f4dd.jpg", "https://vocefiscal-poll-tape-uploads.s3.amazonaws.com/us-east-1%3A75585a30-2522-49d2-83ac-271b269264c9/br/ce/russas/zona-0009/f2780ea30f23c80bbdd7eb2dd1889496.jpg", "https://vocefiscal-poll-tape-uploads.s3.amazonaws.com/us-east-1%3A75585a30-2522-49d2-83ac-271b269264c9/br/ce/russas/zona-0009/19642ce7e2f084fd51e9f1cb60d5208e.jpg", "https://vocefiscal-poll-tape-uploads.s3.amazonaws.com/us-east-1%3A75585a30-2522-49d2-83ac-271b269264c9/br/ce/russas/zona-0009/4e71157ad006e68fafb824a1bd3da95.jpg", "https://vocefiscal-poll-tape-uploads.s3.amazonaws.com/us-east-1%3A75585a30-2522-49d2-83ac-271b269264c9/br/ce/russas/zona-0009/dd3cb1e69402f156258781f9d3f73ccd.jpg", "https://vocefiscal-poll-tape-uploads.s3.amazonaws.com/us-east-1%3A75585a30-2522-49d2-83ac-271b269264c9/br/ce/russas/zona-0009/ac2acd7ce56768b8c623d6eee0d67d3.jpg", "https://vocefiscal-poll-tape-uploads.s3.amazonaws.com/us-east-1%3A75585a30-2522-49d2-83ac-271b269264c9/br/ce/russas/zona-0009/e98547e5a0d1e0819a296d9410d7c6c9.jpg", "https://vocefiscal-poll-tape-uploads.s3.amazonaws.com/us-east-1%3A75585a30-2522-49d2-83ac-271b269264c9/br/ce/russas/zona-0009/45259a85558a06e6908ef23ee57b0b82.jpg", "https://vocefiscal-poll-tape-uploads.s3.amazonaws.com/us-east-1%3A75585a30-2522-49d2-83ac-271b269264c9/br/ce/russas/zona-0009/42a363cc9989c4c6ecd52aebfab8495b.jpg", "https://vocefiscal-poll-tape-uploads.s3.amazonaws.com/us-east-1%3A75585a30-2522-49d2-83ac-271b269264c9/br/ce/russas/zona-0009/47aef25fb372c608b4980292aa25ac5a.jpg", "https://vocefiscal-poll-tape-uploads.s3.amazonaws.com/us-east-1%3A75585a30-2522-49d2-83ac-271b269264c9/br/ce/russas/zona-0009/8cb2828833ab17a31a27e0634a0c5b4c.jpg"], "zonaEleitoral": "0009"}