{"pictureURLList": ["https://vocefiscal-poll-tape-uploads.s3.amazonaws.com/us-east-1%3A5f08456c-0af8-483b-b299-d935edf78f55/br/ce/maracanau/zona-0104/717ccbe86c1c40b899bc409404747ed4.jpg", "https://vocefiscal-poll-tape-uploads.s3.amazonaws.com/us-east-1%3A5f08456c-0af8-483b-b299-d935edf78f55/br/ce/maracanau/zona-0104/e2c9083b9d53d224d506d4cda8a6b764.jpg", "https://vocefiscal-poll-tape-uploads.s3.amazonaws.com/us-east-1%3A5f08456c-0af8-483b-b299-d935edf78f55/br/ce/maracanau/zona-0104/eb80841a64bb314ab248fb54e07ed67f.jpg"], "data": 1414353080770, "estado": "CE", "municipio": "MARACANA\u00da", "zonaEleitoral": "0104", "localDaVotacao": "1759", "secaoEleitoral": "0363"}