{"pictureURLList": ["https://vocefiscal-poll-tape-uploads.s3.amazonaws.com/us-east-1%3A5fd5bfc9-1a28-4472-85ce-45d92f679bc9/br/ce/iguatu/zona-0013/e1a7667c72110f095152bc26fc8baca3.jpg", "https://vocefiscal-poll-tape-uploads.s3.amazonaws.com/us-east-1%3A5fd5bfc9-1a28-4472-85ce-45d92f679bc9/br/ce/iguatu/zona-0013/553fcc265f107844367f385feed03917.jpg", "https://vocefiscal-poll-tape-uploads.s3.amazonaws.com/us-east-1%3A5fd5bfc9-1a28-4472-85ce-45d92f679bc9/br/ce/iguatu/zona-0013/5934dfa001a76c80844db742a4ed9150.jpg"], "data": 1414347020512, "estado": "CE", "municipio": "IGUATU", "zonaEleitoral": "0013", "localDaVotacao": "2453", "secaoEleitoral": "0078"}