{"pictureURLList": ["https://vocefiscal-poll-tape-uploads.s3.amazonaws.com/us-east-1%3A5fd5bfc9-1a28-4472-85ce-45d92f679bc9/br/ce/iguatu/zona-0013/1f249c00791817a627a74eb2f3854311.jpg", "https://vocefiscal-poll-tape-uploads.s3.amazonaws.com/us-east-1%3A5fd5bfc9-1a28-4472-85ce-45d92f679bc9/br/ce/iguatu/zona-0013/5cfe9a4d12271c854c3080672030d596.jpg", "https://vocefiscal-poll-tape-uploads.s3.amazonaws.com/us-east-1%3A5fd5bfc9-1a28-4472-85ce-45d92f679bc9/br/ce/iguatu/zona-0013/20642bf074b56073dc40ff4b117701e6.jpg"], "data": 1414359097790, "estado": "CE", "municipio": "IGUATU", "zonaEleitoral": "0013", "localDaVotacao": "2453", "secaoEleitoral": "0078"}