{"estado": "PA", "municipio": "BEL\u00c9M", "pictureURLList": ["https://vocefiscal-poll-tape-uploads.s3.amazonaws.com/us-east-1%3A7bf04b52-a059-4ca6-be76-19afb2dbcd42/br/pa/belem/zona-0030/7e43b2ffe1f62bd4f9cf19fc08d9c3c.jpg", "https://vocefiscal-poll-tape-uploads.s3.amazonaws.com/us-east-1%3A7bf04b52-a059-4ca6-be76-19afb2dbcd42/br/pa/belem/zona-0030/8e25b1aa1b9e08fdc551b88ec91e6b29.jpg", "https://vocefiscal-poll-tape-uploads.s3.amazonaws.com/us-east-1%3A7bf04b52-a059-4ca6-be76-19afb2dbcd42/br/pa/belem/zona-0030/a2a9a2ab89c039913c7a7da0e18b866b.jpg", "https://vocefiscal-poll-tape-uploads.s3.amazonaws.com/us-east-1%3A7bf04b52-a059-4ca6-be76-19afb2dbcd42/br/pa/belem/zona-0030/217607c00504365f656a152431c2aad0.jpg"], "data": 1414354859921, "secaoEleitoral": "0468", "zonaEleitoral": "0030"}