{"zonaEleitoral": "0031", "municipio": "MANAUS", "estado": "AM", "secaoEleitoral": "0083", "data": 1412545749269, "pictureURLList": ["https://vocefiscal-poll-tape-uploads.s3.amazonaws.com/us-east-1%3Aedbcb59b-5797-4085-9aa8-b7970627926f/br/am/manaus/zona-0031/2503fdaa3f39055649cb9ce163c4762f.jpg", "https://vocefiscal-poll-tape-uploads.s3.amazonaws.com/us-east-1%3Aedbcb59b-5797-4085-9aa8-b7970627926f/br/am/manaus/zona-0031/cb0b09ae3bfd22c3d2cfa254189fc743.jpg", "https://vocefiscal-poll-tape-uploads.s3.amazonaws.com/us-east-1%3Aedbcb59b-5797-4085-9aa8-b7970627926f/br/am/manaus/zona-0031/53a85e3bfe40651bfaa8afeca3202386.jpg", "https://vocefiscal-poll-tape-uploads.s3.amazonaws.com/us-east-1%3Aedbcb59b-5797-4085-9aa8-b7970627926f/br/am/manaus/zona-0031/77c17897e564ca7335f1b1783e86b95a.jpg", "https://vocefiscal-poll-tape-uploads.s3.amazonaws.com/us-east-1%3Aedbcb59b-5797-4085-9aa8-b7970627926f/br/am/manaus/zona-0031/d4773203b67c33ff9f8ba8c35686f62f.jpg", "https://vocefiscal-poll-tape-uploads.s3.amazonaws.com/us-east-1%3Aedbcb59b-5797-4085-9aa8-b7970627926f/br/am/manaus/zona-0031/2de17ff8f2135e158cf69a028f957321.jpg", "https://vocefiscal-poll-tape-uploads.s3.amazonaws.com/us-east-1%3Aedbcb59b-5797-4085-9aa8-b7970627926f/br/am/manaus/zona-0031/21f124fa2484df63227e42692d65e68c.jpg", "https://vocefiscal-poll-tape-uploads.s3.amazonaws.com/us-east-1%3Aedbcb59b-5797-4085-9aa8-b7970627926f/br/am/manaus/zona-0031/ddbddf3e5a56efdcdb4dcdec8cfa8ed3.jpg", "https://vocefiscal-poll-tape-uploads.s3.amazonaws.com/us-east-1%3Aedbcb59b-5797-4085-9aa8-b7970627926f/br/am/manaus/zona-0031/97de9ddf68f03f60df113001625e2326.jpg", "https://vocefiscal-poll-tape-uploads.s3.amazonaws.com/us-east-1%3Aedbcb59b-5797-4085-9aa8-b7970627926f/br/am/manaus/zona-0031/55592de171a95e874a308288317c5762.jpg", "https://vocefiscal-poll-tape-uploads.s3.amazonaws.com/us-east-1%3Aedbcb59b-5797-4085-9aa8-b7970627926f/br/am/manaus/zona-0031/bfedb5606e7834313d309b25abfd4215.jpg", "https://vocefiscal-poll-tape-uploads.s3.amazonaws.com/us-east-1%3Aedbcb59b-5797-4085-9aa8-b7970627926f/br/am/manaus/zona-0031/92a0cf2efcf9c37e5a2765a2168984df.jpg", "https://vocefiscal-poll-tape-uploads.s3.amazonaws.com/us-east-1%3Aedbcb59b-5797-4085-9aa8-b7970627926f/br/am/manaus/zona-0031/a2b35338130282824e4a1f3d012b3664.jpg"]}