{"zonaEleitoral": "0063", "municipio": "MANAUS", "pictureURLList": ["https://vocefiscal-poll-tape-uploads.s3.amazonaws.com/us-east-1%3Af972accf-239a-487c-a121-9e123d278a02/br/am/manaus/zona-0063/f9d43e91d152d8aa46a52872844f51ee.jpg", "https://vocefiscal-poll-tape-uploads.s3.amazonaws.com/us-east-1%3Af972accf-239a-487c-a121-9e123d278a02/br/am/manaus/zona-0063/b74f04c2e9158affca9221b2cde4535.jpg", "https://vocefiscal-poll-tape-uploads.s3.amazonaws.com/us-east-1%3Af972accf-239a-487c-a121-9e123d278a02/br/am/manaus/zona-0063/b9c86081f8953f43b857d2307d874fce.jpg"], "secaoEleitoral": "0085", "data": 1412544464433, "estado": "AM"}