{"zonaEleitoral": "0031", "municipio": "MANAUS", "secaoEleitoral": "0454", "estado": "AM", "pictureURLList": ["https://vocefiscal-poll-tape-uploads.s3.amazonaws.com/us-east-1%3A4f089fec-0371-4749-8042-feec971e4b72/br/am/manaus/zona-0031/ffa1a15616c582696b2360321ef6d8e2.jpg", "https://vocefiscal-poll-tape-uploads.s3.amazonaws.com/us-east-1%3A4f089fec-0371-4749-8042-feec971e4b72/br/am/manaus/zona-0031/bd0fa7a456b70ae25027dbf2ad4c6fa5.jpg", "https://vocefiscal-poll-tape-uploads.s3.amazonaws.com/us-east-1%3A4f089fec-0371-4749-8042-feec971e4b72/br/am/manaus/zona-0031/e7d87f2b9662aea0c84a0aab262d3ae.jpg", "https://vocefiscal-poll-tape-uploads.s3.amazonaws.com/us-east-1%3A4f089fec-0371-4749-8042-feec971e4b72/br/am/manaus/zona-0031/e9258efe4a76b477fd79eabcf042e549.jpg", "https://vocefiscal-poll-tape-uploads.s3.amazonaws.com/us-east-1%3A4f089fec-0371-4749-8042-feec971e4b72/br/am/manaus/zona-0031/8b7c9b679e644a624777be4b503a386d.jpg", "https://vocefiscal-poll-tape-uploads.s3.amazonaws.com/us-east-1%3A4f089fec-0371-4749-8042-feec971e4b72/br/am/manaus/zona-0031/71920e881835cd4009aba085c745bf0a.jpg", "https://vocefiscal-poll-tape-uploads.s3.amazonaws.com/us-east-1%3A4f089fec-0371-4749-8042-feec971e4b72/br/am/manaus/zona-0031/1361cacdeed455a8f4ebce1ad90c2518.jpg", "https://vocefiscal-poll-tape-uploads.s3.amazonaws.com/us-east-1%3A4f089fec-0371-4749-8042-feec971e4b72/br/am/manaus/zona-0031/ee3722a8f54836b0208f79807c492029.jpg", "https://vocefiscal-poll-tape-uploads.s3.amazonaws.com/us-east-1%3A4f089fec-0371-4749-8042-feec971e4b72/br/am/manaus/zona-0031/e612bc0572b92551bf20767cadd43c86.jpg", "https://vocefiscal-poll-tape-uploads.s3.amazonaws.com/us-east-1%3A4f089fec-0371-4749-8042-feec971e4b72/br/am/manaus/zona-0031/58b4a6cc4f34c35bd3104cffde35b51c.jpg", "https://vocefiscal-poll-tape-uploads.s3.amazonaws.com/us-east-1%3A4f089fec-0371-4749-8042-feec971e4b72/br/am/manaus/zona-0031/95fbeb9efaeb46ba604e75f07f3bdff0.jpg", "https://vocefiscal-poll-tape-uploads.s3.amazonaws.com/us-east-1%3A4f089fec-0371-4749-8042-feec971e4b72/br/am/manaus/zona-0031/1b5d486900260497c41fad9b8462cb1c.jpg", "https://vocefiscal-poll-tape-uploads.s3.amazonaws.com/us-east-1%3A4f089fec-0371-4749-8042-feec971e4b72/br/am/manaus/zona-0031/58e7642172af8620ed467b48b76ec6d9.jpg", "https://vocefiscal-poll-tape-uploads.s3.amazonaws.com/us-east-1%3A4f089fec-0371-4749-8042-feec971e4b72/br/am/manaus/zona-0031/7ff76af229562eaa05c147da9c1087a.jpg", "https://vocefiscal-poll-tape-uploads.s3.amazonaws.com/us-east-1%3A4f089fec-0371-4749-8042-feec971e4b72/br/am/manaus/zona-0031/428d1e53d976142b66c492b55884c0cd.jpg", "https://vocefiscal-poll-tape-uploads.s3.amazonaws.com/us-east-1%3A4f089fec-0371-4749-8042-feec971e4b72/br/am/manaus/zona-0031/647a981a7eed9c3262f535743b1e82f9.jpg", "https://vocefiscal-poll-tape-uploads.s3.amazonaws.com/us-east-1%3A4f089fec-0371-4749-8042-feec971e4b72/br/am/manaus/zona-0031/69f61973642560d6737d9083e3b2f22d.jpg", "https://vocefiscal-poll-tape-uploads.s3.amazonaws.com/us-east-1%3A4f089fec-0371-4749-8042-feec971e4b72/br/am/manaus/zona-0031/b7ffd4d6cd4e14c6205986be9e22e169.jpg"], "data": 1412545625668}