{"pictureURLList": ["https://vocefiscal-poll-tape-uploads.s3.amazonaws.com/us-east-1%3A626180a5-083b-4b5a-8edb-8289cfdad626/br/ce/caucaia/zona-0037/bace9d37254a56a9b8006835d9d8b1ac.jpg", "https://vocefiscal-poll-tape-uploads.s3.amazonaws.com/us-east-1%3A626180a5-083b-4b5a-8edb-8289cfdad626/br/ce/caucaia/zona-0037/f64696324fafafa22f7452d8cb2d404b.jpg", "https://vocefiscal-poll-tape-uploads.s3.amazonaws.com/us-east-1%3A626180a5-083b-4b5a-8edb-8289cfdad626/br/ce/caucaia/zona-0037/c5cd84e95b2ec7ee881b4699919ff16.jpg"], "data": 1414355241349, "estado": "CE", "municipio": "CAUCAIA", "zonaEleitoral": "0037", "secaoEleitoral": "0309"}