{"municipio": "BEL\u00c9M", "secaoEleitoral": "0004", "zonaEleitoral": "0097", "localDaVotacao": "1015", "estado": "PA", "data": 1412543716313, "pictureURLList": ["https://vocefiscal-poll-tape-uploads.s3.amazonaws.com/us-east-1%3A365a8d14-e56f-4a6d-950a-3c012fc5723e/br/pa/belem/zona-0097/c1e1056b71e7f06b365a0c1bcf0442b4.jpg", "https://vocefiscal-poll-tape-uploads.s3.amazonaws.com/us-east-1%3A365a8d14-e56f-4a6d-950a-3c012fc5723e/br/pa/belem/zona-0097/d6e5721a8745fee6167da7b66b99a3a5.jpg", "https://vocefiscal-poll-tape-uploads.s3.amazonaws.com/us-east-1%3A365a8d14-e56f-4a6d-950a-3c012fc5723e/br/pa/belem/zona-0097/96150ca6043d93631ac757634d8dc373.jpg", "https://vocefiscal-poll-tape-uploads.s3.amazonaws.com/us-east-1%3A365a8d14-e56f-4a6d-950a-3c012fc5723e/br/pa/belem/zona-0097/e1864e7e80a57dac593ff0842370bf3c.jpg", "https://vocefiscal-poll-tape-uploads.s3.amazonaws.com/us-east-1%3A365a8d14-e56f-4a6d-950a-3c012fc5723e/br/pa/belem/zona-0097/538dbbcad92d790126ba88acb794c351.jpg", "https://vocefiscal-poll-tape-uploads.s3.amazonaws.com/us-east-1%3A365a8d14-e56f-4a6d-950a-3c012fc5723e/br/pa/belem/zona-0097/ac8450a3bcd56c834cf6789fdf9a4d7.jpg", "https://vocefiscal-poll-tape-uploads.s3.amazonaws.com/us-east-1%3A365a8d14-e56f-4a6d-950a-3c012fc5723e/br/pa/belem/zona-0097/c571c38c5951bd78d18929e13c25f1a4.jpg", "https://vocefiscal-poll-tape-uploads.s3.amazonaws.com/us-east-1%3A365a8d14-e56f-4a6d-950a-3c012fc5723e/br/pa/belem/zona-0097/4fd62815fc7cfe4687fd576fd89896da.jpg", "https://vocefiscal-poll-tape-uploads.s3.amazonaws.com/us-east-1%3A365a8d14-e56f-4a6d-950a-3c012fc5723e/br/pa/belem/zona-0097/a38b86aa2b2f379cf7179464d7a6b85a.jpg", "https://vocefiscal-poll-tape-uploads.s3.amazonaws.com/us-east-1%3A365a8d14-e56f-4a6d-950a-3c012fc5723e/br/pa/belem/zona-0097/eb35c6f8b4683eec64692ee171bf39ee.jpg", "https://vocefiscal-poll-tape-uploads.s3.amazonaws.com/us-east-1%3A365a8d14-e56f-4a6d-950a-3c012fc5723e/br/pa/belem/zona-0097/c58e0697db49841859a074056ea0743d.jpg"]}