{"municipio": "REDEN\u00c7\u00c3O", "secaoEleitoral": "0181", "zonaEleitoral": "0059", "localDaVotacao": "1252", "estado": "PA", "data": 1412545401423, "pictureURLList": ["https://vocefiscal-poll-tape-uploads.s3.amazonaws.com/us-east-1%3A6b0d21b1-bdaa-4f09-b393-1d94b2a6f97e/br/pa/redencao/zona-0059/7d71639f5e491a0ee206a6606069be52.jpg", "https://vocefiscal-poll-tape-uploads.s3.amazonaws.com/us-east-1%3A6b0d21b1-bdaa-4f09-b393-1d94b2a6f97e/br/pa/redencao/zona-0059/4706572e1b4fe87fdd37784b6b129eca.jpg", "https://vocefiscal-poll-tape-uploads.s3.amazonaws.com/us-east-1%3A6b0d21b1-bdaa-4f09-b393-1d94b2a6f97e/br/pa/redencao/zona-0059/8182e0d96899a624d6fbb14c8a2fcc5f.jpg", "https://vocefiscal-poll-tape-uploads.s3.amazonaws.com/us-east-1%3A6b0d21b1-bdaa-4f09-b393-1d94b2a6f97e/br/pa/redencao/zona-0059/9b15d5466a5d3c2929a9864971d89dfe.jpg", "https://vocefiscal-poll-tape-uploads.s3.amazonaws.com/us-east-1%3A6b0d21b1-bdaa-4f09-b393-1d94b2a6f97e/br/pa/redencao/zona-0059/9b0eff44b092b2df957ed6ccc4841a76.jpg", "https://vocefiscal-poll-tape-uploads.s3.amazonaws.com/us-east-1%3A6b0d21b1-bdaa-4f09-b393-1d94b2a6f97e/br/pa/redencao/zona-0059/f545cddcef2a676170635e284bdc656b.jpg", "https://vocefiscal-poll-tape-uploads.s3.amazonaws.com/us-east-1%3A6b0d21b1-bdaa-4f09-b393-1d94b2a6f97e/br/pa/redencao/zona-0059/b0b11f1b3bbd2fa0f0c6251ce1c7e07c.jpg", "https://vocefiscal-poll-tape-uploads.s3.amazonaws.com/us-east-1%3A6b0d21b1-bdaa-4f09-b393-1d94b2a6f97e/br/pa/redencao/zona-0059/8660bd64d515e2192ed9d58c393d4424.jpg", "https://vocefiscal-poll-tape-uploads.s3.amazonaws.com/us-east-1%3A6b0d21b1-bdaa-4f09-b393-1d94b2a6f97e/br/pa/redencao/zona-0059/72717511c8f9a74fe20f4c25fc078522.jpg", "https://vocefiscal-poll-tape-uploads.s3.amazonaws.com/us-east-1%3A6b0d21b1-bdaa-4f09-b393-1d94b2a6f97e/br/pa/redencao/zona-0059/56ee6b0b36127252d0a8e797562e7076.jpg", "https://vocefiscal-poll-tape-uploads.s3.amazonaws.com/us-east-1%3A6b0d21b1-bdaa-4f09-b393-1d94b2a6f97e/br/pa/redencao/zona-0059/e3443077d662964aa1c597d72524ca7c.jpg", "https://vocefiscal-poll-tape-uploads.s3.amazonaws.com/us-east-1%3A6b0d21b1-bdaa-4f09-b393-1d94b2a6f97e/br/pa/redencao/zona-0059/92c2384f35fee0bedd55e24d6cbf6360.jpg", "https://vocefiscal-poll-tape-uploads.s3.amazonaws.com/us-east-1%3A6b0d21b1-bdaa-4f09-b393-1d94b2a6f97e/br/pa/redencao/zona-0059/26d87c676bbd61d62448d4f656cea1b9.jpg", "https://vocefiscal-poll-tape-uploads.s3.amazonaws.com/us-east-1%3A6b0d21b1-bdaa-4f09-b393-1d94b2a6f97e/br/pa/redencao/zona-0059/20a42c044882b23043b73c8d519ef750.jpg", "https://vocefiscal-poll-tape-uploads.s3.amazonaws.com/us-east-1%3A6b0d21b1-bdaa-4f09-b393-1d94b2a6f97e/br/pa/redencao/zona-0059/fbcdb6df367665d2fd379e6e9070c795.jpg", "https://vocefiscal-poll-tape-uploads.s3.amazonaws.com/us-east-1%3A6b0d21b1-bdaa-4f09-b393-1d94b2a6f97e/br/pa/redencao/zona-0059/d2dc7c39fa39f7f74c1d94bb1202bc3e.jpg", "https://vocefiscal-poll-tape-uploads.s3.amazonaws.com/us-east-1%3A6b0d21b1-bdaa-4f09-b393-1d94b2a6f97e/br/pa/redencao/zona-0059/9597e8509eb45396d80dfef66d62341c.jpg", "https://vocefiscal-poll-tape-uploads.s3.amazonaws.com/us-east-1%3A6b0d21b1-bdaa-4f09-b393-1d94b2a6f97e/br/pa/redencao/zona-0059/899e926dbea6fc3db76b33af6462cbda.jpg", "https://vocefiscal-poll-tape-uploads.s3.amazonaws.com/us-east-1%3A6b0d21b1-bdaa-4f09-b393-1d94b2a6f97e/br/pa/redencao/zona-0059/5b1a06882d1b14b7259ee15e687b44de.jpg", "https://vocefiscal-poll-tape-uploads.s3.amazonaws.com/us-east-1%3A6b0d21b1-bdaa-4f09-b393-1d94b2a6f97e/br/pa/redencao/zona-0059/4d9d08f20e1b2d714ed04ed68096ffd6.jpg", "https://vocefiscal-poll-tape-uploads.s3.amazonaws.com/us-east-1%3A6b0d21b1-bdaa-4f09-b393-1d94b2a6f97e/br/pa/redencao/zona-0059/cbae6ab3eb94af5edbed300d003e6111.jpg", "https://vocefiscal-poll-tape-uploads.s3.amazonaws.com/us-east-1%3A6b0d21b1-bdaa-4f09-b393-1d94b2a6f97e/br/pa/redencao/zona-0059/9dd26244e6bf8ab77402461c44333325.jpg", "https://vocefiscal-poll-tape-uploads.s3.amazonaws.com/us-east-1%3A6b0d21b1-bdaa-4f09-b393-1d94b2a6f97e/br/pa/redencao/zona-0059/ae47d6030a8f16da6b1c46bac720b2b2.jpg", "https://vocefiscal-poll-tape-uploads.s3.amazonaws.com/us-east-1%3A6b0d21b1-bdaa-4f09-b393-1d94b2a6f97e/br/pa/redencao/zona-0059/14a986bd2a162f10d7013e108089cb12.jpg", "https://vocefiscal-poll-tape-uploads.s3.amazonaws.com/us-east-1%3A6b0d21b1-bdaa-4f09-b393-1d94b2a6f97e/br/pa/redencao/zona-0059/8ab083ebcbf783b715b1c567b88e479d.jpg", "https://vocefiscal-poll-tape-uploads.s3.amazonaws.com/us-east-1%3A6b0d21b1-bdaa-4f09-b393-1d94b2a6f97e/br/pa/redencao/zona-0059/a427cb558e39210146f3d553c2adf2e.jpg", "https://vocefiscal-poll-tape-uploads.s3.amazonaws.com/us-east-1%3A6b0d21b1-bdaa-4f09-b393-1d94b2a6f97e/br/pa/redencao/zona-0059/67c6257ae88bb1bb2c1699b27317b7f3.jpg"]}