{"municipio": "ANANINDEUA", "secaoEleitoral": "0298", "zonaEleitoral": "0072", "estado": "PA", "data": 1412541591819, "pictureURLList": ["https://vocefiscal-poll-tape-uploads.s3.amazonaws.com/us-east-1%3A19f0ae70-dbf7-4b91-905a-74dde5073a3e/br/pa/ananindeua/zona-0072/8705cd5d46827dbbda570e16bd19cf46.jpg", "https://vocefiscal-poll-tape-uploads.s3.amazonaws.com/us-east-1%3A19f0ae70-dbf7-4b91-905a-74dde5073a3e/br/pa/ananindeua/zona-0072/4674554104253a6fd6fcf28b77a3384c.jpg", "https://vocefiscal-poll-tape-uploads.s3.amazonaws.com/us-east-1%3A19f0ae70-dbf7-4b91-905a-74dde5073a3e/br/pa/ananindeua/zona-0072/28e996ccfbedd5e0b1da920857cf8af9.jpg", "https://vocefiscal-poll-tape-uploads.s3.amazonaws.com/us-east-1%3A19f0ae70-dbf7-4b91-905a-74dde5073a3e/br/pa/ananindeua/zona-0072/cb5e3721c6072231f97f8c01bc63e331.jpg", "https://vocefiscal-poll-tape-uploads.s3.amazonaws.com/us-east-1%3A19f0ae70-dbf7-4b91-905a-74dde5073a3e/br/pa/ananindeua/zona-0072/3a80488c1ea7eea72b8572289b8ded41.jpg", "https://vocefiscal-poll-tape-uploads.s3.amazonaws.com/us-east-1%3A19f0ae70-dbf7-4b91-905a-74dde5073a3e/br/pa/ananindeua/zona-0072/403b13e8421414299605823b8252a666.jpg", "https://vocefiscal-poll-tape-uploads.s3.amazonaws.com/us-east-1%3A19f0ae70-dbf7-4b91-905a-74dde5073a3e/br/pa/ananindeua/zona-0072/101ca09b2e7fd28eb36d95975ae9a68e.jpg", "https://vocefiscal-poll-tape-uploads.s3.amazonaws.com/us-east-1%3A19f0ae70-dbf7-4b91-905a-74dde5073a3e/br/pa/ananindeua/zona-0072/4aba7e6fd67eefa76c9e0a5c2a5976cd.jpg", "https://vocefiscal-poll-tape-uploads.s3.amazonaws.com/us-east-1%3A19f0ae70-dbf7-4b91-905a-74dde5073a3e/br/pa/ananindeua/zona-0072/9543b59183d4cfcfcd6ff6ed33adc1bf.jpg", "https://vocefiscal-poll-tape-uploads.s3.amazonaws.com/us-east-1%3A19f0ae70-dbf7-4b91-905a-74dde5073a3e/br/pa/ananindeua/zona-0072/88f0b15c74d21259a9c88e688ca7e663.jpg", "https://vocefiscal-poll-tape-uploads.s3.amazonaws.com/us-east-1%3A19f0ae70-dbf7-4b91-905a-74dde5073a3e/br/pa/ananindeua/zona-0072/f67516cf6925fa264d0c8944dae87cf7.jpg", "https://vocefiscal-poll-tape-uploads.s3.amazonaws.com/us-east-1%3A19f0ae70-dbf7-4b91-905a-74dde5073a3e/br/pa/ananindeua/zona-0072/d28db7a56d3c5859b92c32c845ad5f4e.jpg"]}