{"municipio": "BEL\u00c9M", "secaoEleitoral": "0050", "zonaEleitoral": "0096", "estado": "PA", "data": 1412539975785, "pictureURLList": ["https://vocefiscal-poll-tape-uploads.s3.amazonaws.com/us-east-1%3A638bf555-0d7f-4980-b599-43cf9b168f0a/br/pa/belem/zona-0096/fb58686a010d9c338ce684121dba683b.jpg", "https://vocefiscal-poll-tape-uploads.s3.amazonaws.com/us-east-1%3A638bf555-0d7f-4980-b599-43cf9b168f0a/br/pa/belem/zona-0096/ac238834b79b52bd6bebbc649a07a862.jpg", "https://vocefiscal-poll-tape-uploads.s3.amazonaws.com/us-east-1%3A638bf555-0d7f-4980-b599-43cf9b168f0a/br/pa/belem/zona-0096/385447705768018ed8899ef9c63ef42a.jpg"]}