{"zonaEleitoral": "0001", "municipio": "MANAUS", "estado": "AM", "secaoEleitoral": "0417", "pictureURLList": ["https://vocefiscal-poll-tape-uploads.s3.amazonaws.com/us-east-1%3Ab5ac7aa3-c348-42ef-91e9-cfcfbba959a2/br/am/manaus/zona-0001/196533b83e9705974da3c258dff1e306.jpg", "https://vocefiscal-poll-tape-uploads.s3.amazonaws.com/us-east-1%3Ab5ac7aa3-c348-42ef-91e9-cfcfbba959a2/br/am/manaus/zona-0001/eae47196fe63462a6bcec8341f761a95.jpg", "https://vocefiscal-poll-tape-uploads.s3.amazonaws.com/us-east-1%3Ab5ac7aa3-c348-42ef-91e9-cfcfbba959a2/br/am/manaus/zona-0001/1716424b4cb0b1e79d77561278ac9b60.jpg", "https://vocefiscal-poll-tape-uploads.s3.amazonaws.com/us-east-1%3Ab5ac7aa3-c348-42ef-91e9-cfcfbba959a2/br/am/manaus/zona-0001/ce0b0bea9a4fe6f8bf49f855156d212a.jpg", "https://vocefiscal-poll-tape-uploads.s3.amazonaws.com/us-east-1%3Ab5ac7aa3-c348-42ef-91e9-cfcfbba959a2/br/am/manaus/zona-0001/cb1280c4f8150594523b90a46ec1abd2.jpg", "https://vocefiscal-poll-tape-uploads.s3.amazonaws.com/us-east-1%3Ab5ac7aa3-c348-42ef-91e9-cfcfbba959a2/br/am/manaus/zona-0001/11c2d5f2566348c8a04aa326039b349c.jpg", "https://vocefiscal-poll-tape-uploads.s3.amazonaws.com/us-east-1%3Ab5ac7aa3-c348-42ef-91e9-cfcfbba959a2/br/am/manaus/zona-0001/9ad7579d85d3969689c1e7ac24d1bfae.jpg", "https://vocefiscal-poll-tape-uploads.s3.amazonaws.com/us-east-1%3Ab5ac7aa3-c348-42ef-91e9-cfcfbba959a2/br/am/manaus/zona-0001/19de484e185a7c702b4efd344191546b.jpg", "https://vocefiscal-poll-tape-uploads.s3.amazonaws.com/us-east-1%3Ab5ac7aa3-c348-42ef-91e9-cfcfbba959a2/br/am/manaus/zona-0001/817f63eaccb052a41cbbbae815466f00.jpg", "https://vocefiscal-poll-tape-uploads.s3.amazonaws.com/us-east-1%3Ab5ac7aa3-c348-42ef-91e9-cfcfbba959a2/br/am/manaus/zona-0001/91bfc2c4942db2eaccc24e5c7cd2ee36.jpg", "https://vocefiscal-poll-tape-uploads.s3.amazonaws.com/us-east-1%3Ab5ac7aa3-c348-42ef-91e9-cfcfbba959a2/br/am/manaus/zona-0001/104a4062beaded99941005e12a3c806f.jpg", "https://vocefiscal-poll-tape-uploads.s3.amazonaws.com/us-east-1%3Ab5ac7aa3-c348-42ef-91e9-cfcfbba959a2/br/am/manaus/zona-0001/46af29ac48229cda70355b47374bfcfa.jpg", "https://vocefiscal-poll-tape-uploads.s3.amazonaws.com/us-east-1%3Ab5ac7aa3-c348-42ef-91e9-cfcfbba959a2/br/am/manaus/zona-0001/7e84f5371a5d9991e703accf2a2d77f7.jpg", "https://vocefiscal-poll-tape-uploads.s3.amazonaws.com/us-east-1%3Ab5ac7aa3-c348-42ef-91e9-cfcfbba959a2/br/am/manaus/zona-0001/9cff245298df20c703380c631d7cfb83.jpg", "https://vocefiscal-poll-tape-uploads.s3.amazonaws.com/us-east-1%3Ab5ac7aa3-c348-42ef-91e9-cfcfbba959a2/br/am/manaus/zona-0001/b565cc609aac284bc790a8443ce28b87.jpg", "https://vocefiscal-poll-tape-uploads.s3.amazonaws.com/us-east-1%3Ab5ac7aa3-c348-42ef-91e9-cfcfbba959a2/br/am/manaus/zona-0001/606f7490122fe8b130d29202c7341363.jpg", "https://vocefiscal-poll-tape-uploads.s3.amazonaws.com/us-east-1%3Ab5ac7aa3-c348-42ef-91e9-cfcfbba959a2/br/am/manaus/zona-0001/786416c9141703771b976625019d3b13.jpg", "https://vocefiscal-poll-tape-uploads.s3.amazonaws.com/us-east-1%3Ab5ac7aa3-c348-42ef-91e9-cfcfbba959a2/br/am/manaus/zona-0001/2cfc679dbd31f70c71fb6e583e6199da.jpg", "https://vocefiscal-poll-tape-uploads.s3.amazonaws.com/us-east-1%3Ab5ac7aa3-c348-42ef-91e9-cfcfbba959a2/br/am/manaus/zona-0001/a201f16ba8c12b923c0b7cf4c418aef1.jpg", "https://vocefiscal-poll-tape-uploads.s3.amazonaws.com/us-east-1%3Ab5ac7aa3-c348-42ef-91e9-cfcfbba959a2/br/am/manaus/zona-0001/b61c827afe4215c8f8d0c61dc980d36a.jpg", "https://vocefiscal-poll-tape-uploads.s3.amazonaws.com/us-east-1%3Ab5ac7aa3-c348-42ef-91e9-cfcfbba959a2/br/am/manaus/zona-0001/fa8427375661c588d64715cbf219d29c.jpg", "https://vocefiscal-poll-tape-uploads.s3.amazonaws.com/us-east-1%3Ab5ac7aa3-c348-42ef-91e9-cfcfbba959a2/br/am/manaus/zona-0001/5cfb996eacaaf24d7de9e7fcd88d67b5.jpg", "https://vocefiscal-poll-tape-uploads.s3.amazonaws.com/us-east-1%3Ab5ac7aa3-c348-42ef-91e9-cfcfbba959a2/br/am/manaus/zona-0001/a24dd74143449ef255ea3f78445a3ae7.jpg", "https://vocefiscal-poll-tape-uploads.s3.amazonaws.com/us-east-1%3Ab5ac7aa3-c348-42ef-91e9-cfcfbba959a2/br/am/manaus/zona-0001/40e5aa13ffcce006127efa06acb5dd3b.jpg", "https://vocefiscal-poll-tape-uploads.s3.amazonaws.com/us-east-1%3Ab5ac7aa3-c348-42ef-91e9-cfcfbba959a2/br/am/manaus/zona-0001/f0b1665b9d466ff28dff983a0d511a41.jpg", "https://vocefiscal-poll-tape-uploads.s3.amazonaws.com/us-east-1%3Ab5ac7aa3-c348-42ef-91e9-cfcfbba959a2/br/am/manaus/zona-0001/bef0e6c817ec4d16306d7475447596b.jpg", "https://vocefiscal-poll-tape-uploads.s3.amazonaws.com/us-east-1%3Ab5ac7aa3-c348-42ef-91e9-cfcfbba959a2/br/am/manaus/zona-0001/ae77b9cb1598c5785b4c8fb30a25e964.jpg", "https://vocefiscal-poll-tape-uploads.s3.amazonaws.com/us-east-1%3Ab5ac7aa3-c348-42ef-91e9-cfcfbba959a2/br/am/manaus/zona-0001/26734ff4d1a0255093c29bfaab4f69ff.jpg", "https://vocefiscal-poll-tape-uploads.s3.amazonaws.com/us-east-1%3Ab5ac7aa3-c348-42ef-91e9-cfcfbba959a2/br/am/manaus/zona-0001/15c26b3478e1edce8ee878cf0e55807f.jpg", "https://vocefiscal-poll-tape-uploads.s3.amazonaws.com/us-east-1%3Ab5ac7aa3-c348-42ef-91e9-cfcfbba959a2/br/am/manaus/zona-0001/98eddee741b0228e7474a3f830996516.jpg", "https://vocefiscal-poll-tape-uploads.s3.amazonaws.com/us-east-1%3Ab5ac7aa3-c348-42ef-91e9-cfcfbba959a2/br/am/manaus/zona-0001/a2e2e328f5cb8b072ebae2cda58af5a2.jpg", "https://vocefiscal-poll-tape-uploads.s3.amazonaws.com/us-east-1%3Ab5ac7aa3-c348-42ef-91e9-cfcfbba959a2/br/am/manaus/zona-0001/11425658db4ec1a945991b21519f98b6.jpg", "https://vocefiscal-poll-tape-uploads.s3.amazonaws.com/us-east-1%3Ab5ac7aa3-c348-42ef-91e9-cfcfbba959a2/br/am/manaus/zona-0001/7b04db819fe5557d436f6f1e3f0fdc0c.jpg", "https://vocefiscal-poll-tape-uploads.s3.amazonaws.com/us-east-1%3Ab5ac7aa3-c348-42ef-91e9-cfcfbba959a2/br/am/manaus/zona-0001/40e333c8b34a221b3d501f9d49d9138e.jpg", "https://vocefiscal-poll-tape-uploads.s3.amazonaws.com/us-east-1%3Ab5ac7aa3-c348-42ef-91e9-cfcfbba959a2/br/am/manaus/zona-0001/7ac74b250569aa5ef35edd5843fe0c0a.jpg", "https://vocefiscal-poll-tape-uploads.s3.amazonaws.com/us-east-1%3Ab5ac7aa3-c348-42ef-91e9-cfcfbba959a2/br/am/manaus/zona-0001/9e691ae72eab2d6b6d65e5b101d98781.jpg", "https://vocefiscal-poll-tape-uploads.s3.amazonaws.com/us-east-1%3Ab5ac7aa3-c348-42ef-91e9-cfcfbba959a2/br/am/manaus/zona-0001/a012be36d9521b7b1b7e7365edb19ac3.jpg", "https://vocefiscal-poll-tape-uploads.s3.amazonaws.com/us-east-1%3Ab5ac7aa3-c348-42ef-91e9-cfcfbba959a2/br/am/manaus/zona-0001/5f2fc06490e854dfeeb8fa71fff53146.jpg", "https://vocefiscal-poll-tape-uploads.s3.amazonaws.com/us-east-1%3Ab5ac7aa3-c348-42ef-91e9-cfcfbba959a2/br/am/manaus/zona-0001/4d13b27183e0a8038ee80bfc913e2482.jpg", "https://vocefiscal-poll-tape-uploads.s3.amazonaws.com/us-east-1%3Ab5ac7aa3-c348-42ef-91e9-cfcfbba959a2/br/am/manaus/zona-0001/3fa05685b531e8d13b6eba1f2883225.jpg", "https://vocefiscal-poll-tape-uploads.s3.amazonaws.com/us-east-1%3Ab5ac7aa3-c348-42ef-91e9-cfcfbba959a2/br/am/manaus/zona-0001/63222025119a8df6b7577cfbe497be29.jpg", "https://vocefiscal-poll-tape-uploads.s3.amazonaws.com/us-east-1%3Ab5ac7aa3-c348-42ef-91e9-cfcfbba959a2/br/am/manaus/zona-0001/e07433de24277fe31545dcf6deeb86b8.jpg", "https://vocefiscal-poll-tape-uploads.s3.amazonaws.com/us-east-1%3Ab5ac7aa3-c348-42ef-91e9-cfcfbba959a2/br/am/manaus/zona-0001/7df1ac0121c24af6f908949b5e69d471.jpg", "https://vocefiscal-poll-tape-uploads.s3.amazonaws.com/us-east-1%3Ab5ac7aa3-c348-42ef-91e9-cfcfbba959a2/br/am/manaus/zona-0001/49a984fb70a2c73410c9ae20a713f2fc.jpg", "https://vocefiscal-poll-tape-uploads.s3.amazonaws.com/us-east-1%3Ab5ac7aa3-c348-42ef-91e9-cfcfbba959a2/br/am/manaus/zona-0001/535991e38058d3d1bfce2aae2b31a06d.jpg", "https://vocefiscal-poll-tape-uploads.s3.amazonaws.com/us-east-1%3Ab5ac7aa3-c348-42ef-91e9-cfcfbba959a2/br/am/manaus/zona-0001/80089a3bc43311c71b089aff29e8fe02.jpg", "https://vocefiscal-poll-tape-uploads.s3.amazonaws.com/us-east-1%3Ab5ac7aa3-c348-42ef-91e9-cfcfbba959a2/br/am/manaus/zona-0001/e64a61ccaa3fdb3668c508922bf3c887.jpg", "https://vocefiscal-poll-tape-uploads.s3.amazonaws.com/us-east-1%3Ab5ac7aa3-c348-42ef-91e9-cfcfbba959a2/br/am/manaus/zona-0001/adba82aaa7640b9aa8d00599094f3a90.jpg", "https://vocefiscal-poll-tape-uploads.s3.amazonaws.com/us-east-1%3Ab5ac7aa3-c348-42ef-91e9-cfcfbba959a2/br/am/manaus/zona-0001/66f7159733d910f5afe8b21f0fdc55b0.jpg"], "localDaVotacao": "1589", "data": 1412546140217}