{"zonaEleitoral": "0070", "municipio": "MANAUS", "estado": "AM", "secaoEleitoral": "0198", "data": 1412544895389, "pictureURLList": ["https://vocefiscal-poll-tape-uploads.s3.amazonaws.com/us-east-1%3Aa4e374da-36be-4f82-884a-4d486f5c7623/br/am/manaus/zona-0070/e94d0134a2db1512aa698bac90f498fd.jpg", "https://vocefiscal-poll-tape-uploads.s3.amazonaws.com/us-east-1%3Aa4e374da-36be-4f82-884a-4d486f5c7623/br/am/manaus/zona-0070/988f46921ee0d6fb75b8650a2b7b3c4b.jpg", "https://vocefiscal-poll-tape-uploads.s3.amazonaws.com/us-east-1%3Aa4e374da-36be-4f82-884a-4d486f5c7623/br/am/manaus/zona-0070/8759d240cde3a4fa827fd6bc862810db.jpg", "https://vocefiscal-poll-tape-uploads.s3.amazonaws.com/us-east-1%3Aa4e374da-36be-4f82-884a-4d486f5c7623/br/am/manaus/zona-0070/14da494ae653aea2bc5859154db0d9ee.jpg", "https://vocefiscal-poll-tape-uploads.s3.amazonaws.com/us-east-1%3Aa4e374da-36be-4f82-884a-4d486f5c7623/br/am/manaus/zona-0070/275bee9c076e0e270889425eb4169451.jpg", "https://vocefiscal-poll-tape-uploads.s3.amazonaws.com/us-east-1%3Aa4e374da-36be-4f82-884a-4d486f5c7623/br/am/manaus/zona-0070/83e63dd9cb374af046a7dee31a957114.jpg", "https://vocefiscal-poll-tape-uploads.s3.amazonaws.com/us-east-1%3Aa4e374da-36be-4f82-884a-4d486f5c7623/br/am/manaus/zona-0070/126d541781149d8d530619f2c5f677f.jpg", "https://vocefiscal-poll-tape-uploads.s3.amazonaws.com/us-east-1%3Aa4e374da-36be-4f82-884a-4d486f5c7623/br/am/manaus/zona-0070/13adcce952ba0536ac2779463a37d27d.jpg", "https://vocefiscal-poll-tape-uploads.s3.amazonaws.com/us-east-1%3Aa4e374da-36be-4f82-884a-4d486f5c7623/br/am/manaus/zona-0070/1a79fdfc14ecd1066f8a68037476c60f.jpg", "https://vocefiscal-poll-tape-uploads.s3.amazonaws.com/us-east-1%3Aa4e374da-36be-4f82-884a-4d486f5c7623/br/am/manaus/zona-0070/116034bd44101fd344af9906eb28e49d.jpg", "https://vocefiscal-poll-tape-uploads.s3.amazonaws.com/us-east-1%3Aa4e374da-36be-4f82-884a-4d486f5c7623/br/am/manaus/zona-0070/35a0d52c19f3325f046cc2b931348f28.jpg", "https://vocefiscal-poll-tape-uploads.s3.amazonaws.com/us-east-1%3Aa4e374da-36be-4f82-884a-4d486f5c7623/br/am/manaus/zona-0070/76802d4226752cb4ca612cfdb84680c8.jpg", "https://vocefiscal-poll-tape-uploads.s3.amazonaws.com/us-east-1%3Aa4e374da-36be-4f82-884a-4d486f5c7623/br/am/manaus/zona-0070/bcebc55f284c7b2d3570b9800d898d6a.jpg", "https://vocefiscal-poll-tape-uploads.s3.amazonaws.com/us-east-1%3Aa4e374da-36be-4f82-884a-4d486f5c7623/br/am/manaus/zona-0070/b272d2b4fe57a7260f4354bd6aef6a35.jpg", "https://vocefiscal-poll-tape-uploads.s3.amazonaws.com/us-east-1%3Aa4e374da-36be-4f82-884a-4d486f5c7623/br/am/manaus/zona-0070/e81ef42b3b0c2f83ee55dd662b95912e.jpg", "https://vocefiscal-poll-tape-uploads.s3.amazonaws.com/us-east-1%3Aa4e374da-36be-4f82-884a-4d486f5c7623/br/am/manaus/zona-0070/fb579e36a17a9ad7cabe01d24e506547.jpg", "https://vocefiscal-poll-tape-uploads.s3.amazonaws.com/us-east-1%3Aa4e374da-36be-4f82-884a-4d486f5c7623/br/am/manaus/zona-0070/ea2992dc0efb51da401ef85daabc140b.jpg", "https://vocefiscal-poll-tape-uploads.s3.amazonaws.com/us-east-1%3Aa4e374da-36be-4f82-884a-4d486f5c7623/br/am/manaus/zona-0070/caf1d086a42ae4ff7ecf1a31a1b5d2c7.jpg", "https://vocefiscal-poll-tape-uploads.s3.amazonaws.com/us-east-1%3Aa4e374da-36be-4f82-884a-4d486f5c7623/br/am/manaus/zona-0070/328e2baca0e3dabe28b5fee7dc99fbd2.jpg", "https://vocefiscal-poll-tape-uploads.s3.amazonaws.com/us-east-1%3Aa4e374da-36be-4f82-884a-4d486f5c7623/br/am/manaus/zona-0070/d5ddff98e3fcdaf5b81a2c998337f8ba.jpg", "https://vocefiscal-poll-tape-uploads.s3.amazonaws.com/us-east-1%3Aa4e374da-36be-4f82-884a-4d486f5c7623/br/am/manaus/zona-0070/f7b995f45faff27607a84fd1de815e55.jpg", "https://vocefiscal-poll-tape-uploads.s3.amazonaws.com/us-east-1%3Aa4e374da-36be-4f82-884a-4d486f5c7623/br/am/manaus/zona-0070/3f9dac33de594a3f6d5421ab27108353.jpg", "https://vocefiscal-poll-tape-uploads.s3.amazonaws.com/us-east-1%3Aa4e374da-36be-4f82-884a-4d486f5c7623/br/am/manaus/zona-0070/2c0147d67f28d553ec7a47abbfccdc64.jpg", "https://vocefiscal-poll-tape-uploads.s3.amazonaws.com/us-east-1%3Aa4e374da-36be-4f82-884a-4d486f5c7623/br/am/manaus/zona-0070/c78924e51803619512f2f5b2a7696f42.jpg", "https://vocefiscal-poll-tape-uploads.s3.amazonaws.com/us-east-1%3Aa4e374da-36be-4f82-884a-4d486f5c7623/br/am/manaus/zona-0070/25c553e63387dc859959f7d6892238f9.jpg", "https://vocefiscal-poll-tape-uploads.s3.amazonaws.com/us-east-1%3Aa4e374da-36be-4f82-884a-4d486f5c7623/br/am/manaus/zona-0070/dfe5e290381531d97d1dabf660f10a11.jpg", "https://vocefiscal-poll-tape-uploads.s3.amazonaws.com/us-east-1%3Aa4e374da-36be-4f82-884a-4d486f5c7623/br/am/manaus/zona-0070/b5a280592ab425a435d33141c67c5919.jpg"]}