{"municipio": "MARAB\u00c1", "secaoEleitoral": "0525", "zonaEleitoral": "0023", "localDaVotacao": "1600", "estado": "PA", "data": 1412540736998, "pictureURLList": ["https://vocefiscal-poll-tape-uploads.s3.amazonaws.com/us-east-1%3Acf3f6f30-82c9-4bd3-bb99-65aa874902dd/br/pa/maraba/zona-0023/a3f01c7fd6a4fe828d26f4b277ab0f92.jpg", "https://vocefiscal-poll-tape-uploads.s3.amazonaws.com/us-east-1%3Acf3f6f30-82c9-4bd3-bb99-65aa874902dd/br/pa/maraba/zona-0023/44984883c2977c352e785bc38b3dea9f.jpg", "https://vocefiscal-poll-tape-uploads.s3.amazonaws.com/us-east-1%3Acf3f6f30-82c9-4bd3-bb99-65aa874902dd/br/pa/maraba/zona-0023/31e381190490a609a27f6c9f39de46cc.jpg", "https://vocefiscal-poll-tape-uploads.s3.amazonaws.com/us-east-1%3Acf3f6f30-82c9-4bd3-bb99-65aa874902dd/br/pa/maraba/zona-0023/ff3c83a7bf217d1a325c91e7a85b0731.jpg", "https://vocefiscal-poll-tape-uploads.s3.amazonaws.com/us-east-1%3Acf3f6f30-82c9-4bd3-bb99-65aa874902dd/br/pa/maraba/zona-0023/c7ddff91ab1dba906b8a05868ab952e2.jpg", "https://vocefiscal-poll-tape-uploads.s3.amazonaws.com/us-east-1%3Acf3f6f30-82c9-4bd3-bb99-65aa874902dd/br/pa/maraba/zona-0023/26c2a6f5dfac63f7a0da3a2ffaf4ca86.jpg", "https://vocefiscal-poll-tape-uploads.s3.amazonaws.com/us-east-1%3Acf3f6f30-82c9-4bd3-bb99-65aa874902dd/br/pa/maraba/zona-0023/544509a70a42b5c3da19e1361aa5a163.jpg", "https://vocefiscal-poll-tape-uploads.s3.amazonaws.com/us-east-1%3Acf3f6f30-82c9-4bd3-bb99-65aa874902dd/br/pa/maraba/zona-0023/5571fd5988b5847a04c80dafe42bd822.jpg", "https://vocefiscal-poll-tape-uploads.s3.amazonaws.com/us-east-1%3Acf3f6f30-82c9-4bd3-bb99-65aa874902dd/br/pa/maraba/zona-0023/db1dc78145ae2c302188b9233fb51363.jpg", "https://vocefiscal-poll-tape-uploads.s3.amazonaws.com/us-east-1%3Acf3f6f30-82c9-4bd3-bb99-65aa874902dd/br/pa/maraba/zona-0023/843807e130c2631e4516237a61a89383.jpg", "https://vocefiscal-poll-tape-uploads.s3.amazonaws.com/us-east-1%3Acf3f6f30-82c9-4bd3-bb99-65aa874902dd/br/pa/maraba/zona-0023/b77b15886abbff34b7e132525d5d2a5e.jpg", "https://vocefiscal-poll-tape-uploads.s3.amazonaws.com/us-east-1%3Acf3f6f30-82c9-4bd3-bb99-65aa874902dd/br/pa/maraba/zona-0023/afe99bb2f2abbb60be2da7ecf8a09be1.jpg", "https://vocefiscal-poll-tape-uploads.s3.amazonaws.com/us-east-1%3Acf3f6f30-82c9-4bd3-bb99-65aa874902dd/br/pa/maraba/zona-0023/18b1c24180f10b5a60f8f17943ce04f5.jpg", "https://vocefiscal-poll-tape-uploads.s3.amazonaws.com/us-east-1%3Acf3f6f30-82c9-4bd3-bb99-65aa874902dd/br/pa/maraba/zona-0023/e62b91ba7f50fdb1e93d23ccb56d7baa.jpg", "https://vocefiscal-poll-tape-uploads.s3.amazonaws.com/us-east-1%3Acf3f6f30-82c9-4bd3-bb99-65aa874902dd/br/pa/maraba/zona-0023/2cbc4b2444979469e39ba070548d9e2b.jpg", "https://vocefiscal-poll-tape-uploads.s3.amazonaws.com/us-east-1%3Acf3f6f30-82c9-4bd3-bb99-65aa874902dd/br/pa/maraba/zona-0023/c42e7c7142cd83a61fbbfa2c5828adba.jpg", "https://vocefiscal-poll-tape-uploads.s3.amazonaws.com/us-east-1%3Acf3f6f30-82c9-4bd3-bb99-65aa874902dd/br/pa/maraba/zona-0023/a38770c052f28676be3313b67f42a431.jpg", "https://vocefiscal-poll-tape-uploads.s3.amazonaws.com/us-east-1%3Acf3f6f30-82c9-4bd3-bb99-65aa874902dd/br/pa/maraba/zona-0023/dc6e83b2f6a305fa1084f6947838d637.jpg", "https://vocefiscal-poll-tape-uploads.s3.amazonaws.com/us-east-1%3Acf3f6f30-82c9-4bd3-bb99-65aa874902dd/br/pa/maraba/zona-0023/d02a4720a9a8d15cd891c09ed8968821.jpg", "https://vocefiscal-poll-tape-uploads.s3.amazonaws.com/us-east-1%3Acf3f6f30-82c9-4bd3-bb99-65aa874902dd/br/pa/maraba/zona-0023/30468639d7a5fa280f00b9e99979b43a.jpg", "https://vocefiscal-poll-tape-uploads.s3.amazonaws.com/us-east-1%3Acf3f6f30-82c9-4bd3-bb99-65aa874902dd/br/pa/maraba/zona-0023/6010b1e3d30bc9c58d4320f07b8b6e2d.jpg"]}