{"estado": "CE", "municipio": "FORTALEZA", "data": 1412543940046, "secaoEleitoral": "0055", "pictureURLList": ["https://vocefiscal-poll-tape-uploads.s3.amazonaws.com/us-east-1%3A567d2380-b74e-4763-9371-c3ccf1dd088d/br/ce/fortaleza/zona-0113/d44712af03c5a7535e679aa94310a3f2.jpg", "https://vocefiscal-poll-tape-uploads.s3.amazonaws.com/us-east-1%3A567d2380-b74e-4763-9371-c3ccf1dd088d/br/ce/fortaleza/zona-0113/6ac641edaa652806dec33675f45e58c5.jpg", "https://vocefiscal-poll-tape-uploads.s3.amazonaws.com/us-east-1%3A567d2380-b74e-4763-9371-c3ccf1dd088d/br/ce/fortaleza/zona-0113/f8459a6a19bf502d77744103b509ee4c.jpg", "https://vocefiscal-poll-tape-uploads.s3.amazonaws.com/us-east-1%3A567d2380-b74e-4763-9371-c3ccf1dd088d/br/ce/fortaleza/zona-0113/ac5924f9361d9bbdd4a49a0019f96019.jpg", "https://vocefiscal-poll-tape-uploads.s3.amazonaws.com/us-east-1%3A567d2380-b74e-4763-9371-c3ccf1dd088d/br/ce/fortaleza/zona-0113/1bca73fba090d573aea99ca0fbd3c739.jpg", "https://vocefiscal-poll-tape-uploads.s3.amazonaws.com/us-east-1%3A567d2380-b74e-4763-9371-c3ccf1dd088d/br/ce/fortaleza/zona-0113/46f5d752c14551bd0d8584b56235b827.jpg", "https://vocefiscal-poll-tape-uploads.s3.amazonaws.com/us-east-1%3A567d2380-b74e-4763-9371-c3ccf1dd088d/br/ce/fortaleza/zona-0113/af3053c7780aa84eab3675cf1e38e3df.jpg", "https://vocefiscal-poll-tape-uploads.s3.amazonaws.com/us-east-1%3A567d2380-b74e-4763-9371-c3ccf1dd088d/br/ce/fortaleza/zona-0113/96c32baa513de9fd1e9d0b712878a8d8.jpg", "https://vocefiscal-poll-tape-uploads.s3.amazonaws.com/us-east-1%3A567d2380-b74e-4763-9371-c3ccf1dd088d/br/ce/fortaleza/zona-0113/27bbe20b9f4410733a671dd4da47d95.jpg", "https://vocefiscal-poll-tape-uploads.s3.amazonaws.com/us-east-1%3A567d2380-b74e-4763-9371-c3ccf1dd088d/br/ce/fortaleza/zona-0113/8fccb4d451a2789a30caa4f84ee6722c.jpg", "https://vocefiscal-poll-tape-uploads.s3.amazonaws.com/us-east-1%3A567d2380-b74e-4763-9371-c3ccf1dd088d/br/ce/fortaleza/zona-0113/40fbd5a6018a4dcde05b73d6d4b443fd.jpg", "https://vocefiscal-poll-tape-uploads.s3.amazonaws.com/us-east-1%3A567d2380-b74e-4763-9371-c3ccf1dd088d/br/ce/fortaleza/zona-0113/61811ba71a6f10123fca85da50720bb5.jpg", "https://vocefiscal-poll-tape-uploads.s3.amazonaws.com/us-east-1%3A567d2380-b74e-4763-9371-c3ccf1dd088d/br/ce/fortaleza/zona-0113/51660046421281138dea0c39a8ece8e5.jpg", "https://vocefiscal-poll-tape-uploads.s3.amazonaws.com/us-east-1%3A567d2380-b74e-4763-9371-c3ccf1dd088d/br/ce/fortaleza/zona-0113/4ffe4c43a6e540e382a3a41974a374b7.jpg", "https://vocefiscal-poll-tape-uploads.s3.amazonaws.com/us-east-1%3A567d2380-b74e-4763-9371-c3ccf1dd088d/br/ce/fortaleza/zona-0113/257a091ab53524be599b1e90f96b2de3.jpg", "https://vocefiscal-poll-tape-uploads.s3.amazonaws.com/us-east-1%3A567d2380-b74e-4763-9371-c3ccf1dd088d/br/ce/fortaleza/zona-0113/2b8392cdb6c10c42d6f2b73ebe626492.jpg", "https://vocefiscal-poll-tape-uploads.s3.amazonaws.com/us-east-1%3A567d2380-b74e-4763-9371-c3ccf1dd088d/br/ce/fortaleza/zona-0113/2f6fffa020383b758f8ca4765e950a30.jpg", "https://vocefiscal-poll-tape-uploads.s3.amazonaws.com/us-east-1%3A567d2380-b74e-4763-9371-c3ccf1dd088d/br/ce/fortaleza/zona-0113/eca49479aa63117886da2fd55a9f249b.jpg", "https://vocefiscal-poll-tape-uploads.s3.amazonaws.com/us-east-1%3A567d2380-b74e-4763-9371-c3ccf1dd088d/br/ce/fortaleza/zona-0113/cea293c0d76d8dd1a65a2c0a6f7e7d58.jpg", "https://vocefiscal-poll-tape-uploads.s3.amazonaws.com/us-east-1%3A567d2380-b74e-4763-9371-c3ccf1dd088d/br/ce/fortaleza/zona-0113/dffbe0f0d1bc62095399ba2d42ee8251.jpg", "https://vocefiscal-poll-tape-uploads.s3.amazonaws.com/us-east-1%3A567d2380-b74e-4763-9371-c3ccf1dd088d/br/ce/fortaleza/zona-0113/e0a45ddfbb2486ad2cd2c816a2df3f12.jpg", "https://vocefiscal-poll-tape-uploads.s3.amazonaws.com/us-east-1%3A567d2380-b74e-4763-9371-c3ccf1dd088d/br/ce/fortaleza/zona-0113/7f649f705e5f38c0729ae2f1bf5f0ec8.jpg", "https://vocefiscal-poll-tape-uploads.s3.amazonaws.com/us-east-1%3A567d2380-b74e-4763-9371-c3ccf1dd088d/br/ce/fortaleza/zona-0113/1c79791040804d39736722b89213846.jpg", "https://vocefiscal-poll-tape-uploads.s3.amazonaws.com/us-east-1%3A567d2380-b74e-4763-9371-c3ccf1dd088d/br/ce/fortaleza/zona-0113/3c0551928625b666c6437fdc97029849.jpg", "https://vocefiscal-poll-tape-uploads.s3.amazonaws.com/us-east-1%3A567d2380-b74e-4763-9371-c3ccf1dd088d/br/ce/fortaleza/zona-0113/9e610afe7ea9f5f8bbe8c70b9d1eb2e4.jpg", "https://vocefiscal-poll-tape-uploads.s3.amazonaws.com/us-east-1%3A567d2380-b74e-4763-9371-c3ccf1dd088d/br/ce/fortaleza/zona-0113/140a6eb721e288a70215b313737c4453.jpg", "https://vocefiscal-poll-tape-uploads.s3.amazonaws.com/us-east-1%3A567d2380-b74e-4763-9371-c3ccf1dd088d/br/ce/fortaleza/zona-0113/33fee5cb8e03a1577699498b380245a3.jpg", "https://vocefiscal-poll-tape-uploads.s3.amazonaws.com/us-east-1%3A567d2380-b74e-4763-9371-c3ccf1dd088d/br/ce/fortaleza/zona-0113/974e247f824d6ed5baca894ac57b3732.jpg", "https://vocefiscal-poll-tape-uploads.s3.amazonaws.com/us-east-1%3A567d2380-b74e-4763-9371-c3ccf1dd088d/br/ce/fortaleza/zona-0113/e2f33672ea3c0dcd208d7adbd805a218.jpg", "https://vocefiscal-poll-tape-uploads.s3.amazonaws.com/us-east-1%3A567d2380-b74e-4763-9371-c3ccf1dd088d/br/ce/fortaleza/zona-0113/74429c174c47c2d453d548e8255d7390.jpg", "https://vocefiscal-poll-tape-uploads.s3.amazonaws.com/us-east-1%3A567d2380-b74e-4763-9371-c3ccf1dd088d/br/ce/fortaleza/zona-0113/a4174c59149b56e7b6e87017f39c4c81.jpg", "https://vocefiscal-poll-tape-uploads.s3.amazonaws.com/us-east-1%3A567d2380-b74e-4763-9371-c3ccf1dd088d/br/ce/fortaleza/zona-0113/e793c71b42653cd423452c0695696b63.jpg", "https://vocefiscal-poll-tape-uploads.s3.amazonaws.com/us-east-1%3A567d2380-b74e-4763-9371-c3ccf1dd088d/br/ce/fortaleza/zona-0113/2b2cf2d12a9c1f5f9569c93ffb727c71.jpg", "https://vocefiscal-poll-tape-uploads.s3.amazonaws.com/us-east-1%3A567d2380-b74e-4763-9371-c3ccf1dd088d/br/ce/fortaleza/zona-0113/749091a92ffb48068c42bd2a602bde10.jpg"], "zonaEleitoral": "0113", "localDaVotacao": "1058"}