{"zonaEleitoral": "0188", "pictureURLList": ["https://vocefiscal-poll-tape-uploads.s3.amazonaws.com/us-east-1%3A0917b947-d523-4459-85fb-dca0eaccc963/br/ba/eunapolis/zona-0188/2e8c98f3a3448d5c819ac33e44c40b54.jpg", "https://vocefiscal-poll-tape-uploads.s3.amazonaws.com/us-east-1%3A0917b947-d523-4459-85fb-dca0eaccc963/br/ba/eunapolis/zona-0188/3ba1ee211535a4d66b17493feb3ba922.jpg", "https://vocefiscal-poll-tape-uploads.s3.amazonaws.com/us-east-1%3A0917b947-d523-4459-85fb-dca0eaccc963/br/ba/eunapolis/zona-0188/eba7dd6f92fdc5ef58b3c1474b58e27c.jpg"], "estado": "BA", "secaoEleitoral": "0054", "data": 1414351244748, "municipio": "EUN\u00c1POLIS", "localDaVotacao": "0188"}