{"pictureURLList": ["https://vocefiscal-poll-tape-uploads.s3.amazonaws.com/us-east-1%3A4c68c8bf-a78c-4b20-96c9-b6e5467e9d49/br/ce/fortaleza/zona-0116/e282c247e0a29b0db1d5b73ad611e2e2.jpg", "https://vocefiscal-poll-tape-uploads.s3.amazonaws.com/us-east-1%3A4c68c8bf-a78c-4b20-96c9-b6e5467e9d49/br/ce/fortaleza/zona-0116/ac2382c26ed30f0a4743773e7b85b248.jpg", "https://vocefiscal-poll-tape-uploads.s3.amazonaws.com/us-east-1%3A4c68c8bf-a78c-4b20-96c9-b6e5467e9d49/br/ce/fortaleza/zona-0116/197f5ae1e6d0bbda4aa85c5fd8decafd.jpg", "https://vocefiscal-poll-tape-uploads.s3.amazonaws.com/us-east-1%3A4c68c8bf-a78c-4b20-96c9-b6e5467e9d49/br/ce/fortaleza/zona-0116/393ae584d01cb6c14dbf259b6c1e1e8f.jpg", "https://vocefiscal-poll-tape-uploads.s3.amazonaws.com/us-east-1%3A4c68c8bf-a78c-4b20-96c9-b6e5467e9d49/br/ce/fortaleza/zona-0116/5948f5680ab527638403eaef16c7b27c.jpg", "https://vocefiscal-poll-tape-uploads.s3.amazonaws.com/us-east-1%3A4c68c8bf-a78c-4b20-96c9-b6e5467e9d49/br/ce/fortaleza/zona-0116/53bae1d780c891e22b9ca2591a103e03.jpg"], "data": 1414352675817, "estado": "CE", "municipio": "FORTALEZA", "zonaEleitoral": "0116", "secaoEleitoral": "0058"}