{"data": 1412541179417, "estado": "BA", "secaoEleitoral": "0054", "zonaEleitoral": "0012", "pictureURLList": ["https://vocefiscal-poll-tape-uploads.s3.amazonaws.com/us-east-1%3Aad781abe-e1b1-4faa-b4b1-a39ddddf1b7e/br/ba/salvador/zona-0012/e148e03af3771d66a71f7f76e0d6f02.jpg", "https://vocefiscal-poll-tape-uploads.s3.amazonaws.com/us-east-1%3Aad781abe-e1b1-4faa-b4b1-a39ddddf1b7e/br/ba/salvador/zona-0012/cd32ca2e4d78b69bb9ea20a9bffb4929.jpg", "https://vocefiscal-poll-tape-uploads.s3.amazonaws.com/us-east-1%3Aad781abe-e1b1-4faa-b4b1-a39ddddf1b7e/br/ba/salvador/zona-0012/f75b132e774057d68f6d0636fc740316.jpg", "https://vocefiscal-poll-tape-uploads.s3.amazonaws.com/us-east-1%3Aad781abe-e1b1-4faa-b4b1-a39ddddf1b7e/br/ba/salvador/zona-0012/b3aac5d20cf2798eda7ff12eb4012a3a.jpg", "https://vocefiscal-poll-tape-uploads.s3.amazonaws.com/us-east-1%3Aad781abe-e1b1-4faa-b4b1-a39ddddf1b7e/br/ba/salvador/zona-0012/a87a251ee0434e233e35a703b82328b5.jpg", "https://vocefiscal-poll-tape-uploads.s3.amazonaws.com/us-east-1%3Aad781abe-e1b1-4faa-b4b1-a39ddddf1b7e/br/ba/salvador/zona-0012/4b4be7a4239615b9913df602276ae0bf.jpg", "https://vocefiscal-poll-tape-uploads.s3.amazonaws.com/us-east-1%3Aad781abe-e1b1-4faa-b4b1-a39ddddf1b7e/br/ba/salvador/zona-0012/af30a5f4a8ef071fcc878fc5228db75a.jpg", "https://vocefiscal-poll-tape-uploads.s3.amazonaws.com/us-east-1%3Aad781abe-e1b1-4faa-b4b1-a39ddddf1b7e/br/ba/salvador/zona-0012/fcd7e8f8df828bc6f0eb05b0c0a0281c.jpg", "https://vocefiscal-poll-tape-uploads.s3.amazonaws.com/us-east-1%3Aad781abe-e1b1-4faa-b4b1-a39ddddf1b7e/br/ba/salvador/zona-0012/9055111a93445a040a66dcb6fd428a76.jpg", "https://vocefiscal-poll-tape-uploads.s3.amazonaws.com/us-east-1%3Aad781abe-e1b1-4faa-b4b1-a39ddddf1b7e/br/ba/salvador/zona-0012/a9246b9417401fd9b4c0faf2ed2eb345.jpg", "https://vocefiscal-poll-tape-uploads.s3.amazonaws.com/us-east-1%3Aad781abe-e1b1-4faa-b4b1-a39ddddf1b7e/br/ba/salvador/zona-0012/3e9e7f6e300fb1d37fe35dafbaea6573.jpg", "https://vocefiscal-poll-tape-uploads.s3.amazonaws.com/us-east-1%3Aad781abe-e1b1-4faa-b4b1-a39ddddf1b7e/br/ba/salvador/zona-0012/a120cfbedd71a8e1d9e3f5a415e8a29a.jpg", "https://vocefiscal-poll-tape-uploads.s3.amazonaws.com/us-east-1%3Aad781abe-e1b1-4faa-b4b1-a39ddddf1b7e/br/ba/salvador/zona-0012/ea8e482042a2f97f8254fe86d5b8f158.jpg", "https://vocefiscal-poll-tape-uploads.s3.amazonaws.com/us-east-1%3Aad781abe-e1b1-4faa-b4b1-a39ddddf1b7e/br/ba/salvador/zona-0012/ae82218a0175c4a8ee25625469362aea.jpg", "https://vocefiscal-poll-tape-uploads.s3.amazonaws.com/us-east-1%3Aad781abe-e1b1-4faa-b4b1-a39ddddf1b7e/br/ba/salvador/zona-0012/e2aec1da8208bc663893f440fc096368.jpg", "https://vocefiscal-poll-tape-uploads.s3.amazonaws.com/us-east-1%3Aad781abe-e1b1-4faa-b4b1-a39ddddf1b7e/br/ba/salvador/zona-0012/670ecc7c253858663ed48b89d25b17f4.jpg", "https://vocefiscal-poll-tape-uploads.s3.amazonaws.com/us-east-1%3Aad781abe-e1b1-4faa-b4b1-a39ddddf1b7e/br/ba/salvador/zona-0012/da4bf26411a4ae03bf336e99f1ba3777.jpg", "https://vocefiscal-poll-tape-uploads.s3.amazonaws.com/us-east-1%3Aad781abe-e1b1-4faa-b4b1-a39ddddf1b7e/br/ba/salvador/zona-0012/1af18d27ea9eceac628b7d5c2e58f690.jpg", "https://vocefiscal-poll-tape-uploads.s3.amazonaws.com/us-east-1%3Aad781abe-e1b1-4faa-b4b1-a39ddddf1b7e/br/ba/salvador/zona-0012/7c042263fdb7eb307630d038cbe8c4fa.jpg", "https://vocefiscal-poll-tape-uploads.s3.amazonaws.com/us-east-1%3Aad781abe-e1b1-4faa-b4b1-a39ddddf1b7e/br/ba/salvador/zona-0012/7b42224ee6c7f1764ef9df226ab67cca.jpg", "https://vocefiscal-poll-tape-uploads.s3.amazonaws.com/us-east-1%3Aad781abe-e1b1-4faa-b4b1-a39ddddf1b7e/br/ba/salvador/zona-0012/d64cfa81211fa52275ccb8b15dbe491e.jpg", "https://vocefiscal-poll-tape-uploads.s3.amazonaws.com/us-east-1%3Aad781abe-e1b1-4faa-b4b1-a39ddddf1b7e/br/ba/salvador/zona-0012/28f153cb08558fe8f1092c604b1989c.jpg", "https://vocefiscal-poll-tape-uploads.s3.amazonaws.com/us-east-1%3Aad781abe-e1b1-4faa-b4b1-a39ddddf1b7e/br/ba/salvador/zona-0012/4152c768b1110e3e111c615943c09440.jpg", "https://vocefiscal-poll-tape-uploads.s3.amazonaws.com/us-east-1%3Aad781abe-e1b1-4faa-b4b1-a39ddddf1b7e/br/ba/salvador/zona-0012/29b0fe401e33f217f29c77cd7b41becc.jpg"], "municipio": "SALVADOR"}