{"pictureURLList": ["https://vocefiscal-poll-tape-uploads.s3.amazonaws.com/us-east-1%3A6241e8d1-bb27-46dd-a54b-17e45568f08e/br/ce/fortaleza/zona-0113/51bb735c6ed3d05d8b5291b6e773e8bc.jpg", "https://vocefiscal-poll-tape-uploads.s3.amazonaws.com/us-east-1%3A6241e8d1-bb27-46dd-a54b-17e45568f08e/br/ce/fortaleza/zona-0113/28d6ed1f42db213e4312b9f74024aef3.jpg", "https://vocefiscal-poll-tape-uploads.s3.amazonaws.com/us-east-1%3A6241e8d1-bb27-46dd-a54b-17e45568f08e/br/ce/fortaleza/zona-0113/e7d547f632f11d6aeae636c74c475b3f.jpg"], "data": 1414356969023, "estado": "CE", "municipio": "FORTALEZA", "zonaEleitoral": "0113", "localDaVotacao": "1139", "secaoEleitoral": "0124"}