{"zonaEleitoral": "0035", "pictureURLList": ["https://vocefiscal-poll-tape-uploads.s3.amazonaws.com/us-east-1%3A00f9d8e5-e751-480d-b1b6-b1351345d1b7/br/ba/mucuri/zona-0035/f4e1c034a3b5c4a2b9e29a89875b950c.jpg", "https://vocefiscal-poll-tape-uploads.s3.amazonaws.com/us-east-1%3A00f9d8e5-e751-480d-b1b6-b1351345d1b7/br/ba/mucuri/zona-0035/5fa1c720055cd32a6fec011d9d29cdda.jpg", "https://vocefiscal-poll-tape-uploads.s3.amazonaws.com/us-east-1%3A00f9d8e5-e751-480d-b1b6-b1351345d1b7/br/ba/mucuri/zona-0035/528266be4fffe4be3ad3055fa4eaa53b.jpg", "https://vocefiscal-poll-tape-uploads.s3.amazonaws.com/us-east-1%3A00f9d8e5-e751-480d-b1b6-b1351345d1b7/br/ba/mucuri/zona-0035/5bf158c8f351dd65b91968c1e131a055.jpg"], "estado": "BA", "data": 1414354548341, "municipio": "MUCURI", "localDaVotacao": "1031", "secaoEleitoral": "0254"}