{"municipio": "MANAUS", "estado": "AM", "data": 1414358484841, "pictureURLList": ["https://vocefiscal-poll-tape-uploads.s3.amazonaws.com/us-east-1%3Ad3d6db1e-a85a-4abc-b615-3f308ea1af6d/br/am/manaus/zona-0001/1c874d78ae35037988430ec6487fe777.jpg", "https://vocefiscal-poll-tape-uploads.s3.amazonaws.com/us-east-1%3Ad3d6db1e-a85a-4abc-b615-3f308ea1af6d/br/am/manaus/zona-0001/bba4a71e229e35907611ae1df103d146.jpg", "https://vocefiscal-poll-tape-uploads.s3.amazonaws.com/us-east-1%3Ad3d6db1e-a85a-4abc-b615-3f308ea1af6d/br/am/manaus/zona-0001/dc44626ef421296dd1be2bd099505bbb.jpg", "https://vocefiscal-poll-tape-uploads.s3.amazonaws.com/us-east-1%3Ad3d6db1e-a85a-4abc-b615-3f308ea1af6d/br/am/manaus/zona-0001/ab82de5a96a7c8377b0f682d98ec677d.jpg", "https://vocefiscal-poll-tape-uploads.s3.amazonaws.com/us-east-1%3Ad3d6db1e-a85a-4abc-b615-3f308ea1af6d/br/am/manaus/zona-0001/4d32889300fe64c6ce4231cfe9c349eb.jpg"], "secaoEleitoral": "0326", "zonaEleitoral": "0001"}