{"estado": "PA", "localDaVotacao": "1147", "municipio": "BEL\u00c9M", "pictureURLList": ["https://vocefiscal-poll-tape-uploads.s3.amazonaws.com/us-east-1%3Aa9e8e266-fa61-4c86-bd8f-63181ec2a1cc/br/pa/belem/zona-0095/ba699a26a753caf2e590399d51246042.jpg", "https://vocefiscal-poll-tape-uploads.s3.amazonaws.com/us-east-1%3Aa9e8e266-fa61-4c86-bd8f-63181ec2a1cc/br/pa/belem/zona-0095/471d41f923a5c400be0be696414af80a.jpg", "https://vocefiscal-poll-tape-uploads.s3.amazonaws.com/us-east-1%3Aa9e8e266-fa61-4c86-bd8f-63181ec2a1cc/br/pa/belem/zona-0095/b179451742730acb4975f24052fc74c5.jpg", "https://vocefiscal-poll-tape-uploads.s3.amazonaws.com/us-east-1%3Aa9e8e266-fa61-4c86-bd8f-63181ec2a1cc/br/pa/belem/zona-0095/21eb7b299278a8ec5aa9b15b7c9ab9bb.jpg"], "data": 1414364904493, "secaoEleitoral": "0166", "zonaEleitoral": "0095"}