{"municipio": "SALVADOR", "secaoEleitoral": "0106", "data": 1412544089090, "pictureURLList": ["https://vocefiscal-poll-tape-uploads.s3.amazonaws.com/us-east-1%3Af30e2072-3f09-4432-8b8d-4da80917259b/br/sp/campinas/zona-0006/bad19ca2d7301753fdeed0c2f36c5aec.jpg", "https://vocefiscal-poll-tape-uploads.s3.amazonaws.com/us-east-1%3Af30e2072-3f09-4432-8b8d-4da80917259b/br/sp/campinas/zona-0006/e1c63cc4f2944e9f574c9e83c4e64340.jpg", "https://vocefiscal-poll-tape-uploads.s3.amazonaws.com/us-east-1%3Af30e2072-3f09-4432-8b8d-4da80917259b/br/sp/campinas/zona-0006/82bd65cc2bf0990e73b4da4a00a47761.jpg", "https://vocefiscal-poll-tape-uploads.s3.amazonaws.com/us-east-1%3Af30e2072-3f09-4432-8b8d-4da80917259b/br/sp/campinas/zona-0006/54d97ed383292b8561d9d28260a7d333.jpg", "https://vocefiscal-poll-tape-uploads.s3.amazonaws.com/us-east-1%3Af30e2072-3f09-4432-8b8d-4da80917259b/br/sp/campinas/zona-0006/16831acb87cda07a7a7b977aa0c20b72.jpg", "https://vocefiscal-poll-tape-uploads.s3.amazonaws.com/us-east-1%3Af30e2072-3f09-4432-8b8d-4da80917259b/br/sp/campinas/zona-0006/9bac98bc302440b2a34e83def67d9810.jpg", "https://vocefiscal-poll-tape-uploads.s3.amazonaws.com/us-east-1%3Af30e2072-3f09-4432-8b8d-4da80917259b/br/sp/campinas/zona-0006/f942a6659d65eb54744a9878217a783d.jpg", "https://vocefiscal-poll-tape-uploads.s3.amazonaws.com/us-east-1%3Af30e2072-3f09-4432-8b8d-4da80917259b/br/sp/campinas/zona-0006/c0bdebebfaa8b75956e581998bc65322.jpg", "https://vocefiscal-poll-tape-uploads.s3.amazonaws.com/us-east-1%3Af30e2072-3f09-4432-8b8d-4da80917259b/br/sp/campinas/zona-0006/72ca9fe9cbdccc20181cb6ff7db99785.jpg", "https://vocefiscal-poll-tape-uploads.s3.amazonaws.com/us-east-1%3Af30e2072-3f09-4432-8b8d-4da80917259b/br/sp/campinas/zona-0006/e1270f23a867fc9b798ed9042b4c6c5d.jpg", "https://vocefiscal-poll-tape-uploads.s3.amazonaws.com/us-east-1%3Af30e2072-3f09-4432-8b8d-4da80917259b/br/sp/campinas/zona-0006/a538b8e2b1845fc56377cdcb3eee642b.jpg", "https://vocefiscal-poll-tape-uploads.s3.amazonaws.com/us-east-1%3Af30e2072-3f09-4432-8b8d-4da80917259b/br/sp/campinas/zona-0006/28733c2341481b46977367b114900215.jpg", "https://vocefiscal-poll-tape-uploads.s3.amazonaws.com/us-east-1%3Af30e2072-3f09-4432-8b8d-4da80917259b/br/sp/campinas/zona-0006/31c44f71e388ae2743cd74f482ad14ca.jpg", "https://vocefiscal-poll-tape-uploads.s3.amazonaws.com/us-east-1%3Af30e2072-3f09-4432-8b8d-4da80917259b/br/sp/campinas/zona-0006/6ad37e0da8093e2e57176c9f7fce02c3.jpg", "https://vocefiscal-poll-tape-uploads.s3.amazonaws.com/us-east-1%3Af30e2072-3f09-4432-8b8d-4da80917259b/br/sp/campinas/zona-0006/ab157ff76632b948f36590133a45991d.jpg", "https://vocefiscal-poll-tape-uploads.s3.amazonaws.com/us-east-1%3Af30e2072-3f09-4432-8b8d-4da80917259b/br/sp/campinas/zona-0006/a29249f8eb4117fdef44ceb1768cec8c.jpg", "https://vocefiscal-poll-tape-uploads.s3.amazonaws.com/us-east-1%3Af30e2072-3f09-4432-8b8d-4da80917259b/br/sp/campinas/zona-0006/df5924de044df824368bf5d8154ddfe1.jpg"], "zonaEleitoral": "0006", "estado": "BA"}