{"data": 1412540069379, "estado": "BA", "secaoEleitoral": "0002", "zonaEleitoral": "0200", "pictureURLList": ["https://vocefiscal-poll-tape-uploads.s3.amazonaws.com/us-east-1%3A7bcf8920-cbc8-47d3-86e9-d3188a25e2a5/br/ba/pojuca/zona-0200/c864128d326d28b114c2ca07221e8034.jpg", "https://vocefiscal-poll-tape-uploads.s3.amazonaws.com/us-east-1%3A7bcf8920-cbc8-47d3-86e9-d3188a25e2a5/br/ba/pojuca/zona-0200/32438ffb0afe24c9243ec6aeef0f6c66.jpg", "https://vocefiscal-poll-tape-uploads.s3.amazonaws.com/us-east-1%3A7bcf8920-cbc8-47d3-86e9-d3188a25e2a5/br/ba/pojuca/zona-0200/5fdae87f995bfed7d281fd90732a9a61.jpg", "https://vocefiscal-poll-tape-uploads.s3.amazonaws.com/us-east-1%3A7bcf8920-cbc8-47d3-86e9-d3188a25e2a5/br/ba/pojuca/zona-0200/d8725712f197c70122f9f3cf0843ff78.jpg", "https://vocefiscal-poll-tape-uploads.s3.amazonaws.com/us-east-1%3A7bcf8920-cbc8-47d3-86e9-d3188a25e2a5/br/ba/pojuca/zona-0200/bef34e7925b87c1215d505d2a6c867cc.jpg", "https://vocefiscal-poll-tape-uploads.s3.amazonaws.com/us-east-1%3A7bcf8920-cbc8-47d3-86e9-d3188a25e2a5/br/ba/pojuca/zona-0200/ce0412ab9839a246ba0807ff764e2063.jpg", "https://vocefiscal-poll-tape-uploads.s3.amazonaws.com/us-east-1%3A7bcf8920-cbc8-47d3-86e9-d3188a25e2a5/br/ba/pojuca/zona-0200/d3391f158c44b1e9db36655a458c746a.jpg", "https://vocefiscal-poll-tape-uploads.s3.amazonaws.com/us-east-1%3A7bcf8920-cbc8-47d3-86e9-d3188a25e2a5/br/ba/pojuca/zona-0200/5505a824db3a046833eb9c1b89f0f047.jpg", "https://vocefiscal-poll-tape-uploads.s3.amazonaws.com/us-east-1%3A7bcf8920-cbc8-47d3-86e9-d3188a25e2a5/br/ba/pojuca/zona-0200/6d0e297a9ebe5d16c59a5e473a666f1c.jpg", "https://vocefiscal-poll-tape-uploads.s3.amazonaws.com/us-east-1%3A7bcf8920-cbc8-47d3-86e9-d3188a25e2a5/br/ba/pojuca/zona-0200/d4237f8d82333a65c617b9f1d737877f.jpg", "https://vocefiscal-poll-tape-uploads.s3.amazonaws.com/us-east-1%3A7bcf8920-cbc8-47d3-86e9-d3188a25e2a5/br/ba/pojuca/zona-0200/a7685c249b69a61cabbffd6bf2bc0046.jpg", "https://vocefiscal-poll-tape-uploads.s3.amazonaws.com/us-east-1%3A7bcf8920-cbc8-47d3-86e9-d3188a25e2a5/br/ba/pojuca/zona-0200/3a445aa79247ae956873ee53cede1056.jpg", "https://vocefiscal-poll-tape-uploads.s3.amazonaws.com/us-east-1%3A7bcf8920-cbc8-47d3-86e9-d3188a25e2a5/br/ba/pojuca/zona-0200/2305c52448a950f9ef0c0e3a8c4839ab.jpg", "https://vocefiscal-poll-tape-uploads.s3.amazonaws.com/us-east-1%3A7bcf8920-cbc8-47d3-86e9-d3188a25e2a5/br/ba/pojuca/zona-0200/1819b5440da8b5841b1b2d5c6607c133.jpg"], "municipio": "POJUCA"}