{"estado": "CE", "municipio": "CANIND\u00c9", "data": 1412540352146, "secaoEleitoral": "0098", "pictureURLList": ["https://vocefiscal-poll-tape-uploads.s3.amazonaws.com/us-east-1%3Ae3a74dfb-388e-4fcd-877f-3c1a7c295535/br/ce/caninde/zona-0033/cf0626d38e67c037d36fbbb7781f6b78.jpg", "https://vocefiscal-poll-tape-uploads.s3.amazonaws.com/us-east-1%3Ae3a74dfb-388e-4fcd-877f-3c1a7c295535/br/ce/caninde/zona-0033/3dbe20d04a9c1e26845d8152d359b703.jpg", "https://vocefiscal-poll-tape-uploads.s3.amazonaws.com/us-east-1%3Ae3a74dfb-388e-4fcd-877f-3c1a7c295535/br/ce/caninde/zona-0033/29b12d4011da19233d906d6d78cae276.jpg", "https://vocefiscal-poll-tape-uploads.s3.amazonaws.com/us-east-1%3Ae3a74dfb-388e-4fcd-877f-3c1a7c295535/br/ce/caninde/zona-0033/9708eb760a89f082c38e7e4e390db4d.jpg", "https://vocefiscal-poll-tape-uploads.s3.amazonaws.com/us-east-1%3Ae3a74dfb-388e-4fcd-877f-3c1a7c295535/br/ce/caninde/zona-0033/38a5ffe791aba6c4f81f838db79f10f6.jpg", "https://vocefiscal-poll-tape-uploads.s3.amazonaws.com/us-east-1%3Ae3a74dfb-388e-4fcd-877f-3c1a7c295535/br/ce/caninde/zona-0033/c730a9c493d158ebd8b87f3673778834.jpg", "https://vocefiscal-poll-tape-uploads.s3.amazonaws.com/us-east-1%3Ae3a74dfb-388e-4fcd-877f-3c1a7c295535/br/ce/caninde/zona-0033/f04cf12e639ff2015553e4f582aeadb3.jpg", "https://vocefiscal-poll-tape-uploads.s3.amazonaws.com/us-east-1%3Ae3a74dfb-388e-4fcd-877f-3c1a7c295535/br/ce/caninde/zona-0033/1da103e746d7f6f7b071c127859fd698.jpg", "https://vocefiscal-poll-tape-uploads.s3.amazonaws.com/us-east-1%3Ae3a74dfb-388e-4fcd-877f-3c1a7c295535/br/ce/caninde/zona-0033/456591bb69aab4fdd48563d9ccd6b7ff.jpg", "https://vocefiscal-poll-tape-uploads.s3.amazonaws.com/us-east-1%3Ae3a74dfb-388e-4fcd-877f-3c1a7c295535/br/ce/caninde/zona-0033/b7441c3374de1f7a75b1f6475993af73.jpg", "https://vocefiscal-poll-tape-uploads.s3.amazonaws.com/us-east-1%3Ae3a74dfb-388e-4fcd-877f-3c1a7c295535/br/ce/caninde/zona-0033/c56d3cb10b4fee59261918b6b10c51ee.jpg", "https://vocefiscal-poll-tape-uploads.s3.amazonaws.com/us-east-1%3Ae3a74dfb-388e-4fcd-877f-3c1a7c295535/br/ce/caninde/zona-0033/d47c4bc66314bce2f6a38b92f3f9b9c.jpg", "https://vocefiscal-poll-tape-uploads.s3.amazonaws.com/us-east-1%3Ae3a74dfb-388e-4fcd-877f-3c1a7c295535/br/ce/caninde/zona-0033/fa428eb232ef78fda4e3298fe8565eb8.jpg", "https://vocefiscal-poll-tape-uploads.s3.amazonaws.com/us-east-1%3Ae3a74dfb-388e-4fcd-877f-3c1a7c295535/br/ce/caninde/zona-0033/aa7a7a7e63471548d57becf421ee153a.jpg", "https://vocefiscal-poll-tape-uploads.s3.amazonaws.com/us-east-1%3Ae3a74dfb-388e-4fcd-877f-3c1a7c295535/br/ce/caninde/zona-0033/6e0ce835260fc6d8d97ebbd4a9d0bce1.jpg", "https://vocefiscal-poll-tape-uploads.s3.amazonaws.com/us-east-1%3Ae3a74dfb-388e-4fcd-877f-3c1a7c295535/br/ce/caninde/zona-0033/4431f7f2023a32f08cc6ccd771c1e17e.jpg", "https://vocefiscal-poll-tape-uploads.s3.amazonaws.com/us-east-1%3Ae3a74dfb-388e-4fcd-877f-3c1a7c295535/br/ce/caninde/zona-0033/8d301fb5a359ccfd71aa36eeb078878b.jpg", "https://vocefiscal-poll-tape-uploads.s3.amazonaws.com/us-east-1%3Ae3a74dfb-388e-4fcd-877f-3c1a7c295535/br/ce/caninde/zona-0033/ebb8716a5249f8c8143be8f988bdcd8c.jpg", "https://vocefiscal-poll-tape-uploads.s3.amazonaws.com/us-east-1%3Ae3a74dfb-388e-4fcd-877f-3c1a7c295535/br/ce/caninde/zona-0033/61f3ed7576dc8c1976ba237d56274e6e.jpg", "https://vocefiscal-poll-tape-uploads.s3.amazonaws.com/us-east-1%3Ae3a74dfb-388e-4fcd-877f-3c1a7c295535/br/ce/caninde/zona-0033/18bd1491c9617b701cc9b6f2caf7557c.jpg", "https://vocefiscal-poll-tape-uploads.s3.amazonaws.com/us-east-1%3Ae3a74dfb-388e-4fcd-877f-3c1a7c295535/br/ce/caninde/zona-0033/2c643bfd606578648eebe87c97032200.jpg", "https://vocefiscal-poll-tape-uploads.s3.amazonaws.com/us-east-1%3Ae3a74dfb-388e-4fcd-877f-3c1a7c295535/br/ce/caninde/zona-0033/fb40ae3a78feee26d87abcf8216728b4.jpg", "https://vocefiscal-poll-tape-uploads.s3.amazonaws.com/us-east-1%3Ae3a74dfb-388e-4fcd-877f-3c1a7c295535/br/ce/caninde/zona-0033/1af04419ecb7ffa6b9a91b7a867fa3dc.jpg", "https://vocefiscal-poll-tape-uploads.s3.amazonaws.com/us-east-1%3Ae3a74dfb-388e-4fcd-877f-3c1a7c295535/br/ce/caninde/zona-0033/31cbd92a59e00b5e00f339ca7e0f6fc1.jpg", "https://vocefiscal-poll-tape-uploads.s3.amazonaws.com/us-east-1%3Ae3a74dfb-388e-4fcd-877f-3c1a7c295535/br/ce/caninde/zona-0033/e317bf9b77a81ec998c59ca65dc17ad8.jpg", "https://vocefiscal-poll-tape-uploads.s3.amazonaws.com/us-east-1%3Ae3a74dfb-388e-4fcd-877f-3c1a7c295535/br/ce/caninde/zona-0033/17c31f81adb322bc5c65bb33746a8e0a.jpg"], "zonaEleitoral": "0033", "localDaVotacao": "1244"}