{"data": 1412542975574, "estado": "BA", "secaoEleitoral": "0246", "zonaEleitoral": "0180", "pictureURLList": ["https://vocefiscal-poll-tape-uploads.s3.amazonaws.com/us-east-1%3A96705e9e-d7b3-4fca-95ac-e25d5fe46d86/br/ba/lauro-de-freitas/zona-0180/766c32b7b1b19f3594b0e1abd137a756.jpg", "https://vocefiscal-poll-tape-uploads.s3.amazonaws.com/us-east-1%3A96705e9e-d7b3-4fca-95ac-e25d5fe46d86/br/ba/lauro-de-freitas/zona-0180/22baa7bdb9235329677fa6208d497a1.jpg", "https://vocefiscal-poll-tape-uploads.s3.amazonaws.com/us-east-1%3A96705e9e-d7b3-4fca-95ac-e25d5fe46d86/br/ba/lauro-de-freitas/zona-0180/4368550eb8baddae87b6214413412e51.jpg", "https://vocefiscal-poll-tape-uploads.s3.amazonaws.com/us-east-1%3A96705e9e-d7b3-4fca-95ac-e25d5fe46d86/br/ba/lauro-de-freitas/zona-0180/c22442b99b2eb87a3817f7dbf655c32a.jpg", "https://vocefiscal-poll-tape-uploads.s3.amazonaws.com/us-east-1%3A96705e9e-d7b3-4fca-95ac-e25d5fe46d86/br/ba/lauro-de-freitas/zona-0180/194688230fd51421b4531cc05f0d26f8.jpg", "https://vocefiscal-poll-tape-uploads.s3.amazonaws.com/us-east-1%3A96705e9e-d7b3-4fca-95ac-e25d5fe46d86/br/ba/lauro-de-freitas/zona-0180/742c50d0145d57a333fd553a801bb337.jpg", "https://vocefiscal-poll-tape-uploads.s3.amazonaws.com/us-east-1%3A96705e9e-d7b3-4fca-95ac-e25d5fe46d86/br/ba/lauro-de-freitas/zona-0180/8654856c1643a321d49d9e994e2b4997.jpg", "https://vocefiscal-poll-tape-uploads.s3.amazonaws.com/us-east-1%3A96705e9e-d7b3-4fca-95ac-e25d5fe46d86/br/ba/lauro-de-freitas/zona-0180/a4394fe940c9a28254f87f7b788d99aa.jpg", "https://vocefiscal-poll-tape-uploads.s3.amazonaws.com/us-east-1%3A96705e9e-d7b3-4fca-95ac-e25d5fe46d86/br/ba/lauro-de-freitas/zona-0180/c840b8005112f520529c91d715c51fb2.jpg", "https://vocefiscal-poll-tape-uploads.s3.amazonaws.com/us-east-1%3A96705e9e-d7b3-4fca-95ac-e25d5fe46d86/br/ba/lauro-de-freitas/zona-0180/9bbae6109cb2ddcf1ea190fe22f7b2a4.jpg", "https://vocefiscal-poll-tape-uploads.s3.amazonaws.com/us-east-1%3A96705e9e-d7b3-4fca-95ac-e25d5fe46d86/br/ba/lauro-de-freitas/zona-0180/ef9607f5b971a9d9457d7c460f2fa7e0.jpg", "https://vocefiscal-poll-tape-uploads.s3.amazonaws.com/us-east-1%3A96705e9e-d7b3-4fca-95ac-e25d5fe46d86/br/ba/lauro-de-freitas/zona-0180/5b73eb7a2b224995f8e2e742d0ef5bdd.jpg", "https://vocefiscal-poll-tape-uploads.s3.amazonaws.com/us-east-1%3A96705e9e-d7b3-4fca-95ac-e25d5fe46d86/br/ba/lauro-de-freitas/zona-0180/1537992917a7f66c31dab386bf447133.jpg", "https://vocefiscal-poll-tape-uploads.s3.amazonaws.com/us-east-1%3A96705e9e-d7b3-4fca-95ac-e25d5fe46d86/br/ba/lauro-de-freitas/zona-0180/a254cbaae4585d0072a8705160fe0301.jpg", "https://vocefiscal-poll-tape-uploads.s3.amazonaws.com/us-east-1%3A96705e9e-d7b3-4fca-95ac-e25d5fe46d86/br/ba/lauro-de-freitas/zona-0180/24c061ac7f9edd8c45f9e904f32928e4.jpg", "https://vocefiscal-poll-tape-uploads.s3.amazonaws.com/us-east-1%3A96705e9e-d7b3-4fca-95ac-e25d5fe46d86/br/ba/lauro-de-freitas/zona-0180/ecdaf25f9b3b33e12c01ffb46961852c.jpg", "https://vocefiscal-poll-tape-uploads.s3.amazonaws.com/us-east-1%3A96705e9e-d7b3-4fca-95ac-e25d5fe46d86/br/ba/lauro-de-freitas/zona-0180/d2277a13cc1e1510d1b56e5cacdd0f8d.jpg", "https://vocefiscal-poll-tape-uploads.s3.amazonaws.com/us-east-1%3A96705e9e-d7b3-4fca-95ac-e25d5fe46d86/br/ba/lauro-de-freitas/zona-0180/3e13358145ec4e504031732aa4a03a39.jpg", "https://vocefiscal-poll-tape-uploads.s3.amazonaws.com/us-east-1%3A96705e9e-d7b3-4fca-95ac-e25d5fe46d86/br/ba/lauro-de-freitas/zona-0180/fd79b4d03ce4162fa98084ce1a8f58a6.jpg", "https://vocefiscal-poll-tape-uploads.s3.amazonaws.com/us-east-1%3A96705e9e-d7b3-4fca-95ac-e25d5fe46d86/br/ba/lauro-de-freitas/zona-0180/178b366e320e0f08e7d884df380851e2.jpg", "https://vocefiscal-poll-tape-uploads.s3.amazonaws.com/us-east-1%3A96705e9e-d7b3-4fca-95ac-e25d5fe46d86/br/ba/lauro-de-freitas/zona-0180/f09802401675bf6e1458d088806bd5c.jpg", "https://vocefiscal-poll-tape-uploads.s3.amazonaws.com/us-east-1%3A96705e9e-d7b3-4fca-95ac-e25d5fe46d86/br/ba/lauro-de-freitas/zona-0180/76ce3f10e54461905601cb2f13856085.jpg", "https://vocefiscal-poll-tape-uploads.s3.amazonaws.com/us-east-1%3A96705e9e-d7b3-4fca-95ac-e25d5fe46d86/br/ba/lauro-de-freitas/zona-0180/bb3c85b08b5e3e2096d9833b47a9a3fb.jpg", "https://vocefiscal-poll-tape-uploads.s3.amazonaws.com/us-east-1%3A96705e9e-d7b3-4fca-95ac-e25d5fe46d86/br/ba/lauro-de-freitas/zona-0180/80cdedfacf32719067fd773d6e23490c.jpg", "https://vocefiscal-poll-tape-uploads.s3.amazonaws.com/us-east-1%3A96705e9e-d7b3-4fca-95ac-e25d5fe46d86/br/ba/lauro-de-freitas/zona-0180/4542750137e3682ad024035dafd46570.jpg", "https://vocefiscal-poll-tape-uploads.s3.amazonaws.com/us-east-1%3A96705e9e-d7b3-4fca-95ac-e25d5fe46d86/br/ba/lauro-de-freitas/zona-0180/65d00810643b30458947fcf42bd4cd9.jpg", "https://vocefiscal-poll-tape-uploads.s3.amazonaws.com/us-east-1%3A96705e9e-d7b3-4fca-95ac-e25d5fe46d86/br/ba/lauro-de-freitas/zona-0180/71f9ea286c93149de02b9a646d82f187.jpg", "https://vocefiscal-poll-tape-uploads.s3.amazonaws.com/us-east-1%3A96705e9e-d7b3-4fca-95ac-e25d5fe46d86/br/ba/lauro-de-freitas/zona-0180/fa251b88cb87d7ea5d5853623785fe28.jpg", "https://vocefiscal-poll-tape-uploads.s3.amazonaws.com/us-east-1%3A96705e9e-d7b3-4fca-95ac-e25d5fe46d86/br/ba/lauro-de-freitas/zona-0180/6c43ec8b405635de5ea6e249c11fe3fd.jpg", "https://vocefiscal-poll-tape-uploads.s3.amazonaws.com/us-east-1%3A96705e9e-d7b3-4fca-95ac-e25d5fe46d86/br/ba/lauro-de-freitas/zona-0180/200723889e2f30293f4a024301c5c32f.jpg", "https://vocefiscal-poll-tape-uploads.s3.amazonaws.com/us-east-1%3A96705e9e-d7b3-4fca-95ac-e25d5fe46d86/br/ba/lauro-de-freitas/zona-0180/2f405103e74e4587ca4389b901773684.jpg", "https://vocefiscal-poll-tape-uploads.s3.amazonaws.com/us-east-1%3A96705e9e-d7b3-4fca-95ac-e25d5fe46d86/br/ba/lauro-de-freitas/zona-0180/5ed343c228e6b837856ac219b7d276f.jpg", "https://vocefiscal-poll-tape-uploads.s3.amazonaws.com/us-east-1%3A96705e9e-d7b3-4fca-95ac-e25d5fe46d86/br/ba/lauro-de-freitas/zona-0180/2af0a9b268a71aaf5a324178261aa353.jpg", "https://vocefiscal-poll-tape-uploads.s3.amazonaws.com/us-east-1%3A96705e9e-d7b3-4fca-95ac-e25d5fe46d86/br/ba/lauro-de-freitas/zona-0180/b9606b4409b764113fc92bf0f050f4d1.jpg", "https://vocefiscal-poll-tape-uploads.s3.amazonaws.com/us-east-1%3A96705e9e-d7b3-4fca-95ac-e25d5fe46d86/br/ba/lauro-de-freitas/zona-0180/e48b46265128948b86873e99ee7f83e1.jpg", "https://vocefiscal-poll-tape-uploads.s3.amazonaws.com/us-east-1%3A96705e9e-d7b3-4fca-95ac-e25d5fe46d86/br/ba/lauro-de-freitas/zona-0180/6009c212095230840ce58d016f36236.jpg", "https://vocefiscal-poll-tape-uploads.s3.amazonaws.com/us-east-1%3A96705e9e-d7b3-4fca-95ac-e25d5fe46d86/br/ba/lauro-de-freitas/zona-0180/c9ad9c30ec7abf3fbdf5a22cd1df6212.jpg", "https://vocefiscal-poll-tape-uploads.s3.amazonaws.com/us-east-1%3A96705e9e-d7b3-4fca-95ac-e25d5fe46d86/br/ba/lauro-de-freitas/zona-0180/2906fd45c04c5fcdca7c8bee1db84043.jpg"], "municipio": "LAURO DE FREITAS"}