{"pictureURLList": ["https://vocefiscal-poll-tape-uploads.s3.amazonaws.com/us-east-1%3Aaa89a511-4231-498a-9eb3-6261cb9b51e0/br/ce/fortaleza/zona-0001/8f1553c75bad003d7d24e01aaae03bb6.jpg", "https://vocefiscal-poll-tape-uploads.s3.amazonaws.com/us-east-1%3Aaa89a511-4231-498a-9eb3-6261cb9b51e0/br/ce/fortaleza/zona-0001/64c9414129b6d5784cee978665e79542.jpg", "https://vocefiscal-poll-tape-uploads.s3.amazonaws.com/us-east-1%3Aaa89a511-4231-498a-9eb3-6261cb9b51e0/br/ce/fortaleza/zona-0001/44001e8769f0d0dfc98623e02d70f1ae.jpg"], "data": 1414361149059, "estado": "CE", "municipio": "FORTALEZA", "zonaEleitoral": "0001", "secaoEleitoral": "0045"}