{"estado": "CE", "municipio": "CANIND\u00c9", "data": 1412546116446, "secaoEleitoral": "0162", "pictureURLList": ["https://vocefiscal-poll-tape-uploads.s3.amazonaws.com/us-east-1%3A280e2633-4c1b-4632-a182-8830143c0725/br/ce/caninde/zona-0033/df30803a191f6622e881f0cab77c8354.jpg", "https://vocefiscal-poll-tape-uploads.s3.amazonaws.com/us-east-1%3A280e2633-4c1b-4632-a182-8830143c0725/br/ce/caninde/zona-0033/123099bccfb96ccef59fe3019fd9e2f.jpg", "https://vocefiscal-poll-tape-uploads.s3.amazonaws.com/us-east-1%3A280e2633-4c1b-4632-a182-8830143c0725/br/ce/caninde/zona-0033/18dde5d74e8bbe60e6a40e9b6d1dfd82.jpg", "https://vocefiscal-poll-tape-uploads.s3.amazonaws.com/us-east-1%3A280e2633-4c1b-4632-a182-8830143c0725/br/ce/caninde/zona-0033/9e4fb874171b5031777b4f3d22700f5d.jpg", "https://vocefiscal-poll-tape-uploads.s3.amazonaws.com/us-east-1%3A280e2633-4c1b-4632-a182-8830143c0725/br/ce/caninde/zona-0033/f431595e81a626c58d5661834102ae4f.jpg", "https://vocefiscal-poll-tape-uploads.s3.amazonaws.com/us-east-1%3A280e2633-4c1b-4632-a182-8830143c0725/br/ce/caninde/zona-0033/1d926db4cb08e10eca1642349a0a5ba5.jpg", "https://vocefiscal-poll-tape-uploads.s3.amazonaws.com/us-east-1%3A280e2633-4c1b-4632-a182-8830143c0725/br/ce/caninde/zona-0033/8da9891dc2492fc8e749574f91394b9.jpg", "https://vocefiscal-poll-tape-uploads.s3.amazonaws.com/us-east-1%3A280e2633-4c1b-4632-a182-8830143c0725/br/ce/caninde/zona-0033/9ceaebee86bdf36b516b754b724d9cf0.jpg", "https://vocefiscal-poll-tape-uploads.s3.amazonaws.com/us-east-1%3A280e2633-4c1b-4632-a182-8830143c0725/br/ce/caninde/zona-0033/f61dd4077a5a73cd13ce61a69d5a81b0.jpg", "https://vocefiscal-poll-tape-uploads.s3.amazonaws.com/us-east-1%3A280e2633-4c1b-4632-a182-8830143c0725/br/ce/caninde/zona-0033/56ac92b02e00e184c175f173d8db8d80.jpg", "https://vocefiscal-poll-tape-uploads.s3.amazonaws.com/us-east-1%3A280e2633-4c1b-4632-a182-8830143c0725/br/ce/caninde/zona-0033/4ace33d9a80a5cd0130ca754cc295e0e.jpg", "https://vocefiscal-poll-tape-uploads.s3.amazonaws.com/us-east-1%3A280e2633-4c1b-4632-a182-8830143c0725/br/ce/caninde/zona-0033/7b45679d5df40e544e088a5dcf1007b.jpg", "https://vocefiscal-poll-tape-uploads.s3.amazonaws.com/us-east-1%3A280e2633-4c1b-4632-a182-8830143c0725/br/ce/caninde/zona-0033/839ce2b1c78715548f32cfd156238d64.jpg", "https://vocefiscal-poll-tape-uploads.s3.amazonaws.com/us-east-1%3A280e2633-4c1b-4632-a182-8830143c0725/br/ce/caninde/zona-0033/edc39f8efd308ad7f69d8c679fa09492.jpg", "https://vocefiscal-poll-tape-uploads.s3.amazonaws.com/us-east-1%3A280e2633-4c1b-4632-a182-8830143c0725/br/ce/caninde/zona-0033/675352e5000304d0765eefe58fc4b811.jpg", "https://vocefiscal-poll-tape-uploads.s3.amazonaws.com/us-east-1%3A280e2633-4c1b-4632-a182-8830143c0725/br/ce/caninde/zona-0033/e075fef2ec60cc91ed4b24ae0cdefbf5.jpg", "https://vocefiscal-poll-tape-uploads.s3.amazonaws.com/us-east-1%3A280e2633-4c1b-4632-a182-8830143c0725/br/ce/caninde/zona-0033/d45fba8abfba1afccf5d8c18b3c8dd6d.jpg", "https://vocefiscal-poll-tape-uploads.s3.amazonaws.com/us-east-1%3A280e2633-4c1b-4632-a182-8830143c0725/br/ce/caninde/zona-0033/74c0998a86c39b3af7dbd815de1bee58.jpg"], "zonaEleitoral": "0033", "localDaVotacao": "1449"}