{"data": 1412541127040, "estado": "BA", "localDaVotacao": "1350", "zonaEleitoral": "0001", "secaoEleitoral": "0209", "pictureURLList": ["https://vocefiscal-poll-tape-uploads.s3.amazonaws.com/us-east-1%3A0472b159-127f-4846-acbb-34df52dd359d/br/ba/salvador/zona-0001/e02f9f0775ae92f5aee46bd685ec4234.jpg", "https://vocefiscal-poll-tape-uploads.s3.amazonaws.com/us-east-1%3A0472b159-127f-4846-acbb-34df52dd359d/br/ba/salvador/zona-0001/44827e75626d57ca4e209c0be2a1c2be.jpg", "https://vocefiscal-poll-tape-uploads.s3.amazonaws.com/us-east-1%3A0472b159-127f-4846-acbb-34df52dd359d/br/ba/salvador/zona-0001/bd412781883a577bb1a8879404ba56c3.jpg", "https://vocefiscal-poll-tape-uploads.s3.amazonaws.com/us-east-1%3A0472b159-127f-4846-acbb-34df52dd359d/br/ba/salvador/zona-0001/a3f806db9a50a342ec617bb406559653.jpg", "https://vocefiscal-poll-tape-uploads.s3.amazonaws.com/us-east-1%3A0472b159-127f-4846-acbb-34df52dd359d/br/ba/salvador/zona-0001/9214b5c3378335a781e5bc1df03661f2.jpg", "https://vocefiscal-poll-tape-uploads.s3.amazonaws.com/us-east-1%3A0472b159-127f-4846-acbb-34df52dd359d/br/ba/salvador/zona-0001/f2b33f65e36f035b6dc305b6535d13d3.jpg", "https://vocefiscal-poll-tape-uploads.s3.amazonaws.com/us-east-1%3A0472b159-127f-4846-acbb-34df52dd359d/br/ba/salvador/zona-0001/9e526ebe15546435f4e2fab1331ef581.jpg", "https://vocefiscal-poll-tape-uploads.s3.amazonaws.com/us-east-1%3A0472b159-127f-4846-acbb-34df52dd359d/br/ba/salvador/zona-0001/618e485d9462f6b342b779dd393eaebf.jpg", "https://vocefiscal-poll-tape-uploads.s3.amazonaws.com/us-east-1%3A0472b159-127f-4846-acbb-34df52dd359d/br/ba/salvador/zona-0001/59ee5dea1c636251ca8e6776a3735665.jpg"], "municipio": "SALVADOR"}