{"data": 1412549135305, "estado": "BA", "secaoEleitoral": "0044", "zonaEleitoral": "0190", "pictureURLList": ["https://vocefiscal-poll-tape-uploads.s3.amazonaws.com/us-east-1%3A4fe837ee-015d-4a50-923f-f82aea8dbe7a/br/ba/serra-dourada/zona-0190/8996c583034720fdf3b5b7fb1656013a.jpg", "https://vocefiscal-poll-tape-uploads.s3.amazonaws.com/us-east-1%3A4fe837ee-015d-4a50-923f-f82aea8dbe7a/br/ba/serra-dourada/zona-0190/1d9c6de67ca7cc33b4b018ce8329b97e.jpg", "https://vocefiscal-poll-tape-uploads.s3.amazonaws.com/us-east-1%3A4fe837ee-015d-4a50-923f-f82aea8dbe7a/br/ba/serra-dourada/zona-0190/bef1a3014290c3bfbe02b8e34354a12e.jpg", "https://vocefiscal-poll-tape-uploads.s3.amazonaws.com/us-east-1%3A4fe837ee-015d-4a50-923f-f82aea8dbe7a/br/ba/serra-dourada/zona-0190/69bd26c183f4f8d6fbe91d2b325f3f91.jpg", "https://vocefiscal-poll-tape-uploads.s3.amazonaws.com/us-east-1%3A4fe837ee-015d-4a50-923f-f82aea8dbe7a/br/ba/serra-dourada/zona-0190/d88e128084bbf863b4fd2119dd5bbd2c.jpg", "https://vocefiscal-poll-tape-uploads.s3.amazonaws.com/us-east-1%3A4fe837ee-015d-4a50-923f-f82aea8dbe7a/br/ba/serra-dourada/zona-0190/60640037316b4a88ec1ca4e36deae934.jpg", "https://vocefiscal-poll-tape-uploads.s3.amazonaws.com/us-east-1%3A4fe837ee-015d-4a50-923f-f82aea8dbe7a/br/ba/serra-dourada/zona-0190/f96708ba1aaa8a24d3dbf1cefdff7c03.jpg", "https://vocefiscal-poll-tape-uploads.s3.amazonaws.com/us-east-1%3A4fe837ee-015d-4a50-923f-f82aea8dbe7a/br/ba/serra-dourada/zona-0190/f299cf4182bdd28f4b08f1aa6e74faec.jpg", "https://vocefiscal-poll-tape-uploads.s3.amazonaws.com/us-east-1%3A4fe837ee-015d-4a50-923f-f82aea8dbe7a/br/ba/serra-dourada/zona-0190/ef7aec616fb494b8404c8a30c97422e1.jpg", "https://vocefiscal-poll-tape-uploads.s3.amazonaws.com/us-east-1%3A4fe837ee-015d-4a50-923f-f82aea8dbe7a/br/ba/serra-dourada/zona-0190/664d261c20979d107aac18bcef8ef14f.jpg", "https://vocefiscal-poll-tape-uploads.s3.amazonaws.com/us-east-1%3A4fe837ee-015d-4a50-923f-f82aea8dbe7a/br/ba/serra-dourada/zona-0190/8b5bf8be30530da8a34f581957463343.jpg", "https://vocefiscal-poll-tape-uploads.s3.amazonaws.com/us-east-1%3A4fe837ee-015d-4a50-923f-f82aea8dbe7a/br/ba/serra-dourada/zona-0190/4196b944a7e4c86901710e7e2cb81fa.jpg"], "municipio": "SERRA DOURADA"}