{"data": 1412546393385, "pictureURLList": ["https://vocefiscal-poll-tape-uploads.s3.amazonaws.com/us-east-1%3A3a906d7a-9185-4c34-ba96-1023f9020aaf/br/ba/encruzilhada/zona-0152/d2a70ccb60f036103c98a91cc1f8bb4b.jpg", "https://vocefiscal-poll-tape-uploads.s3.amazonaws.com/us-east-1%3A3a906d7a-9185-4c34-ba96-1023f9020aaf/br/ba/encruzilhada/zona-0152/e4f3f7459868a33c39276e2939d689e1.jpg", "https://vocefiscal-poll-tape-uploads.s3.amazonaws.com/us-east-1%3A3a906d7a-9185-4c34-ba96-1023f9020aaf/br/ba/encruzilhada/zona-0152/7974c48f4e0b66b88162677cc7b19c22.jpg", "https://vocefiscal-poll-tape-uploads.s3.amazonaws.com/us-east-1%3A3a906d7a-9185-4c34-ba96-1023f9020aaf/br/ba/encruzilhada/zona-0152/7aed2017d9039c49685ee09ade171d75.jpg", "https://vocefiscal-poll-tape-uploads.s3.amazonaws.com/us-east-1%3A3a906d7a-9185-4c34-ba96-1023f9020aaf/br/ba/encruzilhada/zona-0152/b01c16fdc7673992e1fa7ef98e90ca73.jpg", "https://vocefiscal-poll-tape-uploads.s3.amazonaws.com/us-east-1%3A3a906d7a-9185-4c34-ba96-1023f9020aaf/br/ba/encruzilhada/zona-0152/d21b021043836005ba525e004f3a88b3.jpg", "https://vocefiscal-poll-tape-uploads.s3.amazonaws.com/us-east-1%3A3a906d7a-9185-4c34-ba96-1023f9020aaf/br/ba/encruzilhada/zona-0152/32e3c9f3713a6187187edd9ebd263cb2.jpg", "https://vocefiscal-poll-tape-uploads.s3.amazonaws.com/us-east-1%3A3a906d7a-9185-4c34-ba96-1023f9020aaf/br/ba/encruzilhada/zona-0152/f2153c3b41806075850bde264e17486.jpg", "https://vocefiscal-poll-tape-uploads.s3.amazonaws.com/us-east-1%3A3a906d7a-9185-4c34-ba96-1023f9020aaf/br/ba/encruzilhada/zona-0152/38c1a3bc77987e4ef6d850eb476673df.jpg", "https://vocefiscal-poll-tape-uploads.s3.amazonaws.com/us-east-1%3A3a906d7a-9185-4c34-ba96-1023f9020aaf/br/ba/encruzilhada/zona-0152/19f268a2ccd60e7644a43f88ef33f33c.jpg", "https://vocefiscal-poll-tape-uploads.s3.amazonaws.com/us-east-1%3A3a906d7a-9185-4c34-ba96-1023f9020aaf/br/ba/encruzilhada/zona-0152/fd889f9b183cc40edc6f236f4d4b5b97.jpg", "https://vocefiscal-poll-tape-uploads.s3.amazonaws.com/us-east-1%3A3a906d7a-9185-4c34-ba96-1023f9020aaf/br/ba/encruzilhada/zona-0152/8b2df221e0db23f5bc26fcc06bc404b1.jpg", "https://vocefiscal-poll-tape-uploads.s3.amazonaws.com/us-east-1%3A3a906d7a-9185-4c34-ba96-1023f9020aaf/br/ba/encruzilhada/zona-0152/642b5261023c2ac80204b8d268c23ffa.jpg", "https://vocefiscal-poll-tape-uploads.s3.amazonaws.com/us-east-1%3A3a906d7a-9185-4c34-ba96-1023f9020aaf/br/ba/encruzilhada/zona-0152/d5d88bdc43df2c040410b5add517a559.jpg", "https://vocefiscal-poll-tape-uploads.s3.amazonaws.com/us-east-1%3A3a906d7a-9185-4c34-ba96-1023f9020aaf/br/ba/encruzilhada/zona-0152/3ce242ab1da04e1f552e47548959a463.jpg", "https://vocefiscal-poll-tape-uploads.s3.amazonaws.com/us-east-1%3A3a906d7a-9185-4c34-ba96-1023f9020aaf/br/ba/encruzilhada/zona-0152/da4de1e942e3df092991d2745277b587.jpg", "https://vocefiscal-poll-tape-uploads.s3.amazonaws.com/us-east-1%3A3a906d7a-9185-4c34-ba96-1023f9020aaf/br/ba/encruzilhada/zona-0152/f1b2d869fda8a73b7658ab5b51a73632.jpg", "https://vocefiscal-poll-tape-uploads.s3.amazonaws.com/us-east-1%3A3a906d7a-9185-4c34-ba96-1023f9020aaf/br/ba/encruzilhada/zona-0152/cb7d90ac26a54142e37f4e135b63962d.jpg", "https://vocefiscal-poll-tape-uploads.s3.amazonaws.com/us-east-1%3A3a906d7a-9185-4c34-ba96-1023f9020aaf/br/ba/encruzilhada/zona-0152/6d91d3b67507239025906fa83090cbc7.jpg", "https://vocefiscal-poll-tape-uploads.s3.amazonaws.com/us-east-1%3A3a906d7a-9185-4c34-ba96-1023f9020aaf/br/ba/encruzilhada/zona-0152/f8425edeb68494525ac56cabaff84554.jpg", "https://vocefiscal-poll-tape-uploads.s3.amazonaws.com/us-east-1%3A3a906d7a-9185-4c34-ba96-1023f9020aaf/br/ba/encruzilhada/zona-0152/518f2e998e6ea752be26f98e0863085f.jpg", "https://vocefiscal-poll-tape-uploads.s3.amazonaws.com/us-east-1%3A3a906d7a-9185-4c34-ba96-1023f9020aaf/br/ba/encruzilhada/zona-0152/ed26588c9d7747c1b275e8d0cda1d0e5.jpg"], "estado": "BA", "localDaVotacao": "1015", "zonaEleitoral": "0152", "secaoEleitoral": "0071", "municipio": "ENCRUZILHADA"}