{"data": 1412541328936, "estado": "BA", "localDaVotacao": "1627", "zonaEleitoral": "0040", "secaoEleitoral": "0186", "pictureURLList": ["https://vocefiscal-poll-tape-uploads.s3.amazonaws.com/us-east-1%3A695adab1-8a65-4d65-8a05-20168a27bc8e/br/ba/vitoria-da-conquista/zona-0040/8cf3cb6b782b960a099af7403f367199.jpg", "https://vocefiscal-poll-tape-uploads.s3.amazonaws.com/us-east-1%3A695adab1-8a65-4d65-8a05-20168a27bc8e/br/ba/vitoria-da-conquista/zona-0040/8637a837ab565f53b5435a248ee60b8a.jpg", "https://vocefiscal-poll-tape-uploads.s3.amazonaws.com/us-east-1%3A695adab1-8a65-4d65-8a05-20168a27bc8e/br/ba/vitoria-da-conquista/zona-0040/df138618e5278576f07f616e71f82f8c.jpg", "https://vocefiscal-poll-tape-uploads.s3.amazonaws.com/us-east-1%3A695adab1-8a65-4d65-8a05-20168a27bc8e/br/ba/vitoria-da-conquista/zona-0040/cff0ff0084cb7a9e09f30ba2929e3641.jpg", "https://vocefiscal-poll-tape-uploads.s3.amazonaws.com/us-east-1%3A695adab1-8a65-4d65-8a05-20168a27bc8e/br/ba/vitoria-da-conquista/zona-0040/3cae38754c108dbf58767c4f85d098f9.jpg", "https://vocefiscal-poll-tape-uploads.s3.amazonaws.com/us-east-1%3A695adab1-8a65-4d65-8a05-20168a27bc8e/br/ba/vitoria-da-conquista/zona-0040/526eb6466bf05f749d4ef6c7398ba12.jpg", "https://vocefiscal-poll-tape-uploads.s3.amazonaws.com/us-east-1%3A695adab1-8a65-4d65-8a05-20168a27bc8e/br/ba/vitoria-da-conquista/zona-0040/3cfc22df8bad2edf451adef3ed0b9a41.jpg", "https://vocefiscal-poll-tape-uploads.s3.amazonaws.com/us-east-1%3A695adab1-8a65-4d65-8a05-20168a27bc8e/br/ba/vitoria-da-conquista/zona-0040/a02de83340526fcaeeefd58251d5286e.jpg", "https://vocefiscal-poll-tape-uploads.s3.amazonaws.com/us-east-1%3A695adab1-8a65-4d65-8a05-20168a27bc8e/br/ba/vitoria-da-conquista/zona-0040/93fc0b05c8b0d2f347c9583b15e74fa3.jpg", "https://vocefiscal-poll-tape-uploads.s3.amazonaws.com/us-east-1%3A695adab1-8a65-4d65-8a05-20168a27bc8e/br/ba/vitoria-da-conquista/zona-0040/545c6b298e142a7425b7ac14cd65a1d7.jpg", "https://vocefiscal-poll-tape-uploads.s3.amazonaws.com/us-east-1%3A695adab1-8a65-4d65-8a05-20168a27bc8e/br/ba/vitoria-da-conquista/zona-0040/1c74e77be758692beba43af1afd2964b.jpg", "https://vocefiscal-poll-tape-uploads.s3.amazonaws.com/us-east-1%3A695adab1-8a65-4d65-8a05-20168a27bc8e/br/ba/vitoria-da-conquista/zona-0040/579c7f9a20c299f60846aeeca726ffef.jpg", "https://vocefiscal-poll-tape-uploads.s3.amazonaws.com/us-east-1%3A695adab1-8a65-4d65-8a05-20168a27bc8e/br/ba/vitoria-da-conquista/zona-0040/8ec07ee241752a40a2f209dcc78a7f26.jpg"], "municipio": "VIT\u00d3RIA DA CONQUISTA"}