{"data": 1412542909467, "pictureURLList": ["https://vocefiscal-poll-tape-uploads.s3.amazonaws.com/us-east-1%3A1b3751b2-b62a-49d5-8274-301edcce98b4/br/ba/vitoria-da-conquista/zona-0041/5b7701723beedc4fc884101877af85c.jpg", "https://vocefiscal-poll-tape-uploads.s3.amazonaws.com/us-east-1%3A1b3751b2-b62a-49d5-8274-301edcce98b4/br/ba/vitoria-da-conquista/zona-0041/f89db224db61f71ed4b2401bda055b07.jpg", "https://vocefiscal-poll-tape-uploads.s3.amazonaws.com/us-east-1%3A1b3751b2-b62a-49d5-8274-301edcce98b4/br/ba/vitoria-da-conquista/zona-0041/5091a020fa976efa41ee788c4553ad18.jpg", "https://vocefiscal-poll-tape-uploads.s3.amazonaws.com/us-east-1%3A1b3751b2-b62a-49d5-8274-301edcce98b4/br/ba/vitoria-da-conquista/zona-0041/bc33291b1f880448916edaf3759a1766.jpg", "https://vocefiscal-poll-tape-uploads.s3.amazonaws.com/us-east-1%3A1b3751b2-b62a-49d5-8274-301edcce98b4/br/ba/vitoria-da-conquista/zona-0041/2261a904cde72982003977b7867fee0d.jpg", "https://vocefiscal-poll-tape-uploads.s3.amazonaws.com/us-east-1%3A1b3751b2-b62a-49d5-8274-301edcce98b4/br/ba/vitoria-da-conquista/zona-0041/9dbdc171fc286f338ff42af2fb2d06ea.jpg", "https://vocefiscal-poll-tape-uploads.s3.amazonaws.com/us-east-1%3A1b3751b2-b62a-49d5-8274-301edcce98b4/br/ba/vitoria-da-conquista/zona-0041/dbeb5f8f407b77a69da0fa29a9ce7f28.jpg", "https://vocefiscal-poll-tape-uploads.s3.amazonaws.com/us-east-1%3A1b3751b2-b62a-49d5-8274-301edcce98b4/br/ba/vitoria-da-conquista/zona-0041/8cb410f177cebfdd88c5c5f0a2d3804a.jpg", "https://vocefiscal-poll-tape-uploads.s3.amazonaws.com/us-east-1%3A1b3751b2-b62a-49d5-8274-301edcce98b4/br/ba/vitoria-da-conquista/zona-0041/bc11d632a11baaaf02bed53df7c7bab8.jpg", "https://vocefiscal-poll-tape-uploads.s3.amazonaws.com/us-east-1%3A1b3751b2-b62a-49d5-8274-301edcce98b4/br/ba/vitoria-da-conquista/zona-0041/eccfde22cbc956e138c491443822d65b.jpg", "https://vocefiscal-poll-tape-uploads.s3.amazonaws.com/us-east-1%3A1b3751b2-b62a-49d5-8274-301edcce98b4/br/ba/vitoria-da-conquista/zona-0041/cc2a1f4751118b5aebd9bf29636d3181.jpg", "https://vocefiscal-poll-tape-uploads.s3.amazonaws.com/us-east-1%3A1b3751b2-b62a-49d5-8274-301edcce98b4/br/ba/vitoria-da-conquista/zona-0041/76c104b61254ac3d246058b50ddf841a.jpg", "https://vocefiscal-poll-tape-uploads.s3.amazonaws.com/us-east-1%3A1b3751b2-b62a-49d5-8274-301edcce98b4/br/ba/vitoria-da-conquista/zona-0041/fb5f6dbf0f9b2736bb70eb8feddc4de0.jpg", "https://vocefiscal-poll-tape-uploads.s3.amazonaws.com/us-east-1%3A1b3751b2-b62a-49d5-8274-301edcce98b4/br/ba/vitoria-da-conquista/zona-0041/622d558169a83ce349a4d2bcc0661ac9.jpg"], "estado": "BA", "localDaVotacao": "1325", "zonaEleitoral": "0041", "secaoEleitoral": "0041", "municipio": "VIT\u00d3RIA DA CONQUISTA"}