{"data": 1412541240451, "estado": "BA", "secaoEleitoral": "0192", "zonaEleitoral": "0102", "pictureURLList": ["https://vocefiscal-poll-tape-uploads.s3.amazonaws.com/us-east-1%3A711e1b49-7df7-4398-a4e7-f974a7906b98/br/ba/canudos/zona-0102/d9e3357840962b89f53ffbd5784483af.jpg", "https://vocefiscal-poll-tape-uploads.s3.amazonaws.com/us-east-1%3A711e1b49-7df7-4398-a4e7-f974a7906b98/br/ba/canudos/zona-0102/b0df4b6856e1d044cd42235919d76368.jpg", "https://vocefiscal-poll-tape-uploads.s3.amazonaws.com/us-east-1%3A711e1b49-7df7-4398-a4e7-f974a7906b98/br/ba/canudos/zona-0102/cd641b1865cf9b489690a9db0b8b944b.jpg", "https://vocefiscal-poll-tape-uploads.s3.amazonaws.com/us-east-1%3A711e1b49-7df7-4398-a4e7-f974a7906b98/br/ba/canudos/zona-0102/7f9d44538dc3d89d566ae737e3ff84f1.jpg", "https://vocefiscal-poll-tape-uploads.s3.amazonaws.com/us-east-1%3A711e1b49-7df7-4398-a4e7-f974a7906b98/br/ba/canudos/zona-0102/14522eafbb0fa8c66ab637d9fb2e568f.jpg", "https://vocefiscal-poll-tape-uploads.s3.amazonaws.com/us-east-1%3A711e1b49-7df7-4398-a4e7-f974a7906b98/br/ba/canudos/zona-0102/2e1bb4d6a615c2dceee0e7199ca2a18c.jpg", "https://vocefiscal-poll-tape-uploads.s3.amazonaws.com/us-east-1%3A711e1b49-7df7-4398-a4e7-f974a7906b98/br/ba/canudos/zona-0102/37e581708a35cdc996066ac00cd39095.jpg", "https://vocefiscal-poll-tape-uploads.s3.amazonaws.com/us-east-1%3A711e1b49-7df7-4398-a4e7-f974a7906b98/br/ba/canudos/zona-0102/53963dcd663d614b9355b06dec60f854.jpg", "https://vocefiscal-poll-tape-uploads.s3.amazonaws.com/us-east-1%3A711e1b49-7df7-4398-a4e7-f974a7906b98/br/ba/canudos/zona-0102/ea01325025e4bf39f30afc5f889882d5.jpg", "https://vocefiscal-poll-tape-uploads.s3.amazonaws.com/us-east-1%3A711e1b49-7df7-4398-a4e7-f974a7906b98/br/ba/canudos/zona-0102/364b668af65db73f7dcad2b52c59b5d9.jpg", "https://vocefiscal-poll-tape-uploads.s3.amazonaws.com/us-east-1%3A711e1b49-7df7-4398-a4e7-f974a7906b98/br/ba/canudos/zona-0102/a294e667a448f78d8586ac36c18f98ff.jpg", "https://vocefiscal-poll-tape-uploads.s3.amazonaws.com/us-east-1%3A711e1b49-7df7-4398-a4e7-f974a7906b98/br/ba/canudos/zona-0102/ed779f8d5777ff8a43304c0a8fc28bc0.jpg", "https://vocefiscal-poll-tape-uploads.s3.amazonaws.com/us-east-1%3A711e1b49-7df7-4398-a4e7-f974a7906b98/br/ba/canudos/zona-0102/dea8eb05d84ef35c6187e171e7cb7cdf.jpg", "https://vocefiscal-poll-tape-uploads.s3.amazonaws.com/us-east-1%3A711e1b49-7df7-4398-a4e7-f974a7906b98/br/ba/canudos/zona-0102/5eebf3ee38d514460928ccd5da82dfde.jpg", "https://vocefiscal-poll-tape-uploads.s3.amazonaws.com/us-east-1%3A711e1b49-7df7-4398-a4e7-f974a7906b98/br/ba/canudos/zona-0102/bedd6ed74ad46fb27aba296a5bf1dc96.jpg", "https://vocefiscal-poll-tape-uploads.s3.amazonaws.com/us-east-1%3A711e1b49-7df7-4398-a4e7-f974a7906b98/br/ba/canudos/zona-0102/328ae6a237e55130ca2497bb6a8ab2dd.jpg", "https://vocefiscal-poll-tape-uploads.s3.amazonaws.com/us-east-1%3A711e1b49-7df7-4398-a4e7-f974a7906b98/br/ba/canudos/zona-0102/10ddad77fe12826faf2098282875d90a.jpg"], "municipio": "CANUDOS"}