{"data": 1412540442451, "estado": "BA", "localDaVotacao": "1015", "zonaEleitoral": "0200", "secaoEleitoral": "0002", "pictureURLList": ["https://vocefiscal-poll-tape-uploads.s3.amazonaws.com/us-east-1%3A7bcf8920-cbc8-47d3-86e9-d3188a25e2a5/br/ba/pojuca/zona-0200/2ba0d8a5b775b9dcd43d3b8ae37db26d.jpg", "https://vocefiscal-poll-tape-uploads.s3.amazonaws.com/us-east-1%3A7bcf8920-cbc8-47d3-86e9-d3188a25e2a5/br/ba/pojuca/zona-0200/e33f9cfcca2e69ab9609a3be7464b44c.jpg", "https://vocefiscal-poll-tape-uploads.s3.amazonaws.com/us-east-1%3A7bcf8920-cbc8-47d3-86e9-d3188a25e2a5/br/ba/pojuca/zona-0200/d34dcd829a30efea293e07cbe7acf7f6.jpg", "https://vocefiscal-poll-tape-uploads.s3.amazonaws.com/us-east-1%3A7bcf8920-cbc8-47d3-86e9-d3188a25e2a5/br/ba/pojuca/zona-0200/4a5748abb706c429bb31e2c71481aa04.jpg", "https://vocefiscal-poll-tape-uploads.s3.amazonaws.com/us-east-1%3A7bcf8920-cbc8-47d3-86e9-d3188a25e2a5/br/ba/pojuca/zona-0200/356e149783557bcd28558fe93a70da76.jpg", "https://vocefiscal-poll-tape-uploads.s3.amazonaws.com/us-east-1%3A7bcf8920-cbc8-47d3-86e9-d3188a25e2a5/br/ba/pojuca/zona-0200/212de9dc8f0014f0573f398a21532d99.jpg", "https://vocefiscal-poll-tape-uploads.s3.amazonaws.com/us-east-1%3A7bcf8920-cbc8-47d3-86e9-d3188a25e2a5/br/ba/pojuca/zona-0200/7f1827a35af10c61215e12d66e0859bb.jpg", "https://vocefiscal-poll-tape-uploads.s3.amazonaws.com/us-east-1%3A7bcf8920-cbc8-47d3-86e9-d3188a25e2a5/br/ba/pojuca/zona-0200/fbaf544d25938061b0ef0fb18acf8fad.jpg", "https://vocefiscal-poll-tape-uploads.s3.amazonaws.com/us-east-1%3A7bcf8920-cbc8-47d3-86e9-d3188a25e2a5/br/ba/pojuca/zona-0200/f0b9aaf525eb0b32df88e89955b22284.jpg", "https://vocefiscal-poll-tape-uploads.s3.amazonaws.com/us-east-1%3A7bcf8920-cbc8-47d3-86e9-d3188a25e2a5/br/ba/pojuca/zona-0200/57f7dcbf7ddc9e65d15b31ff7b46bd84.jpg", "https://vocefiscal-poll-tape-uploads.s3.amazonaws.com/us-east-1%3A7bcf8920-cbc8-47d3-86e9-d3188a25e2a5/br/ba/pojuca/zona-0200/4dcced226fbb1072a5f151337d80f7bf.jpg", "https://vocefiscal-poll-tape-uploads.s3.amazonaws.com/us-east-1%3A7bcf8920-cbc8-47d3-86e9-d3188a25e2a5/br/ba/pojuca/zona-0200/f2f242cb64cb64eba454415f04145220.jpg", "https://vocefiscal-poll-tape-uploads.s3.amazonaws.com/us-east-1%3A7bcf8920-cbc8-47d3-86e9-d3188a25e2a5/br/ba/pojuca/zona-0200/a8db6c8266e0923f6baaf446bf68c91.jpg", "https://vocefiscal-poll-tape-uploads.s3.amazonaws.com/us-east-1%3A7bcf8920-cbc8-47d3-86e9-d3188a25e2a5/br/ba/pojuca/zona-0200/a9c16d959a3154765d7fde4cdee3b07.jpg", "https://vocefiscal-poll-tape-uploads.s3.amazonaws.com/us-east-1%3A7bcf8920-cbc8-47d3-86e9-d3188a25e2a5/br/ba/pojuca/zona-0200/9d15fee30955951f3c1511fe00b160d6.jpg", "https://vocefiscal-poll-tape-uploads.s3.amazonaws.com/us-east-1%3A7bcf8920-cbc8-47d3-86e9-d3188a25e2a5/br/ba/pojuca/zona-0200/6384f8f94a748a06d4fd3359c4150441.jpg", "https://vocefiscal-poll-tape-uploads.s3.amazonaws.com/us-east-1%3A7bcf8920-cbc8-47d3-86e9-d3188a25e2a5/br/ba/pojuca/zona-0200/e1cbbc5731b381ccb3f4f75d4c9333e5.jpg", "https://vocefiscal-poll-tape-uploads.s3.amazonaws.com/us-east-1%3A7bcf8920-cbc8-47d3-86e9-d3188a25e2a5/br/ba/pojuca/zona-0200/6d4732eb74ea38590929160fe01481af.jpg", "https://vocefiscal-poll-tape-uploads.s3.amazonaws.com/us-east-1%3A7bcf8920-cbc8-47d3-86e9-d3188a25e2a5/br/ba/pojuca/zona-0200/21a9a6efd81b772a2dcde6d672deba31.jpg"], "municipio": "POJUCA"}