{"data": 1412541767053, "estado": "BA", "localDaVotacao": "1597", "zonaEleitoral": "0048", "secaoEleitoral": "0161", "pictureURLList": ["https://vocefiscal-poll-tape-uploads.s3.amazonaws.com/us-east-1%3Ad67eabc2-7b59-4982-98db-0418b00d2b75/br/ba/juazeiro/zona-0048/372bd9dfe318b5cbe4d1fbb78ec1b36d.jpg", "https://vocefiscal-poll-tape-uploads.s3.amazonaws.com/us-east-1%3Ad67eabc2-7b59-4982-98db-0418b00d2b75/br/ba/juazeiro/zona-0048/4be1479b518a38441a30a9ce21c6a770.jpg", "https://vocefiscal-poll-tape-uploads.s3.amazonaws.com/us-east-1%3Ad67eabc2-7b59-4982-98db-0418b00d2b75/br/ba/juazeiro/zona-0048/5464ecc61c719468a3d812107918a493.jpg", "https://vocefiscal-poll-tape-uploads.s3.amazonaws.com/us-east-1%3Ad67eabc2-7b59-4982-98db-0418b00d2b75/br/ba/juazeiro/zona-0048/e072f9c69751f09e4df31e77fad0334d.jpg", "https://vocefiscal-poll-tape-uploads.s3.amazonaws.com/us-east-1%3Ad67eabc2-7b59-4982-98db-0418b00d2b75/br/ba/juazeiro/zona-0048/6fe19cc2a86e29321ff218f8d189d7a.jpg", "https://vocefiscal-poll-tape-uploads.s3.amazonaws.com/us-east-1%3Ad67eabc2-7b59-4982-98db-0418b00d2b75/br/ba/juazeiro/zona-0048/4737db29ab7ffc1853cfe620570f3388.jpg", "https://vocefiscal-poll-tape-uploads.s3.amazonaws.com/us-east-1%3Ad67eabc2-7b59-4982-98db-0418b00d2b75/br/ba/juazeiro/zona-0048/37849121982f1a06366e36c7161732af.jpg", "https://vocefiscal-poll-tape-uploads.s3.amazonaws.com/us-east-1%3Ad67eabc2-7b59-4982-98db-0418b00d2b75/br/ba/juazeiro/zona-0048/9342c9a05c3f66bcae02f2371cdd39b9.jpg", "https://vocefiscal-poll-tape-uploads.s3.amazonaws.com/us-east-1%3Ad67eabc2-7b59-4982-98db-0418b00d2b75/br/ba/juazeiro/zona-0048/6de06830980676c41cb23b4669aacb7a.jpg", "https://vocefiscal-poll-tape-uploads.s3.amazonaws.com/us-east-1%3Ad67eabc2-7b59-4982-98db-0418b00d2b75/br/ba/juazeiro/zona-0048/7c03a66b320516483ef26cd20653fb75.jpg", "https://vocefiscal-poll-tape-uploads.s3.amazonaws.com/us-east-1%3Ad67eabc2-7b59-4982-98db-0418b00d2b75/br/ba/juazeiro/zona-0048/7dd6f13633178f9e0ddc96603ed630ad.jpg", "https://vocefiscal-poll-tape-uploads.s3.amazonaws.com/us-east-1%3Ad67eabc2-7b59-4982-98db-0418b00d2b75/br/ba/juazeiro/zona-0048/fada93f7a305fd13517a573fba06e588.jpg", "https://vocefiscal-poll-tape-uploads.s3.amazonaws.com/us-east-1%3Ad67eabc2-7b59-4982-98db-0418b00d2b75/br/ba/juazeiro/zona-0048/af25a93a480d09ba8d2c4cb1c203fb3b.jpg", "https://vocefiscal-poll-tape-uploads.s3.amazonaws.com/us-east-1%3Ad67eabc2-7b59-4982-98db-0418b00d2b75/br/ba/juazeiro/zona-0048/a56f2b4c6806c6570e7adba4818483bc.jpg", "https://vocefiscal-poll-tape-uploads.s3.amazonaws.com/us-east-1%3Ad67eabc2-7b59-4982-98db-0418b00d2b75/br/ba/juazeiro/zona-0048/91f5e73473a1fa09a79d1374835575f2.jpg", "https://vocefiscal-poll-tape-uploads.s3.amazonaws.com/us-east-1%3Ad67eabc2-7b59-4982-98db-0418b00d2b75/br/ba/juazeiro/zona-0048/c98457bc4e4985b18636f29f93cae83.jpg", "https://vocefiscal-poll-tape-uploads.s3.amazonaws.com/us-east-1%3Ad67eabc2-7b59-4982-98db-0418b00d2b75/br/ba/juazeiro/zona-0048/e3e0f8e1bb400418d2bdf3e3c3442706.jpg", "https://vocefiscal-poll-tape-uploads.s3.amazonaws.com/us-east-1%3Ad67eabc2-7b59-4982-98db-0418b00d2b75/br/ba/juazeiro/zona-0048/8fb5ced8c395aa06d881c912b0750cb8.jpg", "https://vocefiscal-poll-tape-uploads.s3.amazonaws.com/us-east-1%3Ad67eabc2-7b59-4982-98db-0418b00d2b75/br/ba/juazeiro/zona-0048/4027ec65f6f250a12c2a6bd94531f1d8.jpg", "https://vocefiscal-poll-tape-uploads.s3.amazonaws.com/us-east-1%3Ad67eabc2-7b59-4982-98db-0418b00d2b75/br/ba/juazeiro/zona-0048/c98457bc4e4985b18636f29f93cae83.jpg", "https://vocefiscal-poll-tape-uploads.s3.amazonaws.com/us-east-1%3Ad67eabc2-7b59-4982-98db-0418b00d2b75/br/ba/juazeiro/zona-0048/379ea9e32ed850ab8a390f5e20add565.jpg", "https://vocefiscal-poll-tape-uploads.s3.amazonaws.com/us-east-1%3Ad67eabc2-7b59-4982-98db-0418b00d2b75/br/ba/juazeiro/zona-0048/8dfabe5af08a5f6be0171217e72ad5be.jpg", "https://vocefiscal-poll-tape-uploads.s3.amazonaws.com/us-east-1%3Ad67eabc2-7b59-4982-98db-0418b00d2b75/br/ba/juazeiro/zona-0048/7bbe28d10f17595f93786f5bb6f25ace.jpg", "https://vocefiscal-poll-tape-uploads.s3.amazonaws.com/us-east-1%3Ad67eabc2-7b59-4982-98db-0418b00d2b75/br/ba/juazeiro/zona-0048/e3e0f8e1bb400418d2bdf3e3c3442706.jpg", "https://vocefiscal-poll-tape-uploads.s3.amazonaws.com/us-east-1%3Ad67eabc2-7b59-4982-98db-0418b00d2b75/br/ba/juazeiro/zona-0048/4aeee15c9ff8d03c11cfad66450018ef.jpg", "https://vocefiscal-poll-tape-uploads.s3.amazonaws.com/us-east-1%3Ad67eabc2-7b59-4982-98db-0418b00d2b75/br/ba/juazeiro/zona-0048/d59c7087dd1a08dbf8dab539682974d2.jpg", "https://vocefiscal-poll-tape-uploads.s3.amazonaws.com/us-east-1%3Ad67eabc2-7b59-4982-98db-0418b00d2b75/br/ba/juazeiro/zona-0048/ec4821e0997b8991c2d88072cf73776a.jpg"], "municipio": "JUAZEIRO"}