{"data": 1412544922497, "estado": "BA", "localDaVotacao": "1449", "zonaEleitoral": "0023", "secaoEleitoral": "0099", "pictureURLList": ["https://vocefiscal-poll-tape-uploads.s3.amazonaws.com/us-east-1%3Ac2917a8f-a948-4010-9bf2-04fa95d0611f/br/ba/jequie/zona-0023/abbe9a02da6fbafac7d5cc37d851da9d.jpg", "https://vocefiscal-poll-tape-uploads.s3.amazonaws.com/us-east-1%3Ac2917a8f-a948-4010-9bf2-04fa95d0611f/br/ba/jequie/zona-0023/b03763c1bed1c1d58a91bd41f0a577fd.jpg", "https://vocefiscal-poll-tape-uploads.s3.amazonaws.com/us-east-1%3Ac2917a8f-a948-4010-9bf2-04fa95d0611f/br/ba/jequie/zona-0023/e1c752f04d9dc80b0ca0a5fe92f8c6be.jpg", "https://vocefiscal-poll-tape-uploads.s3.amazonaws.com/us-east-1%3Ac2917a8f-a948-4010-9bf2-04fa95d0611f/br/ba/jequie/zona-0023/45a9764dca488f5251a3891efc6da426.jpg", "https://vocefiscal-poll-tape-uploads.s3.amazonaws.com/us-east-1%3Ac2917a8f-a948-4010-9bf2-04fa95d0611f/br/ba/jequie/zona-0023/b187b1e5cb6205990e5089743e63d1a6.jpg", "https://vocefiscal-poll-tape-uploads.s3.amazonaws.com/us-east-1%3Ac2917a8f-a948-4010-9bf2-04fa95d0611f/br/ba/jequie/zona-0023/bb00b30fed150cace59cc7977abee7ea.jpg", "https://vocefiscal-poll-tape-uploads.s3.amazonaws.com/us-east-1%3Ac2917a8f-a948-4010-9bf2-04fa95d0611f/br/ba/jequie/zona-0023/53aebff94d3e37d009a5485bdceeeeb4.jpg", "https://vocefiscal-poll-tape-uploads.s3.amazonaws.com/us-east-1%3Ac2917a8f-a948-4010-9bf2-04fa95d0611f/br/ba/jequie/zona-0023/884d03b6f7a742ac8f65f4d1dcbab03d.jpg", "https://vocefiscal-poll-tape-uploads.s3.amazonaws.com/us-east-1%3Ac2917a8f-a948-4010-9bf2-04fa95d0611f/br/ba/jequie/zona-0023/171cdfde0f9dcc93aa1e36197aa0197b.jpg", "https://vocefiscal-poll-tape-uploads.s3.amazonaws.com/us-east-1%3Ac2917a8f-a948-4010-9bf2-04fa95d0611f/br/ba/jequie/zona-0023/c7e2bc50e0e7af17e2d494cbebd5f7ab.jpg", "https://vocefiscal-poll-tape-uploads.s3.amazonaws.com/us-east-1%3Ac2917a8f-a948-4010-9bf2-04fa95d0611f/br/ba/jequie/zona-0023/ca4da778815655d30b5337ce2ee78008.jpg", "https://vocefiscal-poll-tape-uploads.s3.amazonaws.com/us-east-1%3Ac2917a8f-a948-4010-9bf2-04fa95d0611f/br/ba/jequie/zona-0023/a0d16e00aa8dce23d240ea83a1d7d535.jpg", "https://vocefiscal-poll-tape-uploads.s3.amazonaws.com/us-east-1%3Ac2917a8f-a948-4010-9bf2-04fa95d0611f/br/ba/jequie/zona-0023/581fc1a5f061d9702e5168643a2b1494.jpg", "https://vocefiscal-poll-tape-uploads.s3.amazonaws.com/us-east-1%3Ac2917a8f-a948-4010-9bf2-04fa95d0611f/br/ba/jequie/zona-0023/bf80e2e553246099d7bae6361ded098f.jpg", "https://vocefiscal-poll-tape-uploads.s3.amazonaws.com/us-east-1%3Ac2917a8f-a948-4010-9bf2-04fa95d0611f/br/ba/jequie/zona-0023/78a5798f8ed05a9e35958f28718c324f.jpg", "https://vocefiscal-poll-tape-uploads.s3.amazonaws.com/us-east-1%3Ac2917a8f-a948-4010-9bf2-04fa95d0611f/br/ba/jequie/zona-0023/f268f25111c8ee28d3b096d892aa96db.jpg", "https://vocefiscal-poll-tape-uploads.s3.amazonaws.com/us-east-1%3Ac2917a8f-a948-4010-9bf2-04fa95d0611f/br/ba/jequie/zona-0023/9927185bcfac778d1b700e33ceb202e1.jpg", "https://vocefiscal-poll-tape-uploads.s3.amazonaws.com/us-east-1%3Ac2917a8f-a948-4010-9bf2-04fa95d0611f/br/ba/jequie/zona-0023/c67de8bd5b860f7e679dfdfbd4bdafff.jpg", "https://vocefiscal-poll-tape-uploads.s3.amazonaws.com/us-east-1%3Ac2917a8f-a948-4010-9bf2-04fa95d0611f/br/ba/jequie/zona-0023/2b455851ffdcdb9dc8bb7ead5570901b.jpg", "https://vocefiscal-poll-tape-uploads.s3.amazonaws.com/us-east-1%3Ac2917a8f-a948-4010-9bf2-04fa95d0611f/br/ba/jequie/zona-0023/168ee63db300dee25c37156b5207c60c.jpg", "https://vocefiscal-poll-tape-uploads.s3.amazonaws.com/us-east-1%3Ac2917a8f-a948-4010-9bf2-04fa95d0611f/br/ba/jequie/zona-0023/ac1ce74f98c15f28f7e44773ae05fb75.jpg", "https://vocefiscal-poll-tape-uploads.s3.amazonaws.com/us-east-1%3Ac2917a8f-a948-4010-9bf2-04fa95d0611f/br/ba/jequie/zona-0023/842a0fccbe11ec3b78e5469d0c343ff8.jpg"], "municipio": "JEQUI\u00c9"}