{"data": 1412541740231, "estado": "BA", "secaoEleitoral": "0039", "zonaEleitoral": "0129", "pictureURLList": ["https://vocefiscal-poll-tape-uploads.s3.amazonaws.com/us-east-1%3Ac797ab58-5500-408f-bf4d-dd82ec95b66a/br/ba/catu/zona-0129/d4bdbce625294ac897d2f57f288c335a.jpg", "https://vocefiscal-poll-tape-uploads.s3.amazonaws.com/us-east-1%3Ac797ab58-5500-408f-bf4d-dd82ec95b66a/br/ba/catu/zona-0129/975bad5b8498919de7a93a427cb78e77.jpg", "https://vocefiscal-poll-tape-uploads.s3.amazonaws.com/us-east-1%3Ac797ab58-5500-408f-bf4d-dd82ec95b66a/br/ba/catu/zona-0129/ff869087d61caeef14ec9282242fb036.jpg", "https://vocefiscal-poll-tape-uploads.s3.amazonaws.com/us-east-1%3Ac797ab58-5500-408f-bf4d-dd82ec95b66a/br/ba/catu/zona-0129/ddd83c8ac73f05276b0707113d9bd8ca.jpg", "https://vocefiscal-poll-tape-uploads.s3.amazonaws.com/us-east-1%3Ac797ab58-5500-408f-bf4d-dd82ec95b66a/br/ba/catu/zona-0129/ef8247d0ebedd4cd89d2bf2c4f6e2155.jpg", "https://vocefiscal-poll-tape-uploads.s3.amazonaws.com/us-east-1%3Ac797ab58-5500-408f-bf4d-dd82ec95b66a/br/ba/catu/zona-0129/556b20a3af6f763c96b43320ed1912a5.jpg", "https://vocefiscal-poll-tape-uploads.s3.amazonaws.com/us-east-1%3Ac797ab58-5500-408f-bf4d-dd82ec95b66a/br/ba/catu/zona-0129/215884dbbac49af4ea47f9fa139851fa.jpg", "https://vocefiscal-poll-tape-uploads.s3.amazonaws.com/us-east-1%3Ac797ab58-5500-408f-bf4d-dd82ec95b66a/br/ba/catu/zona-0129/ced271dce3b01c9f0e1a8d4ff560dbf8.jpg", "https://vocefiscal-poll-tape-uploads.s3.amazonaws.com/us-east-1%3Ac797ab58-5500-408f-bf4d-dd82ec95b66a/br/ba/catu/zona-0129/85bb6bd448210ddf56632c9a88b6b0dc.jpg", "https://vocefiscal-poll-tape-uploads.s3.amazonaws.com/us-east-1%3Ac797ab58-5500-408f-bf4d-dd82ec95b66a/br/ba/catu/zona-0129/a6b73efa955f8ed17be14257222db6c0.jpg", "https://vocefiscal-poll-tape-uploads.s3.amazonaws.com/us-east-1%3Ac797ab58-5500-408f-bf4d-dd82ec95b66a/br/ba/catu/zona-0129/b15da23e47fff3454f14f2915deb98bc.jpg", "https://vocefiscal-poll-tape-uploads.s3.amazonaws.com/us-east-1%3Ac797ab58-5500-408f-bf4d-dd82ec95b66a/br/ba/catu/zona-0129/c3655cd7cb6bf25795b30cce711e8092.jpg", "https://vocefiscal-poll-tape-uploads.s3.amazonaws.com/us-east-1%3Ac797ab58-5500-408f-bf4d-dd82ec95b66a/br/ba/catu/zona-0129/6295063bb5d0c6e6ca256392176f33ed.jpg", "https://vocefiscal-poll-tape-uploads.s3.amazonaws.com/us-east-1%3Ac797ab58-5500-408f-bf4d-dd82ec95b66a/br/ba/catu/zona-0129/3bf4ba15250bf622f8b14ad7b45ff6a1.jpg", "https://vocefiscal-poll-tape-uploads.s3.amazonaws.com/us-east-1%3Ac797ab58-5500-408f-bf4d-dd82ec95b66a/br/ba/catu/zona-0129/da16f1cd89f21c8854e11ac0a613583a.jpg"], "municipio": "CATU"}