{"data": 1412540093176, "estado": "BA", "secaoEleitoral": "0016", "zonaEleitoral": "0002", "pictureURLList": ["https://vocefiscal-poll-tape-uploads.s3.amazonaws.com/us-east-1%3A0bd40301-15a8-4542-b550-4386b98f1c32/br/ba/salvador/zona-0017/8d701f2655623ce35f907570b616e580.jpg", "https://vocefiscal-poll-tape-uploads.s3.amazonaws.com/us-east-1%3A0bd40301-15a8-4542-b550-4386b98f1c32/br/ba/salvador/zona-0017/efadbd420fe05d7f4ddbd4a0dccc1d38.jpg", "https://vocefiscal-poll-tape-uploads.s3.amazonaws.com/us-east-1%3A0bd40301-15a8-4542-b550-4386b98f1c32/br/ba/salvador/zona-0017/673cfbabe61cf90143ba45f0c64ea984.jpg", "https://vocefiscal-poll-tape-uploads.s3.amazonaws.com/us-east-1%3A0bd40301-15a8-4542-b550-4386b98f1c32/br/ba/salvador/zona-0017/48fc4ea93bc0f53ea8640ca7e40e7504.jpg", "https://vocefiscal-poll-tape-uploads.s3.amazonaws.com/us-east-1%3A0bd40301-15a8-4542-b550-4386b98f1c32/br/ba/salvador/zona-0017/41096461c2cbfb2875afca1e44331c28.jpg", "https://vocefiscal-poll-tape-uploads.s3.amazonaws.com/us-east-1%3A0bd40301-15a8-4542-b550-4386b98f1c32/br/ba/salvador/zona-0017/d4d61cc73a3be5de637b233a256b983a.jpg", "https://vocefiscal-poll-tape-uploads.s3.amazonaws.com/us-east-1%3A0bd40301-15a8-4542-b550-4386b98f1c32/br/ba/salvador/zona-0017/c9a1504cc57f71f25156bf49176b686b.jpg", "https://vocefiscal-poll-tape-uploads.s3.amazonaws.com/us-east-1%3A0bd40301-15a8-4542-b550-4386b98f1c32/br/ba/salvador/zona-0017/32148ed1eba03ec40fecb2fcfee729f4.jpg", "https://vocefiscal-poll-tape-uploads.s3.amazonaws.com/us-east-1%3A0bd40301-15a8-4542-b550-4386b98f1c32/br/ba/salvador/zona-0017/602ba2f1beddbaf9d737015095911c82.jpg", "https://vocefiscal-poll-tape-uploads.s3.amazonaws.com/us-east-1%3A0bd40301-15a8-4542-b550-4386b98f1c32/br/ba/salvador/zona-0017/5e870f969d069047458d89c4187bca1b.jpg", "https://vocefiscal-poll-tape-uploads.s3.amazonaws.com/us-east-1%3A0bd40301-15a8-4542-b550-4386b98f1c32/br/ba/salvador/zona-0017/9aac8d4545e5dff164d8ea3202e2ca0.jpg", "https://vocefiscal-poll-tape-uploads.s3.amazonaws.com/us-east-1%3A0bd40301-15a8-4542-b550-4386b98f1c32/br/ba/salvador/zona-0017/f1d1272beef6d12651081454e5fc0afc.jpg", "https://vocefiscal-poll-tape-uploads.s3.amazonaws.com/us-east-1%3A0bd40301-15a8-4542-b550-4386b98f1c32/br/ba/salvador/zona-0017/5795e60ce610853da1c7ad37bb42a6a8.jpg", "https://vocefiscal-poll-tape-uploads.s3.amazonaws.com/us-east-1%3A0bd40301-15a8-4542-b550-4386b98f1c32/br/ba/salvador/zona-0017/3a2c65a926bdc8f9326588721be6c473.jpg", "https://vocefiscal-poll-tape-uploads.s3.amazonaws.com/us-east-1%3A0bd40301-15a8-4542-b550-4386b98f1c32/br/ba/salvador/zona-0017/c106d965daaf42fd5bf2be4495747207.jpg", "https://vocefiscal-poll-tape-uploads.s3.amazonaws.com/us-east-1%3A0bd40301-15a8-4542-b550-4386b98f1c32/br/ba/salvador/zona-0017/87e616782c939816b005f7b9dd8b2539.jpg", "https://vocefiscal-poll-tape-uploads.s3.amazonaws.com/us-east-1%3A0bd40301-15a8-4542-b550-4386b98f1c32/br/ba/salvador/zona-0017/1a462db7bded2a9988bf22b6cc6fd7b.jpg", "https://vocefiscal-poll-tape-uploads.s3.amazonaws.com/us-east-1%3A0bd40301-15a8-4542-b550-4386b98f1c32/br/ba/salvador/zona-0017/e853522ba30dd6b83e777cd695fd461c.jpg", "https://vocefiscal-poll-tape-uploads.s3.amazonaws.com/us-east-1%3A0bd40301-15a8-4542-b550-4386b98f1c32/br/ba/salvador/zona-0017/96df4e5bc3e311beb52897255e400dbd.jpg", "https://vocefiscal-poll-tape-uploads.s3.amazonaws.com/us-east-1%3A0bd40301-15a8-4542-b550-4386b98f1c32/br/ba/salvador/zona-0017/e867fbaebd83b862364366d082bf1ee3.jpg", "https://vocefiscal-poll-tape-uploads.s3.amazonaws.com/us-east-1%3A0bd40301-15a8-4542-b550-4386b98f1c32/br/ba/salvador/zona-0017/f44c911ba108d0a8046f70c809521920.jpg", "https://vocefiscal-poll-tape-uploads.s3.amazonaws.com/us-east-1%3A0bd40301-15a8-4542-b550-4386b98f1c32/br/ba/salvador/zona-0017/1efdc0d6983b8252a9f499ff67d06fa3.jpg", "https://vocefiscal-poll-tape-uploads.s3.amazonaws.com/us-east-1%3A0bd40301-15a8-4542-b550-4386b98f1c32/br/ba/salvador/zona-0017/52fa448caaca2f79c9993e63b1d4670b.jpg", "https://vocefiscal-poll-tape-uploads.s3.amazonaws.com/us-east-1%3A0bd40301-15a8-4542-b550-4386b98f1c32/br/ba/salvador/zona-0017/1d5dd83222f773edcb6c4013dff18b2e.jpg", "https://vocefiscal-poll-tape-uploads.s3.amazonaws.com/us-east-1%3A0bd40301-15a8-4542-b550-4386b98f1c32/br/ba/salvador/zona-0017/870fb94d8e18fba1c80d2bcef0f49666.jpg", "https://vocefiscal-poll-tape-uploads.s3.amazonaws.com/us-east-1%3A0bd40301-15a8-4542-b550-4386b98f1c32/br/ba/salvador/zona-0017/9a072db6502a7ffd1e2c39cffcfaf055.jpg", "https://vocefiscal-poll-tape-uploads.s3.amazonaws.com/us-east-1%3A0bd40301-15a8-4542-b550-4386b98f1c32/br/ba/salvador/zona-0017/ffd2fa3ca441d7469255d5c03e0bac6a.jpg", "https://vocefiscal-poll-tape-uploads.s3.amazonaws.com/us-east-1%3A0bd40301-15a8-4542-b550-4386b98f1c32/br/ba/salvador/zona-0017/be5ff8ce1b2ab766110a75b48da6a123.jpg"], "municipio": "SALVADOR"}