{"data": 1412539985257, "estado": "BA", "localDaVotacao": "1066", "zonaEleitoral": "0013", "secaoEleitoral": "0041", "pictureURLList": ["https://vocefiscal-poll-tape-uploads.s3.amazonaws.com/us-east-1%3A0cbd1f07-3098-4cf9-ba35-6587d958b3e5/br/ba/salvador/zona-0013/139064d6a429adc635413cd548da6693.jpg", "https://vocefiscal-poll-tape-uploads.s3.amazonaws.com/us-east-1%3A0cbd1f07-3098-4cf9-ba35-6587d958b3e5/br/ba/salvador/zona-0013/d69461e1fb82b4b11bcfa38732ecdf0a.jpg", "https://vocefiscal-poll-tape-uploads.s3.amazonaws.com/us-east-1%3A0cbd1f07-3098-4cf9-ba35-6587d958b3e5/br/ba/salvador/zona-0013/66ce07ea31204d6dbbecef5d00e137e6.jpg", "https://vocefiscal-poll-tape-uploads.s3.amazonaws.com/us-east-1%3A0cbd1f07-3098-4cf9-ba35-6587d958b3e5/br/ba/salvador/zona-0013/23d15cb8a327a125bd41274a4393efa8.jpg", "https://vocefiscal-poll-tape-uploads.s3.amazonaws.com/us-east-1%3A0cbd1f07-3098-4cf9-ba35-6587d958b3e5/br/ba/salvador/zona-0013/40fdab1b20a52a030263b0ca92571b74.jpg", "https://vocefiscal-poll-tape-uploads.s3.amazonaws.com/us-east-1%3A0cbd1f07-3098-4cf9-ba35-6587d958b3e5/br/ba/salvador/zona-0013/1667fee6ed334b5d5ef8db3bf7e1e2b4.jpg", "https://vocefiscal-poll-tape-uploads.s3.amazonaws.com/us-east-1%3A0cbd1f07-3098-4cf9-ba35-6587d958b3e5/br/ba/salvador/zona-0013/9539ba397183aa94c8a094dc79025eb5.jpg", "https://vocefiscal-poll-tape-uploads.s3.amazonaws.com/us-east-1%3A0cbd1f07-3098-4cf9-ba35-6587d958b3e5/br/ba/salvador/zona-0013/f9d1a9341149aec647e6f22d75efe013.jpg", "https://vocefiscal-poll-tape-uploads.s3.amazonaws.com/us-east-1%3A0cbd1f07-3098-4cf9-ba35-6587d958b3e5/br/ba/salvador/zona-0013/de57021a3ef74ac763e60ec0bbcaeaef.jpg", "https://vocefiscal-poll-tape-uploads.s3.amazonaws.com/us-east-1%3A0cbd1f07-3098-4cf9-ba35-6587d958b3e5/br/ba/salvador/zona-0013/3571b703cbec9c133e4fca38f9c1bdf7.jpg", "https://vocefiscal-poll-tape-uploads.s3.amazonaws.com/us-east-1%3A0cbd1f07-3098-4cf9-ba35-6587d958b3e5/br/ba/salvador/zona-0013/d67049bb22390c35617b191abae0fdde.jpg", "https://vocefiscal-poll-tape-uploads.s3.amazonaws.com/us-east-1%3A0cbd1f07-3098-4cf9-ba35-6587d958b3e5/br/ba/salvador/zona-0013/6109ef6381bf9513772bd6de68b593e5.jpg", "https://vocefiscal-poll-tape-uploads.s3.amazonaws.com/us-east-1%3A0cbd1f07-3098-4cf9-ba35-6587d958b3e5/br/ba/salvador/zona-0013/ee9554454487501e09e457c14f003328.jpg", "https://vocefiscal-poll-tape-uploads.s3.amazonaws.com/us-east-1%3A0cbd1f07-3098-4cf9-ba35-6587d958b3e5/br/ba/salvador/zona-0013/1c71d3c2ceaae7899db7bd6a0f547c95.jpg", "https://vocefiscal-poll-tape-uploads.s3.amazonaws.com/us-east-1%3A0cbd1f07-3098-4cf9-ba35-6587d958b3e5/br/ba/salvador/zona-0013/c89ef0e7435f7f5fcf580b3ded0c553c.jpg", "https://vocefiscal-poll-tape-uploads.s3.amazonaws.com/us-east-1%3A0cbd1f07-3098-4cf9-ba35-6587d958b3e5/br/ba/salvador/zona-0013/ba62981c8092a139aaf773b6d4786a.jpg", "https://vocefiscal-poll-tape-uploads.s3.amazonaws.com/us-east-1%3A0cbd1f07-3098-4cf9-ba35-6587d958b3e5/br/ba/salvador/zona-0013/38414326fa379f399ed8dd324ad4878c.jpg", "https://vocefiscal-poll-tape-uploads.s3.amazonaws.com/us-east-1%3A0cbd1f07-3098-4cf9-ba35-6587d958b3e5/br/ba/salvador/zona-0013/62a531885bb51f3b21d061aa9a401034.jpg", "https://vocefiscal-poll-tape-uploads.s3.amazonaws.com/us-east-1%3A0cbd1f07-3098-4cf9-ba35-6587d958b3e5/br/ba/salvador/zona-0013/1f36e1d129a4ef68cbd4d9ce1130f4aa.jpg", "https://vocefiscal-poll-tape-uploads.s3.amazonaws.com/us-east-1%3A0cbd1f07-3098-4cf9-ba35-6587d958b3e5/br/ba/salvador/zona-0013/4954bdc4b12ff999b664c49c81b943c3.jpg", "https://vocefiscal-poll-tape-uploads.s3.amazonaws.com/us-east-1%3A0cbd1f07-3098-4cf9-ba35-6587d958b3e5/br/ba/salvador/zona-0013/d57681d0c248fda0b01352b0d7c513d.jpg", "https://vocefiscal-poll-tape-uploads.s3.amazonaws.com/us-east-1%3A0cbd1f07-3098-4cf9-ba35-6587d958b3e5/br/ba/salvador/zona-0013/4926ea05e5ce3107160f7f64eb9f6f2e.jpg", "https://vocefiscal-poll-tape-uploads.s3.amazonaws.com/us-east-1%3A0cbd1f07-3098-4cf9-ba35-6587d958b3e5/br/ba/salvador/zona-0013/a1effbb4cc1074ff652f85c5bb008a06.jpg", "https://vocefiscal-poll-tape-uploads.s3.amazonaws.com/us-east-1%3A0cbd1f07-3098-4cf9-ba35-6587d958b3e5/br/ba/salvador/zona-0013/604940bbeeb3c2656ca45777c46a8abf.jpg"], "municipio": "SALVADOR"}