{"data": 1412551214097, "estado": "BA", "localDaVotacao": "1074", "zonaEleitoral": "0013", "secaoEleitoral": "0054", "pictureURLList": ["https://vocefiscal-poll-tape-uploads.s3.amazonaws.com/us-east-1%3A6080dd58-f1d3-4cea-9eb7-c893fa137b9e/br/ba/salvador/zona-0013/d9216416422574f280994a8d3641db8b.jpg", "https://vocefiscal-poll-tape-uploads.s3.amazonaws.com/us-east-1%3A6080dd58-f1d3-4cea-9eb7-c893fa137b9e/br/ba/salvador/zona-0013/d256e4532a924132c1a0513b4f4470e9.jpg", "https://vocefiscal-poll-tape-uploads.s3.amazonaws.com/us-east-1%3A6080dd58-f1d3-4cea-9eb7-c893fa137b9e/br/ba/salvador/zona-0013/8c41c452498f5a643bfe949b9348a499.jpg", "https://vocefiscal-poll-tape-uploads.s3.amazonaws.com/us-east-1%3A6080dd58-f1d3-4cea-9eb7-c893fa137b9e/br/ba/salvador/zona-0013/2862d7ad298795e2db3877ae9c7b2648.jpg", "https://vocefiscal-poll-tape-uploads.s3.amazonaws.com/us-east-1%3A6080dd58-f1d3-4cea-9eb7-c893fa137b9e/br/ba/salvador/zona-0013/f3db7975d8e8b3904b3be90fa1818e6a.jpg", "https://vocefiscal-poll-tape-uploads.s3.amazonaws.com/us-east-1%3A6080dd58-f1d3-4cea-9eb7-c893fa137b9e/br/ba/salvador/zona-0013/aa33bcb3f4808a0b889983095f329ebf.jpg", "https://vocefiscal-poll-tape-uploads.s3.amazonaws.com/us-east-1%3A6080dd58-f1d3-4cea-9eb7-c893fa137b9e/br/ba/salvador/zona-0013/19248faab1b1053ce308e461b9cc326b.jpg", "https://vocefiscal-poll-tape-uploads.s3.amazonaws.com/us-east-1%3A6080dd58-f1d3-4cea-9eb7-c893fa137b9e/br/ba/salvador/zona-0013/af9ba526f5133781060c7d905977668.jpg", "https://vocefiscal-poll-tape-uploads.s3.amazonaws.com/us-east-1%3A6080dd58-f1d3-4cea-9eb7-c893fa137b9e/br/ba/salvador/zona-0013/d9b78ec72743d5d735bfbc3fed2e22ef.jpg", "https://vocefiscal-poll-tape-uploads.s3.amazonaws.com/us-east-1%3A6080dd58-f1d3-4cea-9eb7-c893fa137b9e/br/ba/salvador/zona-0013/388c90bae859dee8e8645d0f29d52d3f.jpg", "https://vocefiscal-poll-tape-uploads.s3.amazonaws.com/us-east-1%3A6080dd58-f1d3-4cea-9eb7-c893fa137b9e/br/ba/salvador/zona-0013/6d6ab7d8e9de8ce37426b1193051344.jpg", "https://vocefiscal-poll-tape-uploads.s3.amazonaws.com/us-east-1%3A6080dd58-f1d3-4cea-9eb7-c893fa137b9e/br/ba/salvador/zona-0013/eb73bfeee604de2a550cac9968d7a8b1.jpg", "https://vocefiscal-poll-tape-uploads.s3.amazonaws.com/us-east-1%3A6080dd58-f1d3-4cea-9eb7-c893fa137b9e/br/ba/salvador/zona-0013/fb846855e32890801e40799dce16e767.jpg", "https://vocefiscal-poll-tape-uploads.s3.amazonaws.com/us-east-1%3A6080dd58-f1d3-4cea-9eb7-c893fa137b9e/br/ba/salvador/zona-0013/de7ae94dcfcbbb667486434b92ad6ff1.jpg", "https://vocefiscal-poll-tape-uploads.s3.amazonaws.com/us-east-1%3A6080dd58-f1d3-4cea-9eb7-c893fa137b9e/br/ba/salvador/zona-0013/81c0e7faffac2531b7657d489d583364.jpg", "https://vocefiscal-poll-tape-uploads.s3.amazonaws.com/us-east-1%3A6080dd58-f1d3-4cea-9eb7-c893fa137b9e/br/ba/salvador/zona-0013/eff0933d4704c5a3ddd0de5965479c36.jpg"], "municipio": "SALVADOR"}