{"data": 1412541236496, "pictureURLList": ["https://vocefiscal-poll-tape-uploads.s3.amazonaws.com/us-east-1%3Adaccca2e-3a10-4227-917e-d320a758b5d8/br/ba/salvador/zona-0001/a1f9ff0380d36d74669e36b065bf5fad.jpg", "https://vocefiscal-poll-tape-uploads.s3.amazonaws.com/us-east-1%3Adaccca2e-3a10-4227-917e-d320a758b5d8/br/ba/salvador/zona-0001/7d285811b364bcd3aa2d4e9662b424e8.jpg", "https://vocefiscal-poll-tape-uploads.s3.amazonaws.com/us-east-1%3Adaccca2e-3a10-4227-917e-d320a758b5d8/br/ba/salvador/zona-0001/14293121f64a1443f34ed827d2253019.jpg"], "estado": "BA", "localDaVotacao": "1949", "zonaEleitoral": "0001", "secaoEleitoral": "0230", "municipio": "SALVADOR"}