{"data": 1412542648167, "pictureURLList": ["https://vocefiscal-poll-tape-uploads.s3.amazonaws.com/us-east-1%3A564f9a3f-4efe-40ab-b328-95e032cb4ff2/br/ba/wanderley/zona-0098/108b8550d22361927cffc475188e0784.jpg", "https://vocefiscal-poll-tape-uploads.s3.amazonaws.com/us-east-1%3A564f9a3f-4efe-40ab-b328-95e032cb4ff2/br/ba/wanderley/zona-0098/c8690ee6bff1e49961375b5af450f618.jpg", "https://vocefiscal-poll-tape-uploads.s3.amazonaws.com/us-east-1%3A564f9a3f-4efe-40ab-b328-95e032cb4ff2/br/ba/wanderley/zona-0098/eebd8f865cdcd1c019e81b39cef7d951.jpg", "https://vocefiscal-poll-tape-uploads.s3.amazonaws.com/us-east-1%3A564f9a3f-4efe-40ab-b328-95e032cb4ff2/br/ba/wanderley/zona-0098/4033ef1f7d340d029078bc2a80797b34.jpg", "https://vocefiscal-poll-tape-uploads.s3.amazonaws.com/us-east-1%3A564f9a3f-4efe-40ab-b328-95e032cb4ff2/br/ba/wanderley/zona-0098/e28a85ec06844b2cb302ca170ac9b0c1.jpg", "https://vocefiscal-poll-tape-uploads.s3.amazonaws.com/us-east-1%3A564f9a3f-4efe-40ab-b328-95e032cb4ff2/br/ba/wanderley/zona-0098/7285f0d249508c7bebd7ec422e60b8e3.jpg", "https://vocefiscal-poll-tape-uploads.s3.amazonaws.com/us-east-1%3A564f9a3f-4efe-40ab-b328-95e032cb4ff2/br/ba/wanderley/zona-0098/ec0e277270b6a7ccdb5cae1eecd8edc6.jpg", "https://vocefiscal-poll-tape-uploads.s3.amazonaws.com/us-east-1%3A564f9a3f-4efe-40ab-b328-95e032cb4ff2/br/ba/wanderley/zona-0098/97aec7e40a10a37b29abaab3ce107bad.jpg", "https://vocefiscal-poll-tape-uploads.s3.amazonaws.com/us-east-1%3A564f9a3f-4efe-40ab-b328-95e032cb4ff2/br/ba/wanderley/zona-0098/1acf46494259e7de77b3f44e13e1b10.jpg", "https://vocefiscal-poll-tape-uploads.s3.amazonaws.com/us-east-1%3A564f9a3f-4efe-40ab-b328-95e032cb4ff2/br/ba/wanderley/zona-0098/b3aec31337212b84737f24c8fb427156.jpg", "https://vocefiscal-poll-tape-uploads.s3.amazonaws.com/us-east-1%3A564f9a3f-4efe-40ab-b328-95e032cb4ff2/br/ba/wanderley/zona-0098/23f91c55cb7fb3e840597b4172304fdf.jpg", "https://vocefiscal-poll-tape-uploads.s3.amazonaws.com/us-east-1%3A564f9a3f-4efe-40ab-b328-95e032cb4ff2/br/ba/wanderley/zona-0098/13ccf43ca39c61467a0d54675a279f0c.jpg", "https://vocefiscal-poll-tape-uploads.s3.amazonaws.com/us-east-1%3A564f9a3f-4efe-40ab-b328-95e032cb4ff2/br/ba/wanderley/zona-0098/c0a76838cc7b8196a6645b17ad72a57c.jpg", "https://vocefiscal-poll-tape-uploads.s3.amazonaws.com/us-east-1%3A564f9a3f-4efe-40ab-b328-95e032cb4ff2/br/ba/wanderley/zona-0098/9cb8b556ac3a49dfed6724c7f8688302.jpg", "https://vocefiscal-poll-tape-uploads.s3.amazonaws.com/us-east-1%3A564f9a3f-4efe-40ab-b328-95e032cb4ff2/br/ba/wanderley/zona-0098/6177f78ea2aad178815fa499cad8f54.jpg", "https://vocefiscal-poll-tape-uploads.s3.amazonaws.com/us-east-1%3A564f9a3f-4efe-40ab-b328-95e032cb4ff2/br/ba/wanderley/zona-0098/37c419c88a096ff931334bb988140397.jpg", "https://vocefiscal-poll-tape-uploads.s3.amazonaws.com/us-east-1%3A564f9a3f-4efe-40ab-b328-95e032cb4ff2/br/ba/wanderley/zona-0098/33f1649641069a8a1eeabd4b7d167ad0.jpg", "https://vocefiscal-poll-tape-uploads.s3.amazonaws.com/us-east-1%3A564f9a3f-4efe-40ab-b328-95e032cb4ff2/br/ba/wanderley/zona-0098/1e54f2e6d47869abb75622c7ab12a6b6.jpg", "https://vocefiscal-poll-tape-uploads.s3.amazonaws.com/us-east-1%3A564f9a3f-4efe-40ab-b328-95e032cb4ff2/br/ba/wanderley/zona-0098/25d1311d76215ec40ed345b41b727f00.jpg", "https://vocefiscal-poll-tape-uploads.s3.amazonaws.com/us-east-1%3A564f9a3f-4efe-40ab-b328-95e032cb4ff2/br/ba/wanderley/zona-0098/5aff45e769bbcea28b5882a1d101cf93.jpg", "https://vocefiscal-poll-tape-uploads.s3.amazonaws.com/us-east-1%3A564f9a3f-4efe-40ab-b328-95e032cb4ff2/br/ba/wanderley/zona-0098/3ab43ca062aa3f6f1c8939f6e4ea7c3c.jpg", "https://vocefiscal-poll-tape-uploads.s3.amazonaws.com/us-east-1%3A564f9a3f-4efe-40ab-b328-95e032cb4ff2/br/ba/wanderley/zona-0098/e8ce3bf866d723a548c38e5b7068e70b.jpg", "https://vocefiscal-poll-tape-uploads.s3.amazonaws.com/us-east-1%3A564f9a3f-4efe-40ab-b328-95e032cb4ff2/br/ba/wanderley/zona-0098/c00457875185fc7fb444545fa12b9217.jpg", "https://vocefiscal-poll-tape-uploads.s3.amazonaws.com/us-east-1%3A564f9a3f-4efe-40ab-b328-95e032cb4ff2/br/ba/wanderley/zona-0098/6195816c742da12e541fa4d99f5363ea.jpg", "https://vocefiscal-poll-tape-uploads.s3.amazonaws.com/us-east-1%3A564f9a3f-4efe-40ab-b328-95e032cb4ff2/br/ba/wanderley/zona-0098/be46f0e4940033e7e5d356c0a959eb49.jpg"], "estado": "BA", "localDaVotacao": "1015", "zonaEleitoral": "0098", "secaoEleitoral": "0108", "municipio": "WANDERLEY"}