{"data": 1412541670893, "pictureURLList": ["https://vocefiscal-poll-tape-uploads.s3.amazonaws.com/us-east-1%3A0326956c-0e7b-4afe-928e-8c375793b4b2/br/ba/salvador/zona-3849/bfec26eaecdb014d845aa53ab8f09a0c.jpg", "https://vocefiscal-poll-tape-uploads.s3.amazonaws.com/us-east-1%3A0326956c-0e7b-4afe-928e-8c375793b4b2/br/ba/salvador/zona-3849/254969ac066548aeed690e8c3821246c.jpg", "https://vocefiscal-poll-tape-uploads.s3.amazonaws.com/us-east-1%3A0326956c-0e7b-4afe-928e-8c375793b4b2/br/ba/salvador/zona-3849/e863b32f3a758515bd74233857ce8c8.jpg", "https://vocefiscal-poll-tape-uploads.s3.amazonaws.com/us-east-1%3A0326956c-0e7b-4afe-928e-8c375793b4b2/br/ba/salvador/zona-3849/e75081d2f5c918e3c4f0a7f777185de3.jpg", "https://vocefiscal-poll-tape-uploads.s3.amazonaws.com/us-east-1%3A0326956c-0e7b-4afe-928e-8c375793b4b2/br/ba/salvador/zona-3849/fd709675b930560d4c5208fd368faa93.jpg", "https://vocefiscal-poll-tape-uploads.s3.amazonaws.com/us-east-1%3A0326956c-0e7b-4afe-928e-8c375793b4b2/br/ba/salvador/zona-3849/8c27996a00d71f5f97be415f71afaa6c.jpg", "https://vocefiscal-poll-tape-uploads.s3.amazonaws.com/us-east-1%3A0326956c-0e7b-4afe-928e-8c375793b4b2/br/ba/salvador/zona-3849/de6fc5f2a4d12ac719b8c1393e714aec.jpg", "https://vocefiscal-poll-tape-uploads.s3.amazonaws.com/us-east-1%3A0326956c-0e7b-4afe-928e-8c375793b4b2/br/ba/salvador/zona-3849/7350b282cb02b1827ed308ce938e335a.jpg", "https://vocefiscal-poll-tape-uploads.s3.amazonaws.com/us-east-1%3A0326956c-0e7b-4afe-928e-8c375793b4b2/br/ba/salvador/zona-3849/d49461fa035120cc26f5576153dd6f62.jpg", "https://vocefiscal-poll-tape-uploads.s3.amazonaws.com/us-east-1%3A0326956c-0e7b-4afe-928e-8c375793b4b2/br/ba/salvador/zona-3849/88b313ae1853a50f95d77bc9ab10531.jpg", "https://vocefiscal-poll-tape-uploads.s3.amazonaws.com/us-east-1%3A0326956c-0e7b-4afe-928e-8c375793b4b2/br/ba/salvador/zona-3849/bc34094a47bcf31943e883f6229f0085.jpg", "https://vocefiscal-poll-tape-uploads.s3.amazonaws.com/us-east-1%3A0326956c-0e7b-4afe-928e-8c375793b4b2/br/ba/salvador/zona-3849/f0eef18f35315db969c002299ff8a3fb.jpg", "https://vocefiscal-poll-tape-uploads.s3.amazonaws.com/us-east-1%3A0326956c-0e7b-4afe-928e-8c375793b4b2/br/ba/salvador/zona-3849/c5d0f1ade7d3f523cadb09a2214c4524.jpg", "https://vocefiscal-poll-tape-uploads.s3.amazonaws.com/us-east-1%3A0326956c-0e7b-4afe-928e-8c375793b4b2/br/ba/salvador/zona-3849/5c8d3a1f63eb29691f91bad9b63c8eb8.jpg", "https://vocefiscal-poll-tape-uploads.s3.amazonaws.com/us-east-1%3A0326956c-0e7b-4afe-928e-8c375793b4b2/br/ba/salvador/zona-3849/12c70a0191666072bfbfa496a4095722.jpg", "https://vocefiscal-poll-tape-uploads.s3.amazonaws.com/us-east-1%3A0326956c-0e7b-4afe-928e-8c375793b4b2/br/ba/salvador/zona-3849/c68f6d8b0a87a4dc5f6e7ef823cb1288.jpg", "https://vocefiscal-poll-tape-uploads.s3.amazonaws.com/us-east-1%3A0326956c-0e7b-4afe-928e-8c375793b4b2/br/ba/salvador/zona-3849/457cabf92f63fbb3c457571f3a04f5ea.jpg", "https://vocefiscal-poll-tape-uploads.s3.amazonaws.com/us-east-1%3A0326956c-0e7b-4afe-928e-8c375793b4b2/br/ba/salvador/zona-3849/b694a814995e2ff83b01d64c4d6c0535.jpg", "https://vocefiscal-poll-tape-uploads.s3.amazonaws.com/us-east-1%3A0326956c-0e7b-4afe-928e-8c375793b4b2/br/ba/salvador/zona-3849/7c1c2212fdf70f1f58e42d256c831da5.jpg", "https://vocefiscal-poll-tape-uploads.s3.amazonaws.com/us-east-1%3A0326956c-0e7b-4afe-928e-8c375793b4b2/br/ba/salvador/zona-3849/adc6dafc46da24640f2a022d7ff8f676.jpg", "https://vocefiscal-poll-tape-uploads.s3.amazonaws.com/us-east-1%3A0326956c-0e7b-4afe-928e-8c375793b4b2/br/ba/salvador/zona-3849/4138c8ca3b6291a5ae36fe27d2ba59ca.jpg", "https://vocefiscal-poll-tape-uploads.s3.amazonaws.com/us-east-1%3A0326956c-0e7b-4afe-928e-8c375793b4b2/br/ba/salvador/zona-3849/b0fe63a1d1f078d79dcee9fc47dadd92.jpg", "https://vocefiscal-poll-tape-uploads.s3.amazonaws.com/us-east-1%3A0326956c-0e7b-4afe-928e-8c375793b4b2/br/ba/salvador/zona-3849/5747e236f029e87d7f4da3e5ff055949.jpg", "https://vocefiscal-poll-tape-uploads.s3.amazonaws.com/us-east-1%3A0326956c-0e7b-4afe-928e-8c375793b4b2/br/ba/salvador/zona-3849/77afec9e3a45032dbd96190df1b1a887.jpg", "https://vocefiscal-poll-tape-uploads.s3.amazonaws.com/us-east-1%3A0326956c-0e7b-4afe-928e-8c375793b4b2/br/ba/salvador/zona-3849/abf9771ab9ac98857fc7d7c49135f152.jpg", "https://vocefiscal-poll-tape-uploads.s3.amazonaws.com/us-east-1%3A0326956c-0e7b-4afe-928e-8c375793b4b2/br/ba/salvador/zona-3849/c60f7c4621e068f907130b711e7013a2.jpg", "https://vocefiscal-poll-tape-uploads.s3.amazonaws.com/us-east-1%3A0326956c-0e7b-4afe-928e-8c375793b4b2/br/ba/salvador/zona-3849/3c0d64bfad2ee45e03c6ace59d9c7139.jpg", "https://vocefiscal-poll-tape-uploads.s3.amazonaws.com/us-east-1%3A0326956c-0e7b-4afe-928e-8c375793b4b2/br/ba/salvador/zona-3849/ee743313759303bf3d18be4ed4c8dd35.jpg", "https://vocefiscal-poll-tape-uploads.s3.amazonaws.com/us-east-1%3A0326956c-0e7b-4afe-928e-8c375793b4b2/br/ba/salvador/zona-3849/135e562173535504584ee827e7ac0166.jpg", "https://vocefiscal-poll-tape-uploads.s3.amazonaws.com/us-east-1%3A0326956c-0e7b-4afe-928e-8c375793b4b2/br/ba/salvador/zona-3849/f0028f2ebdb0e25425cd0e4a895e9cc.jpg", "https://vocefiscal-poll-tape-uploads.s3.amazonaws.com/us-east-1%3A0326956c-0e7b-4afe-928e-8c375793b4b2/br/ba/salvador/zona-3849/c8aac66280b998a9717c3f9492d6dd6b.jpg", "https://vocefiscal-poll-tape-uploads.s3.amazonaws.com/us-east-1%3A0326956c-0e7b-4afe-928e-8c375793b4b2/br/ba/salvador/zona-3849/4d2e83706f12a50b08b96d3a48b0c09e.jpg", "https://vocefiscal-poll-tape-uploads.s3.amazonaws.com/us-east-1%3A0326956c-0e7b-4afe-928e-8c375793b4b2/br/ba/salvador/zona-3849/c924de424f644f0b6ffcc8b604f45bd0.jpg", "https://vocefiscal-poll-tape-uploads.s3.amazonaws.com/us-east-1%3A0326956c-0e7b-4afe-928e-8c375793b4b2/br/ba/salvador/zona-3849/8ea76568d0bdf1db4592d6edc922a84.jpg", "https://vocefiscal-poll-tape-uploads.s3.amazonaws.com/us-east-1%3A0326956c-0e7b-4afe-928e-8c375793b4b2/br/ba/salvador/zona-3849/cee946b968bf82e83193a033c6b2ae0.jpg"], "estado": "BA", "localDaVotacao": "0230", "zonaEleitoral": "3849", "secaoEleitoral": "0230", "municipio": "SALVADOR"}