{"data": 1412540374274, "estado": "BA", "secaoEleitoral": "0184", "zonaEleitoral": "0035", "pictureURLList": ["https://vocefiscal-poll-tape-uploads.s3.amazonaws.com/us-east-1%3A00f9d8e5-e751-480d-b1b6-b1351345d1b7/br/ba/mucuri/zona-0035/57519833179552ad7ed48097366c3004.jpg", "https://vocefiscal-poll-tape-uploads.s3.amazonaws.com/us-east-1%3A00f9d8e5-e751-480d-b1b6-b1351345d1b7/br/ba/mucuri/zona-0035/ba05d4680326256c1522daa66a5e5ebc.jpg", "https://vocefiscal-poll-tape-uploads.s3.amazonaws.com/us-east-1%3A00f9d8e5-e751-480d-b1b6-b1351345d1b7/br/ba/mucuri/zona-0035/816b0b5a022dedbacd7577f17f87fa84.jpg", "https://vocefiscal-poll-tape-uploads.s3.amazonaws.com/us-east-1%3A00f9d8e5-e751-480d-b1b6-b1351345d1b7/br/ba/mucuri/zona-0035/3e7a6b537e36dba8fb157d63a35e51e2.jpg", "https://vocefiscal-poll-tape-uploads.s3.amazonaws.com/us-east-1%3A00f9d8e5-e751-480d-b1b6-b1351345d1b7/br/ba/mucuri/zona-0035/3635e8c72b9e7665ebda0c26917fcfe3.jpg", "https://vocefiscal-poll-tape-uploads.s3.amazonaws.com/us-east-1%3A00f9d8e5-e751-480d-b1b6-b1351345d1b7/br/ba/mucuri/zona-0035/d5ed6a0eb569645d966002e98aa4479c.jpg", "https://vocefiscal-poll-tape-uploads.s3.amazonaws.com/us-east-1%3A00f9d8e5-e751-480d-b1b6-b1351345d1b7/br/ba/mucuri/zona-0035/ccf006d876037a56b02cf5c47d9760e9.jpg", "https://vocefiscal-poll-tape-uploads.s3.amazonaws.com/us-east-1%3A00f9d8e5-e751-480d-b1b6-b1351345d1b7/br/ba/mucuri/zona-0035/5584b965bd177918d628ec127134f44.jpg", "https://vocefiscal-poll-tape-uploads.s3.amazonaws.com/us-east-1%3A00f9d8e5-e751-480d-b1b6-b1351345d1b7/br/ba/mucuri/zona-0035/e877bdff09a183000aa180c301fb9b52.jpg", "https://vocefiscal-poll-tape-uploads.s3.amazonaws.com/us-east-1%3A00f9d8e5-e751-480d-b1b6-b1351345d1b7/br/ba/mucuri/zona-0035/e56df1bcc69b9bcbd5d4050bd20d8e04.jpg", "https://vocefiscal-poll-tape-uploads.s3.amazonaws.com/us-east-1%3A00f9d8e5-e751-480d-b1b6-b1351345d1b7/br/ba/mucuri/zona-0035/2a8098cb72192569d7fcf3f4285730d4.jpg", "https://vocefiscal-poll-tape-uploads.s3.amazonaws.com/us-east-1%3A00f9d8e5-e751-480d-b1b6-b1351345d1b7/br/ba/mucuri/zona-0035/18619b51364f3434229b6749a77c8d47.jpg", "https://vocefiscal-poll-tape-uploads.s3.amazonaws.com/us-east-1%3A00f9d8e5-e751-480d-b1b6-b1351345d1b7/br/ba/mucuri/zona-0035/665c6f74b7886e88d068b715d9be7644.jpg", "https://vocefiscal-poll-tape-uploads.s3.amazonaws.com/us-east-1%3A00f9d8e5-e751-480d-b1b6-b1351345d1b7/br/ba/mucuri/zona-0035/65ab1e6504f92a17f8b70af4b58e2613.jpg"], "municipio": "MUCURI"}