{"data": 1412540724143, "estado": "BA", "secaoEleitoral": "0117", "zonaEleitoral": "0155", "pictureURLList": ["https://vocefiscal-poll-tape-uploads.s3.amazonaws.com/us-east-1%3A14084bcd-e603-4b0b-9765-c565830a6d4e/br/ba/feira-de-santana/zona-0155/dbf477ca0bc9b7d3ac11a5da006ce82a.jpg", "https://vocefiscal-poll-tape-uploads.s3.amazonaws.com/us-east-1%3A14084bcd-e603-4b0b-9765-c565830a6d4e/br/ba/feira-de-santana/zona-0155/8ce0bb6b88f6c8b2c8fd1f689087a5a.jpg", "https://vocefiscal-poll-tape-uploads.s3.amazonaws.com/us-east-1%3A14084bcd-e603-4b0b-9765-c565830a6d4e/br/ba/feira-de-santana/zona-0155/2554f5526c4b4088630cdfd0dd9abf91.jpg", "https://vocefiscal-poll-tape-uploads.s3.amazonaws.com/us-east-1%3A14084bcd-e603-4b0b-9765-c565830a6d4e/br/ba/feira-de-santana/zona-0155/e1b771745d920f789e39e6dfcf36fdf.jpg", "https://vocefiscal-poll-tape-uploads.s3.amazonaws.com/us-east-1%3A14084bcd-e603-4b0b-9765-c565830a6d4e/br/ba/feira-de-santana/zona-0155/4045b1178dbd7c0181ceaf26fa1ca4cf.jpg", "https://vocefiscal-poll-tape-uploads.s3.amazonaws.com/us-east-1%3A14084bcd-e603-4b0b-9765-c565830a6d4e/br/ba/feira-de-santana/zona-0155/1a06c661445d170291d8127fab5e2eb1.jpg", "https://vocefiscal-poll-tape-uploads.s3.amazonaws.com/us-east-1%3A14084bcd-e603-4b0b-9765-c565830a6d4e/br/ba/feira-de-santana/zona-0155/e39f771583fe70d9772fc52d752b954c.jpg", "https://vocefiscal-poll-tape-uploads.s3.amazonaws.com/us-east-1%3A14084bcd-e603-4b0b-9765-c565830a6d4e/br/ba/feira-de-santana/zona-0155/f08887415a06bdeec66ca9333698a1bb.jpg", "https://vocefiscal-poll-tape-uploads.s3.amazonaws.com/us-east-1%3A14084bcd-e603-4b0b-9765-c565830a6d4e/br/ba/feira-de-santana/zona-0155/8c05ed706811bc436ba477a4b850d7dc.jpg", "https://vocefiscal-poll-tape-uploads.s3.amazonaws.com/us-east-1%3A14084bcd-e603-4b0b-9765-c565830a6d4e/br/ba/feira-de-santana/zona-0155/601871b8869d40f83442e8ffe566a41e.jpg", "https://vocefiscal-poll-tape-uploads.s3.amazonaws.com/us-east-1%3A14084bcd-e603-4b0b-9765-c565830a6d4e/br/ba/feira-de-santana/zona-0155/148487da492953e54853c25b88de975e.jpg"], "municipio": "FEIRA DE SANTANA"}