{"data": 1412556096997, "pictureURLList": ["https://vocefiscal-poll-tape-uploads.s3.amazonaws.com/us-east-1%3Aabe22b0f-e2c3-4a4f-a305-19de4c8b5733/br/ba/candeias/zona-0127/be5d6e526efa3db481de6f1e59bf4cd7.jpg", "https://vocefiscal-poll-tape-uploads.s3.amazonaws.com/us-east-1%3Aabe22b0f-e2c3-4a4f-a305-19de4c8b5733/br/ba/candeias/zona-0127/8bf943e88b012039a1ec74e756c4f494.jpg", "https://vocefiscal-poll-tape-uploads.s3.amazonaws.com/us-east-1%3Aabe22b0f-e2c3-4a4f-a305-19de4c8b5733/br/ba/candeias/zona-0127/b082bdf5621c4a397f525176036dd032.jpg", "https://vocefiscal-poll-tape-uploads.s3.amazonaws.com/us-east-1%3Aabe22b0f-e2c3-4a4f-a305-19de4c8b5733/br/ba/candeias/zona-0127/494047fce375af39ae6ce67785ea5509.jpg", "https://vocefiscal-poll-tape-uploads.s3.amazonaws.com/us-east-1%3Aabe22b0f-e2c3-4a4f-a305-19de4c8b5733/br/ba/candeias/zona-0127/5212c23ca0bab31bba080f798954b55f.jpg", "https://vocefiscal-poll-tape-uploads.s3.amazonaws.com/us-east-1%3Aabe22b0f-e2c3-4a4f-a305-19de4c8b5733/br/ba/candeias/zona-0127/6b6707637fca500dd94a840a0a4c5bda.jpg", "https://vocefiscal-poll-tape-uploads.s3.amazonaws.com/us-east-1%3Aabe22b0f-e2c3-4a4f-a305-19de4c8b5733/br/ba/candeias/zona-0127/a9229435444263b4a6b53abea0bfd531.jpg", "https://vocefiscal-poll-tape-uploads.s3.amazonaws.com/us-east-1%3Aabe22b0f-e2c3-4a4f-a305-19de4c8b5733/br/ba/candeias/zona-0127/b8407d6e09aaf5e9f516a470a576c40f.jpg", "https://vocefiscal-poll-tape-uploads.s3.amazonaws.com/us-east-1%3Aabe22b0f-e2c3-4a4f-a305-19de4c8b5733/br/ba/candeias/zona-0127/48e0a19d260cf1863f222f82b396b411.jpg", "https://vocefiscal-poll-tape-uploads.s3.amazonaws.com/us-east-1%3Aabe22b0f-e2c3-4a4f-a305-19de4c8b5733/br/ba/candeias/zona-0127/e1654f3fddc338c399baae23027d876d.jpg", "https://vocefiscal-poll-tape-uploads.s3.amazonaws.com/us-east-1%3Aabe22b0f-e2c3-4a4f-a305-19de4c8b5733/br/ba/candeias/zona-0127/cf25e057f92f0a988f3b753bb0399aeb.jpg", "https://vocefiscal-poll-tape-uploads.s3.amazonaws.com/us-east-1%3Aabe22b0f-e2c3-4a4f-a305-19de4c8b5733/br/ba/candeias/zona-0127/b5af2256020bb2e6728addad17d71e9d.jpg", "https://vocefiscal-poll-tape-uploads.s3.amazonaws.com/us-east-1%3Aabe22b0f-e2c3-4a4f-a305-19de4c8b5733/br/ba/candeias/zona-0127/8ce00dbbca75e2a9ab98a7ab77e07101.jpg", "https://vocefiscal-poll-tape-uploads.s3.amazonaws.com/us-east-1%3Aabe22b0f-e2c3-4a4f-a305-19de4c8b5733/br/ba/candeias/zona-0127/e0d7af564f0ff4e764f2f55322234234.jpg", "https://vocefiscal-poll-tape-uploads.s3.amazonaws.com/us-east-1%3Aabe22b0f-e2c3-4a4f-a305-19de4c8b5733/br/ba/candeias/zona-0127/849843822c7d8fd206da93fde93e3878.jpg", "https://vocefiscal-poll-tape-uploads.s3.amazonaws.com/us-east-1%3Aabe22b0f-e2c3-4a4f-a305-19de4c8b5733/br/ba/candeias/zona-0127/664f0901c2d30e42ed8dc0eeafebf17d.jpg", "https://vocefiscal-poll-tape-uploads.s3.amazonaws.com/us-east-1%3Aabe22b0f-e2c3-4a4f-a305-19de4c8b5733/br/ba/candeias/zona-0127/f0060c7916e61af9f1a96decbb61b416.jpg", "https://vocefiscal-poll-tape-uploads.s3.amazonaws.com/us-east-1%3Aabe22b0f-e2c3-4a4f-a305-19de4c8b5733/br/ba/candeias/zona-0127/b19738ad81b32508cc641255773a0484.jpg", "https://vocefiscal-poll-tape-uploads.s3.amazonaws.com/us-east-1%3Aabe22b0f-e2c3-4a4f-a305-19de4c8b5733/br/ba/candeias/zona-0127/b443c862d52a3e78a7a6baf97fabf68e.jpg", "https://vocefiscal-poll-tape-uploads.s3.amazonaws.com/us-east-1%3Aabe22b0f-e2c3-4a4f-a305-19de4c8b5733/br/ba/candeias/zona-0127/70403955371c05cb65a2f64a864428b2.jpg", "https://vocefiscal-poll-tape-uploads.s3.amazonaws.com/us-east-1%3Aabe22b0f-e2c3-4a4f-a305-19de4c8b5733/br/ba/candeias/zona-0127/61654cd935b0dc90bc94b78c3fb212ea.jpg"], "estado": "BA", "localDaVotacao": "1201", "zonaEleitoral": "0127", "secaoEleitoral": "0049", "municipio": "CANDEIAS"}