{"data": 1412543798225, "pictureURLList": ["https://vocefiscal-poll-tape-uploads.s3.amazonaws.com/us-east-1%3A3626ca78-5e8b-49e8-8371-c5c2f6289ca0/br/ba/feira-de-santana/zona-0155/46f3e945d92b8eb17cec1e6e07c1fcdc.jpg", "https://vocefiscal-poll-tape-uploads.s3.amazonaws.com/us-east-1%3A3626ca78-5e8b-49e8-8371-c5c2f6289ca0/br/ba/feira-de-santana/zona-0155/fc81aad2bcca89108c9f5cead571263e.jpg", "https://vocefiscal-poll-tape-uploads.s3.amazonaws.com/us-east-1%3A3626ca78-5e8b-49e8-8371-c5c2f6289ca0/br/ba/feira-de-santana/zona-0155/30239f03f0f349d3136145b5cd323d84.jpg", "https://vocefiscal-poll-tape-uploads.s3.amazonaws.com/us-east-1%3A3626ca78-5e8b-49e8-8371-c5c2f6289ca0/br/ba/feira-de-santana/zona-0155/7c71404949bc3a83aed685c8a26b5421.jpg", "https://vocefiscal-poll-tape-uploads.s3.amazonaws.com/us-east-1%3A3626ca78-5e8b-49e8-8371-c5c2f6289ca0/br/ba/feira-de-santana/zona-0155/e2492db42a7e3c6350be7262669ef8c5.jpg", "https://vocefiscal-poll-tape-uploads.s3.amazonaws.com/us-east-1%3A3626ca78-5e8b-49e8-8371-c5c2f6289ca0/br/ba/feira-de-santana/zona-0155/9989881159ea1a2a719da9afb235d76c.jpg", "https://vocefiscal-poll-tape-uploads.s3.amazonaws.com/us-east-1%3A3626ca78-5e8b-49e8-8371-c5c2f6289ca0/br/ba/feira-de-santana/zona-0155/35f7cdc9e7217bd90cc7ce4d3f309dbc.jpg", "https://vocefiscal-poll-tape-uploads.s3.amazonaws.com/us-east-1%3A3626ca78-5e8b-49e8-8371-c5c2f6289ca0/br/ba/feira-de-santana/zona-0155/e1be07089da4ad3616eb0a10a8a7cf1b.jpg", "https://vocefiscal-poll-tape-uploads.s3.amazonaws.com/us-east-1%3A3626ca78-5e8b-49e8-8371-c5c2f6289ca0/br/ba/feira-de-santana/zona-0155/64e5210be382a6f52162295acac1126b.jpg", "https://vocefiscal-poll-tape-uploads.s3.amazonaws.com/us-east-1%3A3626ca78-5e8b-49e8-8371-c5c2f6289ca0/br/ba/feira-de-santana/zona-0155/7835938f78ad10af15a0e92ccc762edb.jpg", "https://vocefiscal-poll-tape-uploads.s3.amazonaws.com/us-east-1%3A3626ca78-5e8b-49e8-8371-c5c2f6289ca0/br/ba/feira-de-santana/zona-0155/188b5660a0be1a34c78233ecdaf01eff.jpg", "https://vocefiscal-poll-tape-uploads.s3.amazonaws.com/us-east-1%3A3626ca78-5e8b-49e8-8371-c5c2f6289ca0/br/ba/feira-de-santana/zona-0155/9e8d219d951890817d1f93982d3b4a40.jpg", "https://vocefiscal-poll-tape-uploads.s3.amazonaws.com/us-east-1%3A3626ca78-5e8b-49e8-8371-c5c2f6289ca0/br/ba/feira-de-santana/zona-0155/7a95b58389a7eb7ea7ca4aaf993bb429.jpg", "https://vocefiscal-poll-tape-uploads.s3.amazonaws.com/us-east-1%3A3626ca78-5e8b-49e8-8371-c5c2f6289ca0/br/ba/feira-de-santana/zona-0155/643c5e56fecabb8d7b6f7203326431a6.jpg", "https://vocefiscal-poll-tape-uploads.s3.amazonaws.com/us-east-1%3A3626ca78-5e8b-49e8-8371-c5c2f6289ca0/br/ba/feira-de-santana/zona-0155/a8f7c25a45aa8665eb5dd94b09ede674.jpg", "https://vocefiscal-poll-tape-uploads.s3.amazonaws.com/us-east-1%3A3626ca78-5e8b-49e8-8371-c5c2f6289ca0/br/ba/feira-de-santana/zona-0155/7067775014d8feeb09af99a43f33f0b9.jpg", "https://vocefiscal-poll-tape-uploads.s3.amazonaws.com/us-east-1%3A3626ca78-5e8b-49e8-8371-c5c2f6289ca0/br/ba/feira-de-santana/zona-0155/b5618023c63e5163606e3a48ffbea6b2.jpg", "https://vocefiscal-poll-tape-uploads.s3.amazonaws.com/us-east-1%3A3626ca78-5e8b-49e8-8371-c5c2f6289ca0/br/ba/feira-de-santana/zona-0155/952fe0a26d13e24eff592cf9b30113f2.jpg"], "estado": "BA", "localDaVotacao": "1252", "zonaEleitoral": "0155", "secaoEleitoral": "0209", "municipio": "FEIRA DE SANTANA"}