{"data": 1412540609606, "estado": "BA", "secaoEleitoral": "0254", "zonaEleitoral": "0035", "pictureURLList": ["https://vocefiscal-poll-tape-uploads.s3.amazonaws.com/us-east-1%3A00f9d8e5-e751-480d-b1b6-b1351345d1b7/br/ba/mucuri/zona-0035/92a85e31675c99d6b22a3f919d8c00b7.jpg", "https://vocefiscal-poll-tape-uploads.s3.amazonaws.com/us-east-1%3A00f9d8e5-e751-480d-b1b6-b1351345d1b7/br/ba/mucuri/zona-0035/98e804cb4c4fe190b58d915781e1da3.jpg", "https://vocefiscal-poll-tape-uploads.s3.amazonaws.com/us-east-1%3A00f9d8e5-e751-480d-b1b6-b1351345d1b7/br/ba/mucuri/zona-0035/9e941d92576643a8a731dd51934d1e2.jpg", "https://vocefiscal-poll-tape-uploads.s3.amazonaws.com/us-east-1%3A00f9d8e5-e751-480d-b1b6-b1351345d1b7/br/ba/mucuri/zona-0035/641bfbe0b1b4bcf99e12891d60e6d510.jpg", "https://vocefiscal-poll-tape-uploads.s3.amazonaws.com/us-east-1%3A00f9d8e5-e751-480d-b1b6-b1351345d1b7/br/ba/mucuri/zona-0035/5d28fdb6c5be3ca3e8cdf4fac6d73621.jpg", "https://vocefiscal-poll-tape-uploads.s3.amazonaws.com/us-east-1%3A00f9d8e5-e751-480d-b1b6-b1351345d1b7/br/ba/mucuri/zona-0035/b062bd83d84a4c28031d9985b8cce216.jpg", "https://vocefiscal-poll-tape-uploads.s3.amazonaws.com/us-east-1%3A00f9d8e5-e751-480d-b1b6-b1351345d1b7/br/ba/mucuri/zona-0035/2ad7113d29c0713500f684d2418a0094.jpg", "https://vocefiscal-poll-tape-uploads.s3.amazonaws.com/us-east-1%3A00f9d8e5-e751-480d-b1b6-b1351345d1b7/br/ba/mucuri/zona-0035/b318a75cf80336402ae2c713a1d9e73c.jpg", "https://vocefiscal-poll-tape-uploads.s3.amazonaws.com/us-east-1%3A00f9d8e5-e751-480d-b1b6-b1351345d1b7/br/ba/mucuri/zona-0035/6176c9d090c0700c8aed06e8ded0bfad.jpg", "https://vocefiscal-poll-tape-uploads.s3.amazonaws.com/us-east-1%3A00f9d8e5-e751-480d-b1b6-b1351345d1b7/br/ba/mucuri/zona-0035/ff083ce7b249f5d2a946f7494aff51d4.jpg", "https://vocefiscal-poll-tape-uploads.s3.amazonaws.com/us-east-1%3A00f9d8e5-e751-480d-b1b6-b1351345d1b7/br/ba/mucuri/zona-0035/fd6a8e88e57efaf7f570926b065772a3.jpg", "https://vocefiscal-poll-tape-uploads.s3.amazonaws.com/us-east-1%3A00f9d8e5-e751-480d-b1b6-b1351345d1b7/br/ba/mucuri/zona-0035/6e3f31da832b1cb2ea1e0ed2e9b9a13e.jpg", "https://vocefiscal-poll-tape-uploads.s3.amazonaws.com/us-east-1%3A00f9d8e5-e751-480d-b1b6-b1351345d1b7/br/ba/mucuri/zona-0035/90f0a75b63c0b24d65d432bdf5d9cece.jpg", "https://vocefiscal-poll-tape-uploads.s3.amazonaws.com/us-east-1%3A00f9d8e5-e751-480d-b1b6-b1351345d1b7/br/ba/mucuri/zona-0035/6a387485b8c84952cef1076086c9c19f.jpg"], "municipio": "MUCURI"}