{"data": 1412541179476, "estado": "BA", "secaoEleitoral": "0113", "zonaEleitoral": "0170", "pictureURLList": ["https://vocefiscal-poll-tape-uploads.s3.amazonaws.com/us-east-1%3A924f17ed-96d0-41b4-b9c7-3d057ecdd609/br/ba/camacari/zona-0170/cba78d781262cb038d2d67c0058b53a0.jpg", "https://vocefiscal-poll-tape-uploads.s3.amazonaws.com/us-east-1%3A924f17ed-96d0-41b4-b9c7-3d057ecdd609/br/ba/camacari/zona-0170/e0c5a22ba67dc2189c217b8966f4a180.jpg", "https://vocefiscal-poll-tape-uploads.s3.amazonaws.com/us-east-1%3A924f17ed-96d0-41b4-b9c7-3d057ecdd609/br/ba/camacari/zona-0170/2d7ab26caa85053d7a8ffabc0c330c9.jpg", "https://vocefiscal-poll-tape-uploads.s3.amazonaws.com/us-east-1%3A924f17ed-96d0-41b4-b9c7-3d057ecdd609/br/ba/camacari/zona-0170/96dc66abf723f9698b89a21445db2b66.jpg", "https://vocefiscal-poll-tape-uploads.s3.amazonaws.com/us-east-1%3A924f17ed-96d0-41b4-b9c7-3d057ecdd609/br/ba/camacari/zona-0170/5578119d894b1c5f886c293edddb33c3.jpg", "https://vocefiscal-poll-tape-uploads.s3.amazonaws.com/us-east-1%3A924f17ed-96d0-41b4-b9c7-3d057ecdd609/br/ba/camacari/zona-0170/5dda5de209b07d7380435e23521e3559.jpg", "https://vocefiscal-poll-tape-uploads.s3.amazonaws.com/us-east-1%3A924f17ed-96d0-41b4-b9c7-3d057ecdd609/br/ba/camacari/zona-0170/f9ddc1c8c84c7a76b02d64ca70b557d7.jpg", "https://vocefiscal-poll-tape-uploads.s3.amazonaws.com/us-east-1%3A924f17ed-96d0-41b4-b9c7-3d057ecdd609/br/ba/camacari/zona-0170/c16c3c0d91dd91f573f6973c171ca5bc.jpg", "https://vocefiscal-poll-tape-uploads.s3.amazonaws.com/us-east-1%3A924f17ed-96d0-41b4-b9c7-3d057ecdd609/br/ba/camacari/zona-0170/c47c8c3cf0fe57e40c3ade3f5d4868f2.jpg", "https://vocefiscal-poll-tape-uploads.s3.amazonaws.com/us-east-1%3A924f17ed-96d0-41b4-b9c7-3d057ecdd609/br/ba/camacari/zona-0170/6678fb08e80fc811bc6f6ad446c6da4a.jpg", "https://vocefiscal-poll-tape-uploads.s3.amazonaws.com/us-east-1%3A924f17ed-96d0-41b4-b9c7-3d057ecdd609/br/ba/camacari/zona-0170/c28050f00b371bda5188efdea16d9db.jpg", "https://vocefiscal-poll-tape-uploads.s3.amazonaws.com/us-east-1%3A924f17ed-96d0-41b4-b9c7-3d057ecdd609/br/ba/camacari/zona-0170/6443be97b89850e142c73f0fb7c014d9.jpg", "https://vocefiscal-poll-tape-uploads.s3.amazonaws.com/us-east-1%3A924f17ed-96d0-41b4-b9c7-3d057ecdd609/br/ba/camacari/zona-0170/5552910ce0fed0f90990fc78d4ba2e61.jpg", "https://vocefiscal-poll-tape-uploads.s3.amazonaws.com/us-east-1%3A924f17ed-96d0-41b4-b9c7-3d057ecdd609/br/ba/camacari/zona-0170/43c9aa85406e46036f063757dec692b3.jpg", "https://vocefiscal-poll-tape-uploads.s3.amazonaws.com/us-east-1%3A924f17ed-96d0-41b4-b9c7-3d057ecdd609/br/ba/camacari/zona-0170/d55f29d41db29ce8be6366d040ae6de1.jpg", "https://vocefiscal-poll-tape-uploads.s3.amazonaws.com/us-east-1%3A924f17ed-96d0-41b4-b9c7-3d057ecdd609/br/ba/camacari/zona-0170/217700f6134dff02ab537e1a56c144fb.jpg", "https://vocefiscal-poll-tape-uploads.s3.amazonaws.com/us-east-1%3A924f17ed-96d0-41b4-b9c7-3d057ecdd609/br/ba/camacari/zona-0170/60d2e3fa7eebb5c7e80867a95b3bac6a.jpg"], "municipio": "CAMA\u00c7ARI"}