{"data": 1412539687208, "pictureURLList": ["https://vocefiscal-poll-tape-uploads.s3.amazonaws.com/us-east-1%3A012116dd-7925-4d00-8691-91e82a5b10ee/br/ba/casa-nova/zona-0066/8450e6d72b81b4e4b5637c8e047acce1.jpg", "https://vocefiscal-poll-tape-uploads.s3.amazonaws.com/us-east-1%3A012116dd-7925-4d00-8691-91e82a5b10ee/br/ba/casa-nova/zona-0066/19eeca3364331da4feb7c5aa073fb323.jpg", "https://vocefiscal-poll-tape-uploads.s3.amazonaws.com/us-east-1%3A012116dd-7925-4d00-8691-91e82a5b10ee/br/ba/casa-nova/zona-0066/964c5c6d0571fa57d88091072d101fa8.jpg", "https://vocefiscal-poll-tape-uploads.s3.amazonaws.com/us-east-1%3A012116dd-7925-4d00-8691-91e82a5b10ee/br/ba/casa-nova/zona-0066/4d2f758886d7ab7eef462d4e97b07260.jpg", "https://vocefiscal-poll-tape-uploads.s3.amazonaws.com/us-east-1%3A012116dd-7925-4d00-8691-91e82a5b10ee/br/ba/casa-nova/zona-0066/6f6f70c15e812e99701702b8a806887.jpg"], "estado": "BA", "localDaVotacao": "1864", "zonaEleitoral": "0066", "secaoEleitoral": "0202", "municipio": "CASA NOVA"}