{"data": 1412540007768, "estado": "BA", "localDaVotacao": "1449", "zonaEleitoral": "0110", "secaoEleitoral": "0145", "pictureURLList": ["https://vocefiscal-poll-tape-uploads.s3.amazonaws.com/us-east-1%3A98a827e0-b407-4319-82cd-2bfc2fc46372/br/ba/ribeira-do-pombal/zona-0110/6df32fe5b38607bf90ce0b82446e7d8c.jpg", "https://vocefiscal-poll-tape-uploads.s3.amazonaws.com/us-east-1%3A98a827e0-b407-4319-82cd-2bfc2fc46372/br/ba/ribeira-do-pombal/zona-0110/2f91080dfcf6130b591e4813a46988bf.jpg", "https://vocefiscal-poll-tape-uploads.s3.amazonaws.com/us-east-1%3A98a827e0-b407-4319-82cd-2bfc2fc46372/br/ba/ribeira-do-pombal/zona-0110/49f424be7ebc778d4dca333ede38f72a.jpg"], "municipio": "RIBEIRA DO POMBAL"}