{"data": 1412540541623, "estado": "BA", "secaoEleitoral": "0021", "zonaEleitoral": "0119", "pictureURLList": ["https://vocefiscal-poll-tape-uploads.s3.amazonaws.com/us-east-1%3Aa125f1a8-ce6f-481f-9ee3-9f473b641939/br/ba/andarai/zona-0119/b4b6263bb61e7f568add53f4dcc3ff39.jpg", "https://vocefiscal-poll-tape-uploads.s3.amazonaws.com/us-east-1%3Aa125f1a8-ce6f-481f-9ee3-9f473b641939/br/ba/andarai/zona-0119/ab081557ceb66adb484a9c4e93bf952.jpg", "https://vocefiscal-poll-tape-uploads.s3.amazonaws.com/us-east-1%3Aa125f1a8-ce6f-481f-9ee3-9f473b641939/br/ba/andarai/zona-0119/30383778c797691715842033588f4d1f.jpg", "https://vocefiscal-poll-tape-uploads.s3.amazonaws.com/us-east-1%3Aa125f1a8-ce6f-481f-9ee3-9f473b641939/br/ba/andarai/zona-0119/dc8ad9f496683aba9a8cbfe891285e05.jpg", "https://vocefiscal-poll-tape-uploads.s3.amazonaws.com/us-east-1%3Aa125f1a8-ce6f-481f-9ee3-9f473b641939/br/ba/andarai/zona-0119/70325a8aaa85d8af8feb15d137628b10.jpg", "https://vocefiscal-poll-tape-uploads.s3.amazonaws.com/us-east-1%3Aa125f1a8-ce6f-481f-9ee3-9f473b641939/br/ba/andarai/zona-0119/5d4a3b88d2211acd13a62cb017d6a290.jpg", "https://vocefiscal-poll-tape-uploads.s3.amazonaws.com/us-east-1%3Aa125f1a8-ce6f-481f-9ee3-9f473b641939/br/ba/andarai/zona-0119/c1ed44465adb90205b213a135e93ac8f.jpg", "https://vocefiscal-poll-tape-uploads.s3.amazonaws.com/us-east-1%3Aa125f1a8-ce6f-481f-9ee3-9f473b641939/br/ba/andarai/zona-0119/fb150506a4f4ae1a2ed115a7b9546b04.jpg", "https://vocefiscal-poll-tape-uploads.s3.amazonaws.com/us-east-1%3Aa125f1a8-ce6f-481f-9ee3-9f473b641939/br/ba/andarai/zona-0119/e58b17cdcead9a575a5d9204f3baf45b.jpg", "https://vocefiscal-poll-tape-uploads.s3.amazonaws.com/us-east-1%3Aa125f1a8-ce6f-481f-9ee3-9f473b641939/br/ba/andarai/zona-0119/579c571d83a717fe5bef16cf6b823af2.jpg", "https://vocefiscal-poll-tape-uploads.s3.amazonaws.com/us-east-1%3Aa125f1a8-ce6f-481f-9ee3-9f473b641939/br/ba/andarai/zona-0119/ddcb62ac66323b5f04447882599d2412.jpg", "https://vocefiscal-poll-tape-uploads.s3.amazonaws.com/us-east-1%3Aa125f1a8-ce6f-481f-9ee3-9f473b641939/br/ba/andarai/zona-0119/2c46fbf258a0fe759a023f9c0673e877.jpg"], "municipio": "ANDARA\u00cd"}