{"data": 1412545055025, "estado": "BA", "localDaVotacao": "1449", "zonaEleitoral": "0023", "secaoEleitoral": "0100", "pictureURLList": ["https://vocefiscal-poll-tape-uploads.s3.amazonaws.com/us-east-1%3Ac2917a8f-a948-4010-9bf2-04fa95d0611f/br/ba/jequie/zona-0023/b5523598bee69561aac4d048d430b372.jpg", "https://vocefiscal-poll-tape-uploads.s3.amazonaws.com/us-east-1%3Ac2917a8f-a948-4010-9bf2-04fa95d0611f/br/ba/jequie/zona-0023/5f37b63aba37e48aaa3d78a50d9605e0.jpg", "https://vocefiscal-poll-tape-uploads.s3.amazonaws.com/us-east-1%3Ac2917a8f-a948-4010-9bf2-04fa95d0611f/br/ba/jequie/zona-0023/c5f8dd9d155ed38a0b0c343823806748.jpg", "https://vocefiscal-poll-tape-uploads.s3.amazonaws.com/us-east-1%3Ac2917a8f-a948-4010-9bf2-04fa95d0611f/br/ba/jequie/zona-0023/735b483071f0fb36a8eb3623a2b33c6a.jpg"], "municipio": "JEQUI\u00c9"}