{"data": 1412540829936, "estado": "BA", "localDaVotacao": "1511", "zonaEleitoral": "0041", "secaoEleitoral": "0206", "pictureURLList": ["https://vocefiscal-poll-tape-uploads.s3.amazonaws.com/us-east-1%3Ac867bfb9-0e98-4303-bdbe-08a68759c029/br/ba/vitoria-da-conquista/zona-0041/e28ee75a5b462d72419c5a8b3c5d7479.jpg", "https://vocefiscal-poll-tape-uploads.s3.amazonaws.com/us-east-1%3Ac867bfb9-0e98-4303-bdbe-08a68759c029/br/ba/vitoria-da-conquista/zona-0041/e28ee75a5b462d72419c5a8b3c5d7479.jpg", "https://vocefiscal-poll-tape-uploads.s3.amazonaws.com/us-east-1%3Ac867bfb9-0e98-4303-bdbe-08a68759c029/br/ba/vitoria-da-conquista/zona-0041/eec9b11d61bfcc1313773f68d1f27753.jpg", "https://vocefiscal-poll-tape-uploads.s3.amazonaws.com/us-east-1%3Ac867bfb9-0e98-4303-bdbe-08a68759c029/br/ba/vitoria-da-conquista/zona-0041/dc7a0f483e5a871d6da649a107178e55.jpg", "https://vocefiscal-poll-tape-uploads.s3.amazonaws.com/us-east-1%3Ac867bfb9-0e98-4303-bdbe-08a68759c029/br/ba/vitoria-da-conquista/zona-0041/4382ab904f0987d24ffa805221d31f5.jpg", "https://vocefiscal-poll-tape-uploads.s3.amazonaws.com/us-east-1%3Ac867bfb9-0e98-4303-bdbe-08a68759c029/br/ba/vitoria-da-conquista/zona-0041/3d9a99be3e87ea0876a9385dbb4d7160.jpg", "https://vocefiscal-poll-tape-uploads.s3.amazonaws.com/us-east-1%3Ac867bfb9-0e98-4303-bdbe-08a68759c029/br/ba/vitoria-da-conquista/zona-0041/2667cb182e4d9924230dfca5f02ede0.jpg", "https://vocefiscal-poll-tape-uploads.s3.amazonaws.com/us-east-1%3Ac867bfb9-0e98-4303-bdbe-08a68759c029/br/ba/vitoria-da-conquista/zona-0041/fe17427dc5fad0bb829f6d9ac64177fa.jpg", "https://vocefiscal-poll-tape-uploads.s3.amazonaws.com/us-east-1%3Ac867bfb9-0e98-4303-bdbe-08a68759c029/br/ba/vitoria-da-conquista/zona-0041/f903b91df793ba9ebd27cfe3071d81bb.jpg", "https://vocefiscal-poll-tape-uploads.s3.amazonaws.com/us-east-1%3Ac867bfb9-0e98-4303-bdbe-08a68759c029/br/ba/vitoria-da-conquista/zona-0041/2f6f282e3c3eb8ac9d05fbafae08983a.jpg", "https://vocefiscal-poll-tape-uploads.s3.amazonaws.com/us-east-1%3Ac867bfb9-0e98-4303-bdbe-08a68759c029/br/ba/vitoria-da-conquista/zona-0041/15d53e1bfb46eafee9de274add7a2124.jpg", "https://vocefiscal-poll-tape-uploads.s3.amazonaws.com/us-east-1%3Ac867bfb9-0e98-4303-bdbe-08a68759c029/br/ba/vitoria-da-conquista/zona-0041/83dda41a2935f4e83efe876ade3a93de.jpg", "https://vocefiscal-poll-tape-uploads.s3.amazonaws.com/us-east-1%3Ac867bfb9-0e98-4303-bdbe-08a68759c029/br/ba/vitoria-da-conquista/zona-0041/73c091f18f1afad0cf7de7045b8d04cd.jpg", "https://vocefiscal-poll-tape-uploads.s3.amazonaws.com/us-east-1%3Ac867bfb9-0e98-4303-bdbe-08a68759c029/br/ba/vitoria-da-conquista/zona-0041/733c5576fd7247dd7e190d7d7096d943.jpg", "https://vocefiscal-poll-tape-uploads.s3.amazonaws.com/us-east-1%3Ac867bfb9-0e98-4303-bdbe-08a68759c029/br/ba/vitoria-da-conquista/zona-0041/a93ed41d3ed4786a8a53180b576cdad.jpg", "https://vocefiscal-poll-tape-uploads.s3.amazonaws.com/us-east-1%3Ac867bfb9-0e98-4303-bdbe-08a68759c029/br/ba/vitoria-da-conquista/zona-0041/e572848e37e71cf3b8fe7c871eecd372.jpg", "https://vocefiscal-poll-tape-uploads.s3.amazonaws.com/us-east-1%3Ac867bfb9-0e98-4303-bdbe-08a68759c029/br/ba/vitoria-da-conquista/zona-0041/f5310a3936b9d4db40b591305887ca16.jpg", "https://vocefiscal-poll-tape-uploads.s3.amazonaws.com/us-east-1%3Ac867bfb9-0e98-4303-bdbe-08a68759c029/br/ba/vitoria-da-conquista/zona-0041/1f30a6ab97f3d9bd6641270394bb3255.jpg", "https://vocefiscal-poll-tape-uploads.s3.amazonaws.com/us-east-1%3Ac867bfb9-0e98-4303-bdbe-08a68759c029/br/ba/vitoria-da-conquista/zona-0041/a061c7c1916706604c262e4283d3b3d8.jpg", "https://vocefiscal-poll-tape-uploads.s3.amazonaws.com/us-east-1%3Ac867bfb9-0e98-4303-bdbe-08a68759c029/br/ba/vitoria-da-conquista/zona-0041/6e5664b893d9fdd722c0facf47a2da1.jpg", "https://vocefiscal-poll-tape-uploads.s3.amazonaws.com/us-east-1%3Ac867bfb9-0e98-4303-bdbe-08a68759c029/br/ba/vitoria-da-conquista/zona-0041/66c6038ac4f34ad9c6bcf3558ca678cb.jpg", "https://vocefiscal-poll-tape-uploads.s3.amazonaws.com/us-east-1%3Ac867bfb9-0e98-4303-bdbe-08a68759c029/br/ba/vitoria-da-conquista/zona-0041/99f902b7cb2b2d37a7b50f62b254bde4.jpg", "https://vocefiscal-poll-tape-uploads.s3.amazonaws.com/us-east-1%3Ac867bfb9-0e98-4303-bdbe-08a68759c029/br/ba/vitoria-da-conquista/zona-0041/897115d2415b2a81b521a6370631b0c8.jpg", "https://vocefiscal-poll-tape-uploads.s3.amazonaws.com/us-east-1%3Ac867bfb9-0e98-4303-bdbe-08a68759c029/br/ba/vitoria-da-conquista/zona-0041/c567d98650f24cc84188c88ed92d5b2f.jpg"], "municipio": "VIT\u00d3RIA DA CONQUISTA"}