{"data": 1412542263364, "estado": "BA", "localDaVotacao": "1597", "zonaEleitoral": "0048", "secaoEleitoral": "0245", "pictureURLList": ["https://vocefiscal-poll-tape-uploads.s3.amazonaws.com/us-east-1%3Ad67eabc2-7b59-4982-98db-0418b00d2b75/br/ba/juazeiro/zona-0048/3c230eaeda9cc9eb9f440a01c7d91bd.jpg", "https://vocefiscal-poll-tape-uploads.s3.amazonaws.com/us-east-1%3Ad67eabc2-7b59-4982-98db-0418b00d2b75/br/ba/juazeiro/zona-0048/507c25fc83a94a3398af46f0df493592.jpg", "https://vocefiscal-poll-tape-uploads.s3.amazonaws.com/us-east-1%3Ad67eabc2-7b59-4982-98db-0418b00d2b75/br/ba/juazeiro/zona-0048/76e4bcb8de24e3d9275881a5311e3f35.jpg", "https://vocefiscal-poll-tape-uploads.s3.amazonaws.com/us-east-1%3Ad67eabc2-7b59-4982-98db-0418b00d2b75/br/ba/juazeiro/zona-0048/e40b460f4cb5dfd61b1d0df7d3ad9238.jpg", "https://vocefiscal-poll-tape-uploads.s3.amazonaws.com/us-east-1%3Ad67eabc2-7b59-4982-98db-0418b00d2b75/br/ba/juazeiro/zona-0048/3d04ef4a28c87b26959ffa5436901732.jpg", "https://vocefiscal-poll-tape-uploads.s3.amazonaws.com/us-east-1%3Ad67eabc2-7b59-4982-98db-0418b00d2b75/br/ba/juazeiro/zona-0048/29a786a99571631f44c3ee9a4eacc58f.jpg", "https://vocefiscal-poll-tape-uploads.s3.amazonaws.com/us-east-1%3Ad67eabc2-7b59-4982-98db-0418b00d2b75/br/ba/juazeiro/zona-0048/d621b32195be67d90c340ca7134cc1b6.jpg", "https://vocefiscal-poll-tape-uploads.s3.amazonaws.com/us-east-1%3Ad67eabc2-7b59-4982-98db-0418b00d2b75/br/ba/juazeiro/zona-0048/19a6ea8239fbd68018f19a4f54c71f4b.jpg", "https://vocefiscal-poll-tape-uploads.s3.amazonaws.com/us-east-1%3Ad67eabc2-7b59-4982-98db-0418b00d2b75/br/ba/juazeiro/zona-0048/eb9de5971c89878a62ff1480b5c2d790.jpg", "https://vocefiscal-poll-tape-uploads.s3.amazonaws.com/us-east-1%3Ad67eabc2-7b59-4982-98db-0418b00d2b75/br/ba/juazeiro/zona-0048/6072f33b7187f0dabcf86532598d5a18.jpg", "https://vocefiscal-poll-tape-uploads.s3.amazonaws.com/us-east-1%3Ad67eabc2-7b59-4982-98db-0418b00d2b75/br/ba/juazeiro/zona-0048/cd8f8d1fd7e5b17512ef74f752230154.jpg", "https://vocefiscal-poll-tape-uploads.s3.amazonaws.com/us-east-1%3Ad67eabc2-7b59-4982-98db-0418b00d2b75/br/ba/juazeiro/zona-0048/fdb837cbff52b1e6e09c67b9d7508c5e.jpg", "https://vocefiscal-poll-tape-uploads.s3.amazonaws.com/us-east-1%3Ad67eabc2-7b59-4982-98db-0418b00d2b75/br/ba/juazeiro/zona-0048/c467b26dd12dda74cfc3ab0eabf411c8.jpg", "https://vocefiscal-poll-tape-uploads.s3.amazonaws.com/us-east-1%3Ad67eabc2-7b59-4982-98db-0418b00d2b75/br/ba/juazeiro/zona-0048/f24b29b0afc5c0526f6d130ed230d767.jpg", "https://vocefiscal-poll-tape-uploads.s3.amazonaws.com/us-east-1%3Ad67eabc2-7b59-4982-98db-0418b00d2b75/br/ba/juazeiro/zona-0048/fd1611af71acfb3b18da088e60b61b78.jpg", "https://vocefiscal-poll-tape-uploads.s3.amazonaws.com/us-east-1%3Ad67eabc2-7b59-4982-98db-0418b00d2b75/br/ba/juazeiro/zona-0048/ba0c3a1264d00321f2c7b9300cf75a85.jpg", "https://vocefiscal-poll-tape-uploads.s3.amazonaws.com/us-east-1%3Ad67eabc2-7b59-4982-98db-0418b00d2b75/br/ba/juazeiro/zona-0048/2f33af813aeb92105e66a8a4e4fd5284.jpg", "https://vocefiscal-poll-tape-uploads.s3.amazonaws.com/us-east-1%3Ad67eabc2-7b59-4982-98db-0418b00d2b75/br/ba/juazeiro/zona-0048/8d804e2e267078a621c769d195167f89.jpg", "https://vocefiscal-poll-tape-uploads.s3.amazonaws.com/us-east-1%3Ad67eabc2-7b59-4982-98db-0418b00d2b75/br/ba/juazeiro/zona-0048/655ba5461db4c41b5e4cae52381316fe.jpg", "https://vocefiscal-poll-tape-uploads.s3.amazonaws.com/us-east-1%3Ad67eabc2-7b59-4982-98db-0418b00d2b75/br/ba/juazeiro/zona-0048/cc6764bf3e4c7eea75333346db68812f.jpg", "https://vocefiscal-poll-tape-uploads.s3.amazonaws.com/us-east-1%3Ad67eabc2-7b59-4982-98db-0418b00d2b75/br/ba/juazeiro/zona-0048/2e15b6ca6215bfb176348632162f3b2d.jpg", "https://vocefiscal-poll-tape-uploads.s3.amazonaws.com/us-east-1%3Ad67eabc2-7b59-4982-98db-0418b00d2b75/br/ba/juazeiro/zona-0048/af9f02b2f80e12f916d173adadd0bfeb.jpg", "https://vocefiscal-poll-tape-uploads.s3.amazonaws.com/us-east-1%3Ad67eabc2-7b59-4982-98db-0418b00d2b75/br/ba/juazeiro/zona-0048/884d523d2886ebca124cf35e5ce97fd0.jpg", "https://vocefiscal-poll-tape-uploads.s3.amazonaws.com/us-east-1%3Ad67eabc2-7b59-4982-98db-0418b00d2b75/br/ba/juazeiro/zona-0048/3aeac79b803b3e43f20b5cfc7c06147.jpg"], "municipio": "JUAZEIRO"}