{"data": 1412597720930, "pictureURLList": ["https://vocefiscal-poll-tape-uploads.s3.amazonaws.com/us-east-1%3A3a19136b-3a91-47f1-9e80-194e270948d4/br/ba/salvador/zona-0005/89c4f11aab4898e7c045cfaa75606738.jpg", "https://vocefiscal-poll-tape-uploads.s3.amazonaws.com/us-east-1%3A3a19136b-3a91-47f1-9e80-194e270948d4/br/ba/salvador/zona-0005/6ee283cb985fec74f70278d7b14245ca.jpg", "https://vocefiscal-poll-tape-uploads.s3.amazonaws.com/us-east-1%3A3a19136b-3a91-47f1-9e80-194e270948d4/br/ba/salvador/zona-0005/a0fbb4cb00a0cc445be5a28c08242c3a.jpg", "https://vocefiscal-poll-tape-uploads.s3.amazonaws.com/us-east-1%3A3a19136b-3a91-47f1-9e80-194e270948d4/br/ba/salvador/zona-0005/7807f7352c80c8c4fb5bc849ed486fca.jpg", "https://vocefiscal-poll-tape-uploads.s3.amazonaws.com/us-east-1%3A3a19136b-3a91-47f1-9e80-194e270948d4/br/ba/salvador/zona-0005/9699e3e80f605457994c4026fa880a25.jpg"], "estado": "BA", "localDaVotacao": "1228", "zonaEleitoral": "0005", "secaoEleitoral": "0177", "municipio": "SALVADOR"}