{"data": 1412609684218, "pictureURLList": ["https://vocefiscal-poll-tape-uploads.s3.amazonaws.com/us-east-1%3Aaaebad3b-933a-4097-a8eb-f760761ba607/br/ba/ilheus/zona-0026/ba1fddbfafbbd0c1766867574cedaf6a.jpg", "https://vocefiscal-poll-tape-uploads.s3.amazonaws.com/us-east-1%3Aaaebad3b-933a-4097-a8eb-f760761ba607/br/ba/ilheus/zona-0026/9f264767badb3e0f37458b3c957d33ae.jpg", "https://vocefiscal-poll-tape-uploads.s3.amazonaws.com/us-east-1%3Aaaebad3b-933a-4097-a8eb-f760761ba607/br/ba/ilheus/zona-0026/fbeff529fc0beb48c1914bb4c8ca98a0.jpg", "https://vocefiscal-poll-tape-uploads.s3.amazonaws.com/us-east-1%3Aaaebad3b-933a-4097-a8eb-f760761ba607/br/ba/ilheus/zona-0026/e7d7eba4ac7829c48429ebd7a5d03d26.jpg", "https://vocefiscal-poll-tape-uploads.s3.amazonaws.com/us-east-1%3Aaaebad3b-933a-4097-a8eb-f760761ba607/br/ba/ilheus/zona-0026/d92c053c69219ac4d2dfd8af4fdc1467.jpg", "https://vocefiscal-poll-tape-uploads.s3.amazonaws.com/us-east-1%3Aaaebad3b-933a-4097-a8eb-f760761ba607/br/ba/ilheus/zona-0026/9086f404d8d5ad2162d99f96a63ba1a5.jpg", "https://vocefiscal-poll-tape-uploads.s3.amazonaws.com/us-east-1%3Aaaebad3b-933a-4097-a8eb-f760761ba607/br/ba/ilheus/zona-0026/11dd3a2ddb07290dbb3ed8cb9c26690c.jpg", "https://vocefiscal-poll-tape-uploads.s3.amazonaws.com/us-east-1%3Aaaebad3b-933a-4097-a8eb-f760761ba607/br/ba/ilheus/zona-0026/b147bef7151dcf04d628bd12564caa65.jpg", "https://vocefiscal-poll-tape-uploads.s3.amazonaws.com/us-east-1%3Aaaebad3b-933a-4097-a8eb-f760761ba607/br/ba/ilheus/zona-0026/bf0524d46120660769698304e0843520.jpg", "https://vocefiscal-poll-tape-uploads.s3.amazonaws.com/us-east-1%3Aaaebad3b-933a-4097-a8eb-f760761ba607/br/ba/ilheus/zona-0026/8daed00dd0a0c2497989dcd6c6ae2ff2.jpg", "https://vocefiscal-poll-tape-uploads.s3.amazonaws.com/us-east-1%3Aaaebad3b-933a-4097-a8eb-f760761ba607/br/ba/ilheus/zona-0026/354ccce7ab4c5a17bc146a802ad40c0c.jpg", "https://vocefiscal-poll-tape-uploads.s3.amazonaws.com/us-east-1%3Aaaebad3b-933a-4097-a8eb-f760761ba607/br/ba/ilheus/zona-0026/21a5b4495cfcd97417fdb848874b263e.jpg", "https://vocefiscal-poll-tape-uploads.s3.amazonaws.com/us-east-1%3Aaaebad3b-933a-4097-a8eb-f760761ba607/br/ba/ilheus/zona-0026/ae07116b8fb0d2f58fb20496e6739d3.jpg", "https://vocefiscal-poll-tape-uploads.s3.amazonaws.com/us-east-1%3Aaaebad3b-933a-4097-a8eb-f760761ba607/br/ba/ilheus/zona-0026/1ed7990c30582ac74a5015ad7c9e5bb7.jpg", "https://vocefiscal-poll-tape-uploads.s3.amazonaws.com/us-east-1%3Aaaebad3b-933a-4097-a8eb-f760761ba607/br/ba/ilheus/zona-0026/f2d48553efa3d2b97a04b2fe387017b7.jpg", "https://vocefiscal-poll-tape-uploads.s3.amazonaws.com/us-east-1%3Aaaebad3b-933a-4097-a8eb-f760761ba607/br/ba/ilheus/zona-0026/bd0c070ed0af2e62ca77953a56e1e3f5.jpg", "https://vocefiscal-poll-tape-uploads.s3.amazonaws.com/us-east-1%3Aaaebad3b-933a-4097-a8eb-f760761ba607/br/ba/ilheus/zona-0026/6fa7950ef67b55bf004343a6331ad1f0.jpg", "https://vocefiscal-poll-tape-uploads.s3.amazonaws.com/us-east-1%3Aaaebad3b-933a-4097-a8eb-f760761ba607/br/ba/ilheus/zona-0026/3e5987639f0f9a1cd45e0b825c05756d.jpg"], "estado": "BA", "localDaVotacao": "1252", "zonaEleitoral": "0026", "secaoEleitoral": "0259", "municipio": "ILH\u00c9US"}