{"data": 1412542064757, "estado": "BA", "secaoEleitoral": "0351", "zonaEleitoral": "0028", "pictureURLList": ["https://vocefiscal-poll-tape-uploads.s3.amazonaws.com/us-east-1%3A1685d087-6ad6-4fd6-b313-b22231ef2b9c/br/ba/itabuna/zona-0028/7a18abdb8cdd44134b1ed24eda5d43b1.jpg", "https://vocefiscal-poll-tape-uploads.s3.amazonaws.com/us-east-1%3A1685d087-6ad6-4fd6-b313-b22231ef2b9c/br/ba/itabuna/zona-0028/888d493184d348988527e2a0c58fc79.jpg", "https://vocefiscal-poll-tape-uploads.s3.amazonaws.com/us-east-1%3A1685d087-6ad6-4fd6-b313-b22231ef2b9c/br/ba/itabuna/zona-0028/95d3602db9e5817b7439724320049165.jpg", "https://vocefiscal-poll-tape-uploads.s3.amazonaws.com/us-east-1%3A1685d087-6ad6-4fd6-b313-b22231ef2b9c/br/ba/itabuna/zona-0028/b2d7d2c1135f8d505167f22056394bd4.jpg", "https://vocefiscal-poll-tape-uploads.s3.amazonaws.com/us-east-1%3A1685d087-6ad6-4fd6-b313-b22231ef2b9c/br/ba/itabuna/zona-0028/d60ec8375d3df52df4689c0c44377055.jpg", "https://vocefiscal-poll-tape-uploads.s3.amazonaws.com/us-east-1%3A1685d087-6ad6-4fd6-b313-b22231ef2b9c/br/ba/itabuna/zona-0028/d07e542bd39505bcedef28c2a12e56ee.jpg", "https://vocefiscal-poll-tape-uploads.s3.amazonaws.com/us-east-1%3A1685d087-6ad6-4fd6-b313-b22231ef2b9c/br/ba/itabuna/zona-0028/296245fa55b92fbe27746f6bcc7dcd0c.jpg", "https://vocefiscal-poll-tape-uploads.s3.amazonaws.com/us-east-1%3A1685d087-6ad6-4fd6-b313-b22231ef2b9c/br/ba/itabuna/zona-0028/4b87366fe95173583824747839a05e37.jpg", "https://vocefiscal-poll-tape-uploads.s3.amazonaws.com/us-east-1%3A1685d087-6ad6-4fd6-b313-b22231ef2b9c/br/ba/itabuna/zona-0028/d8cb6baabac05c78e4da115b36c89206.jpg", "https://vocefiscal-poll-tape-uploads.s3.amazonaws.com/us-east-1%3A1685d087-6ad6-4fd6-b313-b22231ef2b9c/br/ba/itabuna/zona-0028/5caf983570a3b4c3c1a05f30b1c5d546.jpg"], "municipio": "ITABUNA"}