{"data": 1412540519122, "estado": "BA", "localDaVotacao": "1317", "zonaEleitoral": "0047", "secaoEleitoral": "0067", "pictureURLList": ["https://vocefiscal-poll-tape-uploads.s3.amazonaws.com/us-east-1%3A0b3da1b2-b9d6-46c4-9098-8a2d04ef52bb/br/ba/juazeiro/zona-0047/f53cb871b305fa88362ca89056b7bcd5.jpg", "https://vocefiscal-poll-tape-uploads.s3.amazonaws.com/us-east-1%3A0b3da1b2-b9d6-46c4-9098-8a2d04ef52bb/br/ba/juazeiro/zona-0047/7dd9b243e6120e30ac287634aa65631d.jpg", "https://vocefiscal-poll-tape-uploads.s3.amazonaws.com/us-east-1%3A0b3da1b2-b9d6-46c4-9098-8a2d04ef52bb/br/ba/juazeiro/zona-0047/eb4ef60e336f4276ea94f86fabd0ccdc.jpg", "https://vocefiscal-poll-tape-uploads.s3.amazonaws.com/us-east-1%3A0b3da1b2-b9d6-46c4-9098-8a2d04ef52bb/br/ba/juazeiro/zona-0047/87820a4fd33dafd6ba056477e5fb79c1.jpg", "https://vocefiscal-poll-tape-uploads.s3.amazonaws.com/us-east-1%3A0b3da1b2-b9d6-46c4-9098-8a2d04ef52bb/br/ba/juazeiro/zona-0047/10875fd63ae4e1975fbc1192be14d089.jpg", "https://vocefiscal-poll-tape-uploads.s3.amazonaws.com/us-east-1%3A0b3da1b2-b9d6-46c4-9098-8a2d04ef52bb/br/ba/juazeiro/zona-0047/252e13f0692cd15a0bbd290f0fef630e.jpg", "https://vocefiscal-poll-tape-uploads.s3.amazonaws.com/us-east-1%3A0b3da1b2-b9d6-46c4-9098-8a2d04ef52bb/br/ba/juazeiro/zona-0047/125850a3a10295977ec42a126a8cb3fd.jpg", "https://vocefiscal-poll-tape-uploads.s3.amazonaws.com/us-east-1%3A0b3da1b2-b9d6-46c4-9098-8a2d04ef52bb/br/ba/juazeiro/zona-0047/371f55f36c736c3d30c6d722936cf147.jpg", "https://vocefiscal-poll-tape-uploads.s3.amazonaws.com/us-east-1%3A0b3da1b2-b9d6-46c4-9098-8a2d04ef52bb/br/ba/juazeiro/zona-0047/6bf3aa6d65121b1c5206af5352e9ff93.jpg", "https://vocefiscal-poll-tape-uploads.s3.amazonaws.com/us-east-1%3A0b3da1b2-b9d6-46c4-9098-8a2d04ef52bb/br/ba/juazeiro/zona-0047/dc9b0edab7082c79700b724fb41d9eae.jpg", "https://vocefiscal-poll-tape-uploads.s3.amazonaws.com/us-east-1%3A0b3da1b2-b9d6-46c4-9098-8a2d04ef52bb/br/ba/juazeiro/zona-0047/a841092cb83522c3534d2fa42e0ebbec.jpg", "https://vocefiscal-poll-tape-uploads.s3.amazonaws.com/us-east-1%3A0b3da1b2-b9d6-46c4-9098-8a2d04ef52bb/br/ba/juazeiro/zona-0047/d7a11daf669f76b325e5889dbfd8922b.jpg", "https://vocefiscal-poll-tape-uploads.s3.amazonaws.com/us-east-1%3A0b3da1b2-b9d6-46c4-9098-8a2d04ef52bb/br/ba/juazeiro/zona-0047/cecc696bba9b8ccc964f88bf69df5e26.jpg", "https://vocefiscal-poll-tape-uploads.s3.amazonaws.com/us-east-1%3A0b3da1b2-b9d6-46c4-9098-8a2d04ef52bb/br/ba/juazeiro/zona-0047/3dbf6c7c2710c5a5b512b26952230684.jpg", "https://vocefiscal-poll-tape-uploads.s3.amazonaws.com/us-east-1%3A0b3da1b2-b9d6-46c4-9098-8a2d04ef52bb/br/ba/juazeiro/zona-0047/253dcb541db819ad2c76b82b1959357c.jpg", "https://vocefiscal-poll-tape-uploads.s3.amazonaws.com/us-east-1%3A0b3da1b2-b9d6-46c4-9098-8a2d04ef52bb/br/ba/juazeiro/zona-0047/cfae8d29175c40e1d2013e1a55bd3d8b.jpg", "https://vocefiscal-poll-tape-uploads.s3.amazonaws.com/us-east-1%3A0b3da1b2-b9d6-46c4-9098-8a2d04ef52bb/br/ba/juazeiro/zona-0047/2e6d1e33a00158f535b9b46bf7aefd41.jpg", "https://vocefiscal-poll-tape-uploads.s3.amazonaws.com/us-east-1%3A0b3da1b2-b9d6-46c4-9098-8a2d04ef52bb/br/ba/juazeiro/zona-0047/fe00b0323c0c6f59cf5301a41971ee91.jpg", "https://vocefiscal-poll-tape-uploads.s3.amazonaws.com/us-east-1%3A0b3da1b2-b9d6-46c4-9098-8a2d04ef52bb/br/ba/juazeiro/zona-0047/673a462f163e26815de54bc43118c847.jpg", "https://vocefiscal-poll-tape-uploads.s3.amazonaws.com/us-east-1%3A0b3da1b2-b9d6-46c4-9098-8a2d04ef52bb/br/ba/juazeiro/zona-0047/5c5a33193db4b3447538c5251f58e5db.jpg", "https://vocefiscal-poll-tape-uploads.s3.amazonaws.com/us-east-1%3A0b3da1b2-b9d6-46c4-9098-8a2d04ef52bb/br/ba/juazeiro/zona-0047/3ad007d293cce5b78a8c6c326184998b.jpg", "https://vocefiscal-poll-tape-uploads.s3.amazonaws.com/us-east-1%3A0b3da1b2-b9d6-46c4-9098-8a2d04ef52bb/br/ba/juazeiro/zona-0047/52aa2f34fa6a91e9b11732c17895fd1.jpg", "https://vocefiscal-poll-tape-uploads.s3.amazonaws.com/us-east-1%3A0b3da1b2-b9d6-46c4-9098-8a2d04ef52bb/br/ba/juazeiro/zona-0047/d1f83c896b4d49b48172a7186e39df54.jpg", "https://vocefiscal-poll-tape-uploads.s3.amazonaws.com/us-east-1%3A0b3da1b2-b9d6-46c4-9098-8a2d04ef52bb/br/ba/juazeiro/zona-0047/ff3e4b50f0adf0a807221a6ee9b91a1a.jpg", "https://vocefiscal-poll-tape-uploads.s3.amazonaws.com/us-east-1%3A0b3da1b2-b9d6-46c4-9098-8a2d04ef52bb/br/ba/juazeiro/zona-0047/76a88bf8d03bebddd44c113dbe7ef6d8.jpg", "https://vocefiscal-poll-tape-uploads.s3.amazonaws.com/us-east-1%3A0b3da1b2-b9d6-46c4-9098-8a2d04ef52bb/br/ba/juazeiro/zona-0047/3bb5c1185f1a01a0b36e5a1b4c6e07d3.jpg"], "municipio": "JUAZEIRO"}