{"data": 1412541183265, "estado": "BA", "secaoEleitoral": "0379", "zonaEleitoral": "0002", "pictureURLList": ["https://vocefiscal-poll-tape-uploads.s3.amazonaws.com/us-east-1%3A79d0ce69-d449-419b-8812-3d9b532b4897/br/ba/salvador/zona-0002/80f64974444ab27cfffa4bc4b4696905.jpg", "https://vocefiscal-poll-tape-uploads.s3.amazonaws.com/us-east-1%3A79d0ce69-d449-419b-8812-3d9b532b4897/br/ba/salvador/zona-0002/987f75992b653985827447d4b18db74.jpg", "https://vocefiscal-poll-tape-uploads.s3.amazonaws.com/us-east-1%3A79d0ce69-d449-419b-8812-3d9b532b4897/br/ba/salvador/zona-0002/603aa547546226b47ebf3f8eff596635.jpg", "https://vocefiscal-poll-tape-uploads.s3.amazonaws.com/us-east-1%3A79d0ce69-d449-419b-8812-3d9b532b4897/br/ba/salvador/zona-0002/7a68d5e149ea788ebe1f18ee568ddb01.jpg", "https://vocefiscal-poll-tape-uploads.s3.amazonaws.com/us-east-1%3A79d0ce69-d449-419b-8812-3d9b532b4897/br/ba/salvador/zona-0002/c5ecd3f346b9f995ade1bdb56d9013d2.jpg", "https://vocefiscal-poll-tape-uploads.s3.amazonaws.com/us-east-1%3A79d0ce69-d449-419b-8812-3d9b532b4897/br/ba/salvador/zona-0002/1fb055ef6fcf8e55f0fc1555119f3cc6.jpg", "https://vocefiscal-poll-tape-uploads.s3.amazonaws.com/us-east-1%3A79d0ce69-d449-419b-8812-3d9b532b4897/br/ba/salvador/zona-0002/b14eb1a190e68c9c9e55f8b374f08f4b.jpg", "https://vocefiscal-poll-tape-uploads.s3.amazonaws.com/us-east-1%3A79d0ce69-d449-419b-8812-3d9b532b4897/br/ba/salvador/zona-0002/fd11a07b2485d5018006b8cff6d6d1bb.jpg", "https://vocefiscal-poll-tape-uploads.s3.amazonaws.com/us-east-1%3A79d0ce69-d449-419b-8812-3d9b532b4897/br/ba/salvador/zona-0002/24101ff08cdd443f234810ed642dbc3a.jpg", "https://vocefiscal-poll-tape-uploads.s3.amazonaws.com/us-east-1%3A79d0ce69-d449-419b-8812-3d9b532b4897/br/ba/salvador/zona-0002/d2202edd28117901af626b82c3ed143b.jpg", "https://vocefiscal-poll-tape-uploads.s3.amazonaws.com/us-east-1%3A79d0ce69-d449-419b-8812-3d9b532b4897/br/ba/salvador/zona-0002/e63e809d3d6a631dcba5af0423fc5de1.jpg", "https://vocefiscal-poll-tape-uploads.s3.amazonaws.com/us-east-1%3A79d0ce69-d449-419b-8812-3d9b532b4897/br/ba/salvador/zona-0002/cb828502a0fee73c7e9e2793430be808.jpg", "https://vocefiscal-poll-tape-uploads.s3.amazonaws.com/us-east-1%3A79d0ce69-d449-419b-8812-3d9b532b4897/br/ba/salvador/zona-0002/a440e271fbf76ba944cb7679acb38c44.jpg", "https://vocefiscal-poll-tape-uploads.s3.amazonaws.com/us-east-1%3A79d0ce69-d449-419b-8812-3d9b532b4897/br/ba/salvador/zona-0002/fd51cf3713eb9291e95f859abbb7dc9d.jpg", "https://vocefiscal-poll-tape-uploads.s3.amazonaws.com/us-east-1%3A79d0ce69-d449-419b-8812-3d9b532b4897/br/ba/salvador/zona-0002/db538938c025c0720526c56ce0b444c0.jpg", "https://vocefiscal-poll-tape-uploads.s3.amazonaws.com/us-east-1%3A79d0ce69-d449-419b-8812-3d9b532b4897/br/ba/salvador/zona-0002/f038b501362fff539aff4159ab878385.jpg", "https://vocefiscal-poll-tape-uploads.s3.amazonaws.com/us-east-1%3A79d0ce69-d449-419b-8812-3d9b532b4897/br/ba/salvador/zona-0002/6cc459a09f182f21e5dd7aa9cb1376bb.jpg", "https://vocefiscal-poll-tape-uploads.s3.amazonaws.com/us-east-1%3A79d0ce69-d449-419b-8812-3d9b532b4897/br/ba/salvador/zona-0002/6262325c27932af6e89011e9674dfce1.jpg", "https://vocefiscal-poll-tape-uploads.s3.amazonaws.com/us-east-1%3A79d0ce69-d449-419b-8812-3d9b532b4897/br/ba/salvador/zona-0002/9d0cbfc1cd49c598771f6e78b29b5a8e.jpg", "https://vocefiscal-poll-tape-uploads.s3.amazonaws.com/us-east-1%3A79d0ce69-d449-419b-8812-3d9b532b4897/br/ba/salvador/zona-0002/b4a393fffe51e6b9fd36527da1487cc5.jpg", "https://vocefiscal-poll-tape-uploads.s3.amazonaws.com/us-east-1%3A79d0ce69-d449-419b-8812-3d9b532b4897/br/ba/salvador/zona-0002/486a08ca275b25ffbcde4bb1915c3275.jpg", "https://vocefiscal-poll-tape-uploads.s3.amazonaws.com/us-east-1%3A79d0ce69-d449-419b-8812-3d9b532b4897/br/ba/salvador/zona-0002/78b4ffffeff1d6dfd9518d12a48b01eb.jpg", "https://vocefiscal-poll-tape-uploads.s3.amazonaws.com/us-east-1%3A79d0ce69-d449-419b-8812-3d9b532b4897/br/ba/salvador/zona-0002/231f87f05951ed841b4d85d896af6e1b.jpg", "https://vocefiscal-poll-tape-uploads.s3.amazonaws.com/us-east-1%3A79d0ce69-d449-419b-8812-3d9b532b4897/br/ba/salvador/zona-0002/ca81812d0e6884de9059d858803e1378.jpg", "https://vocefiscal-poll-tape-uploads.s3.amazonaws.com/us-east-1%3A79d0ce69-d449-419b-8812-3d9b532b4897/br/ba/salvador/zona-0002/c0adfd3aed7be7aebd9acadb6bd4d0af.jpg", "https://vocefiscal-poll-tape-uploads.s3.amazonaws.com/us-east-1%3A79d0ce69-d449-419b-8812-3d9b532b4897/br/ba/salvador/zona-0002/1b03bcb6723564cea8f46f1d9f72aa33.jpg", "https://vocefiscal-poll-tape-uploads.s3.amazonaws.com/us-east-1%3A79d0ce69-d449-419b-8812-3d9b532b4897/br/ba/salvador/zona-0002/1b03bcb6723564cea8f46f1d9f72aa33.jpg", "https://vocefiscal-poll-tape-uploads.s3.amazonaws.com/us-east-1%3A79d0ce69-d449-419b-8812-3d9b532b4897/br/ba/salvador/zona-0002/68940ddbbb94120a1c41b64fa4007a4a.jpg", "https://vocefiscal-poll-tape-uploads.s3.amazonaws.com/us-east-1%3A79d0ce69-d449-419b-8812-3d9b532b4897/br/ba/salvador/zona-0002/c40010bcca2aa067a08d0e3f95343313.jpg", "https://vocefiscal-poll-tape-uploads.s3.amazonaws.com/us-east-1%3A79d0ce69-d449-419b-8812-3d9b532b4897/br/ba/salvador/zona-0002/a79f24cf4e6e43f0d1b61500ddf6daac.jpg", "https://vocefiscal-poll-tape-uploads.s3.amazonaws.com/us-east-1%3A79d0ce69-d449-419b-8812-3d9b532b4897/br/ba/salvador/zona-0002/a38acd86d81f9de34fa275625273fb3f.jpg", "https://vocefiscal-poll-tape-uploads.s3.amazonaws.com/us-east-1%3A79d0ce69-d449-419b-8812-3d9b532b4897/br/ba/salvador/zona-0002/47bfb63ff0f25e80d9a4c884c0042483.jpg", "https://vocefiscal-poll-tape-uploads.s3.amazonaws.com/us-east-1%3A79d0ce69-d449-419b-8812-3d9b532b4897/br/ba/salvador/zona-0002/733da07169c83c4cc9d029f23b09f80c.jpg", "https://vocefiscal-poll-tape-uploads.s3.amazonaws.com/us-east-1%3A79d0ce69-d449-419b-8812-3d9b532b4897/br/ba/salvador/zona-0002/39515206327264dddf73f91e5879e4d0.jpg", "https://vocefiscal-poll-tape-uploads.s3.amazonaws.com/us-east-1%3A79d0ce69-d449-419b-8812-3d9b532b4897/br/ba/salvador/zona-0002/6b4788051068a2bae5c7da3a9e2b0108.jpg", "https://vocefiscal-poll-tape-uploads.s3.amazonaws.com/us-east-1%3A79d0ce69-d449-419b-8812-3d9b532b4897/br/ba/salvador/zona-0002/324cf34bb89af9fc6a7800066fc9c10f.jpg", "https://vocefiscal-poll-tape-uploads.s3.amazonaws.com/us-east-1%3A79d0ce69-d449-419b-8812-3d9b532b4897/br/ba/salvador/zona-0002/82a7f3178618ca198ca0a591b38a7db7.jpg", "https://vocefiscal-poll-tape-uploads.s3.amazonaws.com/us-east-1%3A79d0ce69-d449-419b-8812-3d9b532b4897/br/ba/salvador/zona-0002/c7b632e5f9469f2d1cd9291d9a2eccde.jpg", "https://vocefiscal-poll-tape-uploads.s3.amazonaws.com/us-east-1%3A79d0ce69-d449-419b-8812-3d9b532b4897/br/ba/salvador/zona-0002/52679b35ab5327e78eb7a78ea35145d2.jpg", "https://vocefiscal-poll-tape-uploads.s3.amazonaws.com/us-east-1%3A79d0ce69-d449-419b-8812-3d9b532b4897/br/ba/salvador/zona-0002/97b1f132e41d52075dd806be78592740.jpg", "https://vocefiscal-poll-tape-uploads.s3.amazonaws.com/us-east-1%3A79d0ce69-d449-419b-8812-3d9b532b4897/br/ba/salvador/zona-0002/27ad6203269e9122f00337a5b433b487.jpg", "https://vocefiscal-poll-tape-uploads.s3.amazonaws.com/us-east-1%3A79d0ce69-d449-419b-8812-3d9b532b4897/br/ba/salvador/zona-0002/a1c8f2fd8aae7990bb82879e29c3388d.jpg", "https://vocefiscal-poll-tape-uploads.s3.amazonaws.com/us-east-1%3A79d0ce69-d449-419b-8812-3d9b532b4897/br/ba/salvador/zona-0002/190d2c57135a6db48157d91f05d4555f.jpg", "https://vocefiscal-poll-tape-uploads.s3.amazonaws.com/us-east-1%3A79d0ce69-d449-419b-8812-3d9b532b4897/br/ba/salvador/zona-0002/bcaea874fe2716c7fcce71734822b810.jpg", "https://vocefiscal-poll-tape-uploads.s3.amazonaws.com/us-east-1%3A79d0ce69-d449-419b-8812-3d9b532b4897/br/ba/salvador/zona-0002/e84db5f2458aa52c5a7b31efd215158d.jpg"], "municipio": "SALVADOR"}