{"data": 1412544291162, "pictureURLList": ["https://vocefiscal-poll-tape-uploads.s3.amazonaws.com/us-east-1%3Ad4812492-5dd5-46d0-ba1d-7a43d722be2d/br/ba/serra-do-ramalho/zona-0071/7d1a8fe5d373bf0aad1232f999ed48a7.jpg", "https://vocefiscal-poll-tape-uploads.s3.amazonaws.com/us-east-1%3Ad4812492-5dd5-46d0-ba1d-7a43d722be2d/br/ba/serra-do-ramalho/zona-0071/ed75fd429d7db90b011864b00cf499f5.jpg", "https://vocefiscal-poll-tape-uploads.s3.amazonaws.com/us-east-1%3Ad4812492-5dd5-46d0-ba1d-7a43d722be2d/br/ba/serra-do-ramalho/zona-0071/4e0dfa6fb17e4fc626d2044d84b83318.jpg", "https://vocefiscal-poll-tape-uploads.s3.amazonaws.com/us-east-1%3Ad4812492-5dd5-46d0-ba1d-7a43d722be2d/br/ba/serra-do-ramalho/zona-0071/c3f3238936be3b5e54cca4fcbb8d7017.jpg", "https://vocefiscal-poll-tape-uploads.s3.amazonaws.com/us-east-1%3Ad4812492-5dd5-46d0-ba1d-7a43d722be2d/br/ba/serra-do-ramalho/zona-0071/dd616baee0bd603fcb1565541746dee1.jpg", "https://vocefiscal-poll-tape-uploads.s3.amazonaws.com/us-east-1%3Ad4812492-5dd5-46d0-ba1d-7a43d722be2d/br/ba/serra-do-ramalho/zona-0071/10fb5f15cd8e6519f2444e086b6089b4.jpg", "https://vocefiscal-poll-tape-uploads.s3.amazonaws.com/us-east-1%3Ad4812492-5dd5-46d0-ba1d-7a43d722be2d/br/ba/serra-do-ramalho/zona-0071/d6b39d1c6911c8f1957ead3dd8bc7ecc.jpg", "https://vocefiscal-poll-tape-uploads.s3.amazonaws.com/us-east-1%3Ad4812492-5dd5-46d0-ba1d-7a43d722be2d/br/ba/serra-do-ramalho/zona-0071/fa4a79b1dde54a8824e6a18bf93bba91.jpg", "https://vocefiscal-poll-tape-uploads.s3.amazonaws.com/us-east-1%3Ad4812492-5dd5-46d0-ba1d-7a43d722be2d/br/ba/serra-do-ramalho/zona-0071/d2d9b83923179344351ef42b204650b3.jpg", "https://vocefiscal-poll-tape-uploads.s3.amazonaws.com/us-east-1%3Ad4812492-5dd5-46d0-ba1d-7a43d722be2d/br/ba/serra-do-ramalho/zona-0071/7d9066014995887d1b55d3d3a0c65ca2.jpg"], "estado": "BA", "localDaVotacao": "1198", "zonaEleitoral": "0071", "secaoEleitoral": "0196", "municipio": "SERRA DO RAMALHO"}