{"data": 1412542237668, "pictureURLList": ["https://vocefiscal-poll-tape-uploads.s3.amazonaws.com/us-east-1%3A5807c8f9-2db5-4cd3-97be-fe29d532de7f/br/ba/salvador/zona-0010/b2b53d6b396b976a2eefbb8cce3f3ca3.jpg", "https://vocefiscal-poll-tape-uploads.s3.amazonaws.com/us-east-1%3A5807c8f9-2db5-4cd3-97be-fe29d532de7f/br/ba/salvador/zona-0010/72c383a985868eba5fb526c9415687a0.jpg", "https://vocefiscal-poll-tape-uploads.s3.amazonaws.com/us-east-1%3A5807c8f9-2db5-4cd3-97be-fe29d532de7f/br/ba/salvador/zona-0010/7322d5ed7a9ce1db914e4e985d37d93d.jpg", "https://vocefiscal-poll-tape-uploads.s3.amazonaws.com/us-east-1%3A5807c8f9-2db5-4cd3-97be-fe29d532de7f/br/ba/salvador/zona-0010/787e09785514fefbbcb0327fefb699fc.jpg", "https://vocefiscal-poll-tape-uploads.s3.amazonaws.com/us-east-1%3A5807c8f9-2db5-4cd3-97be-fe29d532de7f/br/ba/salvador/zona-0010/648ca6ef53bdf6169ea2b98502792d47.jpg", "https://vocefiscal-poll-tape-uploads.s3.amazonaws.com/us-east-1%3A5807c8f9-2db5-4cd3-97be-fe29d532de7f/br/ba/salvador/zona-0010/efce961db292afc747ce19a3a22f8f07.jpg", "https://vocefiscal-poll-tape-uploads.s3.amazonaws.com/us-east-1%3A5807c8f9-2db5-4cd3-97be-fe29d532de7f/br/ba/salvador/zona-0010/3766d097511be34eff3324cfa60a6c28.jpg", "https://vocefiscal-poll-tape-uploads.s3.amazonaws.com/us-east-1%3A5807c8f9-2db5-4cd3-97be-fe29d532de7f/br/ba/salvador/zona-0010/22de627f9f642baf6d17ba9a7f5c2f6d.jpg", "https://vocefiscal-poll-tape-uploads.s3.amazonaws.com/us-east-1%3A5807c8f9-2db5-4cd3-97be-fe29d532de7f/br/ba/salvador/zona-0010/35d0f8ecabbe4bf6e671b6d295ef2f07.jpg", "https://vocefiscal-poll-tape-uploads.s3.amazonaws.com/us-east-1%3A5807c8f9-2db5-4cd3-97be-fe29d532de7f/br/ba/salvador/zona-0010/744957712afb7632bff4a22607af8c3a.jpg", "https://vocefiscal-poll-tape-uploads.s3.amazonaws.com/us-east-1%3A5807c8f9-2db5-4cd3-97be-fe29d532de7f/br/ba/salvador/zona-0010/e00063f27b5ab96c55043436e5b99bb4.jpg", "https://vocefiscal-poll-tape-uploads.s3.amazonaws.com/us-east-1%3A5807c8f9-2db5-4cd3-97be-fe29d532de7f/br/ba/salvador/zona-0010/4646ff40741af9f1d1946d4b8bcfc3a0.jpg", "https://vocefiscal-poll-tape-uploads.s3.amazonaws.com/us-east-1%3A5807c8f9-2db5-4cd3-97be-fe29d532de7f/br/ba/salvador/zona-0010/b367af0f46d2771d44fc976156c1e38d.jpg", "https://vocefiscal-poll-tape-uploads.s3.amazonaws.com/us-east-1%3A5807c8f9-2db5-4cd3-97be-fe29d532de7f/br/ba/salvador/zona-0010/5f8bc42adec31367d6c2a7e4dca806c0.jpg", "https://vocefiscal-poll-tape-uploads.s3.amazonaws.com/us-east-1%3A5807c8f9-2db5-4cd3-97be-fe29d532de7f/br/ba/salvador/zona-0010/6066267b4e9bb327c254613ae06836f3.jpg", "https://vocefiscal-poll-tape-uploads.s3.amazonaws.com/us-east-1%3A5807c8f9-2db5-4cd3-97be-fe29d532de7f/br/ba/salvador/zona-0010/90b380fe13c9845643887dbaebb6c7a2.jpg", "https://vocefiscal-poll-tape-uploads.s3.amazonaws.com/us-east-1%3A5807c8f9-2db5-4cd3-97be-fe29d532de7f/br/ba/salvador/zona-0010/dd365acdfa33d88c1d80fe7a735133a9.jpg", "https://vocefiscal-poll-tape-uploads.s3.amazonaws.com/us-east-1%3A5807c8f9-2db5-4cd3-97be-fe29d532de7f/br/ba/salvador/zona-0010/f937a6213e0e97bde94f55f201df27af.jpg", "https://vocefiscal-poll-tape-uploads.s3.amazonaws.com/us-east-1%3A5807c8f9-2db5-4cd3-97be-fe29d532de7f/br/ba/salvador/zona-0010/7a82268073f6b4a4fcedcf4dd580b4aa.jpg", "https://vocefiscal-poll-tape-uploads.s3.amazonaws.com/us-east-1%3A5807c8f9-2db5-4cd3-97be-fe29d532de7f/br/ba/salvador/zona-0010/f173ae3ece334be1fa26c846ee3fd4c5.jpg", "https://vocefiscal-poll-tape-uploads.s3.amazonaws.com/us-east-1%3A5807c8f9-2db5-4cd3-97be-fe29d532de7f/br/ba/salvador/zona-0010/be5af60e4c2e584a5601e0462ea73109.jpg"], "estado": "BA", "localDaVotacao": "1082", "zonaEleitoral": "0010", "secaoEleitoral": "0088", "municipio": "SALVADOR"}