{"data": 1412540017780, "estado": "BA", "localDaVotacao": "1171", "zonaEleitoral": "0147", "secaoEleitoral": "0130", "pictureURLList": ["https://vocefiscal-poll-tape-uploads.s3.amazonaws.com/us-east-1%3Aa9720bee-9e0c-4850-8d39-7dfc1acb5102/br/ba/itagi/zona-0147/90e59b67ca30b7b4a6a91315754e43c.jpg", "https://vocefiscal-poll-tape-uploads.s3.amazonaws.com/us-east-1%3Aa9720bee-9e0c-4850-8d39-7dfc1acb5102/br/ba/itagi/zona-0147/e88c2cef792f02189699707776b67591.jpg", "https://vocefiscal-poll-tape-uploads.s3.amazonaws.com/us-east-1%3Aa9720bee-9e0c-4850-8d39-7dfc1acb5102/br/ba/itagi/zona-0147/c04c4f92b902d16acf4eeeb5d81c27af.jpg", "https://vocefiscal-poll-tape-uploads.s3.amazonaws.com/us-east-1%3Aa9720bee-9e0c-4850-8d39-7dfc1acb5102/br/ba/itagi/zona-0147/f18647ebf91a3722ca29fafcef4c1da3.jpg", "https://vocefiscal-poll-tape-uploads.s3.amazonaws.com/us-east-1%3Aa9720bee-9e0c-4850-8d39-7dfc1acb5102/br/ba/itagi/zona-0147/8b87bdbc60030c1039bdede5a2e944cb.jpg", "https://vocefiscal-poll-tape-uploads.s3.amazonaws.com/us-east-1%3Aa9720bee-9e0c-4850-8d39-7dfc1acb5102/br/ba/itagi/zona-0147/662e2f35f0f2490de0eb147689729165.jpg", "https://vocefiscal-poll-tape-uploads.s3.amazonaws.com/us-east-1%3Aa9720bee-9e0c-4850-8d39-7dfc1acb5102/br/ba/itagi/zona-0147/7b40914001c74358ff43ec01e39f1f29.jpg", "https://vocefiscal-poll-tape-uploads.s3.amazonaws.com/us-east-1%3Aa9720bee-9e0c-4850-8d39-7dfc1acb5102/br/ba/itagi/zona-0147/47f655181652b883bf9729151138ff52.jpg", "https://vocefiscal-poll-tape-uploads.s3.amazonaws.com/us-east-1%3Aa9720bee-9e0c-4850-8d39-7dfc1acb5102/br/ba/itagi/zona-0147/81ab86460770913e0782c7736f362e1a.jpg"], "municipio": "ITAGI"}