{"data": 1412540784102, "estado": "BA", "secaoEleitoral": "0156", "zonaEleitoral": "0102", "pictureURLList": ["https://vocefiscal-poll-tape-uploads.s3.amazonaws.com/us-east-1%3A711e1b49-7df7-4398-a4e7-f974a7906b98/br/ba/canudos/zona-0102/2d1c9e034fda1cfdd9cc3e7be1f1d99d.jpg", "https://vocefiscal-poll-tape-uploads.s3.amazonaws.com/us-east-1%3A711e1b49-7df7-4398-a4e7-f974a7906b98/br/ba/canudos/zona-0102/71868326c9aad98395060e4fcbfb0a78.jpg", "https://vocefiscal-poll-tape-uploads.s3.amazonaws.com/us-east-1%3A711e1b49-7df7-4398-a4e7-f974a7906b98/br/ba/canudos/zona-0102/c24830063681ec1f53fc0eacadc62bd.jpg", "https://vocefiscal-poll-tape-uploads.s3.amazonaws.com/us-east-1%3A711e1b49-7df7-4398-a4e7-f974a7906b98/br/ba/canudos/zona-0102/926c1527d74de0fb090b503f74174573.jpg", "https://vocefiscal-poll-tape-uploads.s3.amazonaws.com/us-east-1%3A711e1b49-7df7-4398-a4e7-f974a7906b98/br/ba/canudos/zona-0102/9a22601335a015e1c7ad3c721175fe12.jpg", "https://vocefiscal-poll-tape-uploads.s3.amazonaws.com/us-east-1%3A711e1b49-7df7-4398-a4e7-f974a7906b98/br/ba/canudos/zona-0102/b89d63df4a772efeb0a3aea688cc1e38.jpg", "https://vocefiscal-poll-tape-uploads.s3.amazonaws.com/us-east-1%3A711e1b49-7df7-4398-a4e7-f974a7906b98/br/ba/canudos/zona-0102/fc3d86564112a4a40b5e64843274180f.jpg", "https://vocefiscal-poll-tape-uploads.s3.amazonaws.com/us-east-1%3A711e1b49-7df7-4398-a4e7-f974a7906b98/br/ba/canudos/zona-0102/d29a11a3d09cbbd6d0d7531f6ee47912.jpg", "https://vocefiscal-poll-tape-uploads.s3.amazonaws.com/us-east-1%3A711e1b49-7df7-4398-a4e7-f974a7906b98/br/ba/canudos/zona-0102/ca960898836a1eeac6dee68b9f1385a3.jpg", "https://vocefiscal-poll-tape-uploads.s3.amazonaws.com/us-east-1%3A711e1b49-7df7-4398-a4e7-f974a7906b98/br/ba/canudos/zona-0102/5ee463f1f29c999c77ec1a4f78746f18.jpg", "https://vocefiscal-poll-tape-uploads.s3.amazonaws.com/us-east-1%3A711e1b49-7df7-4398-a4e7-f974a7906b98/br/ba/canudos/zona-0102/8a4c91674063ae18b5cc4619c68c1f09.jpg", "https://vocefiscal-poll-tape-uploads.s3.amazonaws.com/us-east-1%3A711e1b49-7df7-4398-a4e7-f974a7906b98/br/ba/canudos/zona-0102/73884110b83db17b64083b9d8af7e1b8.jpg", "https://vocefiscal-poll-tape-uploads.s3.amazonaws.com/us-east-1%3A711e1b49-7df7-4398-a4e7-f974a7906b98/br/ba/canudos/zona-0102/814c5b9d687458cdde50e65930cb5b9a.jpg", "https://vocefiscal-poll-tape-uploads.s3.amazonaws.com/us-east-1%3A711e1b49-7df7-4398-a4e7-f974a7906b98/br/ba/canudos/zona-0102/e42addb4528bc73091be258f803717d0.jpg"], "municipio": "CANUDOS"}