{"data": 1412553360910, "pictureURLList": ["https://vocefiscal-poll-tape-uploads.s3.amazonaws.com/us-east-1%3Aabe22b0f-e2c3-4a4f-a305-19de4c8b5733/br/ba/candeias/zona-0127/992c42b2b0b40696db9ab773a9c8cb09.jpg", "https://vocefiscal-poll-tape-uploads.s3.amazonaws.com/us-east-1%3Aabe22b0f-e2c3-4a4f-a305-19de4c8b5733/br/ba/candeias/zona-0127/92a41bb3819af9d5b8220482a6878c09.jpg", "https://vocefiscal-poll-tape-uploads.s3.amazonaws.com/us-east-1%3Aabe22b0f-e2c3-4a4f-a305-19de4c8b5733/br/ba/candeias/zona-0127/a90ec49235d3e5e18f7ce5eb21a26124.jpg", "https://vocefiscal-poll-tape-uploads.s3.amazonaws.com/us-east-1%3Aabe22b0f-e2c3-4a4f-a305-19de4c8b5733/br/ba/candeias/zona-0127/1aff192d4728cd70dc789c52ecddb232.jpg", "https://vocefiscal-poll-tape-uploads.s3.amazonaws.com/us-east-1%3Aabe22b0f-e2c3-4a4f-a305-19de4c8b5733/br/ba/candeias/zona-0127/ad94d6acb1e5b9a75518dab230aba272.jpg", "https://vocefiscal-poll-tape-uploads.s3.amazonaws.com/us-east-1%3Aabe22b0f-e2c3-4a4f-a305-19de4c8b5733/br/ba/candeias/zona-0127/53850dd2b4eb24c9990f0d0d7aa6ba4f.jpg", "https://vocefiscal-poll-tape-uploads.s3.amazonaws.com/us-east-1%3Aabe22b0f-e2c3-4a4f-a305-19de4c8b5733/br/ba/candeias/zona-0127/c46849c5c752843c8a1c6a898f3637e.jpg", "https://vocefiscal-poll-tape-uploads.s3.amazonaws.com/us-east-1%3Aabe22b0f-e2c3-4a4f-a305-19de4c8b5733/br/ba/candeias/zona-0127/4cee5259aa52314fc4278759439e657e.jpg", "https://vocefiscal-poll-tape-uploads.s3.amazonaws.com/us-east-1%3Aabe22b0f-e2c3-4a4f-a305-19de4c8b5733/br/ba/candeias/zona-0127/fcd4ca864eb0dbe0ac0ea48a04abfca0.jpg", "https://vocefiscal-poll-tape-uploads.s3.amazonaws.com/us-east-1%3Aabe22b0f-e2c3-4a4f-a305-19de4c8b5733/br/ba/candeias/zona-0127/eda91da0f4215325ecd6915fe310eeda.jpg", "https://vocefiscal-poll-tape-uploads.s3.amazonaws.com/us-east-1%3Aabe22b0f-e2c3-4a4f-a305-19de4c8b5733/br/ba/candeias/zona-0127/e1e1e936ac849ac803624647d612a68f.jpg", "https://vocefiscal-poll-tape-uploads.s3.amazonaws.com/us-east-1%3Aabe22b0f-e2c3-4a4f-a305-19de4c8b5733/br/ba/candeias/zona-0127/deb5d7d708f78419253641f2a9936bb4.jpg", "https://vocefiscal-poll-tape-uploads.s3.amazonaws.com/us-east-1%3Aabe22b0f-e2c3-4a4f-a305-19de4c8b5733/br/ba/candeias/zona-0127/7f8168953c8980db2ed95444d6f80ce1.jpg", "https://vocefiscal-poll-tape-uploads.s3.amazonaws.com/us-east-1%3Aabe22b0f-e2c3-4a4f-a305-19de4c8b5733/br/ba/candeias/zona-0127/f17f8aaeefbe091db5b0fc2746370e93.jpg", "https://vocefiscal-poll-tape-uploads.s3.amazonaws.com/us-east-1%3Aabe22b0f-e2c3-4a4f-a305-19de4c8b5733/br/ba/candeias/zona-0127/2c9380cf69deccf87deee080511b09db.jpg", "https://vocefiscal-poll-tape-uploads.s3.amazonaws.com/us-east-1%3Aabe22b0f-e2c3-4a4f-a305-19de4c8b5733/br/ba/candeias/zona-0127/6f466e2360e24b2757f7cf828f4fdeb1.jpg", "https://vocefiscal-poll-tape-uploads.s3.amazonaws.com/us-east-1%3Aabe22b0f-e2c3-4a4f-a305-19de4c8b5733/br/ba/candeias/zona-0127/743201fb9beee214f8b87067f4aeb7e2.jpg", "https://vocefiscal-poll-tape-uploads.s3.amazonaws.com/us-east-1%3Aabe22b0f-e2c3-4a4f-a305-19de4c8b5733/br/ba/candeias/zona-0127/25c858a8757fedb76aee888bd0c3b17e.jpg", "https://vocefiscal-poll-tape-uploads.s3.amazonaws.com/us-east-1%3Aabe22b0f-e2c3-4a4f-a305-19de4c8b5733/br/ba/candeias/zona-0127/b58138038e02f0a883cd9de610450660.jpg", "https://vocefiscal-poll-tape-uploads.s3.amazonaws.com/us-east-1%3Aabe22b0f-e2c3-4a4f-a305-19de4c8b5733/br/ba/candeias/zona-0127/a74f1c20c83275832008a1e0c9138a21.jpg", "https://vocefiscal-poll-tape-uploads.s3.amazonaws.com/us-east-1%3Aabe22b0f-e2c3-4a4f-a305-19de4c8b5733/br/ba/candeias/zona-0127/7c128bb72e4554581dbf798db471936f.jpg", "https://vocefiscal-poll-tape-uploads.s3.amazonaws.com/us-east-1%3Aabe22b0f-e2c3-4a4f-a305-19de4c8b5733/br/ba/candeias/zona-0127/400415fef252d0813459ac3b890e4ce4.jpg"], "estado": "BA", "localDaVotacao": "1201", "zonaEleitoral": "0127", "secaoEleitoral": "0051", "municipio": "CANDEIAS"}