{"data": 1412547053434, "estado": "BA", "localDaVotacao": "1031", "zonaEleitoral": "0006", "secaoEleitoral": "0295", "pictureURLList": ["https://vocefiscal-poll-tape-uploads.s3.amazonaws.com/us-east-1%3A8bee662b-85fd-4990-9fcf-9205e1f01e3c/br/ba/salvador/zona-0006/a24408a1b728454ede2e2becfcb93fd8.jpg", "https://vocefiscal-poll-tape-uploads.s3.amazonaws.com/us-east-1%3A8bee662b-85fd-4990-9fcf-9205e1f01e3c/br/ba/salvador/zona-0006/cf505aa879d9248bc91c74caf52e690.jpg", "https://vocefiscal-poll-tape-uploads.s3.amazonaws.com/us-east-1%3A8bee662b-85fd-4990-9fcf-9205e1f01e3c/br/ba/salvador/zona-0006/6b68b7098002e73047d7a6e047166e26.jpg"], "municipio": "SALVADOR"}