{"data": 1412540339585, "estado": "BA", "localDaVotacao": "1511", "zonaEleitoral": "0041", "secaoEleitoral": "0178", "pictureURLList": ["https://vocefiscal-poll-tape-uploads.s3.amazonaws.com/us-east-1%3Ac867bfb9-0e98-4303-bdbe-08a68759c029/br/ba/vitoria-da-conquista/zona-0041/e9176def26295dd29c987141ac01d1d3.jpg", "https://vocefiscal-poll-tape-uploads.s3.amazonaws.com/us-east-1%3Ac867bfb9-0e98-4303-bdbe-08a68759c029/br/ba/vitoria-da-conquista/zona-0041/e9176def26295dd29c987141ac01d1d3.jpg", "https://vocefiscal-poll-tape-uploads.s3.amazonaws.com/us-east-1%3Ac867bfb9-0e98-4303-bdbe-08a68759c029/br/ba/vitoria-da-conquista/zona-0041/def09b1c62884e0ade4553f7a92f8060.jpg", "https://vocefiscal-poll-tape-uploads.s3.amazonaws.com/us-east-1%3Ac867bfb9-0e98-4303-bdbe-08a68759c029/br/ba/vitoria-da-conquista/zona-0041/9060916889426c4ebd427302118c2ddd.jpg", "https://vocefiscal-poll-tape-uploads.s3.amazonaws.com/us-east-1%3Ac867bfb9-0e98-4303-bdbe-08a68759c029/br/ba/vitoria-da-conquista/zona-0041/eb05b2ae4abaca3d6eaf027048794021.jpg", "https://vocefiscal-poll-tape-uploads.s3.amazonaws.com/us-east-1%3Ac867bfb9-0e98-4303-bdbe-08a68759c029/br/ba/vitoria-da-conquista/zona-0041/5918bbbdc2a13ad6c302450011c47f29.jpg", "https://vocefiscal-poll-tape-uploads.s3.amazonaws.com/us-east-1%3Ac867bfb9-0e98-4303-bdbe-08a68759c029/br/ba/vitoria-da-conquista/zona-0041/eb3c50f0dbbb21e7c179658cffaa67a2.jpg", "https://vocefiscal-poll-tape-uploads.s3.amazonaws.com/us-east-1%3Ac867bfb9-0e98-4303-bdbe-08a68759c029/br/ba/vitoria-da-conquista/zona-0041/49ffb8e307b1cbef6d82b5be330969e1.jpg", "https://vocefiscal-poll-tape-uploads.s3.amazonaws.com/us-east-1%3Ac867bfb9-0e98-4303-bdbe-08a68759c029/br/ba/vitoria-da-conquista/zona-0041/fc159635f54865202ffba6e3e256b713.jpg", "https://vocefiscal-poll-tape-uploads.s3.amazonaws.com/us-east-1%3Ac867bfb9-0e98-4303-bdbe-08a68759c029/br/ba/vitoria-da-conquista/zona-0041/a7c251c784e570f295a0506db675506b.jpg", "https://vocefiscal-poll-tape-uploads.s3.amazonaws.com/us-east-1%3Ac867bfb9-0e98-4303-bdbe-08a68759c029/br/ba/vitoria-da-conquista/zona-0041/a46014e21fbc3a04a9330b44085cdbdc.jpg", "https://vocefiscal-poll-tape-uploads.s3.amazonaws.com/us-east-1%3Ac867bfb9-0e98-4303-bdbe-08a68759c029/br/ba/vitoria-da-conquista/zona-0041/ee13d3f4d294cd4109c8e5ad2afdf3df.jpg", "https://vocefiscal-poll-tape-uploads.s3.amazonaws.com/us-east-1%3Ac867bfb9-0e98-4303-bdbe-08a68759c029/br/ba/vitoria-da-conquista/zona-0041/2d88cb73e1f5110aa6d728ec8075c723.jpg", "https://vocefiscal-poll-tape-uploads.s3.amazonaws.com/us-east-1%3Ac867bfb9-0e98-4303-bdbe-08a68759c029/br/ba/vitoria-da-conquista/zona-0041/6efabda3a31102cf2e3192c6ef5d0b08.jpg", "https://vocefiscal-poll-tape-uploads.s3.amazonaws.com/us-east-1%3Ac867bfb9-0e98-4303-bdbe-08a68759c029/br/ba/vitoria-da-conquista/zona-0041/7d85b9ce6c18a55406c5460bccd00a28.jpg", "https://vocefiscal-poll-tape-uploads.s3.amazonaws.com/us-east-1%3Ac867bfb9-0e98-4303-bdbe-08a68759c029/br/ba/vitoria-da-conquista/zona-0041/9fd2c2493292cc2f795bbfaa6ee5fa71.jpg", "https://vocefiscal-poll-tape-uploads.s3.amazonaws.com/us-east-1%3Ac867bfb9-0e98-4303-bdbe-08a68759c029/br/ba/vitoria-da-conquista/zona-0041/f8ba0052e7307c29178223bacd460690.jpg", "https://vocefiscal-poll-tape-uploads.s3.amazonaws.com/us-east-1%3Ac867bfb9-0e98-4303-bdbe-08a68759c029/br/ba/vitoria-da-conquista/zona-0041/b4ca78c23d5517747f23d40801acb47a.jpg", "https://vocefiscal-poll-tape-uploads.s3.amazonaws.com/us-east-1%3Ac867bfb9-0e98-4303-bdbe-08a68759c029/br/ba/vitoria-da-conquista/zona-0041/ffedf2ee77ad550838f75a6e29413710.jpg", "https://vocefiscal-poll-tape-uploads.s3.amazonaws.com/us-east-1%3Ac867bfb9-0e98-4303-bdbe-08a68759c029/br/ba/vitoria-da-conquista/zona-0041/340509b12f18cc519b6d6bda9da7ba4c.jpg", "https://vocefiscal-poll-tape-uploads.s3.amazonaws.com/us-east-1%3Ac867bfb9-0e98-4303-bdbe-08a68759c029/br/ba/vitoria-da-conquista/zona-0041/bc151de6edf95804eb4ef88a7cdce81.jpg", "https://vocefiscal-poll-tape-uploads.s3.amazonaws.com/us-east-1%3Ac867bfb9-0e98-4303-bdbe-08a68759c029/br/ba/vitoria-da-conquista/zona-0041/3a628df8d196ba90c3bd794b6c923f09.jpg", "https://vocefiscal-poll-tape-uploads.s3.amazonaws.com/us-east-1%3Ac867bfb9-0e98-4303-bdbe-08a68759c029/br/ba/vitoria-da-conquista/zona-0041/bb0b580b7c1dc42b1a603f5e9bd8ba5c.jpg"], "municipio": "VIT\u00d3RIA DA CONQUISTA"}