{"data": 1412541059465, "pictureURLList": ["https://vocefiscal-poll-tape-uploads.s3.amazonaws.com/us-east-1%3Adaccca2e-3a10-4227-917e-d320a758b5d8/br/ba/salvador/zona-0001/c89aecebe3ace59b77c8990877ab9bdf.jpg", "https://vocefiscal-poll-tape-uploads.s3.amazonaws.com/us-east-1%3Adaccca2e-3a10-4227-917e-d320a758b5d8/br/ba/salvador/zona-0001/e214fdfff7048f3c10f9b31a7d10e01.jpg", "https://vocefiscal-poll-tape-uploads.s3.amazonaws.com/us-east-1%3Adaccca2e-3a10-4227-917e-d320a758b5d8/br/ba/salvador/zona-0001/4aeff9bd495555ad39a832fad98930ce.jpg"], "estado": "BA", "localDaVotacao": "1449", "zonaEleitoral": "0001", "secaoEleitoral": "0239", "municipio": "SALVADOR"}