{"data": 1412566279163, "estado": "BA", "localDaVotacao": "1040", "zonaEleitoral": "0041", "secaoEleitoral": "0122", "pictureURLList": ["https://vocefiscal-poll-tape-uploads.s3.amazonaws.com/us-east-1%3A695adab1-8a65-4d65-8a05-20168a27bc8e/br/ba/vitoria-da-conquista/zona-0041/84e3fc1906f63723d1b6eee2f26929c6.jpg", "https://vocefiscal-poll-tape-uploads.s3.amazonaws.com/us-east-1%3A695adab1-8a65-4d65-8a05-20168a27bc8e/br/ba/vitoria-da-conquista/zona-0041/f30887e4d862850633366da8b799a58a.jpg", "https://vocefiscal-poll-tape-uploads.s3.amazonaws.com/us-east-1%3A695adab1-8a65-4d65-8a05-20168a27bc8e/br/ba/vitoria-da-conquista/zona-0041/53d7af944a84ff0b3ade24eab753fa1d.jpg", "https://vocefiscal-poll-tape-uploads.s3.amazonaws.com/us-east-1%3A695adab1-8a65-4d65-8a05-20168a27bc8e/br/ba/vitoria-da-conquista/zona-0041/31cfc9c25620d1823b04715e5eb1da92.jpg", "https://vocefiscal-poll-tape-uploads.s3.amazonaws.com/us-east-1%3A695adab1-8a65-4d65-8a05-20168a27bc8e/br/ba/vitoria-da-conquista/zona-0041/93bfac314950eabbd15c696fedcac1b6.jpg", "https://vocefiscal-poll-tape-uploads.s3.amazonaws.com/us-east-1%3A695adab1-8a65-4d65-8a05-20168a27bc8e/br/ba/vitoria-da-conquista/zona-0041/8a256c76e0649a4e3c05a709f732d882.jpg", "https://vocefiscal-poll-tape-uploads.s3.amazonaws.com/us-east-1%3A695adab1-8a65-4d65-8a05-20168a27bc8e/br/ba/vitoria-da-conquista/zona-0041/e5a790105cdd744b9e62abee277186a1.jpg", "https://vocefiscal-poll-tape-uploads.s3.amazonaws.com/us-east-1%3A695adab1-8a65-4d65-8a05-20168a27bc8e/br/ba/vitoria-da-conquista/zona-0041/ba3eca4c6f149b99946ce182a4852ef9.jpg", "https://vocefiscal-poll-tape-uploads.s3.amazonaws.com/us-east-1%3A695adab1-8a65-4d65-8a05-20168a27bc8e/br/ba/vitoria-da-conquista/zona-0041/7b5c08275de5b828c8e086161f95a4ef.jpg", "https://vocefiscal-poll-tape-uploads.s3.amazonaws.com/us-east-1%3A695adab1-8a65-4d65-8a05-20168a27bc8e/br/ba/vitoria-da-conquista/zona-0041/98ab200b38dadab03658836e93e632ce.jpg", "https://vocefiscal-poll-tape-uploads.s3.amazonaws.com/us-east-1%3A695adab1-8a65-4d65-8a05-20168a27bc8e/br/ba/vitoria-da-conquista/zona-0041/a29a4dd0f064716de8b72e9911784088.jpg", "https://vocefiscal-poll-tape-uploads.s3.amazonaws.com/us-east-1%3A695adab1-8a65-4d65-8a05-20168a27bc8e/br/ba/vitoria-da-conquista/zona-0041/a7362849bdc18aa1e4b32827dfe742ad.jpg", "https://vocefiscal-poll-tape-uploads.s3.amazonaws.com/us-east-1%3A695adab1-8a65-4d65-8a05-20168a27bc8e/br/ba/vitoria-da-conquista/zona-0041/c8a0613a94e22d180316ae280b100555.jpg", "https://vocefiscal-poll-tape-uploads.s3.amazonaws.com/us-east-1%3A695adab1-8a65-4d65-8a05-20168a27bc8e/br/ba/vitoria-da-conquista/zona-0041/f51af0f475fbf1b6babe86eb21e7301c.jpg", "https://vocefiscal-poll-tape-uploads.s3.amazonaws.com/us-east-1%3A695adab1-8a65-4d65-8a05-20168a27bc8e/br/ba/vitoria-da-conquista/zona-0041/ab5b358dc06c66b8770c272f472447bd.jpg", "https://vocefiscal-poll-tape-uploads.s3.amazonaws.com/us-east-1%3A695adab1-8a65-4d65-8a05-20168a27bc8e/br/ba/vitoria-da-conquista/zona-0041/82de27fbd32ec30bd2ef63b06ad85da7.jpg", "https://vocefiscal-poll-tape-uploads.s3.amazonaws.com/us-east-1%3A695adab1-8a65-4d65-8a05-20168a27bc8e/br/ba/vitoria-da-conquista/zona-0041/cfce5e00fcc9d1abcc401bbad30d3b6c.jpg", "https://vocefiscal-poll-tape-uploads.s3.amazonaws.com/us-east-1%3A695adab1-8a65-4d65-8a05-20168a27bc8e/br/ba/vitoria-da-conquista/zona-0041/7cc51bb6e52b7e4e9266a7342435b6b1.jpg", "https://vocefiscal-poll-tape-uploads.s3.amazonaws.com/us-east-1%3A695adab1-8a65-4d65-8a05-20168a27bc8e/br/ba/vitoria-da-conquista/zona-0041/5dd807379226bacfd39b65797261cfd.jpg", "https://vocefiscal-poll-tape-uploads.s3.amazonaws.com/us-east-1%3A695adab1-8a65-4d65-8a05-20168a27bc8e/br/ba/vitoria-da-conquista/zona-0041/8ba6bb504460fefb5828277fb618f6f.jpg", "https://vocefiscal-poll-tape-uploads.s3.amazonaws.com/us-east-1%3A695adab1-8a65-4d65-8a05-20168a27bc8e/br/ba/vitoria-da-conquista/zona-0041/ed27fc27deca3fdd0ace0fe63a443460.jpg", "https://vocefiscal-poll-tape-uploads.s3.amazonaws.com/us-east-1%3A695adab1-8a65-4d65-8a05-20168a27bc8e/br/ba/vitoria-da-conquista/zona-0041/5c72ab56ecbb8693adfe66da1a9d37c1.jpg", "https://vocefiscal-poll-tape-uploads.s3.amazonaws.com/us-east-1%3A695adab1-8a65-4d65-8a05-20168a27bc8e/br/ba/vitoria-da-conquista/zona-0041/6f233d15bfaa0928d44015a1ce15c691.jpg", "https://vocefiscal-poll-tape-uploads.s3.amazonaws.com/us-east-1%3A695adab1-8a65-4d65-8a05-20168a27bc8e/br/ba/vitoria-da-conquista/zona-0041/5c8a995df581cfacf1d53727f60af0ae.jpg", "https://vocefiscal-poll-tape-uploads.s3.amazonaws.com/us-east-1%3A695adab1-8a65-4d65-8a05-20168a27bc8e/br/ba/vitoria-da-conquista/zona-0041/1eb1e5b98297bf4e2b93d86879b06841.jpg", "https://vocefiscal-poll-tape-uploads.s3.amazonaws.com/us-east-1%3A695adab1-8a65-4d65-8a05-20168a27bc8e/br/ba/vitoria-da-conquista/zona-0041/80731299310d8e19c52d62e78ae5dfe2.jpg", "https://vocefiscal-poll-tape-uploads.s3.amazonaws.com/us-east-1%3A695adab1-8a65-4d65-8a05-20168a27bc8e/br/ba/vitoria-da-conquista/zona-0041/306b4d09ec4f0d845f62ae0c325f67a2.jpg", "https://vocefiscal-poll-tape-uploads.s3.amazonaws.com/us-east-1%3A695adab1-8a65-4d65-8a05-20168a27bc8e/br/ba/vitoria-da-conquista/zona-0041/4d0ee78f4af5fa296abab2f680a0dcdf.jpg"], "municipio": "VIT\u00d3RIA DA CONQUISTA"}