{"data": 1412541610112, "pictureURLList": ["https://vocefiscal-poll-tape-uploads.s3.amazonaws.com/us-east-1%3A1b3751b2-b62a-49d5-8274-301edcce98b4/br/ba/vitoria-da-conquista/zona-0041/ddccc8f23003d34b2c5bf994b295ba3b.jpg", "https://vocefiscal-poll-tape-uploads.s3.amazonaws.com/us-east-1%3A1b3751b2-b62a-49d5-8274-301edcce98b4/br/ba/vitoria-da-conquista/zona-0041/50ee53444f4099cbca9cf6e0729229f7.jpg", "https://vocefiscal-poll-tape-uploads.s3.amazonaws.com/us-east-1%3A1b3751b2-b62a-49d5-8274-301edcce98b4/br/ba/vitoria-da-conquista/zona-0041/9217acca8fc32d339be8a4baffba3a7b.jpg", "https://vocefiscal-poll-tape-uploads.s3.amazonaws.com/us-east-1%3A1b3751b2-b62a-49d5-8274-301edcce98b4/br/ba/vitoria-da-conquista/zona-0041/7063f7a4a861be507ec5da6b0449724b.jpg", "https://vocefiscal-poll-tape-uploads.s3.amazonaws.com/us-east-1%3A1b3751b2-b62a-49d5-8274-301edcce98b4/br/ba/vitoria-da-conquista/zona-0041/df82738dab61494eef1f438305082848.jpg", "https://vocefiscal-poll-tape-uploads.s3.amazonaws.com/us-east-1%3A1b3751b2-b62a-49d5-8274-301edcce98b4/br/ba/vitoria-da-conquista/zona-0041/3cd071e25012f0fa2ea657f35620a2e5.jpg", "https://vocefiscal-poll-tape-uploads.s3.amazonaws.com/us-east-1%3A1b3751b2-b62a-49d5-8274-301edcce98b4/br/ba/vitoria-da-conquista/zona-0041/b3c9a0a779cc736469dfbb0296a3fe8.jpg", "https://vocefiscal-poll-tape-uploads.s3.amazonaws.com/us-east-1%3A1b3751b2-b62a-49d5-8274-301edcce98b4/br/ba/vitoria-da-conquista/zona-0041/ec6365043bedb5ec689cfee416dcc598.jpg", "https://vocefiscal-poll-tape-uploads.s3.amazonaws.com/us-east-1%3A1b3751b2-b62a-49d5-8274-301edcce98b4/br/ba/vitoria-da-conquista/zona-0041/216310cc438618acdee829b01e73393a.jpg", "https://vocefiscal-poll-tape-uploads.s3.amazonaws.com/us-east-1%3A1b3751b2-b62a-49d5-8274-301edcce98b4/br/ba/vitoria-da-conquista/zona-0041/93d7c2ca940cc6f279fa137055565df1.jpg", "https://vocefiscal-poll-tape-uploads.s3.amazonaws.com/us-east-1%3A1b3751b2-b62a-49d5-8274-301edcce98b4/br/ba/vitoria-da-conquista/zona-0041/9726367d6bbaaac1b8607835eab9200e.jpg", "https://vocefiscal-poll-tape-uploads.s3.amazonaws.com/us-east-1%3A1b3751b2-b62a-49d5-8274-301edcce98b4/br/ba/vitoria-da-conquista/zona-0041/533e2f10b7c578c198aed9819f77d92c.jpg", "https://vocefiscal-poll-tape-uploads.s3.amazonaws.com/us-east-1%3A1b3751b2-b62a-49d5-8274-301edcce98b4/br/ba/vitoria-da-conquista/zona-0041/c242a1c70f23f3abecce092461d7d368.jpg", "https://vocefiscal-poll-tape-uploads.s3.amazonaws.com/us-east-1%3A1b3751b2-b62a-49d5-8274-301edcce98b4/br/ba/vitoria-da-conquista/zona-0041/910685742e2f61ac4d9d04a906d0c5f3.jpg"], "estado": "BA", "localDaVotacao": "1325", "zonaEleitoral": "0041", "secaoEleitoral": "0082", "municipio": "VIT\u00d3RIA DA CONQUISTA"}