{"data": 1412541010973, "estado": "BA", "localDaVotacao": "1350", "zonaEleitoral": "0001", "secaoEleitoral": "0207", "pictureURLList": ["https://vocefiscal-poll-tape-uploads.s3.amazonaws.com/us-east-1%3A0472b159-127f-4846-acbb-34df52dd359d/br/ba/salvador/zona-0001/ffab2f72e2369d115b012312dee13394.jpg", "https://vocefiscal-poll-tape-uploads.s3.amazonaws.com/us-east-1%3A0472b159-127f-4846-acbb-34df52dd359d/br/ba/salvador/zona-0001/20b83eb199c7ae29c3e34946f3bd0213.jpg", "https://vocefiscal-poll-tape-uploads.s3.amazonaws.com/us-east-1%3A0472b159-127f-4846-acbb-34df52dd359d/br/ba/salvador/zona-0001/2d9598105cc0f83f5950614980899262.jpg", "https://vocefiscal-poll-tape-uploads.s3.amazonaws.com/us-east-1%3A0472b159-127f-4846-acbb-34df52dd359d/br/ba/salvador/zona-0001/e54d6f015ac70aae16e2a12b806fa335.jpg", "https://vocefiscal-poll-tape-uploads.s3.amazonaws.com/us-east-1%3A0472b159-127f-4846-acbb-34df52dd359d/br/ba/salvador/zona-0001/6feb5eebc98a013412495f8c0be05324.jpg", "https://vocefiscal-poll-tape-uploads.s3.amazonaws.com/us-east-1%3A0472b159-127f-4846-acbb-34df52dd359d/br/ba/salvador/zona-0001/3edea594d0ea94814e6cba22346225e7.jpg", "https://vocefiscal-poll-tape-uploads.s3.amazonaws.com/us-east-1%3A0472b159-127f-4846-acbb-34df52dd359d/br/ba/salvador/zona-0001/99ea1adb349ce977e0762bd52b87fffa.jpg", "https://vocefiscal-poll-tape-uploads.s3.amazonaws.com/us-east-1%3A0472b159-127f-4846-acbb-34df52dd359d/br/ba/salvador/zona-0001/9b2e97d06e36115d71222b167ef3db64.jpg", "https://vocefiscal-poll-tape-uploads.s3.amazonaws.com/us-east-1%3A0472b159-127f-4846-acbb-34df52dd359d/br/ba/salvador/zona-0001/9250d9ca795c384da23aebfffdcef88c.jpg", "https://vocefiscal-poll-tape-uploads.s3.amazonaws.com/us-east-1%3A0472b159-127f-4846-acbb-34df52dd359d/br/ba/salvador/zona-0001/4a6a8cf0ee6e00296e5eb097ff071d25.jpg", "https://vocefiscal-poll-tape-uploads.s3.amazonaws.com/us-east-1%3A0472b159-127f-4846-acbb-34df52dd359d/br/ba/salvador/zona-0001/76c09221a4d914558930e2ff0601bc67.jpg", "https://vocefiscal-poll-tape-uploads.s3.amazonaws.com/us-east-1%3A0472b159-127f-4846-acbb-34df52dd359d/br/ba/salvador/zona-0001/fe12c0d4fd125ec720dd59fa045867a7.jpg"], "municipio": "SALVADOR"}