{"estado": "CE", "municipio": "FORTALEZA", "data": 1412545282269, "secaoEleitoral": "0696", "pictureURLList": ["https://vocefiscal-poll-tape-uploads.s3.amazonaws.com/us-east-1%3A683531b0-15da-4cda-8ca3-61a76a92c2cf/br/ce/fortaleza/zona-0002/11584e68b81f69876d579c702c0e5951.jpg", "https://vocefiscal-poll-tape-uploads.s3.amazonaws.com/us-east-1%3A683531b0-15da-4cda-8ca3-61a76a92c2cf/br/ce/fortaleza/zona-0002/15212e27476462cd0276523d0643e8e9.jpg", "https://vocefiscal-poll-tape-uploads.s3.amazonaws.com/us-east-1%3A683531b0-15da-4cda-8ca3-61a76a92c2cf/br/ce/fortaleza/zona-0002/f7be9544ec34ccdd3baf6e7532ab4b39.jpg", "https://vocefiscal-poll-tape-uploads.s3.amazonaws.com/us-east-1%3A683531b0-15da-4cda-8ca3-61a76a92c2cf/br/ce/fortaleza/zona-0002/a0b11806d7c4f43cdac48cf9071457c2.jpg", "https://vocefiscal-poll-tape-uploads.s3.amazonaws.com/us-east-1%3A683531b0-15da-4cda-8ca3-61a76a92c2cf/br/ce/fortaleza/zona-0002/4c9c3a326cf90a4b23d4ab6282bb6c3b.jpg", "https://vocefiscal-poll-tape-uploads.s3.amazonaws.com/us-east-1%3A683531b0-15da-4cda-8ca3-61a76a92c2cf/br/ce/fortaleza/zona-0002/650617dd5edf627220e84d021b7d28e4.jpg", "https://vocefiscal-poll-tape-uploads.s3.amazonaws.com/us-east-1%3A683531b0-15da-4cda-8ca3-61a76a92c2cf/br/ce/fortaleza/zona-0002/2eb1bb169b5ac964980e7dee5f051185.jpg", "https://vocefiscal-poll-tape-uploads.s3.amazonaws.com/us-east-1%3A683531b0-15da-4cda-8ca3-61a76a92c2cf/br/ce/fortaleza/zona-0002/342a93ce2839e6cd1dc20f9823f52ca4.jpg", "https://vocefiscal-poll-tape-uploads.s3.amazonaws.com/us-east-1%3A683531b0-15da-4cda-8ca3-61a76a92c2cf/br/ce/fortaleza/zona-0002/d181ce98790e6cd794d9c29664a51241.jpg", "https://vocefiscal-poll-tape-uploads.s3.amazonaws.com/us-east-1%3A683531b0-15da-4cda-8ca3-61a76a92c2cf/br/ce/fortaleza/zona-0002/c3c5d935a78f3e54dda49e97813c9a46.jpg", "https://vocefiscal-poll-tape-uploads.s3.amazonaws.com/us-east-1%3A683531b0-15da-4cda-8ca3-61a76a92c2cf/br/ce/fortaleza/zona-0002/139430f8fb662a57e2e577b8b1449214.jpg", "https://vocefiscal-poll-tape-uploads.s3.amazonaws.com/us-east-1%3A683531b0-15da-4cda-8ca3-61a76a92c2cf/br/ce/fortaleza/zona-0002/fb12c6f1c9520ffc8b34fc428cf3cee2.jpg", "https://vocefiscal-poll-tape-uploads.s3.amazonaws.com/us-east-1%3A683531b0-15da-4cda-8ca3-61a76a92c2cf/br/ce/fortaleza/zona-0002/b9964ae8f11e9460b5037f4acaccc39b.jpg", "https://vocefiscal-poll-tape-uploads.s3.amazonaws.com/us-east-1%3A683531b0-15da-4cda-8ca3-61a76a92c2cf/br/ce/fortaleza/zona-0002/48161a58a3fa495ec8de9cc2031f283d.jpg", "https://vocefiscal-poll-tape-uploads.s3.amazonaws.com/us-east-1%3A683531b0-15da-4cda-8ca3-61a76a92c2cf/br/ce/fortaleza/zona-0002/5fff87bb9b68fac20c1ddbfd9d696cb8.jpg", "https://vocefiscal-poll-tape-uploads.s3.amazonaws.com/us-east-1%3A683531b0-15da-4cda-8ca3-61a76a92c2cf/br/ce/fortaleza/zona-0002/47b21ebec94afd53a683daaedd930229.jpg", "https://vocefiscal-poll-tape-uploads.s3.amazonaws.com/us-east-1%3A683531b0-15da-4cda-8ca3-61a76a92c2cf/br/ce/fortaleza/zona-0002/db61bc75d782a70f3553880e78cda336.jpg", "https://vocefiscal-poll-tape-uploads.s3.amazonaws.com/us-east-1%3A683531b0-15da-4cda-8ca3-61a76a92c2cf/br/ce/fortaleza/zona-0002/bba3958cf63602453587eaf6c3a6b977.jpg", "https://vocefiscal-poll-tape-uploads.s3.amazonaws.com/us-east-1%3A683531b0-15da-4cda-8ca3-61a76a92c2cf/br/ce/fortaleza/zona-0002/a9ad6ffecc98a946d17280e563dad734.jpg", "https://vocefiscal-poll-tape-uploads.s3.amazonaws.com/us-east-1%3A683531b0-15da-4cda-8ca3-61a76a92c2cf/br/ce/fortaleza/zona-0002/af9069dd61b7f392a88240726d8a0757.jpg", "https://vocefiscal-poll-tape-uploads.s3.amazonaws.com/us-east-1%3A683531b0-15da-4cda-8ca3-61a76a92c2cf/br/ce/fortaleza/zona-0002/a51234d87831928057db9379498101eb.jpg", "https://vocefiscal-poll-tape-uploads.s3.amazonaws.com/us-east-1%3A683531b0-15da-4cda-8ca3-61a76a92c2cf/br/ce/fortaleza/zona-0002/6b18b44b7bb8a178883cecd87bd0b2dd.jpg", "https://vocefiscal-poll-tape-uploads.s3.amazonaws.com/us-east-1%3A683531b0-15da-4cda-8ca3-61a76a92c2cf/br/ce/fortaleza/zona-0002/71d564dc26d66700bf7bc020449f10df.jpg", "https://vocefiscal-poll-tape-uploads.s3.amazonaws.com/us-east-1%3A683531b0-15da-4cda-8ca3-61a76a92c2cf/br/ce/fortaleza/zona-0002/728cfa0e48e6d168f9ecf2d69296602.jpg", "https://vocefiscal-poll-tape-uploads.s3.amazonaws.com/us-east-1%3A683531b0-15da-4cda-8ca3-61a76a92c2cf/br/ce/fortaleza/zona-0002/90989f3e4c8ed9d799afc16c7ad9c559.jpg", "https://vocefiscal-poll-tape-uploads.s3.amazonaws.com/us-east-1%3A683531b0-15da-4cda-8ca3-61a76a92c2cf/br/ce/fortaleza/zona-0002/e055c144d3919a46d401358228387627.jpg", "https://vocefiscal-poll-tape-uploads.s3.amazonaws.com/us-east-1%3A683531b0-15da-4cda-8ca3-61a76a92c2cf/br/ce/fortaleza/zona-0002/16d4492601bbed139f82e56b7f0a14f0.jpg", "https://vocefiscal-poll-tape-uploads.s3.amazonaws.com/us-east-1%3A683531b0-15da-4cda-8ca3-61a76a92c2cf/br/ce/fortaleza/zona-0002/1e710df3a9c4116f0c8b6adf57598931.jpg"], "zonaEleitoral": "0002", "localDaVotacao": "1775"}