{"data": 1412540702821, "pictureURLList": ["https://vocefiscal-poll-tape-uploads.s3.amazonaws.com/us-east-1%3A69fe0ef9-6346-4c1c-ac1d-7b52094019d6/br/ba/lafaiete-coutinho/zona-0037/13f34449dab44a639cf0154b8557891.jpg", "https://vocefiscal-poll-tape-uploads.s3.amazonaws.com/us-east-1%3A69fe0ef9-6346-4c1c-ac1d-7b52094019d6/br/ba/lafaiete-coutinho/zona-0037/7c39bf58b7e83905d0dfced2988958c5.jpg", "https://vocefiscal-poll-tape-uploads.s3.amazonaws.com/us-east-1%3A69fe0ef9-6346-4c1c-ac1d-7b52094019d6/br/ba/lafaiete-coutinho/zona-0037/457ed440d5941ec158bb5ec443ffe4c0.jpg", "https://vocefiscal-poll-tape-uploads.s3.amazonaws.com/us-east-1%3A69fe0ef9-6346-4c1c-ac1d-7b52094019d6/br/ba/lafaiete-coutinho/zona-0037/714b9404ef436d3e7428f1815b58e351.jpg", "https://vocefiscal-poll-tape-uploads.s3.amazonaws.com/us-east-1%3A69fe0ef9-6346-4c1c-ac1d-7b52094019d6/br/ba/lafaiete-coutinho/zona-0037/cf21fd9014ff940c3ec5b251fb648da2.jpg", "https://vocefiscal-poll-tape-uploads.s3.amazonaws.com/us-east-1%3A69fe0ef9-6346-4c1c-ac1d-7b52094019d6/br/ba/lafaiete-coutinho/zona-0037/d0e9c86b4edbe0b4be70029a93b5b1fd.jpg", "https://vocefiscal-poll-tape-uploads.s3.amazonaws.com/us-east-1%3A69fe0ef9-6346-4c1c-ac1d-7b52094019d6/br/ba/lafaiete-coutinho/zona-0037/4848a480a85f944b8099fdbdf082664.jpg", "https://vocefiscal-poll-tape-uploads.s3.amazonaws.com/us-east-1%3A69fe0ef9-6346-4c1c-ac1d-7b52094019d6/br/ba/lafaiete-coutinho/zona-0037/fef899f4c1ea3ec185779f1a2666e7b8.jpg", "https://vocefiscal-poll-tape-uploads.s3.amazonaws.com/us-east-1%3A69fe0ef9-6346-4c1c-ac1d-7b52094019d6/br/ba/lafaiete-coutinho/zona-0037/f79bfcd47aac786b89b5441c00c9b30d.jpg", "https://vocefiscal-poll-tape-uploads.s3.amazonaws.com/us-east-1%3A69fe0ef9-6346-4c1c-ac1d-7b52094019d6/br/ba/lafaiete-coutinho/zona-0037/2fae29237294995cdc0ce582ada2a8f5.jpg", "https://vocefiscal-poll-tape-uploads.s3.amazonaws.com/us-east-1%3A69fe0ef9-6346-4c1c-ac1d-7b52094019d6/br/ba/lafaiete-coutinho/zona-0037/8f6d879e317e7db01aa8764c6fdc0219.jpg", "https://vocefiscal-poll-tape-uploads.s3.amazonaws.com/us-east-1%3A69fe0ef9-6346-4c1c-ac1d-7b52094019d6/br/ba/lafaiete-coutinho/zona-0037/ab11ae6c22594e8206391d5020e98bfd.jpg", "https://vocefiscal-poll-tape-uploads.s3.amazonaws.com/us-east-1%3A69fe0ef9-6346-4c1c-ac1d-7b52094019d6/br/ba/lafaiete-coutinho/zona-0037/d679ba207df5ed607490eb4983438804.jpg"], "estado": "BA", "localDaVotacao": "1112", "zonaEleitoral": "0037", "secaoEleitoral": "0172", "municipio": "LAFAIETE COUTINHO"}