{"pictureURLList": ["https://vocefiscal-poll-tape-uploads.s3.amazonaws.com/us-east-1%3A9871ec69-a0d8-4759-ac6d-363509d3851a/br/ce/abaiara/zona-0003/a7be2736db069aaf5389e1207304c4eb.jpg", "https://vocefiscal-poll-tape-uploads.s3.amazonaws.com/us-east-1%3A9871ec69-a0d8-4759-ac6d-363509d3851a/br/ce/abaiara/zona-0003/f32806306df81ef92675226e722c3127.jpg", "https://vocefiscal-poll-tape-uploads.s3.amazonaws.com/us-east-1%3A9871ec69-a0d8-4759-ac6d-363509d3851a/br/ce/abaiara/zona-0003/3d39a8bd2f05a055affb5afa91e5402d.jpg", "https://vocefiscal-poll-tape-uploads.s3.amazonaws.com/us-east-1%3A9871ec69-a0d8-4759-ac6d-363509d3851a/br/ce/abaiara/zona-0003/4dc077c29be5fff0ca55eb128c312c63.jpg", "https://vocefiscal-poll-tape-uploads.s3.amazonaws.com/us-east-1%3A9871ec69-a0d8-4759-ac6d-363509d3851a/br/ce/abaiara/zona-0003/323bd855b35751e3ebeaea7bd059996d.jpg", "https://vocefiscal-poll-tape-uploads.s3.amazonaws.com/us-east-1%3A9871ec69-a0d8-4759-ac6d-363509d3851a/br/ce/abaiara/zona-0003/6faa4b3b47b112458b534b74c27d199c.jpg", "https://vocefiscal-poll-tape-uploads.s3.amazonaws.com/us-east-1%3A9871ec69-a0d8-4759-ac6d-363509d3851a/br/ce/abaiara/zona-0003/3cf362113ab56acfb705045057da55d.jpg"], "data": 1414355597414, "estado": "CE", "municipio": "ABAIARA", "zonaEleitoral": "0003", "localDaVotacao": "1660", "secaoEleitoral": "0196"}