{"pictureURLList": ["https://vocefiscal-poll-tape-uploads.s3.amazonaws.com/us-east-1%3A75585a30-2522-49d2-83ac-271b269264c9/br/ce/russas/zona-0009/85fb59e7169576b4bfbb145666cc6dd5.jpg", "https://vocefiscal-poll-tape-uploads.s3.amazonaws.com/us-east-1%3A75585a30-2522-49d2-83ac-271b269264c9/br/ce/russas/zona-0009/80eaa885276439a1363e8cb55810eaf3.jpg", "https://vocefiscal-poll-tape-uploads.s3.amazonaws.com/us-east-1%3A75585a30-2522-49d2-83ac-271b269264c9/br/ce/russas/zona-0009/f4758b2d2b1179c7598ed541079466c4.jpg"], "data": 1414354524556, "estado": "CE", "municipio": "RUSSAS", "zonaEleitoral": "0009", "secaoEleitoral": "0175"}