{"estado": "PA", "localDaVotacao": "1023", "municipio": "PONTA DE PEDRAS", "pictureURLList": ["https://vocefiscal-poll-tape-uploads.s3.amazonaws.com/us-east-1%3A330b8eb2-1089-4bf8-89ae-6dea0bed88c6/br/pa/ponta-de-pedras/zona-0027/fa58e9acf3add25b624c2e754682a67b.jpg", "https://vocefiscal-poll-tape-uploads.s3.amazonaws.com/us-east-1%3A330b8eb2-1089-4bf8-89ae-6dea0bed88c6/br/pa/ponta-de-pedras/zona-0027/553d817c7fc27623c9cd4e9671e3d96f.jpg"], "data": 1414354995376, "secaoEleitoral": "0026", "zonaEleitoral": "0027"}