{"estado": "CE", "municipio": "FORTALEZA", "data": 1412540637725, "secaoEleitoral": "0051", "pictureURLList": ["https://vocefiscal-poll-tape-uploads.s3.amazonaws.com/us-east-1%3Adec3425e-f2d4-43bb-b0a1-c575ec5b32f1/br/ce/fortaleza/zona-0117/3624680c73ba39295fea9e7d191f10ab.jpg", "https://vocefiscal-poll-tape-uploads.s3.amazonaws.com/us-east-1%3Adec3425e-f2d4-43bb-b0a1-c575ec5b32f1/br/ce/fortaleza/zona-0117/a99f28d9b7af87e1c10902f07c7225cf.jpg", "https://vocefiscal-poll-tape-uploads.s3.amazonaws.com/us-east-1%3Adec3425e-f2d4-43bb-b0a1-c575ec5b32f1/br/ce/fortaleza/zona-0117/a5aaacbcaaee997596741370ed9e1982.jpg", "https://vocefiscal-poll-tape-uploads.s3.amazonaws.com/us-east-1%3Adec3425e-f2d4-43bb-b0a1-c575ec5b32f1/br/ce/fortaleza/zona-0117/f742d95f5c296442e4b4a4185146881e.jpg", "https://vocefiscal-poll-tape-uploads.s3.amazonaws.com/us-east-1%3Adec3425e-f2d4-43bb-b0a1-c575ec5b32f1/br/ce/fortaleza/zona-0117/3f84954b52b400ce3e9bd97cfc0cfa0.jpg", "https://vocefiscal-poll-tape-uploads.s3.amazonaws.com/us-east-1%3Adec3425e-f2d4-43bb-b0a1-c575ec5b32f1/br/ce/fortaleza/zona-0117/4a5d058f109bbbe5d467d86dbccdf9d.jpg", "https://vocefiscal-poll-tape-uploads.s3.amazonaws.com/us-east-1%3Adec3425e-f2d4-43bb-b0a1-c575ec5b32f1/br/ce/fortaleza/zona-0117/40428bf6021201649a25c274b03ccf5.jpg", "https://vocefiscal-poll-tape-uploads.s3.amazonaws.com/us-east-1%3Adec3425e-f2d4-43bb-b0a1-c575ec5b32f1/br/ce/fortaleza/zona-0117/5f945621d858b99160678cc52d75eea5.jpg", "https://vocefiscal-poll-tape-uploads.s3.amazonaws.com/us-east-1%3Adec3425e-f2d4-43bb-b0a1-c575ec5b32f1/br/ce/fortaleza/zona-0117/96df06457dfb02d071dbc08625b593a3.jpg", "https://vocefiscal-poll-tape-uploads.s3.amazonaws.com/us-east-1%3Adec3425e-f2d4-43bb-b0a1-c575ec5b32f1/br/ce/fortaleza/zona-0117/4445d7430894d960089f466e28bfd01c.jpg", "https://vocefiscal-poll-tape-uploads.s3.amazonaws.com/us-east-1%3Adec3425e-f2d4-43bb-b0a1-c575ec5b32f1/br/ce/fortaleza/zona-0117/24a15bd1a98badbb42cd4fc2398f8e06.jpg", "https://vocefiscal-poll-tape-uploads.s3.amazonaws.com/us-east-1%3Adec3425e-f2d4-43bb-b0a1-c575ec5b32f1/br/ce/fortaleza/zona-0117/8cda3c0593ba79f6cbae42d883da85f6.jpg", "https://vocefiscal-poll-tape-uploads.s3.amazonaws.com/us-east-1%3Adec3425e-f2d4-43bb-b0a1-c575ec5b32f1/br/ce/fortaleza/zona-0117/cfec661edd792680632f975fe2e45c67.jpg", "https://vocefiscal-poll-tape-uploads.s3.amazonaws.com/us-east-1%3Adec3425e-f2d4-43bb-b0a1-c575ec5b32f1/br/ce/fortaleza/zona-0117/f57c2e07c5b2326241fa240e9d46bc35.jpg", "https://vocefiscal-poll-tape-uploads.s3.amazonaws.com/us-east-1%3Adec3425e-f2d4-43bb-b0a1-c575ec5b32f1/br/ce/fortaleza/zona-0117/44833a1546c3381f73a440a3cf71ec42.jpg", "https://vocefiscal-poll-tape-uploads.s3.amazonaws.com/us-east-1%3Adec3425e-f2d4-43bb-b0a1-c575ec5b32f1/br/ce/fortaleza/zona-0117/dfa1152bbc3d8864540215e7a4bbe2ff.jpg", "https://vocefiscal-poll-tape-uploads.s3.amazonaws.com/us-east-1%3Adec3425e-f2d4-43bb-b0a1-c575ec5b32f1/br/ce/fortaleza/zona-0117/2a2621fc6e1dc8ce97f0527e77d92594.jpg", "https://vocefiscal-poll-tape-uploads.s3.amazonaws.com/us-east-1%3Adec3425e-f2d4-43bb-b0a1-c575ec5b32f1/br/ce/fortaleza/zona-0117/8c62697dd9b0f0fe400a6b130c91021e.jpg", "https://vocefiscal-poll-tape-uploads.s3.amazonaws.com/us-east-1%3Adec3425e-f2d4-43bb-b0a1-c575ec5b32f1/br/ce/fortaleza/zona-0117/2397c20d39ca4454a2811a69d0c4931.jpg", "https://vocefiscal-poll-tape-uploads.s3.amazonaws.com/us-east-1%3Adec3425e-f2d4-43bb-b0a1-c575ec5b32f1/br/ce/fortaleza/zona-0117/858eacfe403c493894a8866244aef108.jpg", "https://vocefiscal-poll-tape-uploads.s3.amazonaws.com/us-east-1%3Adec3425e-f2d4-43bb-b0a1-c575ec5b32f1/br/ce/fortaleza/zona-0117/fcbaa4ffa9030d6f98f769348adcd2c7.jpg", "https://vocefiscal-poll-tape-uploads.s3.amazonaws.com/us-east-1%3Adec3425e-f2d4-43bb-b0a1-c575ec5b32f1/br/ce/fortaleza/zona-0117/6f6fda7223f479cabe69ffc773c78ba0.jpg", "https://vocefiscal-poll-tape-uploads.s3.amazonaws.com/us-east-1%3Adec3425e-f2d4-43bb-b0a1-c575ec5b32f1/br/ce/fortaleza/zona-0117/33678e1e2b461b65885605077e021829.jpg"], "zonaEleitoral": "0117", "localDaVotacao": "1414"}