{"data": 1412541567782, "pictureURLList": ["https://vocefiscal-poll-tape-uploads.s3.amazonaws.com/us-east-1%3A94475e61-92c3-4eff-9352-92d3607449b5/br/ba/salvador/zona-0020/b5eecf5475cff1359c82745ee1bb81c8.jpg", "https://vocefiscal-poll-tape-uploads.s3.amazonaws.com/us-east-1%3A94475e61-92c3-4eff-9352-92d3607449b5/br/ba/salvador/zona-0020/878e0ebda24c0d88c9f1554aba06ef86.jpg", "https://vocefiscal-poll-tape-uploads.s3.amazonaws.com/us-east-1%3A94475e61-92c3-4eff-9352-92d3607449b5/br/ba/salvador/zona-0020/c1e79d2f5d93c41e58ebbbbe81e2c857.jpg", "https://vocefiscal-poll-tape-uploads.s3.amazonaws.com/us-east-1%3A94475e61-92c3-4eff-9352-92d3607449b5/br/ba/salvador/zona-0020/5061e1eadfe6969a35f1779f5d14a5f.jpg", "https://vocefiscal-poll-tape-uploads.s3.amazonaws.com/us-east-1%3A94475e61-92c3-4eff-9352-92d3607449b5/br/ba/salvador/zona-0020/4adc74bc48900f57858c2344dc65d6c5.jpg", "https://vocefiscal-poll-tape-uploads.s3.amazonaws.com/us-east-1%3A94475e61-92c3-4eff-9352-92d3607449b5/br/ba/salvador/zona-0020/6206f65ab78e4259c7483cfd8dfb104f.jpg", "https://vocefiscal-poll-tape-uploads.s3.amazonaws.com/us-east-1%3A94475e61-92c3-4eff-9352-92d3607449b5/br/ba/salvador/zona-0020/d13e099384f85684e47788cc6ee0f32a.jpg", "https://vocefiscal-poll-tape-uploads.s3.amazonaws.com/us-east-1%3A94475e61-92c3-4eff-9352-92d3607449b5/br/ba/salvador/zona-0020/7661f22d6173076db68c54317367f92e.jpg", "https://vocefiscal-poll-tape-uploads.s3.amazonaws.com/us-east-1%3A94475e61-92c3-4eff-9352-92d3607449b5/br/ba/salvador/zona-0020/499a15fd599e52ccab0013186fb156fb.jpg", "https://vocefiscal-poll-tape-uploads.s3.amazonaws.com/us-east-1%3A94475e61-92c3-4eff-9352-92d3607449b5/br/ba/salvador/zona-0020/d1514dde14fa38815a8cdf40b3130432.jpg", "https://vocefiscal-poll-tape-uploads.s3.amazonaws.com/us-east-1%3A94475e61-92c3-4eff-9352-92d3607449b5/br/ba/salvador/zona-0020/6976e4660f627a4849ed86b038115661.jpg", "https://vocefiscal-poll-tape-uploads.s3.amazonaws.com/us-east-1%3A94475e61-92c3-4eff-9352-92d3607449b5/br/ba/salvador/zona-0020/77d4fd92e1a22c586793fd42357c3b4c.jpg", "https://vocefiscal-poll-tape-uploads.s3.amazonaws.com/us-east-1%3A94475e61-92c3-4eff-9352-92d3607449b5/br/ba/salvador/zona-0020/56477dd4c836a06247d00e6fd552e8c9.jpg", "https://vocefiscal-poll-tape-uploads.s3.amazonaws.com/us-east-1%3A94475e61-92c3-4eff-9352-92d3607449b5/br/ba/salvador/zona-0020/b940e958983565f0f55ace8558da757b.jpg", "https://vocefiscal-poll-tape-uploads.s3.amazonaws.com/us-east-1%3A94475e61-92c3-4eff-9352-92d3607449b5/br/ba/salvador/zona-0020/5a3fc88ed48204c43a11a5664d7e6854.jpg", "https://vocefiscal-poll-tape-uploads.s3.amazonaws.com/us-east-1%3A94475e61-92c3-4eff-9352-92d3607449b5/br/ba/salvador/zona-0020/e263fecdd713d0fffb455473e929dc1e.jpg", "https://vocefiscal-poll-tape-uploads.s3.amazonaws.com/us-east-1%3A94475e61-92c3-4eff-9352-92d3607449b5/br/ba/salvador/zona-0020/a187b9b6b45f8f5a4a6df1ff49675ee4.jpg", "https://vocefiscal-poll-tape-uploads.s3.amazonaws.com/us-east-1%3A94475e61-92c3-4eff-9352-92d3607449b5/br/ba/salvador/zona-0020/ddcf44da2a315e17bb782ff625601e53.jpg", "https://vocefiscal-poll-tape-uploads.s3.amazonaws.com/us-east-1%3A94475e61-92c3-4eff-9352-92d3607449b5/br/ba/salvador/zona-0020/e6de6c8f2b76eea6e120afce7bcd81ac.jpg", "https://vocefiscal-poll-tape-uploads.s3.amazonaws.com/us-east-1%3A94475e61-92c3-4eff-9352-92d3607449b5/br/ba/salvador/zona-0020/f6c79aa9d22f4b1d6e979272ac9a4ba8.jpg", "https://vocefiscal-poll-tape-uploads.s3.amazonaws.com/us-east-1%3A94475e61-92c3-4eff-9352-92d3607449b5/br/ba/salvador/zona-0020/94d2905c693a24184f407fa346902133.jpg", "https://vocefiscal-poll-tape-uploads.s3.amazonaws.com/us-east-1%3A94475e61-92c3-4eff-9352-92d3607449b5/br/ba/salvador/zona-0020/11d852bd0b11e94b03d0e83ce45d2c15.jpg", "https://vocefiscal-poll-tape-uploads.s3.amazonaws.com/us-east-1%3A94475e61-92c3-4eff-9352-92d3607449b5/br/ba/salvador/zona-0020/989ecc843164f58e648773bc57ee91ca.jpg", "https://vocefiscal-poll-tape-uploads.s3.amazonaws.com/us-east-1%3A94475e61-92c3-4eff-9352-92d3607449b5/br/ba/salvador/zona-0020/46bf17a1abf2444a3585ccd76dd29fa5.jpg", "https://vocefiscal-poll-tape-uploads.s3.amazonaws.com/us-east-1%3A94475e61-92c3-4eff-9352-92d3607449b5/br/ba/salvador/zona-0020/e56aa8fb822422a3d2f379401ab053dd.jpg", "https://vocefiscal-poll-tape-uploads.s3.amazonaws.com/us-east-1%3A94475e61-92c3-4eff-9352-92d3607449b5/br/ba/salvador/zona-0020/8d9728a8505084e90b002228b401c5e7.jpg", "https://vocefiscal-poll-tape-uploads.s3.amazonaws.com/us-east-1%3A94475e61-92c3-4eff-9352-92d3607449b5/br/ba/salvador/zona-0020/753bb17ceffbddf9fa6d35e3da859c4d.jpg", "https://vocefiscal-poll-tape-uploads.s3.amazonaws.com/us-east-1%3A94475e61-92c3-4eff-9352-92d3607449b5/br/ba/salvador/zona-0020/7b82d1dc4412a6fc6b0b30f41ccbb23c.jpg", "https://vocefiscal-poll-tape-uploads.s3.amazonaws.com/us-east-1%3A94475e61-92c3-4eff-9352-92d3607449b5/br/ba/salvador/zona-0020/15b574f1919cafc07296e634d17f4387.jpg", "https://vocefiscal-poll-tape-uploads.s3.amazonaws.com/us-east-1%3A94475e61-92c3-4eff-9352-92d3607449b5/br/ba/salvador/zona-0020/7c13fbc82337d6482ebdcec3730ffcf1.jpg", "https://vocefiscal-poll-tape-uploads.s3.amazonaws.com/us-east-1%3A94475e61-92c3-4eff-9352-92d3607449b5/br/ba/salvador/zona-0020/e9af9afb33cf2882f66d34bd864856ee.jpg", "https://vocefiscal-poll-tape-uploads.s3.amazonaws.com/us-east-1%3A94475e61-92c3-4eff-9352-92d3607449b5/br/ba/salvador/zona-0020/4ef86266cb37c9ae07e02a9e37f1c53d.jpg", "https://vocefiscal-poll-tape-uploads.s3.amazonaws.com/us-east-1%3A94475e61-92c3-4eff-9352-92d3607449b5/br/ba/salvador/zona-0020/a566266d9161f0eb2f2116d9e3637ee1.jpg", "https://vocefiscal-poll-tape-uploads.s3.amazonaws.com/us-east-1%3A94475e61-92c3-4eff-9352-92d3607449b5/br/ba/salvador/zona-0020/ebfce8f26b4f4bcdd9c46037b238c95e.jpg", "https://vocefiscal-poll-tape-uploads.s3.amazonaws.com/us-east-1%3A94475e61-92c3-4eff-9352-92d3607449b5/br/ba/salvador/zona-0020/39d7b161d98ac9d2dd578ecda13deb00.jpg"], "estado": "BA", "localDaVotacao": "1023", "zonaEleitoral": "0020", "secaoEleitoral": "0013", "municipio": "SALVADOR"}