{"estado": "CE", "municipio": "FORTALEZA", "data": 1412541221146, "secaoEleitoral": "0703", "pictureURLList": ["https://vocefiscal-poll-tape-uploads.s3.amazonaws.com/us-east-1%3A872f2240-eabd-4978-91ed-2a73f495a08b/br/ce/fortaleza/zona-0083/2b658afce1c59111cd2b3bd787f83756.jpg", "https://vocefiscal-poll-tape-uploads.s3.amazonaws.com/us-east-1%3A872f2240-eabd-4978-91ed-2a73f495a08b/br/ce/fortaleza/zona-0083/2f1c623cbc115e837dacb9e2715695bd.jpg", "https://vocefiscal-poll-tape-uploads.s3.amazonaws.com/us-east-1%3A872f2240-eabd-4978-91ed-2a73f495a08b/br/ce/fortaleza/zona-0083/f3241ac64cbccb0ba8053d75b40b0195.jpg", "https://vocefiscal-poll-tape-uploads.s3.amazonaws.com/us-east-1%3A872f2240-eabd-4978-91ed-2a73f495a08b/br/ce/fortaleza/zona-0083/8ab8d5ee0f954082c6d06035a39529f0.jpg", "https://vocefiscal-poll-tape-uploads.s3.amazonaws.com/us-east-1%3A872f2240-eabd-4978-91ed-2a73f495a08b/br/ce/fortaleza/zona-0083/96a0b2deef62615793991948b8ddcdc1.jpg"], "zonaEleitoral": "0083"}