{"pictureURLList": ["https://vocefiscal-poll-tape-uploads.s3.amazonaws.com/us-east-1%3A3dcb5b4c-a7c6-421c-a77f-b9687f695c7d/br/ce/fortaleza/zona-0113/ae0fbf7aef63ae7871abfc2cfd5b9ad7.jpg", "https://vocefiscal-poll-tape-uploads.s3.amazonaws.com/us-east-1%3A3dcb5b4c-a7c6-421c-a77f-b9687f695c7d/br/ce/fortaleza/zona-0113/5e35624056a3c1b0a8b1dad06557c919.jpg"], "data": 1414355558830, "estado": "CE", "municipio": "FORTALEZA", "zonaEleitoral": "0113", "localDaVotacao": "1058", "secaoEleitoral": "0052"}