{"municipio": "VITÓRIA DA CONQUISTA", "secaoEleitoral": "0038", "data": 1412543158492, "pictureURLList": ["https://vocefiscal-poll-tape-uploads.s3.amazonaws.com/us-east-1%3A28ce7da1-9cd6-4639-9a45-3516fde9e014/br/sp/adamantina/zona-0041/797406cc6beb71d91a04417be2456c90.jpg", "https://vocefiscal-poll-tape-uploads.s3.amazonaws.com/us-east-1%3A28ce7da1-9cd6-4639-9a45-3516fde9e014/br/sp/adamantina/zona-0041/287bf51a90891af92bdcb8e2a7493557.jpg", "https://vocefiscal-poll-tape-uploads.s3.amazonaws.com/us-east-1%3A28ce7da1-9cd6-4639-9a45-3516fde9e014/br/sp/adamantina/zona-0041/191b3ab8fe487e1f452671e57b94506d.jpg", "https://vocefiscal-poll-tape-uploads.s3.amazonaws.com/us-east-1%3A28ce7da1-9cd6-4639-9a45-3516fde9e014/br/sp/adamantina/zona-0041/5a5f70b6c1c572edb78dd6d0d4d38ad0.jpg", "https://vocefiscal-poll-tape-uploads.s3.amazonaws.com/us-east-1%3A28ce7da1-9cd6-4639-9a45-3516fde9e014/br/sp/adamantina/zona-0041/84b7924eadb396d8fb2d8e0a4bf5f3ae.jpg", "https://vocefiscal-poll-tape-uploads.s3.amazonaws.com/us-east-1%3A28ce7da1-9cd6-4639-9a45-3516fde9e014/br/sp/adamantina/zona-0041/43a5e41ffc48ad293f0e248295111788.jpg", "https://vocefiscal-poll-tape-uploads.s3.amazonaws.com/us-east-1%3A28ce7da1-9cd6-4639-9a45-3516fde9e014/br/sp/adamantina/zona-0041/81a90ba438f3adf9e4a386aa646fd7bb.jpg", "https://vocefiscal-poll-tape-uploads.s3.amazonaws.com/us-east-1%3A28ce7da1-9cd6-4639-9a45-3516fde9e014/br/sp/adamantina/zona-0041/6394499ce503f7a37855763cc2733731.jpg", "https://vocefiscal-poll-tape-uploads.s3.amazonaws.com/us-east-1%3A28ce7da1-9cd6-4639-9a45-3516fde9e014/br/sp/adamantina/zona-0041/42856695af270f7b155bb85ff3104c9b.jpg", "https://vocefiscal-poll-tape-uploads.s3.amazonaws.com/us-east-1%3A28ce7da1-9cd6-4639-9a45-3516fde9e014/br/sp/adamantina/zona-0041/762905fde724e381d8bc949ab506cf3e.jpg", "https://vocefiscal-poll-tape-uploads.s3.amazonaws.com/us-east-1%3A28ce7da1-9cd6-4639-9a45-3516fde9e014/br/sp/adamantina/zona-0041/8b83e8ff4d0f3d4e645414338cfce958.jpg", "https://vocefiscal-poll-tape-uploads.s3.amazonaws.com/us-east-1%3A28ce7da1-9cd6-4639-9a45-3516fde9e014/br/sp/adamantina/zona-0041/137fed2f2b5d187f93a7e1d87076cd9f.jpg", "https://vocefiscal-poll-tape-uploads.s3.amazonaws.com/us-east-1%3A28ce7da1-9cd6-4639-9a45-3516fde9e014/br/sp/adamantina/zona-0041/ea2e05b517acdbddcb417d0f6b94048d.jpg", "https://vocefiscal-poll-tape-uploads.s3.amazonaws.com/us-east-1%3A28ce7da1-9cd6-4639-9a45-3516fde9e014/br/sp/adamantina/zona-0041/34efc4f14a3634130b653f488700255.jpg"], "zonaEleitoral": "0041", "estado": "BA", "localDaVotacao": "1376"}