{"data": 1412540593810, "pictureURLList": ["https://vocefiscal-poll-tape-uploads.s3.amazonaws.com/us-east-1%3A1b3751b2-b62a-49d5-8274-301edcce98b4/br/ba/vitoria-da-conquista/zona-0041/809ad58b7dce7e62e03a894bfc3e5b4d.jpg", "https://vocefiscal-poll-tape-uploads.s3.amazonaws.com/us-east-1%3A1b3751b2-b62a-49d5-8274-301edcce98b4/br/ba/vitoria-da-conquista/zona-0041/f37fed33a59605ccd1c78468c281ccaf.jpg", "https://vocefiscal-poll-tape-uploads.s3.amazonaws.com/us-east-1%3A1b3751b2-b62a-49d5-8274-301edcce98b4/br/ba/vitoria-da-conquista/zona-0041/a86cdea0136a0bd4226d3655b2edbe43.jpg", "https://vocefiscal-poll-tape-uploads.s3.amazonaws.com/us-east-1%3A1b3751b2-b62a-49d5-8274-301edcce98b4/br/ba/vitoria-da-conquista/zona-0041/a8c09e733ff7f7bf826e6e2bc32b11ea.jpg", "https://vocefiscal-poll-tape-uploads.s3.amazonaws.com/us-east-1%3A1b3751b2-b62a-49d5-8274-301edcce98b4/br/ba/vitoria-da-conquista/zona-0041/14ca37fea744fb5aa2ed37dbdc55241f.jpg", "https://vocefiscal-poll-tape-uploads.s3.amazonaws.com/us-east-1%3A1b3751b2-b62a-49d5-8274-301edcce98b4/br/ba/vitoria-da-conquista/zona-0041/18e354002347e8577c34b1b9381f6fd2.jpg", "https://vocefiscal-poll-tape-uploads.s3.amazonaws.com/us-east-1%3A1b3751b2-b62a-49d5-8274-301edcce98b4/br/ba/vitoria-da-conquista/zona-0041/69fd37817c721f2404e4f5daf5849dd2.jpg", "https://vocefiscal-poll-tape-uploads.s3.amazonaws.com/us-east-1%3A1b3751b2-b62a-49d5-8274-301edcce98b4/br/ba/vitoria-da-conquista/zona-0041/d6f507ea32224380a66dad8bc232fb23.jpg", "https://vocefiscal-poll-tape-uploads.s3.amazonaws.com/us-east-1%3A1b3751b2-b62a-49d5-8274-301edcce98b4/br/ba/vitoria-da-conquista/zona-0041/59c76a0213fbd88ced6f440d56c7b299.jpg", "https://vocefiscal-poll-tape-uploads.s3.amazonaws.com/us-east-1%3A1b3751b2-b62a-49d5-8274-301edcce98b4/br/ba/vitoria-da-conquista/zona-0041/f7e0e5d27784a469d8e806a68a3aef96.jpg", "https://vocefiscal-poll-tape-uploads.s3.amazonaws.com/us-east-1%3A1b3751b2-b62a-49d5-8274-301edcce98b4/br/ba/vitoria-da-conquista/zona-0041/dfb9f322257f088a61f1e5fc662ab26b.jpg", "https://vocefiscal-poll-tape-uploads.s3.amazonaws.com/us-east-1%3A1b3751b2-b62a-49d5-8274-301edcce98b4/br/ba/vitoria-da-conquista/zona-0041/9caad7b8447af3ca8dd1947a6eb9fd14.jpg", "https://vocefiscal-poll-tape-uploads.s3.amazonaws.com/us-east-1%3A1b3751b2-b62a-49d5-8274-301edcce98b4/br/ba/vitoria-da-conquista/zona-0041/9d845882e7d7dfea3d293ff1b038a81f.jpg", "https://vocefiscal-poll-tape-uploads.s3.amazonaws.com/us-east-1%3A1b3751b2-b62a-49d5-8274-301edcce98b4/br/ba/vitoria-da-conquista/zona-0041/53f6cb0988d003cc607e8d9339e44e58.jpg"], "estado": "BA", "localDaVotacao": "1325", "zonaEleitoral": "0041", "secaoEleitoral": "0035", "municipio": "VIT\u00d3RIA DA CONQUISTA"}