{"zonaEleitoral": "0007", "pictureURLList": ["https://vocefiscal-poll-tape-uploads.s3.amazonaws.com/us-east-1%3A66024622-1dad-45fc-a786-e8c4f26de1f9/br/ba/salvador/zona-0007/9326889373b6e74680444aee0d5b2fc3.jpg", "https://vocefiscal-poll-tape-uploads.s3.amazonaws.com/us-east-1%3A66024622-1dad-45fc-a786-e8c4f26de1f9/br/ba/salvador/zona-0007/1d3704615a25d55af9c6943ecd690805.jpg", "https://vocefiscal-poll-tape-uploads.s3.amazonaws.com/us-east-1%3A66024622-1dad-45fc-a786-e8c4f26de1f9/br/ba/salvador/zona-0007/cb4341ae4a6031c0063c8ed488675723.jpg"], "estado": "BA", "secaoEleitoral": "0064", "data": 1414413182631, "municipio": "SALVADOR", "localDaVotacao": "1201"}