{"data": 1412542343313, "pictureURLList": ["https://vocefiscal-poll-tape-uploads.s3.amazonaws.com/us-east-1%3A51c32324-b7aa-4935-9c21-dac2f188ef06/br/ba/vitoria-da-conquista/zona-0041/9aca5b9b4d94a5b7936863d524221ff.jpg", "https://vocefiscal-poll-tape-uploads.s3.amazonaws.com/us-east-1%3A51c32324-b7aa-4935-9c21-dac2f188ef06/br/ba/vitoria-da-conquista/zona-0041/3283c40baceea59f2b4283b64d929208.jpg", "https://vocefiscal-poll-tape-uploads.s3.amazonaws.com/us-east-1%3A51c32324-b7aa-4935-9c21-dac2f188ef06/br/ba/vitoria-da-conquista/zona-0041/1d066ec461075d3ed88eb4ef86c2785a.jpg", "https://vocefiscal-poll-tape-uploads.s3.amazonaws.com/us-east-1%3A51c32324-b7aa-4935-9c21-dac2f188ef06/br/ba/vitoria-da-conquista/zona-0041/7dfce2248f480bf7611e015ea9995ddc.jpg", "https://vocefiscal-poll-tape-uploads.s3.amazonaws.com/us-east-1%3A51c32324-b7aa-4935-9c21-dac2f188ef06/br/ba/vitoria-da-conquista/zona-0041/a32d17f588bc35897b6336a5f2d57be9.jpg", "https://vocefiscal-poll-tape-uploads.s3.amazonaws.com/us-east-1%3A51c32324-b7aa-4935-9c21-dac2f188ef06/br/ba/vitoria-da-conquista/zona-0041/8c08f9bbab6d3eabc9ac8e8f9914cff3.jpg", "https://vocefiscal-poll-tape-uploads.s3.amazonaws.com/us-east-1%3A51c32324-b7aa-4935-9c21-dac2f188ef06/br/ba/vitoria-da-conquista/zona-0041/428e904f6a2c5266151ef0ffa1a3c299.jpg", "https://vocefiscal-poll-tape-uploads.s3.amazonaws.com/us-east-1%3A51c32324-b7aa-4935-9c21-dac2f188ef06/br/ba/vitoria-da-conquista/zona-0041/5ae149e0e715f92ebc5fcb615d19a016.jpg", "https://vocefiscal-poll-tape-uploads.s3.amazonaws.com/us-east-1%3A51c32324-b7aa-4935-9c21-dac2f188ef06/br/ba/vitoria-da-conquista/zona-0041/d9ce3934323f59aea1a6bcc637d4a9b9.jpg", "https://vocefiscal-poll-tape-uploads.s3.amazonaws.com/us-east-1%3A51c32324-b7aa-4935-9c21-dac2f188ef06/br/ba/vitoria-da-conquista/zona-0041/808370fb9b3033370302a439889b63d5.jpg", "https://vocefiscal-poll-tape-uploads.s3.amazonaws.com/us-east-1%3A51c32324-b7aa-4935-9c21-dac2f188ef06/br/ba/vitoria-da-conquista/zona-0041/aad12b693b472523b26efb211f3c70a1.jpg", "https://vocefiscal-poll-tape-uploads.s3.amazonaws.com/us-east-1%3A51c32324-b7aa-4935-9c21-dac2f188ef06/br/ba/vitoria-da-conquista/zona-0041/4b24d761effae65464b1a9d069c648a0.jpg", "https://vocefiscal-poll-tape-uploads.s3.amazonaws.com/us-east-1%3A51c32324-b7aa-4935-9c21-dac2f188ef06/br/ba/vitoria-da-conquista/zona-0041/21f2b20aa72b269e54584cd7ccd5d35e.jpg", "https://vocefiscal-poll-tape-uploads.s3.amazonaws.com/us-east-1%3A51c32324-b7aa-4935-9c21-dac2f188ef06/br/ba/vitoria-da-conquista/zona-0041/68f63cf1a6ca75f839e79a160d730282.jpg", "https://vocefiscal-poll-tape-uploads.s3.amazonaws.com/us-east-1%3A51c32324-b7aa-4935-9c21-dac2f188ef06/br/ba/vitoria-da-conquista/zona-0041/b2159f84efc361fa8eb1b103d41307c0.jpg", "https://vocefiscal-poll-tape-uploads.s3.amazonaws.com/us-east-1%3A51c32324-b7aa-4935-9c21-dac2f188ef06/br/ba/vitoria-da-conquista/zona-0041/472b64a02210a8b88099891601ddc835.jpg", "https://vocefiscal-poll-tape-uploads.s3.amazonaws.com/us-east-1%3A51c32324-b7aa-4935-9c21-dac2f188ef06/br/ba/vitoria-da-conquista/zona-0041/bfc45c8e4af9f260ee2ca3c271f44c37.jpg", "https://vocefiscal-poll-tape-uploads.s3.amazonaws.com/us-east-1%3A51c32324-b7aa-4935-9c21-dac2f188ef06/br/ba/vitoria-da-conquista/zona-0041/70cdd3b755ade653bfc9e232678bd59f.jpg", "https://vocefiscal-poll-tape-uploads.s3.amazonaws.com/us-east-1%3A51c32324-b7aa-4935-9c21-dac2f188ef06/br/ba/vitoria-da-conquista/zona-0041/7926a164d46f3d8fc29ad67b2b7985ae.jpg", "https://vocefiscal-poll-tape-uploads.s3.amazonaws.com/us-east-1%3A51c32324-b7aa-4935-9c21-dac2f188ef06/br/ba/vitoria-da-conquista/zona-0041/f20ae8efc4a355d5e953a8aa3ae2fe35.jpg"], "estado": "BA", "localDaVotacao": "1147", "zonaEleitoral": "0041", "secaoEleitoral": "0044", "municipio": "VIT\u00d3RIA DA CONQUISTA"}