{"data": 1412541126496, "estado": "BA", "localDaVotacao": "1627", "zonaEleitoral": "0040", "secaoEleitoral": "0183", "pictureURLList": ["https://vocefiscal-poll-tape-uploads.s3.amazonaws.com/us-east-1%3A695adab1-8a65-4d65-8a05-20168a27bc8e/br/ba/vitoria-da-conquista/zona-0040/6752d7fa8e7b504d43680f34a2f9c5e9.jpg", "https://vocefiscal-poll-tape-uploads.s3.amazonaws.com/us-east-1%3A695adab1-8a65-4d65-8a05-20168a27bc8e/br/ba/vitoria-da-conquista/zona-0040/27cfc2aa41971dd3c23c12239a80f790.jpg", "https://vocefiscal-poll-tape-uploads.s3.amazonaws.com/us-east-1%3A695adab1-8a65-4d65-8a05-20168a27bc8e/br/ba/vitoria-da-conquista/zona-0040/12d153bdf46544dcf4c8254616ceb5c0.jpg", "https://vocefiscal-poll-tape-uploads.s3.amazonaws.com/us-east-1%3A695adab1-8a65-4d65-8a05-20168a27bc8e/br/ba/vitoria-da-conquista/zona-0040/c45e8e7c369140a3fb9797e4aee5593d.jpg", "https://vocefiscal-poll-tape-uploads.s3.amazonaws.com/us-east-1%3A695adab1-8a65-4d65-8a05-20168a27bc8e/br/ba/vitoria-da-conquista/zona-0040/612f1ff6f14405353d7dbad6d7897f34.jpg", "https://vocefiscal-poll-tape-uploads.s3.amazonaws.com/us-east-1%3A695adab1-8a65-4d65-8a05-20168a27bc8e/br/ba/vitoria-da-conquista/zona-0040/8ac154e5c814eadef066c2cedf6354f5.jpg", "https://vocefiscal-poll-tape-uploads.s3.amazonaws.com/us-east-1%3A695adab1-8a65-4d65-8a05-20168a27bc8e/br/ba/vitoria-da-conquista/zona-0040/238be7b8936f2fd39be33f301fbd8f7.jpg", "https://vocefiscal-poll-tape-uploads.s3.amazonaws.com/us-east-1%3A695adab1-8a65-4d65-8a05-20168a27bc8e/br/ba/vitoria-da-conquista/zona-0040/777d29d0c18b12486f6dd3d45780cd3.jpg", "https://vocefiscal-poll-tape-uploads.s3.amazonaws.com/us-east-1%3A695adab1-8a65-4d65-8a05-20168a27bc8e/br/ba/vitoria-da-conquista/zona-0040/ade8a1462f41b509be2e66578d3d8fc.jpg", "https://vocefiscal-poll-tape-uploads.s3.amazonaws.com/us-east-1%3A695adab1-8a65-4d65-8a05-20168a27bc8e/br/ba/vitoria-da-conquista/zona-0040/b7a9868f2e8f7ac0f902d3a62cddd9a1.jpg", "https://vocefiscal-poll-tape-uploads.s3.amazonaws.com/us-east-1%3A695adab1-8a65-4d65-8a05-20168a27bc8e/br/ba/vitoria-da-conquista/zona-0040/d7e53f1a271ce8e8a9591b62af8d3978.jpg", "https://vocefiscal-poll-tape-uploads.s3.amazonaws.com/us-east-1%3A695adab1-8a65-4d65-8a05-20168a27bc8e/br/ba/vitoria-da-conquista/zona-0040/94a0842478ed051fa354b14c8802a588.jpg", "https://vocefiscal-poll-tape-uploads.s3.amazonaws.com/us-east-1%3A695adab1-8a65-4d65-8a05-20168a27bc8e/br/ba/vitoria-da-conquista/zona-0040/b5415d8e4313ccb3e7664679d47410eb.jpg", "https://vocefiscal-poll-tape-uploads.s3.amazonaws.com/us-east-1%3A695adab1-8a65-4d65-8a05-20168a27bc8e/br/ba/vitoria-da-conquista/zona-0040/3135a24fc3a4fe4435a3001a9da8e665.jpg", "https://vocefiscal-poll-tape-uploads.s3.amazonaws.com/us-east-1%3A695adab1-8a65-4d65-8a05-20168a27bc8e/br/ba/vitoria-da-conquista/zona-0040/60c6aadd53a935a08483e7653611269d.jpg", "https://vocefiscal-poll-tape-uploads.s3.amazonaws.com/us-east-1%3A695adab1-8a65-4d65-8a05-20168a27bc8e/br/ba/vitoria-da-conquista/zona-0040/cdd7e1741c5f800a3b6b561971f7092b.jpg", "https://vocefiscal-poll-tape-uploads.s3.amazonaws.com/us-east-1%3A695adab1-8a65-4d65-8a05-20168a27bc8e/br/ba/vitoria-da-conquista/zona-0040/d6f806d7b17fbdba6b11deb48b94bcb.jpg"], "municipio": "VIT\u00d3RIA DA CONQUISTA"}