{"data": 1412540560009, "estado": "BA", "secaoEleitoral": "0057", "zonaEleitoral": "0019", "pictureURLList": ["https://vocefiscal-poll-tape-uploads.s3.amazonaws.com/us-east-1%3Afad7b067-a13e-4c8d-b5d0-979da78c2537/br/ba/salvador/zona-0019/ac0750cd91301b7f94cb219731868461.jpg", "https://vocefiscal-poll-tape-uploads.s3.amazonaws.com/us-east-1%3Afad7b067-a13e-4c8d-b5d0-979da78c2537/br/ba/salvador/zona-0019/35c6bd93b794525c2dddaf7eda2cfe87.jpg", "https://vocefiscal-poll-tape-uploads.s3.amazonaws.com/us-east-1%3Afad7b067-a13e-4c8d-b5d0-979da78c2537/br/ba/salvador/zona-0019/d7abdf83d7045298712788d689136e51.jpg", "https://vocefiscal-poll-tape-uploads.s3.amazonaws.com/us-east-1%3Afad7b067-a13e-4c8d-b5d0-979da78c2537/br/ba/salvador/zona-0019/67200b9ff1b4a62be3bca2fc44799af2.jpg", "https://vocefiscal-poll-tape-uploads.s3.amazonaws.com/us-east-1%3Afad7b067-a13e-4c8d-b5d0-979da78c2537/br/ba/salvador/zona-0019/8827a14285200ca9e0193be91780ea34.jpg", "https://vocefiscal-poll-tape-uploads.s3.amazonaws.com/us-east-1%3Afad7b067-a13e-4c8d-b5d0-979da78c2537/br/ba/salvador/zona-0019/997fa405f234832df332dbe89dfd2e82.jpg", "https://vocefiscal-poll-tape-uploads.s3.amazonaws.com/us-east-1%3Afad7b067-a13e-4c8d-b5d0-979da78c2537/br/ba/salvador/zona-0019/1f8b88f90777ca97ddfbaa2a8f647c7b.jpg", "https://vocefiscal-poll-tape-uploads.s3.amazonaws.com/us-east-1%3Afad7b067-a13e-4c8d-b5d0-979da78c2537/br/ba/salvador/zona-0019/bac39ab990d2e4d4a6586ea90b3356bc.jpg", "https://vocefiscal-poll-tape-uploads.s3.amazonaws.com/us-east-1%3Afad7b067-a13e-4c8d-b5d0-979da78c2537/br/ba/salvador/zona-0019/a0d0b5dc167676db1e04afeba684d9aa.jpg", "https://vocefiscal-poll-tape-uploads.s3.amazonaws.com/us-east-1%3Afad7b067-a13e-4c8d-b5d0-979da78c2537/br/ba/salvador/zona-0019/8cb7ca5669752fc7e0f35845248c38c4.jpg", "https://vocefiscal-poll-tape-uploads.s3.amazonaws.com/us-east-1%3Afad7b067-a13e-4c8d-b5d0-979da78c2537/br/ba/salvador/zona-0019/4398c71d6a138da34339e8ad3e56f823.jpg", "https://vocefiscal-poll-tape-uploads.s3.amazonaws.com/us-east-1%3Afad7b067-a13e-4c8d-b5d0-979da78c2537/br/ba/salvador/zona-0019/17071553a037e64ff6c714ae0f00757e.jpg", "https://vocefiscal-poll-tape-uploads.s3.amazonaws.com/us-east-1%3Afad7b067-a13e-4c8d-b5d0-979da78c2537/br/ba/salvador/zona-0019/9c4230b72dc9315b4ab6ec378b2c78f7.jpg", "https://vocefiscal-poll-tape-uploads.s3.amazonaws.com/us-east-1%3Afad7b067-a13e-4c8d-b5d0-979da78c2537/br/ba/salvador/zona-0019/55ce89c08a17aad3d23ec615a899f3b7.jpg", "https://vocefiscal-poll-tape-uploads.s3.amazonaws.com/us-east-1%3Afad7b067-a13e-4c8d-b5d0-979da78c2537/br/ba/salvador/zona-0019/5e3b364124b6ee87d41c562ec5c469d7.jpg", "https://vocefiscal-poll-tape-uploads.s3.amazonaws.com/us-east-1%3Afad7b067-a13e-4c8d-b5d0-979da78c2537/br/ba/salvador/zona-0019/9bf81cdd8d6c9f7dfcee6e1755827daf.jpg", "https://vocefiscal-poll-tape-uploads.s3.amazonaws.com/us-east-1%3Afad7b067-a13e-4c8d-b5d0-979da78c2537/br/ba/salvador/zona-0019/1abdeb1e091420f72b5dd5c90a4d641c.jpg", "https://vocefiscal-poll-tape-uploads.s3.amazonaws.com/us-east-1%3Afad7b067-a13e-4c8d-b5d0-979da78c2537/br/ba/salvador/zona-0019/8f6fc24d717d76afa73594047e6ca5a3.jpg", "https://vocefiscal-poll-tape-uploads.s3.amazonaws.com/us-east-1%3Afad7b067-a13e-4c8d-b5d0-979da78c2537/br/ba/salvador/zona-0019/a2f1e5ba8cde68c34468e8d49a94b1a5.jpg", "https://vocefiscal-poll-tape-uploads.s3.amazonaws.com/us-east-1%3Afad7b067-a13e-4c8d-b5d0-979da78c2537/br/ba/salvador/zona-0019/7731636fb83b6c66473c2cb678c8121e.jpg"], "municipio": "SALVADOR"}