{"municipio": "SALVADOR", "secaoEleitoral": "0008", "data": 1412542788885, "pictureURLList": ["https://vocefiscal-poll-tape-uploads.s3.amazonaws.com/us-east-1%3A959469c9-9c3d-4805-a537-c1e5e3c97bd9/br/sp/campinas/zona-0013/4dcb19db636ed0ec66a0d385c7448454.jpg", "https://vocefiscal-poll-tape-uploads.s3.amazonaws.com/us-east-1%3A959469c9-9c3d-4805-a537-c1e5e3c97bd9/br/sp/campinas/zona-0013/d237bf9e97552b476878cc52ef0576f7.jpg", "https://vocefiscal-poll-tape-uploads.s3.amazonaws.com/us-east-1%3A959469c9-9c3d-4805-a537-c1e5e3c97bd9/br/sp/campinas/zona-0013/60066fa4a7606e2057bcae5facf440ff.jpg", "https://vocefiscal-poll-tape-uploads.s3.amazonaws.com/us-east-1%3A959469c9-9c3d-4805-a537-c1e5e3c97bd9/br/sp/campinas/zona-0013/3e0587ba8e2a3215d259b06fa7c7b22d.jpg", "https://vocefiscal-poll-tape-uploads.s3.amazonaws.com/us-east-1%3A959469c9-9c3d-4805-a537-c1e5e3c97bd9/br/sp/campinas/zona-0013/9fbe699692c0d7f1898776411559881a.jpg", "https://vocefiscal-poll-tape-uploads.s3.amazonaws.com/us-east-1%3A959469c9-9c3d-4805-a537-c1e5e3c97bd9/br/sp/campinas/zona-0013/a6b7fdf5c41902de81aa9a6f07a81460.jpg", "https://vocefiscal-poll-tape-uploads.s3.amazonaws.com/us-east-1%3A959469c9-9c3d-4805-a537-c1e5e3c97bd9/br/sp/campinas/zona-0013/c76d56f161acb31619ad7203c1e8cb9c.jpg", "https://vocefiscal-poll-tape-uploads.s3.amazonaws.com/us-east-1%3A959469c9-9c3d-4805-a537-c1e5e3c97bd9/br/sp/campinas/zona-0013/821ddca2f5836d4bc9fe7f912109dca2.jpg", "https://vocefiscal-poll-tape-uploads.s3.amazonaws.com/us-east-1%3A959469c9-9c3d-4805-a537-c1e5e3c97bd9/br/sp/campinas/zona-0013/cb9efd33fa386ca79455af20bbe55264.jpg", "https://vocefiscal-poll-tape-uploads.s3.amazonaws.com/us-east-1%3A959469c9-9c3d-4805-a537-c1e5e3c97bd9/br/sp/campinas/zona-0013/34d73aeb54a200366498fcea0c122908.jpg", "https://vocefiscal-poll-tape-uploads.s3.amazonaws.com/us-east-1%3A959469c9-9c3d-4805-a537-c1e5e3c97bd9/br/sp/campinas/zona-0013/5724d670f28ad2196a63455e918aa859.jpg", "https://vocefiscal-poll-tape-uploads.s3.amazonaws.com/us-east-1%3A959469c9-9c3d-4805-a537-c1e5e3c97bd9/br/sp/campinas/zona-0013/9ec81c7130dd3c3ed9642bd728b71c1.jpg", "https://vocefiscal-poll-tape-uploads.s3.amazonaws.com/us-east-1%3A959469c9-9c3d-4805-a537-c1e5e3c97bd9/br/sp/campinas/zona-0013/3c37ae096aa976198810b1dd21b5a29.jpg", "https://vocefiscal-poll-tape-uploads.s3.amazonaws.com/us-east-1%3A959469c9-9c3d-4805-a537-c1e5e3c97bd9/br/sp/campinas/zona-0013/8537137f0f32fbfec16a2ab323dcdd85.jpg", "https://vocefiscal-poll-tape-uploads.s3.amazonaws.com/us-east-1%3A959469c9-9c3d-4805-a537-c1e5e3c97bd9/br/sp/campinas/zona-0013/3fa4113e1361acc1dfebde17a962aa80.jpg", "https://vocefiscal-poll-tape-uploads.s3.amazonaws.com/us-east-1%3A959469c9-9c3d-4805-a537-c1e5e3c97bd9/br/sp/campinas/zona-0013/8a91daee657cd5ddbe60ad1186e72791.jpg", "https://vocefiscal-poll-tape-uploads.s3.amazonaws.com/us-east-1%3A959469c9-9c3d-4805-a537-c1e5e3c97bd9/br/sp/campinas/zona-0013/d86eeed0554cf11e40239045de4092a7.jpg", "https://vocefiscal-poll-tape-uploads.s3.amazonaws.com/us-east-1%3A959469c9-9c3d-4805-a537-c1e5e3c97bd9/br/sp/campinas/zona-0013/2009a42810472fddd7272e85ecfcf690.jpg", "https://vocefiscal-poll-tape-uploads.s3.amazonaws.com/us-east-1%3A959469c9-9c3d-4805-a537-c1e5e3c97bd9/br/sp/campinas/zona-0013/4469a462222fadf12fdea13639c62249.jpg", "https://vocefiscal-poll-tape-uploads.s3.amazonaws.com/us-east-1%3A959469c9-9c3d-4805-a537-c1e5e3c97bd9/br/sp/campinas/zona-0013/bb4e6da55673006afe4d6e53c857efa8.jpg", "https://vocefiscal-poll-tape-uploads.s3.amazonaws.com/us-east-1%3A959469c9-9c3d-4805-a537-c1e5e3c97bd9/br/sp/campinas/zona-0013/a8b32639d52f3dee9ec01e7949fe0334.jpg", "https://vocefiscal-poll-tape-uploads.s3.amazonaws.com/us-east-1%3A959469c9-9c3d-4805-a537-c1e5e3c97bd9/br/sp/campinas/zona-0013/c86a948466b3e1263608167d54b140bd.jpg", "https://vocefiscal-poll-tape-uploads.s3.amazonaws.com/us-east-1%3A959469c9-9c3d-4805-a537-c1e5e3c97bd9/br/sp/campinas/zona-0013/cef6bbda47ae330440c7f76491c385c2.jpg", "https://vocefiscal-poll-tape-uploads.s3.amazonaws.com/us-east-1%3A959469c9-9c3d-4805-a537-c1e5e3c97bd9/br/sp/campinas/zona-0013/8c4c81167b6bfe8cb2f1212dc3612258.jpg", "https://vocefiscal-poll-tape-uploads.s3.amazonaws.com/us-east-1%3A959469c9-9c3d-4805-a537-c1e5e3c97bd9/br/sp/campinas/zona-0013/daf878e357a7a5b4ecf8f94b49bb808.jpg", "https://vocefiscal-poll-tape-uploads.s3.amazonaws.com/us-east-1%3A959469c9-9c3d-4805-a537-c1e5e3c97bd9/br/sp/campinas/zona-0013/8217f4bef240bfd91d8748153d653932.jpg", "https://vocefiscal-poll-tape-uploads.s3.amazonaws.com/us-east-1%3A959469c9-9c3d-4805-a537-c1e5e3c97bd9/br/sp/campinas/zona-0013/c6050874ba79c24b1718894930041251.jpg", "https://vocefiscal-poll-tape-uploads.s3.amazonaws.com/us-east-1%3A959469c9-9c3d-4805-a537-c1e5e3c97bd9/br/sp/campinas/zona-0013/4043153665dc40e18d306f68adfcad01.jpg", "https://vocefiscal-poll-tape-uploads.s3.amazonaws.com/us-east-1%3A959469c9-9c3d-4805-a537-c1e5e3c97bd9/br/sp/campinas/zona-0013/551c174ae6d4e4d8f9b720d952882e16.jpg", "https://vocefiscal-poll-tape-uploads.s3.amazonaws.com/us-east-1%3A959469c9-9c3d-4805-a537-c1e5e3c97bd9/br/sp/campinas/zona-0013/a21482c6f4c9e7d196912aff1b55b129.jpg"], "zonaEleitoral": "0013", "estado": "BA", "localDaVotacao": "1023"}