{"municipio": "VITÓRIA DA CONQUISTA", "secaoEleitoral": "0076", "data": 1412542504134, "pictureURLList": ["https://vocefiscal-poll-tape-uploads.s3.amazonaws.com/us-east-1%3A28ce7da1-9cd6-4639-9a45-3516fde9e014/br/sp/adamantina/zona-0041/7d6c14d08327c45427996b8f0cfcef6b.jpg", "https://vocefiscal-poll-tape-uploads.s3.amazonaws.com/us-east-1%3A28ce7da1-9cd6-4639-9a45-3516fde9e014/br/sp/adamantina/zona-0041/e7aba0dba98ccabfddd686d6be557766.jpg", "https://vocefiscal-poll-tape-uploads.s3.amazonaws.com/us-east-1%3A28ce7da1-9cd6-4639-9a45-3516fde9e014/br/sp/adamantina/zona-0041/1c35e3cb3bc27651f8e852d046c5825b.jpg", "https://vocefiscal-poll-tape-uploads.s3.amazonaws.com/us-east-1%3A28ce7da1-9cd6-4639-9a45-3516fde9e014/br/sp/adamantina/zona-0041/ce965622062397d23a4b26d8d88883df.jpg", "https://vocefiscal-poll-tape-uploads.s3.amazonaws.com/us-east-1%3A28ce7da1-9cd6-4639-9a45-3516fde9e014/br/sp/adamantina/zona-0041/1591d6b41da0c4636cd3e6379743d995.jpg", "https://vocefiscal-poll-tape-uploads.s3.amazonaws.com/us-east-1%3A28ce7da1-9cd6-4639-9a45-3516fde9e014/br/sp/adamantina/zona-0041/60266d325f4ed542eb7cf7263c3110cb.jpg", "https://vocefiscal-poll-tape-uploads.s3.amazonaws.com/us-east-1%3A28ce7da1-9cd6-4639-9a45-3516fde9e014/br/sp/adamantina/zona-0041/a878fef3089c940f826fca03e67a84d3.jpg", "https://vocefiscal-poll-tape-uploads.s3.amazonaws.com/us-east-1%3A28ce7da1-9cd6-4639-9a45-3516fde9e014/br/sp/adamantina/zona-0041/ce3dde40385c50153bcce66ac9071b1d.jpg", "https://vocefiscal-poll-tape-uploads.s3.amazonaws.com/us-east-1%3A28ce7da1-9cd6-4639-9a45-3516fde9e014/br/sp/adamantina/zona-0041/39f9b504c003217dd855b18b866f05ab.jpg", "https://vocefiscal-poll-tape-uploads.s3.amazonaws.com/us-east-1%3A28ce7da1-9cd6-4639-9a45-3516fde9e014/br/sp/adamantina/zona-0041/542cbb007d46bfd6efe10acc78c6e507.jpg", "https://vocefiscal-poll-tape-uploads.s3.amazonaws.com/us-east-1%3A28ce7da1-9cd6-4639-9a45-3516fde9e014/br/sp/adamantina/zona-0041/1f1b91f7da5bf576fb6e83f1b08a6f75.jpg", "https://vocefiscal-poll-tape-uploads.s3.amazonaws.com/us-east-1%3A28ce7da1-9cd6-4639-9a45-3516fde9e014/br/sp/adamantina/zona-0041/514288e870ba8a98d1f1d299ce136d5b.jpg", "https://vocefiscal-poll-tape-uploads.s3.amazonaws.com/us-east-1%3A28ce7da1-9cd6-4639-9a45-3516fde9e014/br/sp/adamantina/zona-0041/cc4825950a09353b7055e9765aa03a27.jpg", "https://vocefiscal-poll-tape-uploads.s3.amazonaws.com/us-east-1%3A28ce7da1-9cd6-4639-9a45-3516fde9e014/br/sp/adamantina/zona-0041/1218331ff869d1da673aaf562cece2e9.jpg", "https://vocefiscal-poll-tape-uploads.s3.amazonaws.com/us-east-1%3A28ce7da1-9cd6-4639-9a45-3516fde9e014/br/sp/adamantina/zona-0041/4df3976c957f030173b855d1ddd44ddd.jpg"], "zonaEleitoral": "0041", "estado": "BA", "localDaVotacao": "1376"}