{"data": 1412540815546, "estado": "BA", "localDaVotacao": "2020", "zonaEleitoral": "0010", "secaoEleitoral": "0628", "pictureURLList": ["https://vocefiscal-poll-tape-uploads.s3.amazonaws.com/us-east-1%3A68dd6e09-497a-4b9f-aa0d-1cbe7833e004/br/ba/salvador/zona-0010/c45f935ad9746c63aa73ffee61c26d15.jpg", "https://vocefiscal-poll-tape-uploads.s3.amazonaws.com/us-east-1%3A68dd6e09-497a-4b9f-aa0d-1cbe7833e004/br/ba/salvador/zona-0010/ab4b449a87a933e7714e0e7db3806190.jpg", "https://vocefiscal-poll-tape-uploads.s3.amazonaws.com/us-east-1%3A68dd6e09-497a-4b9f-aa0d-1cbe7833e004/br/ba/salvador/zona-0010/a91bd26d3e2401968631d3f45639c493.jpg", "https://vocefiscal-poll-tape-uploads.s3.amazonaws.com/us-east-1%3A68dd6e09-497a-4b9f-aa0d-1cbe7833e004/br/ba/salvador/zona-0010/7b3a6fe7ee56732eedbb5b762103a2e2.jpg"], "municipio": "SALVADOR"}