{"data": 1412631522204, "pictureURLList": ["https://vocefiscal-poll-tape-uploads.s3.amazonaws.com/us-east-1%3A581b91e1-2255-4e6f-be84-2bcc80e991c8/br/ba/itiuba/zona-0149/95b78feb2e8997fffd30b243ab220340.jpg", "https://vocefiscal-poll-tape-uploads.s3.amazonaws.com/us-east-1%3A581b91e1-2255-4e6f-be84-2bcc80e991c8/br/ba/itiuba/zona-0149/f3fd948ae86d5a8dd13becbc713a6f29.jpg", "https://vocefiscal-poll-tape-uploads.s3.amazonaws.com/us-east-1%3A581b91e1-2255-4e6f-be84-2bcc80e991c8/br/ba/itiuba/zona-0149/952e4ce3c99ddb68e128177ca949dbfd.jpg", "https://vocefiscal-poll-tape-uploads.s3.amazonaws.com/us-east-1%3A581b91e1-2255-4e6f-be84-2bcc80e991c8/br/ba/itiuba/zona-0149/6f59ccfd407f47a0bd798bde262a7a26.jpg", "https://vocefiscal-poll-tape-uploads.s3.amazonaws.com/us-east-1%3A581b91e1-2255-4e6f-be84-2bcc80e991c8/br/ba/itiuba/zona-0149/6bf79c319b1f3e6c5f200b781c072524.jpg", "https://vocefiscal-poll-tape-uploads.s3.amazonaws.com/us-east-1%3A581b91e1-2255-4e6f-be84-2bcc80e991c8/br/ba/itiuba/zona-0149/aeecc24a7d23d189979f8e4411acdba9.jpg", "https://vocefiscal-poll-tape-uploads.s3.amazonaws.com/us-east-1%3A581b91e1-2255-4e6f-be84-2bcc80e991c8/br/ba/itiuba/zona-0149/30245f310e5f6dcb6f9775f6e0bdf326.jpg", "https://vocefiscal-poll-tape-uploads.s3.amazonaws.com/us-east-1%3A581b91e1-2255-4e6f-be84-2bcc80e991c8/br/ba/itiuba/zona-0149/51b5c37e8f41e8a281c6d3ff5145dc20.jpg", "https://vocefiscal-poll-tape-uploads.s3.amazonaws.com/us-east-1%3A581b91e1-2255-4e6f-be84-2bcc80e991c8/br/ba/itiuba/zona-0149/3d2d1a167ed2bacaa2e8d763292e6124.jpg", "https://vocefiscal-poll-tape-uploads.s3.amazonaws.com/us-east-1%3A581b91e1-2255-4e6f-be84-2bcc80e991c8/br/ba/itiuba/zona-0149/e8b3dbf3a6bc1369a5989db838694e23.jpg", "https://vocefiscal-poll-tape-uploads.s3.amazonaws.com/us-east-1%3A581b91e1-2255-4e6f-be84-2bcc80e991c8/br/ba/itiuba/zona-0149/118449496f92049e47bae2e1710e35b6.jpg", "https://vocefiscal-poll-tape-uploads.s3.amazonaws.com/us-east-1%3A581b91e1-2255-4e6f-be84-2bcc80e991c8/br/ba/itiuba/zona-0149/69c361742a8b1ecd828d81a670dc483a.jpg", "https://vocefiscal-poll-tape-uploads.s3.amazonaws.com/us-east-1%3A581b91e1-2255-4e6f-be84-2bcc80e991c8/br/ba/itiuba/zona-0149/139d75af20245776bcb97f77a87c5fae.jpg", "https://vocefiscal-poll-tape-uploads.s3.amazonaws.com/us-east-1%3A581b91e1-2255-4e6f-be84-2bcc80e991c8/br/ba/itiuba/zona-0149/47c67b3ce04b6f2a3ef11876a4cf9e0d.jpg", "https://vocefiscal-poll-tape-uploads.s3.amazonaws.com/us-east-1%3A581b91e1-2255-4e6f-be84-2bcc80e991c8/br/ba/itiuba/zona-0149/deac8874ecf866f94332193d91e532f0.jpg", "https://vocefiscal-poll-tape-uploads.s3.amazonaws.com/us-east-1%3A581b91e1-2255-4e6f-be84-2bcc80e991c8/br/ba/itiuba/zona-0149/aa6f942c7e8729ff8c7d1cb73221ffdb.jpg", "https://vocefiscal-poll-tape-uploads.s3.amazonaws.com/us-east-1%3A581b91e1-2255-4e6f-be84-2bcc80e991c8/br/ba/itiuba/zona-0149/e64a68d795fc1de1eb537fac05a4e63.jpg", "https://vocefiscal-poll-tape-uploads.s3.amazonaws.com/us-east-1%3A581b91e1-2255-4e6f-be84-2bcc80e991c8/br/ba/itiuba/zona-0149/4fb4514c4076104b2232bf0fb0a7ba8b.jpg", "https://vocefiscal-poll-tape-uploads.s3.amazonaws.com/us-east-1%3A581b91e1-2255-4e6f-be84-2bcc80e991c8/br/ba/itiuba/zona-0149/90e1840b0219522f800d937648df714f.jpg", "https://vocefiscal-poll-tape-uploads.s3.amazonaws.com/us-east-1%3A581b91e1-2255-4e6f-be84-2bcc80e991c8/br/ba/itiuba/zona-0149/b28ec80c3d9ca1ab6fd8476f016fb5f4.jpg", "https://vocefiscal-poll-tape-uploads.s3.amazonaws.com/us-east-1%3A581b91e1-2255-4e6f-be84-2bcc80e991c8/br/ba/itiuba/zona-0149/91d60b555eb4c40791bc8f4c35cd75fd.jpg", "https://vocefiscal-poll-tape-uploads.s3.amazonaws.com/us-east-1%3A581b91e1-2255-4e6f-be84-2bcc80e991c8/br/ba/itiuba/zona-0149/b58a269860a48918ca5badb9b40cec72.jpg", "https://vocefiscal-poll-tape-uploads.s3.amazonaws.com/us-east-1%3A581b91e1-2255-4e6f-be84-2bcc80e991c8/br/ba/itiuba/zona-0149/1cd6c48a2808c2491da85f1f71b724ce.jpg"], "estado": "BA", "localDaVotacao": "1210", "zonaEleitoral": "0149", "secaoEleitoral": "0037", "municipio": "ITI\u00daBA"}