{"data": 1412541051790, "pictureURLList": ["https://vocefiscal-poll-tape-uploads.s3.amazonaws.com/us-east-1%3A1b3751b2-b62a-49d5-8274-301edcce98b4/br/ba/vitoria-da-conquista/zona-0041/c0a8cd821c930a62b6bd6f3e75c6a06c.jpg", "https://vocefiscal-poll-tape-uploads.s3.amazonaws.com/us-east-1%3A1b3751b2-b62a-49d5-8274-301edcce98b4/br/ba/vitoria-da-conquista/zona-0041/9157265f2c250bab7a9047761d66d8d5.jpg", "https://vocefiscal-poll-tape-uploads.s3.amazonaws.com/us-east-1%3A1b3751b2-b62a-49d5-8274-301edcce98b4/br/ba/vitoria-da-conquista/zona-0041/c96ca6e8ca783b35b464c862ccad15a5.jpg", "https://vocefiscal-poll-tape-uploads.s3.amazonaws.com/us-east-1%3A1b3751b2-b62a-49d5-8274-301edcce98b4/br/ba/vitoria-da-conquista/zona-0041/73d4d562875f3de196847cc06faff420.jpg", "https://vocefiscal-poll-tape-uploads.s3.amazonaws.com/us-east-1%3A1b3751b2-b62a-49d5-8274-301edcce98b4/br/ba/vitoria-da-conquista/zona-0041/7d7faab31ef38e70b984981cfe34e980.jpg", "https://vocefiscal-poll-tape-uploads.s3.amazonaws.com/us-east-1%3A1b3751b2-b62a-49d5-8274-301edcce98b4/br/ba/vitoria-da-conquista/zona-0041/2362fab35f441d325ab4d6eeb3ec2f8b.jpg", "https://vocefiscal-poll-tape-uploads.s3.amazonaws.com/us-east-1%3A1b3751b2-b62a-49d5-8274-301edcce98b4/br/ba/vitoria-da-conquista/zona-0041/4195ae920d00cf88666c60f626df9c5d.jpg", "https://vocefiscal-poll-tape-uploads.s3.amazonaws.com/us-east-1%3A1b3751b2-b62a-49d5-8274-301edcce98b4/br/ba/vitoria-da-conquista/zona-0041/a3bd85bf4c283a869f1163091166a2e8.jpg", "https://vocefiscal-poll-tape-uploads.s3.amazonaws.com/us-east-1%3A1b3751b2-b62a-49d5-8274-301edcce98b4/br/ba/vitoria-da-conquista/zona-0041/5edc147681ea1aaec55894a781443f59.jpg", "https://vocefiscal-poll-tape-uploads.s3.amazonaws.com/us-east-1%3A1b3751b2-b62a-49d5-8274-301edcce98b4/br/ba/vitoria-da-conquista/zona-0041/2464892ca625efcc58ede90e850f7d2b.jpg", "https://vocefiscal-poll-tape-uploads.s3.amazonaws.com/us-east-1%3A1b3751b2-b62a-49d5-8274-301edcce98b4/br/ba/vitoria-da-conquista/zona-0041/432af6bc8cbdec76975ae1327a887b8c.jpg", "https://vocefiscal-poll-tape-uploads.s3.amazonaws.com/us-east-1%3A1b3751b2-b62a-49d5-8274-301edcce98b4/br/ba/vitoria-da-conquista/zona-0041/9f18ac1e25b4276624f3dde60ad0846e.jpg", "https://vocefiscal-poll-tape-uploads.s3.amazonaws.com/us-east-1%3A1b3751b2-b62a-49d5-8274-301edcce98b4/br/ba/vitoria-da-conquista/zona-0041/6d9588d33e6690e63078764ef3d49cb0.jpg"], "estado": "BA", "localDaVotacao": "1325", "zonaEleitoral": "0041", "secaoEleitoral": "0079", "municipio": "VIT\u00d3RIA DA CONQUISTA"}