{"data": 1412543445792, "estado": "BA", "localDaVotacao": "1023", "zonaEleitoral": "0013", "secaoEleitoral": "0009", "pictureURLList": ["https://vocefiscal-poll-tape-uploads.s3.amazonaws.com/us-east-1%3A26a501a3-2396-47a0-9589-8ea09842e0be/br/ba/salvador/zona-0013/f77455fc98d4a1e47c37a626715cb80.jpg", "https://vocefiscal-poll-tape-uploads.s3.amazonaws.com/us-east-1%3A26a501a3-2396-47a0-9589-8ea09842e0be/br/ba/salvador/zona-0013/533c9d5108468efd4f5e2611799135a7.jpg", "https://vocefiscal-poll-tape-uploads.s3.amazonaws.com/us-east-1%3A26a501a3-2396-47a0-9589-8ea09842e0be/br/ba/salvador/zona-0013/573f7a03ea67674e5624e72ffa5fc096.jpg", "https://vocefiscal-poll-tape-uploads.s3.amazonaws.com/us-east-1%3A26a501a3-2396-47a0-9589-8ea09842e0be/br/ba/salvador/zona-0013/5feaf93e28f195df58aab7907f980388.jpg", "https://vocefiscal-poll-tape-uploads.s3.amazonaws.com/us-east-1%3A26a501a3-2396-47a0-9589-8ea09842e0be/br/ba/salvador/zona-0013/b32611218b93d5dc4764fc55cbd46d2b.jpg", "https://vocefiscal-poll-tape-uploads.s3.amazonaws.com/us-east-1%3A26a501a3-2396-47a0-9589-8ea09842e0be/br/ba/salvador/zona-0013/747ecbfa2d199bd61ffe4eb30b333e4d.jpg", "https://vocefiscal-poll-tape-uploads.s3.amazonaws.com/us-east-1%3A26a501a3-2396-47a0-9589-8ea09842e0be/br/ba/salvador/zona-0013/d4635278d4bfffe0a422f71056a98ba5.jpg", "https://vocefiscal-poll-tape-uploads.s3.amazonaws.com/us-east-1%3A26a501a3-2396-47a0-9589-8ea09842e0be/br/ba/salvador/zona-0013/294477d5ab70b5ccea3317bd99421c31.jpg", "https://vocefiscal-poll-tape-uploads.s3.amazonaws.com/us-east-1%3A26a501a3-2396-47a0-9589-8ea09842e0be/br/ba/salvador/zona-0013/eaad5229fae9701adfb836e472f1a255.jpg", "https://vocefiscal-poll-tape-uploads.s3.amazonaws.com/us-east-1%3A26a501a3-2396-47a0-9589-8ea09842e0be/br/ba/salvador/zona-0013/f894336591fa835ba47b4776b7e87723.jpg", "https://vocefiscal-poll-tape-uploads.s3.amazonaws.com/us-east-1%3A26a501a3-2396-47a0-9589-8ea09842e0be/br/ba/salvador/zona-0013/2d60a6160af25a8f7e2eac78acf74796.jpg", "https://vocefiscal-poll-tape-uploads.s3.amazonaws.com/us-east-1%3A26a501a3-2396-47a0-9589-8ea09842e0be/br/ba/salvador/zona-0013/4c848c9496c6c396e5128d94af4b071e.jpg", "https://vocefiscal-poll-tape-uploads.s3.amazonaws.com/us-east-1%3A26a501a3-2396-47a0-9589-8ea09842e0be/br/ba/salvador/zona-0013/cccec416c6c52910abd66101292c0a49.jpg", "https://vocefiscal-poll-tape-uploads.s3.amazonaws.com/us-east-1%3A26a501a3-2396-47a0-9589-8ea09842e0be/br/ba/salvador/zona-0013/cf166ad74ad147295239c7b25bf3be66.jpg", "https://vocefiscal-poll-tape-uploads.s3.amazonaws.com/us-east-1%3A26a501a3-2396-47a0-9589-8ea09842e0be/br/ba/salvador/zona-0013/c32c249d205a4bbba16e81fde97f15fe.jpg", "https://vocefiscal-poll-tape-uploads.s3.amazonaws.com/us-east-1%3A26a501a3-2396-47a0-9589-8ea09842e0be/br/ba/salvador/zona-0013/aab76f1944641403669dd9d5f899d5e0.jpg", "https://vocefiscal-poll-tape-uploads.s3.amazonaws.com/us-east-1%3A26a501a3-2396-47a0-9589-8ea09842e0be/br/ba/salvador/zona-0013/32bb02dcba4f81e662117da486da5628.jpg", "https://vocefiscal-poll-tape-uploads.s3.amazonaws.com/us-east-1%3A26a501a3-2396-47a0-9589-8ea09842e0be/br/ba/salvador/zona-0013/528a27d4c9b39daf997ea5e804acb1.jpg", "https://vocefiscal-poll-tape-uploads.s3.amazonaws.com/us-east-1%3A26a501a3-2396-47a0-9589-8ea09842e0be/br/ba/salvador/zona-0013/2a714f35876576f3c1c22c26826d5c91.jpg", "https://vocefiscal-poll-tape-uploads.s3.amazonaws.com/us-east-1%3A26a501a3-2396-47a0-9589-8ea09842e0be/br/ba/salvador/zona-0013/960c6b1627a54e3269365208cd9c77b1.jpg", "https://vocefiscal-poll-tape-uploads.s3.amazonaws.com/us-east-1%3A26a501a3-2396-47a0-9589-8ea09842e0be/br/ba/salvador/zona-0013/d2cf56ce2ec1c9d19459b2bf095bc7a5.jpg", "https://vocefiscal-poll-tape-uploads.s3.amazonaws.com/us-east-1%3A26a501a3-2396-47a0-9589-8ea09842e0be/br/ba/salvador/zona-0013/ca1bf0c519c108dab562d35b5fa2cf53.jpg", "https://vocefiscal-poll-tape-uploads.s3.amazonaws.com/us-east-1%3A26a501a3-2396-47a0-9589-8ea09842e0be/br/ba/salvador/zona-0013/71001438f076866c5eb64f31a86f7264.jpg", "https://vocefiscal-poll-tape-uploads.s3.amazonaws.com/us-east-1%3A26a501a3-2396-47a0-9589-8ea09842e0be/br/ba/salvador/zona-0013/dde95a591c0cc7ead6c40bb0b0472c3a.jpg", "https://vocefiscal-poll-tape-uploads.s3.amazonaws.com/us-east-1%3A26a501a3-2396-47a0-9589-8ea09842e0be/br/ba/salvador/zona-0013/8709658270423c6ee2568d1e0020d945.jpg", "https://vocefiscal-poll-tape-uploads.s3.amazonaws.com/us-east-1%3A26a501a3-2396-47a0-9589-8ea09842e0be/br/ba/salvador/zona-0013/4ba9da96afadc2082a73fe80d5201240.jpg", "https://vocefiscal-poll-tape-uploads.s3.amazonaws.com/us-east-1%3A26a501a3-2396-47a0-9589-8ea09842e0be/br/ba/salvador/zona-0013/5116b1e42cb504e4d9b7ae9cd5f856f2.jpg", "https://vocefiscal-poll-tape-uploads.s3.amazonaws.com/us-east-1%3A26a501a3-2396-47a0-9589-8ea09842e0be/br/ba/salvador/zona-0013/a1c10fa3d87e6e2b7c9ff2d622f85620.jpg", "https://vocefiscal-poll-tape-uploads.s3.amazonaws.com/us-east-1%3A26a501a3-2396-47a0-9589-8ea09842e0be/br/ba/salvador/zona-0013/2c9f09d2d0bdcee513a3844769657fab.jpg", "https://vocefiscal-poll-tape-uploads.s3.amazonaws.com/us-east-1%3A26a501a3-2396-47a0-9589-8ea09842e0be/br/ba/salvador/zona-0013/be230e5f976d9b162f2332445d2b82f6.jpg", "https://vocefiscal-poll-tape-uploads.s3.amazonaws.com/us-east-1%3A26a501a3-2396-47a0-9589-8ea09842e0be/br/ba/salvador/zona-0013/d1e278fc0b8ebdf5e844d0fc572d68b.jpg", "https://vocefiscal-poll-tape-uploads.s3.amazonaws.com/us-east-1%3A26a501a3-2396-47a0-9589-8ea09842e0be/br/ba/salvador/zona-0013/3ced18403ad90577ceafe0270ed8882a.jpg", "https://vocefiscal-poll-tape-uploads.s3.amazonaws.com/us-east-1%3A26a501a3-2396-47a0-9589-8ea09842e0be/br/ba/salvador/zona-0013/a76f2f63900644eafd3371e92388626.jpg", "https://vocefiscal-poll-tape-uploads.s3.amazonaws.com/us-east-1%3A26a501a3-2396-47a0-9589-8ea09842e0be/br/ba/salvador/zona-0013/6a8626bc683f58cf36cd7f2eac4b3a7a.jpg", "https://vocefiscal-poll-tape-uploads.s3.amazonaws.com/us-east-1%3A26a501a3-2396-47a0-9589-8ea09842e0be/br/ba/salvador/zona-0013/44bb9bb20b4ccf90cd65a3ffa7d42ec9.jpg", "https://vocefiscal-poll-tape-uploads.s3.amazonaws.com/us-east-1%3A26a501a3-2396-47a0-9589-8ea09842e0be/br/ba/salvador/zona-0013/37b6cfc4d767ecdbca42689027b3e510.jpg", "https://vocefiscal-poll-tape-uploads.s3.amazonaws.com/us-east-1%3A26a501a3-2396-47a0-9589-8ea09842e0be/br/ba/salvador/zona-0013/30b7e1531d7050576372aab547ede6ec.jpg", "https://vocefiscal-poll-tape-uploads.s3.amazonaws.com/us-east-1%3A26a501a3-2396-47a0-9589-8ea09842e0be/br/ba/salvador/zona-0013/55ca006b868d3a2218103068ad8989d.jpg", "https://vocefiscal-poll-tape-uploads.s3.amazonaws.com/us-east-1%3A26a501a3-2396-47a0-9589-8ea09842e0be/br/ba/salvador/zona-0013/30956e186e42f4f4a54ffb48753debd9.jpg", "https://vocefiscal-poll-tape-uploads.s3.amazonaws.com/us-east-1%3A26a501a3-2396-47a0-9589-8ea09842e0be/br/ba/salvador/zona-0013/7573fc4ee9b89fede8920adcf5ed4836.jpg", "https://vocefiscal-poll-tape-uploads.s3.amazonaws.com/us-east-1%3A26a501a3-2396-47a0-9589-8ea09842e0be/br/ba/salvador/zona-0013/5c5e67b614c75077733efed47f58dbf6.jpg"], "municipio": "SALVADOR"}