{"municipio": "VITÓRIA DA CONQUISTA", "secaoEleitoral": "0038", "data": 1412542805722, "pictureURLList": ["https://vocefiscal-poll-tape-uploads.s3.amazonaws.com/us-east-1%3A28ce7da1-9cd6-4639-9a45-3516fde9e014/br/sp/adamantina/zona-0041/52351e90edf3a2920d77beaf64f9ff9a.jpg", "https://vocefiscal-poll-tape-uploads.s3.amazonaws.com/us-east-1%3A28ce7da1-9cd6-4639-9a45-3516fde9e014/br/sp/adamantina/zona-0041/4146b84e371ad3b060d26db43abc74d.jpg", "https://vocefiscal-poll-tape-uploads.s3.amazonaws.com/us-east-1%3A28ce7da1-9cd6-4639-9a45-3516fde9e014/br/sp/adamantina/zona-0041/261d16d9512c9c782d78e8da8273d062.jpg", "https://vocefiscal-poll-tape-uploads.s3.amazonaws.com/us-east-1%3A28ce7da1-9cd6-4639-9a45-3516fde9e014/br/sp/adamantina/zona-0041/482b624fb21d72fe373faf41392a100f.jpg", "https://vocefiscal-poll-tape-uploads.s3.amazonaws.com/us-east-1%3A28ce7da1-9cd6-4639-9a45-3516fde9e014/br/sp/adamantina/zona-0041/2dfa64ca12fcfd41465b7ef01b907371.jpg", "https://vocefiscal-poll-tape-uploads.s3.amazonaws.com/us-east-1%3A28ce7da1-9cd6-4639-9a45-3516fde9e014/br/sp/adamantina/zona-0041/9afbdc6d86b20367aec0145706d8cec5.jpg", "https://vocefiscal-poll-tape-uploads.s3.amazonaws.com/us-east-1%3A28ce7da1-9cd6-4639-9a45-3516fde9e014/br/sp/adamantina/zona-0041/f804f4a8b85df7188b5df8ab08862ca5.jpg", "https://vocefiscal-poll-tape-uploads.s3.amazonaws.com/us-east-1%3A28ce7da1-9cd6-4639-9a45-3516fde9e014/br/sp/adamantina/zona-0041/6ef0b3299c414ce0936db9d721f265e0.jpg", "https://vocefiscal-poll-tape-uploads.s3.amazonaws.com/us-east-1%3A28ce7da1-9cd6-4639-9a45-3516fde9e014/br/sp/adamantina/zona-0041/80cd576d621a047fc63bdf5c2beaf96a.jpg", "https://vocefiscal-poll-tape-uploads.s3.amazonaws.com/us-east-1%3A28ce7da1-9cd6-4639-9a45-3516fde9e014/br/sp/adamantina/zona-0041/ea550af967280b0a1dca7974f75d3a2f.jpg", "https://vocefiscal-poll-tape-uploads.s3.amazonaws.com/us-east-1%3A28ce7da1-9cd6-4639-9a45-3516fde9e014/br/sp/adamantina/zona-0041/27d3f0760d8ffda5f32c118743f8a1e3.jpg", "https://vocefiscal-poll-tape-uploads.s3.amazonaws.com/us-east-1%3A28ce7da1-9cd6-4639-9a45-3516fde9e014/br/sp/adamantina/zona-0041/c83ed0da9cd2c24764e42a6220a7573f.jpg"], "zonaEleitoral": "0041", "estado": "BA", "localDaVotacao": "1376"}