{"data": 1412542319504, "estado": "BA", "secaoEleitoral": "0229", "zonaEleitoral": "0129", "pictureURLList": ["https://vocefiscal-poll-tape-uploads.s3.amazonaws.com/us-east-1%3A44bcf1b2-a245-4b99-9b85-a315a0799984/br/ba/catu/zona-0129/d9f2fd3135efd079bee2b391e59d9abc.jpg", "https://vocefiscal-poll-tape-uploads.s3.amazonaws.com/us-east-1%3A44bcf1b2-a245-4b99-9b85-a315a0799984/br/ba/catu/zona-0129/60dd88126f8d934693b5d641a25f6bc3.jpg", "https://vocefiscal-poll-tape-uploads.s3.amazonaws.com/us-east-1%3A44bcf1b2-a245-4b99-9b85-a315a0799984/br/ba/catu/zona-0129/4e121347258a4595fb7c49ebc98caba0.jpg", "https://vocefiscal-poll-tape-uploads.s3.amazonaws.com/us-east-1%3A44bcf1b2-a245-4b99-9b85-a315a0799984/br/ba/catu/zona-0129/6ebe3a843da5b5e807547914f3b6e893.jpg", "https://vocefiscal-poll-tape-uploads.s3.amazonaws.com/us-east-1%3A44bcf1b2-a245-4b99-9b85-a315a0799984/br/ba/catu/zona-0129/a8ef76e3f829ce03ec313487b93fac0e.jpg", "https://vocefiscal-poll-tape-uploads.s3.amazonaws.com/us-east-1%3A44bcf1b2-a245-4b99-9b85-a315a0799984/br/ba/catu/zona-0129/3f3cb4fa120fe036b7dea6a9fd5b1465.jpg", "https://vocefiscal-poll-tape-uploads.s3.amazonaws.com/us-east-1%3A44bcf1b2-a245-4b99-9b85-a315a0799984/br/ba/catu/zona-0129/54184b6c05c55fe4c5a6189a4fcde294.jpg", "https://vocefiscal-poll-tape-uploads.s3.amazonaws.com/us-east-1%3A44bcf1b2-a245-4b99-9b85-a315a0799984/br/ba/catu/zona-0129/fcece3795d292fbf89e7615090de5b66.jpg", "https://vocefiscal-poll-tape-uploads.s3.amazonaws.com/us-east-1%3A44bcf1b2-a245-4b99-9b85-a315a0799984/br/ba/catu/zona-0129/5c1d28dedf2e3d7deaeef9d25aa2ad8.jpg", "https://vocefiscal-poll-tape-uploads.s3.amazonaws.com/us-east-1%3A44bcf1b2-a245-4b99-9b85-a315a0799984/br/ba/catu/zona-0129/ca42efa7dabbbd98c033d946a83b93ab.jpg", "https://vocefiscal-poll-tape-uploads.s3.amazonaws.com/us-east-1%3A44bcf1b2-a245-4b99-9b85-a315a0799984/br/ba/catu/zona-0129/ab8e7f70231496d20c100e7037445509.jpg", "https://vocefiscal-poll-tape-uploads.s3.amazonaws.com/us-east-1%3A44bcf1b2-a245-4b99-9b85-a315a0799984/br/ba/catu/zona-0129/16bd24f3c485b48346bbda9aaf3182f7.jpg", "https://vocefiscal-poll-tape-uploads.s3.amazonaws.com/us-east-1%3A44bcf1b2-a245-4b99-9b85-a315a0799984/br/ba/catu/zona-0129/1ea747995ddd7307aa83c646d8d7d1cb.jpg", "https://vocefiscal-poll-tape-uploads.s3.amazonaws.com/us-east-1%3A44bcf1b2-a245-4b99-9b85-a315a0799984/br/ba/catu/zona-0129/6b7f44b26293a90bd88489a006aa4318.jpg", "https://vocefiscal-poll-tape-uploads.s3.amazonaws.com/us-east-1%3A44bcf1b2-a245-4b99-9b85-a315a0799984/br/ba/catu/zona-0129/a88c367cc05725ad030c1cdf4a152d5c.jpg", "https://vocefiscal-poll-tape-uploads.s3.amazonaws.com/us-east-1%3A44bcf1b2-a245-4b99-9b85-a315a0799984/br/ba/catu/zona-0129/7eccfcc4fe009d3aaebc05319bcb0bcf.jpg", "https://vocefiscal-poll-tape-uploads.s3.amazonaws.com/us-east-1%3A44bcf1b2-a245-4b99-9b85-a315a0799984/br/ba/catu/zona-0129/39eda9ca4c36ea4f8151d97402f5514f.jpg", "https://vocefiscal-poll-tape-uploads.s3.amazonaws.com/us-east-1%3A44bcf1b2-a245-4b99-9b85-a315a0799984/br/ba/catu/zona-0129/e6bfe061504560278e349bc0b79b278f.jpg", "https://vocefiscal-poll-tape-uploads.s3.amazonaws.com/us-east-1%3A44bcf1b2-a245-4b99-9b85-a315a0799984/br/ba/catu/zona-0129/4e1eea395abe013a23772803738dc31e.jpg", "https://vocefiscal-poll-tape-uploads.s3.amazonaws.com/us-east-1%3A44bcf1b2-a245-4b99-9b85-a315a0799984/br/ba/catu/zona-0129/18a6bf1a813836e844659d5352c408c5.jpg", "https://vocefiscal-poll-tape-uploads.s3.amazonaws.com/us-east-1%3A44bcf1b2-a245-4b99-9b85-a315a0799984/br/ba/catu/zona-0129/e152293de88dbba1c56dcf27fb661e50.jpg", "https://vocefiscal-poll-tape-uploads.s3.amazonaws.com/us-east-1%3A44bcf1b2-a245-4b99-9b85-a315a0799984/br/ba/catu/zona-0129/6a0f3506c811266ec11f681d5af64716.jpg", "https://vocefiscal-poll-tape-uploads.s3.amazonaws.com/us-east-1%3A44bcf1b2-a245-4b99-9b85-a315a0799984/br/ba/catu/zona-0129/bfda64d300bda2a05451859084780f4e.jpg", "https://vocefiscal-poll-tape-uploads.s3.amazonaws.com/us-east-1%3A44bcf1b2-a245-4b99-9b85-a315a0799984/br/ba/catu/zona-0129/bfda64d300bda2a05451859084780f4e.jpg"], "municipio": "CATU"}