{"data": 1412540746859, "estado": "BA", "secaoEleitoral": "0141", "zonaEleitoral": "0013", "pictureURLList": ["https://vocefiscal-poll-tape-uploads.s3.amazonaws.com/us-east-1%3A524a334b-849d-42ac-807e-02019f76b61c/br/ba/salvador/zona-0013/35dffa21025362f3853da74cfa39a263.jpg", "https://vocefiscal-poll-tape-uploads.s3.amazonaws.com/us-east-1%3A524a334b-849d-42ac-807e-02019f76b61c/br/ba/salvador/zona-0013/aaa1dd1f5be72371391aaaa90a03ae4f.jpg", "https://vocefiscal-poll-tape-uploads.s3.amazonaws.com/us-east-1%3A524a334b-849d-42ac-807e-02019f76b61c/br/ba/salvador/zona-0013/8eeebf05dc3f549fa7c84623388c58d1.jpg", "https://vocefiscal-poll-tape-uploads.s3.amazonaws.com/us-east-1%3A524a334b-849d-42ac-807e-02019f76b61c/br/ba/salvador/zona-0013/7fb2a9ac61aaf63fa6a008d285d56a76.jpg", "https://vocefiscal-poll-tape-uploads.s3.amazonaws.com/us-east-1%3A524a334b-849d-42ac-807e-02019f76b61c/br/ba/salvador/zona-0013/237112e902b683281736c4b76629ecb5.jpg", "https://vocefiscal-poll-tape-uploads.s3.amazonaws.com/us-east-1%3A524a334b-849d-42ac-807e-02019f76b61c/br/ba/salvador/zona-0013/c0641af0dfa3cd27577ebcf6423739b6.jpg", "https://vocefiscal-poll-tape-uploads.s3.amazonaws.com/us-east-1%3A524a334b-849d-42ac-807e-02019f76b61c/br/ba/salvador/zona-0013/af1c4c8090402c4730fde7306408fa4.jpg", "https://vocefiscal-poll-tape-uploads.s3.amazonaws.com/us-east-1%3A524a334b-849d-42ac-807e-02019f76b61c/br/ba/salvador/zona-0013/e81c7fa84b8e6ad586faf075926b882b.jpg", "https://vocefiscal-poll-tape-uploads.s3.amazonaws.com/us-east-1%3A524a334b-849d-42ac-807e-02019f76b61c/br/ba/salvador/zona-0013/7e90d34224d449ba12ca98093631df16.jpg", "https://vocefiscal-poll-tape-uploads.s3.amazonaws.com/us-east-1%3A524a334b-849d-42ac-807e-02019f76b61c/br/ba/salvador/zona-0013/aaa8c0e844624f5ddd11be92495082d3.jpg", "https://vocefiscal-poll-tape-uploads.s3.amazonaws.com/us-east-1%3A524a334b-849d-42ac-807e-02019f76b61c/br/ba/salvador/zona-0013/5067b8d2e65e39a19ec70e048a281602.jpg", "https://vocefiscal-poll-tape-uploads.s3.amazonaws.com/us-east-1%3A524a334b-849d-42ac-807e-02019f76b61c/br/ba/salvador/zona-0013/bc194e0a08bf33a181f64a460df5f2d2.jpg", "https://vocefiscal-poll-tape-uploads.s3.amazonaws.com/us-east-1%3A524a334b-849d-42ac-807e-02019f76b61c/br/ba/salvador/zona-0013/9a05c0839f813f4f02101073198cdeb.jpg", "https://vocefiscal-poll-tape-uploads.s3.amazonaws.com/us-east-1%3A524a334b-849d-42ac-807e-02019f76b61c/br/ba/salvador/zona-0013/78817466f84fae17b2c3c3eddc76252e.jpg", "https://vocefiscal-poll-tape-uploads.s3.amazonaws.com/us-east-1%3A524a334b-849d-42ac-807e-02019f76b61c/br/ba/salvador/zona-0013/31c673ab6d5e5b0738609236e400d6c4.jpg", "https://vocefiscal-poll-tape-uploads.s3.amazonaws.com/us-east-1%3A524a334b-849d-42ac-807e-02019f76b61c/br/ba/salvador/zona-0013/340d5f06dbc5be7b2373d37ec6682c43.jpg", "https://vocefiscal-poll-tape-uploads.s3.amazonaws.com/us-east-1%3A524a334b-849d-42ac-807e-02019f76b61c/br/ba/salvador/zona-0013/eb4ea9cfff3df8b163b310b318b01974.jpg", "https://vocefiscal-poll-tape-uploads.s3.amazonaws.com/us-east-1%3A524a334b-849d-42ac-807e-02019f76b61c/br/ba/salvador/zona-0013/ea7084437aa9b58245aa3427d5328da9.jpg", "https://vocefiscal-poll-tape-uploads.s3.amazonaws.com/us-east-1%3A524a334b-849d-42ac-807e-02019f76b61c/br/ba/salvador/zona-0013/f9a2eee7dd1ec10a22ff38c1b6975226.jpg", "https://vocefiscal-poll-tape-uploads.s3.amazonaws.com/us-east-1%3A524a334b-849d-42ac-807e-02019f76b61c/br/ba/salvador/zona-0013/37f463e4aa4f55787f4630fca729e270.jpg", "https://vocefiscal-poll-tape-uploads.s3.amazonaws.com/us-east-1%3A524a334b-849d-42ac-807e-02019f76b61c/br/ba/salvador/zona-0013/72067381702e1179477b0395a08a698d.jpg", "https://vocefiscal-poll-tape-uploads.s3.amazonaws.com/us-east-1%3A524a334b-849d-42ac-807e-02019f76b61c/br/ba/salvador/zona-0013/f00ddbf24ea986c4cfce3128b325cd61.jpg", "https://vocefiscal-poll-tape-uploads.s3.amazonaws.com/us-east-1%3A524a334b-849d-42ac-807e-02019f76b61c/br/ba/salvador/zona-0013/891a9fd0be286cccd84ad6da84a85f.jpg", "https://vocefiscal-poll-tape-uploads.s3.amazonaws.com/us-east-1%3A524a334b-849d-42ac-807e-02019f76b61c/br/ba/salvador/zona-0013/30033733045c88e95f65f264b6a2e08f.jpg", "https://vocefiscal-poll-tape-uploads.s3.amazonaws.com/us-east-1%3A524a334b-849d-42ac-807e-02019f76b61c/br/ba/salvador/zona-0013/e74d7a2faf48fa22ee0a686bc2e117c7.jpg", "https://vocefiscal-poll-tape-uploads.s3.amazonaws.com/us-east-1%3A524a334b-849d-42ac-807e-02019f76b61c/br/ba/salvador/zona-0013/13b23c6617913a8221b4c751c23babca.jpg", "https://vocefiscal-poll-tape-uploads.s3.amazonaws.com/us-east-1%3A524a334b-849d-42ac-807e-02019f76b61c/br/ba/salvador/zona-0013/682b7975b591fb2676f0251f351dbdb3.jpg", "https://vocefiscal-poll-tape-uploads.s3.amazonaws.com/us-east-1%3A524a334b-849d-42ac-807e-02019f76b61c/br/ba/salvador/zona-0013/156537f38990d137bb2dc4bf8bdda17e.jpg", "https://vocefiscal-poll-tape-uploads.s3.amazonaws.com/us-east-1%3A524a334b-849d-42ac-807e-02019f76b61c/br/ba/salvador/zona-0013/157a56748b2d26624e402177cc8f12f1.jpg"], "municipio": "SALVADOR"}