{"data": 1412542303066, "estado": "BA", "localDaVotacao": "1287", "zonaEleitoral": "0006", "secaoEleitoral": "0253", "pictureURLList": ["https://vocefiscal-poll-tape-uploads.s3.amazonaws.com/us-east-1%3Aa342cc70-f8e8-477e-85fc-e9c743cdfb2c/br/ba/salvador/zona-0006/bf6a7b90efb878b990daeadc4e083be9.jpg", "https://vocefiscal-poll-tape-uploads.s3.amazonaws.com/us-east-1%3Aa342cc70-f8e8-477e-85fc-e9c743cdfb2c/br/ba/salvador/zona-0006/c03dde8ac47b9e9781254c04ad740a64.jpg", "https://vocefiscal-poll-tape-uploads.s3.amazonaws.com/us-east-1%3Aa342cc70-f8e8-477e-85fc-e9c743cdfb2c/br/ba/salvador/zona-0006/8371858971fad643bb77d4a753a05904.jpg", "https://vocefiscal-poll-tape-uploads.s3.amazonaws.com/us-east-1%3Aa342cc70-f8e8-477e-85fc-e9c743cdfb2c/br/ba/salvador/zona-0006/fdd7ebc7e785508d6ea8d02edcdb7af7.jpg", "https://vocefiscal-poll-tape-uploads.s3.amazonaws.com/us-east-1%3Aa342cc70-f8e8-477e-85fc-e9c743cdfb2c/br/ba/salvador/zona-0006/d60eaa323eb40bd3729551ee050882a8.jpg", "https://vocefiscal-poll-tape-uploads.s3.amazonaws.com/us-east-1%3Aa342cc70-f8e8-477e-85fc-e9c743cdfb2c/br/ba/salvador/zona-0006/53069527bb7e70e352adef8ef30c0d4e.jpg", "https://vocefiscal-poll-tape-uploads.s3.amazonaws.com/us-east-1%3Aa342cc70-f8e8-477e-85fc-e9c743cdfb2c/br/ba/salvador/zona-0006/770e464a0e7f364f8b1ac9c8b18364b1.jpg", "https://vocefiscal-poll-tape-uploads.s3.amazonaws.com/us-east-1%3Aa342cc70-f8e8-477e-85fc-e9c743cdfb2c/br/ba/salvador/zona-0006/9a9be7415b6c7e32d0f92332e5fe26cc.jpg", "https://vocefiscal-poll-tape-uploads.s3.amazonaws.com/us-east-1%3Aa342cc70-f8e8-477e-85fc-e9c743cdfb2c/br/ba/salvador/zona-0006/241f63b45221df6324b2fa5afc20bda0.jpg", "https://vocefiscal-poll-tape-uploads.s3.amazonaws.com/us-east-1%3Aa342cc70-f8e8-477e-85fc-e9c743cdfb2c/br/ba/salvador/zona-0006/7c2fb681354266e3248f1a94d1339ae.jpg", "https://vocefiscal-poll-tape-uploads.s3.amazonaws.com/us-east-1%3Aa342cc70-f8e8-477e-85fc-e9c743cdfb2c/br/ba/salvador/zona-0006/c25aa55afc81bfcc1a763d8c4ae10329.jpg", "https://vocefiscal-poll-tape-uploads.s3.amazonaws.com/us-east-1%3Aa342cc70-f8e8-477e-85fc-e9c743cdfb2c/br/ba/salvador/zona-0006/ecb2c00e9c55ca34ef1d172f7658cb8d.jpg", "https://vocefiscal-poll-tape-uploads.s3.amazonaws.com/us-east-1%3Aa342cc70-f8e8-477e-85fc-e9c743cdfb2c/br/ba/salvador/zona-0006/d9178da23bc2dc6ab9c6aa5d659c0dd0.jpg", "https://vocefiscal-poll-tape-uploads.s3.amazonaws.com/us-east-1%3Aa342cc70-f8e8-477e-85fc-e9c743cdfb2c/br/ba/salvador/zona-0006/68450aae04dcc766c7e4fe043954f9a0.jpg", "https://vocefiscal-poll-tape-uploads.s3.amazonaws.com/us-east-1%3Aa342cc70-f8e8-477e-85fc-e9c743cdfb2c/br/ba/salvador/zona-0006/e272de32fc871ece57cefdba074f06ff.jpg", "https://vocefiscal-poll-tape-uploads.s3.amazonaws.com/us-east-1%3Aa342cc70-f8e8-477e-85fc-e9c743cdfb2c/br/ba/salvador/zona-0006/a75071cce61a87e663e60d4252f74028.jpg", "https://vocefiscal-poll-tape-uploads.s3.amazonaws.com/us-east-1%3Aa342cc70-f8e8-477e-85fc-e9c743cdfb2c/br/ba/salvador/zona-0006/3f4ee64f70943e2315fdd45d869bcff2.jpg", "https://vocefiscal-poll-tape-uploads.s3.amazonaws.com/us-east-1%3Aa342cc70-f8e8-477e-85fc-e9c743cdfb2c/br/ba/salvador/zona-0006/207d24e33d08f9ba202f9a168e44e7be.jpg", "https://vocefiscal-poll-tape-uploads.s3.amazonaws.com/us-east-1%3Aa342cc70-f8e8-477e-85fc-e9c743cdfb2c/br/ba/salvador/zona-0006/6a856aac7e065730d741cc2e3de86db5.jpg", "https://vocefiscal-poll-tape-uploads.s3.amazonaws.com/us-east-1%3Aa342cc70-f8e8-477e-85fc-e9c743cdfb2c/br/ba/salvador/zona-0006/d9433b6d5ec04fb69f380998ea8d052.jpg", "https://vocefiscal-poll-tape-uploads.s3.amazonaws.com/us-east-1%3Aa342cc70-f8e8-477e-85fc-e9c743cdfb2c/br/ba/salvador/zona-0006/59e797de95fb83ac56de6232a2aa8460.jpg", "https://vocefiscal-poll-tape-uploads.s3.amazonaws.com/us-east-1%3Aa342cc70-f8e8-477e-85fc-e9c743cdfb2c/br/ba/salvador/zona-0006/c1221e4f952d058d9bcdd6a84474fa2a.jpg", "https://vocefiscal-poll-tape-uploads.s3.amazonaws.com/us-east-1%3Aa342cc70-f8e8-477e-85fc-e9c743cdfb2c/br/ba/salvador/zona-0006/ff7b9be960eb17573810a717146b26fd.jpg"], "municipio": "SALVADOR"}