{"data": 1412540735201, "estado": "BA", "localDaVotacao": "1350", "zonaEleitoral": "0001", "secaoEleitoral": "0202", "pictureURLList": ["https://vocefiscal-poll-tape-uploads.s3.amazonaws.com/us-east-1%3A0472b159-127f-4846-acbb-34df52dd359d/br/ba/salvador/zona-0001/8b858119c0023a030d75c9abb59a06ae.jpg", "https://vocefiscal-poll-tape-uploads.s3.amazonaws.com/us-east-1%3A0472b159-127f-4846-acbb-34df52dd359d/br/ba/salvador/zona-0001/da0da0d5a64a1a07390decde1522b612.jpg", "https://vocefiscal-poll-tape-uploads.s3.amazonaws.com/us-east-1%3A0472b159-127f-4846-acbb-34df52dd359d/br/ba/salvador/zona-0001/8a528ea0dcec9321beb0628d9f1cca9e.jpg", "https://vocefiscal-poll-tape-uploads.s3.amazonaws.com/us-east-1%3A0472b159-127f-4846-acbb-34df52dd359d/br/ba/salvador/zona-0001/df3bfc2da8baa942198680a37c1aaaed.jpg", "https://vocefiscal-poll-tape-uploads.s3.amazonaws.com/us-east-1%3A0472b159-127f-4846-acbb-34df52dd359d/br/ba/salvador/zona-0001/27038f206d7500df0a0e97bb33d108be.jpg"], "municipio": "SALVADOR"}