{"municipio": "SALVADOR", "secaoEleitoral": "0154", "data": 1412541175808, "pictureURLList": ["https://vocefiscal-poll-tape-uploads.s3.amazonaws.com/us-east-1%3A959469c9-9c3d-4805-a537-c1e5e3c97bd9/br/sp/campinas/zona-0013/5886a60fc660c2b139b0dc913634f720.jpg", "https://vocefiscal-poll-tape-uploads.s3.amazonaws.com/us-east-1%3A959469c9-9c3d-4805-a537-c1e5e3c97bd9/br/sp/campinas/zona-0013/176cb6c4f23bba029317049b2b91b45f.jpg", "https://vocefiscal-poll-tape-uploads.s3.amazonaws.com/us-east-1%3A959469c9-9c3d-4805-a537-c1e5e3c97bd9/br/sp/campinas/zona-0013/e9969e315b3595c2c199e5f5b7f5a740.jpg", "https://vocefiscal-poll-tape-uploads.s3.amazonaws.com/us-east-1%3A959469c9-9c3d-4805-a537-c1e5e3c97bd9/br/sp/campinas/zona-0013/aa069764194f861d1c64befa8580d138.jpg", "https://vocefiscal-poll-tape-uploads.s3.amazonaws.com/us-east-1%3A959469c9-9c3d-4805-a537-c1e5e3c97bd9/br/sp/campinas/zona-0013/31429253fc9906836ed66e8b008399e8.jpg", "https://vocefiscal-poll-tape-uploads.s3.amazonaws.com/us-east-1%3A959469c9-9c3d-4805-a537-c1e5e3c97bd9/br/sp/campinas/zona-0013/25e1b014703d98e9cca1316a6fd9abd5.jpg", "https://vocefiscal-poll-tape-uploads.s3.amazonaws.com/us-east-1%3A959469c9-9c3d-4805-a537-c1e5e3c97bd9/br/sp/campinas/zona-0013/b848602f807bcce7658a369746595e03.jpg", "https://vocefiscal-poll-tape-uploads.s3.amazonaws.com/us-east-1%3A959469c9-9c3d-4805-a537-c1e5e3c97bd9/br/sp/campinas/zona-0013/4fe4598f607d59a0381e70ea42e69f73.jpg", "https://vocefiscal-poll-tape-uploads.s3.amazonaws.com/us-east-1%3A959469c9-9c3d-4805-a537-c1e5e3c97bd9/br/sp/campinas/zona-0013/a0e235fe11317ab0c17b7604c27a2ac2.jpg", "https://vocefiscal-poll-tape-uploads.s3.amazonaws.com/us-east-1%3A959469c9-9c3d-4805-a537-c1e5e3c97bd9/br/sp/campinas/zona-0013/bafc43b375c3d01ccd0f9a910f7947b.jpg", "https://vocefiscal-poll-tape-uploads.s3.amazonaws.com/us-east-1%3A959469c9-9c3d-4805-a537-c1e5e3c97bd9/br/sp/campinas/zona-0013/b0609c1893c20371a5caa67e7d6bf9b.jpg", "https://vocefiscal-poll-tape-uploads.s3.amazonaws.com/us-east-1%3A959469c9-9c3d-4805-a537-c1e5e3c97bd9/br/sp/campinas/zona-0013/b47913b14c1c3acf7fe699d0e6f3049a.jpg", "https://vocefiscal-poll-tape-uploads.s3.amazonaws.com/us-east-1%3A959469c9-9c3d-4805-a537-c1e5e3c97bd9/br/sp/campinas/zona-0013/87008314e3bd983aaf13740e9a6e0029.jpg", "https://vocefiscal-poll-tape-uploads.s3.amazonaws.com/us-east-1%3A959469c9-9c3d-4805-a537-c1e5e3c97bd9/br/sp/campinas/zona-0013/d43e423cc1f9a6f2af0a7e460314944a.jpg", "https://vocefiscal-poll-tape-uploads.s3.amazonaws.com/us-east-1%3A959469c9-9c3d-4805-a537-c1e5e3c97bd9/br/sp/campinas/zona-0013/583bd5be85c39a898525814c96f84d9f.jpg", "https://vocefiscal-poll-tape-uploads.s3.amazonaws.com/us-east-1%3A959469c9-9c3d-4805-a537-c1e5e3c97bd9/br/sp/campinas/zona-0013/d959cd5f3d2a7f4646ab861c4217f037.jpg", "https://vocefiscal-poll-tape-uploads.s3.amazonaws.com/us-east-1%3A959469c9-9c3d-4805-a537-c1e5e3c97bd9/br/sp/campinas/zona-0013/4f5731531351ad5b132b63fa7ce71c44.jpg", "https://vocefiscal-poll-tape-uploads.s3.amazonaws.com/us-east-1%3A959469c9-9c3d-4805-a537-c1e5e3c97bd9/br/sp/campinas/zona-0013/b54dc27ef92676a8f67268a030a44cd3.jpg", "https://vocefiscal-poll-tape-uploads.s3.amazonaws.com/us-east-1%3A959469c9-9c3d-4805-a537-c1e5e3c97bd9/br/sp/campinas/zona-0013/9ea2cf652eaaf03e3c26c09bf8d69583.jpg", "https://vocefiscal-poll-tape-uploads.s3.amazonaws.com/us-east-1%3A959469c9-9c3d-4805-a537-c1e5e3c97bd9/br/sp/campinas/zona-0013/8b02227533ef00bcd9e59a62db89456b.jpg", "https://vocefiscal-poll-tape-uploads.s3.amazonaws.com/us-east-1%3A959469c9-9c3d-4805-a537-c1e5e3c97bd9/br/sp/campinas/zona-0013/dd3d958736f9d97bc86f63d8799bb10b.jpg", "https://vocefiscal-poll-tape-uploads.s3.amazonaws.com/us-east-1%3A959469c9-9c3d-4805-a537-c1e5e3c97bd9/br/sp/campinas/zona-0013/ca205518aca27d04ec1b07c7ca2f72cf.jpg", "https://vocefiscal-poll-tape-uploads.s3.amazonaws.com/us-east-1%3A959469c9-9c3d-4805-a537-c1e5e3c97bd9/br/sp/campinas/zona-0013/499c47bef72df2aaabcd170cb57d5759.jpg", "https://vocefiscal-poll-tape-uploads.s3.amazonaws.com/us-east-1%3A959469c9-9c3d-4805-a537-c1e5e3c97bd9/br/sp/campinas/zona-0013/67335ce7513a081579accd8896798bd5.jpg", "https://vocefiscal-poll-tape-uploads.s3.amazonaws.com/us-east-1%3A959469c9-9c3d-4805-a537-c1e5e3c97bd9/br/sp/campinas/zona-0013/b88f46d88dd8859dc4ce5903a550fd3e.jpg", "https://vocefiscal-poll-tape-uploads.s3.amazonaws.com/us-east-1%3A959469c9-9c3d-4805-a537-c1e5e3c97bd9/br/sp/campinas/zona-0013/ff603317d8880537961a1e2d310fe0ca.jpg", "https://vocefiscal-poll-tape-uploads.s3.amazonaws.com/us-east-1%3A959469c9-9c3d-4805-a537-c1e5e3c97bd9/br/sp/campinas/zona-0013/9149cf34e0a2cbf18508063b861430ff.jpg"], "zonaEleitoral": "0013", "estado": "BA", "localDaVotacao": "1023"}