{"data": 1412541492975, "estado": "BA", "secaoEleitoral": "0244", "zonaEleitoral": "0048", "pictureURLList": ["https://vocefiscal-poll-tape-uploads.s3.amazonaws.com/us-east-1%3Acf79f093-d52e-44be-938e-ae6d5a366319/br/ba/juazeiro/zona-0048/ebd024a6a34de6fd7678b9bef22f6bad.jpg", "https://vocefiscal-poll-tape-uploads.s3.amazonaws.com/us-east-1%3Acf79f093-d52e-44be-938e-ae6d5a366319/br/ba/juazeiro/zona-0048/6e25f04db9eb604ced1bb3a6537e8be8.jpg", "https://vocefiscal-poll-tape-uploads.s3.amazonaws.com/us-east-1%3Acf79f093-d52e-44be-938e-ae6d5a366319/br/ba/juazeiro/zona-0048/8c8780930815f80791fee16e52c0f647.jpg", "https://vocefiscal-poll-tape-uploads.s3.amazonaws.com/us-east-1%3Acf79f093-d52e-44be-938e-ae6d5a366319/br/ba/juazeiro/zona-0048/b0bf03b7a62b9f2c9bcf0967951525d0.jpg", "https://vocefiscal-poll-tape-uploads.s3.amazonaws.com/us-east-1%3Acf79f093-d52e-44be-938e-ae6d5a366319/br/ba/juazeiro/zona-0048/9034ae62f363123e9b355321e9dd4af9.jpg", "https://vocefiscal-poll-tape-uploads.s3.amazonaws.com/us-east-1%3Acf79f093-d52e-44be-938e-ae6d5a366319/br/ba/juazeiro/zona-0048/2e6c3a5db65e0bbaf934210fc6ce87c6.jpg", "https://vocefiscal-poll-tape-uploads.s3.amazonaws.com/us-east-1%3Acf79f093-d52e-44be-938e-ae6d5a366319/br/ba/juazeiro/zona-0048/a14c6a532dcb89d700346b88a6e7e4a0.jpg", "https://vocefiscal-poll-tape-uploads.s3.amazonaws.com/us-east-1%3Acf79f093-d52e-44be-938e-ae6d5a366319/br/ba/juazeiro/zona-0048/87e59b07e1e517b3603a14f4498542dc.jpg", "https://vocefiscal-poll-tape-uploads.s3.amazonaws.com/us-east-1%3Acf79f093-d52e-44be-938e-ae6d5a366319/br/ba/juazeiro/zona-0048/c118aeeaf8653e60b2ee9cf147c5e67a.jpg"], "municipio": "JUAZEIRO"}