{"municipio": "JAGUARARI", "secaoEleitoral": "0004", "data": 1412539836152, "pictureURLList": ["https://vocefiscal-poll-tape-uploads.s3.amazonaws.com/us-east-1%3Ade1dac79-cc24-4484-8105-fab4754f189e/br/sp/campinas/zona-0179/5f0d09558d34942bbcc45ad1f1dc2c2f.jpg", "https://vocefiscal-poll-tape-uploads.s3.amazonaws.com/us-east-1%3Ade1dac79-cc24-4484-8105-fab4754f189e/br/sp/campinas/zona-0179/684e93164bff944ecb1396b5fa865a1f.jpg", "https://vocefiscal-poll-tape-uploads.s3.amazonaws.com/us-east-1%3Ade1dac79-cc24-4484-8105-fab4754f189e/br/sp/campinas/zona-0179/9ead311f7917e43ec6fcbd1ff7ffcbf0.jpg"], "zonaEleitoral": "0179", "estado": "BA"}