{"data": 1412541220422, "estado": "BA", "secaoEleitoral": "0228", "zonaEleitoral": "0129", "pictureURLList": ["https://vocefiscal-poll-tape-uploads.s3.amazonaws.com/us-east-1%3A44bcf1b2-a245-4b99-9b85-a315a0799984/br/ba/catu/zona-0129/d1feb76f4bfc0a43ea3265c453118b09.jpg", "https://vocefiscal-poll-tape-uploads.s3.amazonaws.com/us-east-1%3A44bcf1b2-a245-4b99-9b85-a315a0799984/br/ba/catu/zona-0129/29906c03899ac2335b90f6f68f7d9047.jpg", "https://vocefiscal-poll-tape-uploads.s3.amazonaws.com/us-east-1%3A44bcf1b2-a245-4b99-9b85-a315a0799984/br/ba/catu/zona-0129/f91693904c8ff7614c26f1744f29c0e6.jpg", "https://vocefiscal-poll-tape-uploads.s3.amazonaws.com/us-east-1%3A44bcf1b2-a245-4b99-9b85-a315a0799984/br/ba/catu/zona-0129/f5711a5f9fc5f716322f7625eebf2516.jpg", "https://vocefiscal-poll-tape-uploads.s3.amazonaws.com/us-east-1%3A44bcf1b2-a245-4b99-9b85-a315a0799984/br/ba/catu/zona-0129/3d85bbe251471f8f83c36bb1a58d5e82.jpg", "https://vocefiscal-poll-tape-uploads.s3.amazonaws.com/us-east-1%3A44bcf1b2-a245-4b99-9b85-a315a0799984/br/ba/catu/zona-0129/bfaa5d7feb27f9e551fa2d070335361e.jpg", "https://vocefiscal-poll-tape-uploads.s3.amazonaws.com/us-east-1%3A44bcf1b2-a245-4b99-9b85-a315a0799984/br/ba/catu/zona-0129/5eeabe00b0b736d61d286ec2d3e0d65d.jpg", "https://vocefiscal-poll-tape-uploads.s3.amazonaws.com/us-east-1%3A44bcf1b2-a245-4b99-9b85-a315a0799984/br/ba/catu/zona-0129/b3c3ecd08a1890c18c7d3e108fd9f26c.jpg", "https://vocefiscal-poll-tape-uploads.s3.amazonaws.com/us-east-1%3A44bcf1b2-a245-4b99-9b85-a315a0799984/br/ba/catu/zona-0129/1d70764741b9841fac48296ca7595d9c.jpg", "https://vocefiscal-poll-tape-uploads.s3.amazonaws.com/us-east-1%3A44bcf1b2-a245-4b99-9b85-a315a0799984/br/ba/catu/zona-0129/366cd336de4ee28c54062ab402b3850e.jpg", "https://vocefiscal-poll-tape-uploads.s3.amazonaws.com/us-east-1%3A44bcf1b2-a245-4b99-9b85-a315a0799984/br/ba/catu/zona-0129/651045365b0c5c895b8f4de6a0d2eb79.jpg", "https://vocefiscal-poll-tape-uploads.s3.amazonaws.com/us-east-1%3A44bcf1b2-a245-4b99-9b85-a315a0799984/br/ba/catu/zona-0129/635464ec8cc94f57611ba37837d824da.jpg", "https://vocefiscal-poll-tape-uploads.s3.amazonaws.com/us-east-1%3A44bcf1b2-a245-4b99-9b85-a315a0799984/br/ba/catu/zona-0129/b23efa043446815f703d6fc052f30122.jpg", "https://vocefiscal-poll-tape-uploads.s3.amazonaws.com/us-east-1%3A44bcf1b2-a245-4b99-9b85-a315a0799984/br/ba/catu/zona-0129/17f3b2f1ca242fdf68cd51ff6851e85.jpg", "https://vocefiscal-poll-tape-uploads.s3.amazonaws.com/us-east-1%3A44bcf1b2-a245-4b99-9b85-a315a0799984/br/ba/catu/zona-0129/f410fd60f1bafacd526d2757a004a174.jpg", "https://vocefiscal-poll-tape-uploads.s3.amazonaws.com/us-east-1%3A44bcf1b2-a245-4b99-9b85-a315a0799984/br/ba/catu/zona-0129/6786088ed747a6e72158aba79d0e5053.jpg", "https://vocefiscal-poll-tape-uploads.s3.amazonaws.com/us-east-1%3A44bcf1b2-a245-4b99-9b85-a315a0799984/br/ba/catu/zona-0129/2e185d5c4f0646af20d4290221cc52e1.jpg", "https://vocefiscal-poll-tape-uploads.s3.amazonaws.com/us-east-1%3A44bcf1b2-a245-4b99-9b85-a315a0799984/br/ba/catu/zona-0129/c58ecc4e70e054281923b37a0d3c8abf.jpg", "https://vocefiscal-poll-tape-uploads.s3.amazonaws.com/us-east-1%3A44bcf1b2-a245-4b99-9b85-a315a0799984/br/ba/catu/zona-0129/feb452a578f68cd4cbeb5116ca8144f.jpg", "https://vocefiscal-poll-tape-uploads.s3.amazonaws.com/us-east-1%3A44bcf1b2-a245-4b99-9b85-a315a0799984/br/ba/catu/zona-0129/64284560252e9af4f1271a206a779926.jpg", "https://vocefiscal-poll-tape-uploads.s3.amazonaws.com/us-east-1%3A44bcf1b2-a245-4b99-9b85-a315a0799984/br/ba/catu/zona-0129/a113a4653471baf120f33bf8b36eaebd.jpg", "https://vocefiscal-poll-tape-uploads.s3.amazonaws.com/us-east-1%3A44bcf1b2-a245-4b99-9b85-a315a0799984/br/ba/catu/zona-0129/485c30d8e1090854b8db54ddff9d8763.jpg", "https://vocefiscal-poll-tape-uploads.s3.amazonaws.com/us-east-1%3A44bcf1b2-a245-4b99-9b85-a315a0799984/br/ba/catu/zona-0129/9c4249bd3fe41e0d469a86f9c323208e.jpg", "https://vocefiscal-poll-tape-uploads.s3.amazonaws.com/us-east-1%3A44bcf1b2-a245-4b99-9b85-a315a0799984/br/ba/catu/zona-0129/7c571cf37371933a6382b999a80e43d5.jpg"], "municipio": "CATU"}