{"data": 1412541081642, "estado": "BA", "secaoEleitoral": "0107", "zonaEleitoral": "0180", "pictureURLList": ["https://vocefiscal-poll-tape-uploads.s3.amazonaws.com/us-east-1%3A5739ac85-b77d-44cc-bd38-6978fa2c51a3/br/ba/lauro-de-freitas/zona-0180/6fd8bfc6c34cd38c5d6c868471829d00.jpg", "https://vocefiscal-poll-tape-uploads.s3.amazonaws.com/us-east-1%3A5739ac85-b77d-44cc-bd38-6978fa2c51a3/br/ba/lauro-de-freitas/zona-0180/c707e0f5fee808ed477bb1ac7355419c.jpg", "https://vocefiscal-poll-tape-uploads.s3.amazonaws.com/us-east-1%3A5739ac85-b77d-44cc-bd38-6978fa2c51a3/br/ba/lauro-de-freitas/zona-0180/dd25eafbcff8c71e7f205db8345d04fe.jpg", "https://vocefiscal-poll-tape-uploads.s3.amazonaws.com/us-east-1%3A5739ac85-b77d-44cc-bd38-6978fa2c51a3/br/ba/lauro-de-freitas/zona-0180/1a4c80a49e3194a58d36efae97f5f080.jpg", "https://vocefiscal-poll-tape-uploads.s3.amazonaws.com/us-east-1%3A5739ac85-b77d-44cc-bd38-6978fa2c51a3/br/ba/lauro-de-freitas/zona-0180/3464fdd97681a82bee415702cfe5712.jpg", "https://vocefiscal-poll-tape-uploads.s3.amazonaws.com/us-east-1%3A5739ac85-b77d-44cc-bd38-6978fa2c51a3/br/ba/lauro-de-freitas/zona-0180/b2e5dc5f78bae6cb9dd21baf4da96964.jpg", "https://vocefiscal-poll-tape-uploads.s3.amazonaws.com/us-east-1%3A5739ac85-b77d-44cc-bd38-6978fa2c51a3/br/ba/lauro-de-freitas/zona-0180/53c0dbb6c20535ffa528aadf738c5744.jpg", "https://vocefiscal-poll-tape-uploads.s3.amazonaws.com/us-east-1%3A5739ac85-b77d-44cc-bd38-6978fa2c51a3/br/ba/lauro-de-freitas/zona-0180/67e9bb0ea6378aec31a25dc6e557bab0.jpg", "https://vocefiscal-poll-tape-uploads.s3.amazonaws.com/us-east-1%3A5739ac85-b77d-44cc-bd38-6978fa2c51a3/br/ba/lauro-de-freitas/zona-0180/687de18d11e973323ef555e67fa7987a.jpg", "https://vocefiscal-poll-tape-uploads.s3.amazonaws.com/us-east-1%3A5739ac85-b77d-44cc-bd38-6978fa2c51a3/br/ba/lauro-de-freitas/zona-0180/2ca6c192f0792de17839f2e9085f52d4.jpg", "https://vocefiscal-poll-tape-uploads.s3.amazonaws.com/us-east-1%3A5739ac85-b77d-44cc-bd38-6978fa2c51a3/br/ba/lauro-de-freitas/zona-0180/6bcf1d150609450de6ba33488930ca77.jpg", "https://vocefiscal-poll-tape-uploads.s3.amazonaws.com/us-east-1%3A5739ac85-b77d-44cc-bd38-6978fa2c51a3/br/ba/lauro-de-freitas/zona-0180/bd4f05eccabed780af95ccaf6f4ae012.jpg", "https://vocefiscal-poll-tape-uploads.s3.amazonaws.com/us-east-1%3A5739ac85-b77d-44cc-bd38-6978fa2c51a3/br/ba/lauro-de-freitas/zona-0180/e75f169d28c2a62bcb9beefd2849ebad.jpg", "https://vocefiscal-poll-tape-uploads.s3.amazonaws.com/us-east-1%3A5739ac85-b77d-44cc-bd38-6978fa2c51a3/br/ba/lauro-de-freitas/zona-0180/602e5844a9bf0af04b6d2e3963b78484.jpg", "https://vocefiscal-poll-tape-uploads.s3.amazonaws.com/us-east-1%3A5739ac85-b77d-44cc-bd38-6978fa2c51a3/br/ba/lauro-de-freitas/zona-0180/7f445a7691b59d355e542818447d547a.jpg", "https://vocefiscal-poll-tape-uploads.s3.amazonaws.com/us-east-1%3A5739ac85-b77d-44cc-bd38-6978fa2c51a3/br/ba/lauro-de-freitas/zona-0180/2619cca7967d91e5cf0b00fd380e3d3b.jpg", "https://vocefiscal-poll-tape-uploads.s3.amazonaws.com/us-east-1%3A5739ac85-b77d-44cc-bd38-6978fa2c51a3/br/ba/lauro-de-freitas/zona-0180/16a826bd192100def159315358a3c092.jpg", "https://vocefiscal-poll-tape-uploads.s3.amazonaws.com/us-east-1%3A5739ac85-b77d-44cc-bd38-6978fa2c51a3/br/ba/lauro-de-freitas/zona-0180/fd43323114cd8788f9518ddefa11fc73.jpg", "https://vocefiscal-poll-tape-uploads.s3.amazonaws.com/us-east-1%3A5739ac85-b77d-44cc-bd38-6978fa2c51a3/br/ba/lauro-de-freitas/zona-0180/c36fbfc8bab97526bfbc135d0fa83f43.jpg", "https://vocefiscal-poll-tape-uploads.s3.amazonaws.com/us-east-1%3A5739ac85-b77d-44cc-bd38-6978fa2c51a3/br/ba/lauro-de-freitas/zona-0180/1b39b376d96ece994d93e7a9402ea237.jpg", "https://vocefiscal-poll-tape-uploads.s3.amazonaws.com/us-east-1%3A5739ac85-b77d-44cc-bd38-6978fa2c51a3/br/ba/lauro-de-freitas/zona-0180/5fd1114b7da6c25da534af28e8e34b92.jpg", "https://vocefiscal-poll-tape-uploads.s3.amazonaws.com/us-east-1%3A5739ac85-b77d-44cc-bd38-6978fa2c51a3/br/ba/lauro-de-freitas/zona-0180/91d11e06ab1c89f2ce216e280f85e851.jpg", "https://vocefiscal-poll-tape-uploads.s3.amazonaws.com/us-east-1%3A5739ac85-b77d-44cc-bd38-6978fa2c51a3/br/ba/lauro-de-freitas/zona-0180/32e6a11ae211852db5316197aeba78a0.jpg", "https://vocefiscal-poll-tape-uploads.s3.amazonaws.com/us-east-1%3A5739ac85-b77d-44cc-bd38-6978fa2c51a3/br/ba/lauro-de-freitas/zona-0180/90f1b6f125985f9a485feef3c2e6c6d6.jpg", "https://vocefiscal-poll-tape-uploads.s3.amazonaws.com/us-east-1%3A5739ac85-b77d-44cc-bd38-6978fa2c51a3/br/ba/lauro-de-freitas/zona-0180/6c26cd72235d9310d69b96b159f1e558.jpg", "https://vocefiscal-poll-tape-uploads.s3.amazonaws.com/us-east-1%3A5739ac85-b77d-44cc-bd38-6978fa2c51a3/br/ba/lauro-de-freitas/zona-0180/92402062cccd37f6a23ad2d0308268d5.jpg", "https://vocefiscal-poll-tape-uploads.s3.amazonaws.com/us-east-1%3A5739ac85-b77d-44cc-bd38-6978fa2c51a3/br/ba/lauro-de-freitas/zona-0180/62d2c9c8cf54184753dc75555f569899.jpg", "https://vocefiscal-poll-tape-uploads.s3.amazonaws.com/us-east-1%3A5739ac85-b77d-44cc-bd38-6978fa2c51a3/br/ba/lauro-de-freitas/zona-0180/7cceaeded8fee1bb14ad23604c9aa80f.jpg", "https://vocefiscal-poll-tape-uploads.s3.amazonaws.com/us-east-1%3A5739ac85-b77d-44cc-bd38-6978fa2c51a3/br/ba/lauro-de-freitas/zona-0180/136baf2c01e6d2d4065bcfbb928472c0.jpg", "https://vocefiscal-poll-tape-uploads.s3.amazonaws.com/us-east-1%3A5739ac85-b77d-44cc-bd38-6978fa2c51a3/br/ba/lauro-de-freitas/zona-0180/8c324cd4391e2276fca2a42cee4ab46f.jpg", "https://vocefiscal-poll-tape-uploads.s3.amazonaws.com/us-east-1%3A5739ac85-b77d-44cc-bd38-6978fa2c51a3/br/ba/lauro-de-freitas/zona-0180/aca7733e39399bbbf1c61c6c9d3f4d84.jpg", "https://vocefiscal-poll-tape-uploads.s3.amazonaws.com/us-east-1%3A5739ac85-b77d-44cc-bd38-6978fa2c51a3/br/ba/lauro-de-freitas/zona-0180/d7a08fa2638f090f2b7619165d299a56.jpg", "https://vocefiscal-poll-tape-uploads.s3.amazonaws.com/us-east-1%3A5739ac85-b77d-44cc-bd38-6978fa2c51a3/br/ba/lauro-de-freitas/zona-0180/6cb15823c22daad3e4d450420c81ae59.jpg"], "municipio": "LAURO DE FREITAS"}