{"data": 1412540372871, "estado": "BA", "localDaVotacao": "1350", "zonaEleitoral": "0001", "secaoEleitoral": "0203", "pictureURLList": ["https://vocefiscal-poll-tape-uploads.s3.amazonaws.com/us-east-1%3A0472b159-127f-4846-acbb-34df52dd359d/br/ba/salvador/zona-0001/680f1987fadfc4c6849ebbb5e476f829.jpg", "https://vocefiscal-poll-tape-uploads.s3.amazonaws.com/us-east-1%3A0472b159-127f-4846-acbb-34df52dd359d/br/ba/salvador/zona-0001/83d6ad5291920753b3faf3ca3db93879.jpg", "https://vocefiscal-poll-tape-uploads.s3.amazonaws.com/us-east-1%3A0472b159-127f-4846-acbb-34df52dd359d/br/ba/salvador/zona-0001/e99f11a643f4ac3870ad9a4594938f33.jpg", "https://vocefiscal-poll-tape-uploads.s3.amazonaws.com/us-east-1%3A0472b159-127f-4846-acbb-34df52dd359d/br/ba/salvador/zona-0001/3df1c06bbe6379858dca196e0e53c866.jpg", "https://vocefiscal-poll-tape-uploads.s3.amazonaws.com/us-east-1%3A0472b159-127f-4846-acbb-34df52dd359d/br/ba/salvador/zona-0001/938eb63d1a4e25127c23a069f1ca5c46.jpg", "https://vocefiscal-poll-tape-uploads.s3.amazonaws.com/us-east-1%3A0472b159-127f-4846-acbb-34df52dd359d/br/ba/salvador/zona-0001/5724b24d2b102f9bf8412f5b4efd733.jpg", "https://vocefiscal-poll-tape-uploads.s3.amazonaws.com/us-east-1%3A0472b159-127f-4846-acbb-34df52dd359d/br/ba/salvador/zona-0001/ccad4122229934087aa5f678907e6e06.jpg", "https://vocefiscal-poll-tape-uploads.s3.amazonaws.com/us-east-1%3A0472b159-127f-4846-acbb-34df52dd359d/br/ba/salvador/zona-0001/3a2fc591e4b684f630b5f4c0c8552032.jpg", "https://vocefiscal-poll-tape-uploads.s3.amazonaws.com/us-east-1%3A0472b159-127f-4846-acbb-34df52dd359d/br/ba/salvador/zona-0001/e75d40659fc6ed23095bdbede443cc3f.jpg", "https://vocefiscal-poll-tape-uploads.s3.amazonaws.com/us-east-1%3A0472b159-127f-4846-acbb-34df52dd359d/br/ba/salvador/zona-0001/a015524eb3c0f71cce9b4d4233485e43.jpg", "https://vocefiscal-poll-tape-uploads.s3.amazonaws.com/us-east-1%3A0472b159-127f-4846-acbb-34df52dd359d/br/ba/salvador/zona-0001/571d69fbc2add93d0113ff8d832aab83.jpg", "https://vocefiscal-poll-tape-uploads.s3.amazonaws.com/us-east-1%3A0472b159-127f-4846-acbb-34df52dd359d/br/ba/salvador/zona-0001/4a0130d186e1a21de211b8654127f06c.jpg", "https://vocefiscal-poll-tape-uploads.s3.amazonaws.com/us-east-1%3A0472b159-127f-4846-acbb-34df52dd359d/br/ba/salvador/zona-0001/f2e36f05b34c60e46557f2f32976aee.jpg", "https://vocefiscal-poll-tape-uploads.s3.amazonaws.com/us-east-1%3A0472b159-127f-4846-acbb-34df52dd359d/br/ba/salvador/zona-0001/b79f88cbf59ec27b5e54ce8d64149650.jpg", "https://vocefiscal-poll-tape-uploads.s3.amazonaws.com/us-east-1%3A0472b159-127f-4846-acbb-34df52dd359d/br/ba/salvador/zona-0001/7bd74f0d22d2837ea0fca65e3876904f.jpg", "https://vocefiscal-poll-tape-uploads.s3.amazonaws.com/us-east-1%3A0472b159-127f-4846-acbb-34df52dd359d/br/ba/salvador/zona-0001/9a9ddb391be81cce463e27168e67a866.jpg", "https://vocefiscal-poll-tape-uploads.s3.amazonaws.com/us-east-1%3A0472b159-127f-4846-acbb-34df52dd359d/br/ba/salvador/zona-0001/766b7a0f4ab4376e4f78b6c2ee0e46b9.jpg", "https://vocefiscal-poll-tape-uploads.s3.amazonaws.com/us-east-1%3A0472b159-127f-4846-acbb-34df52dd359d/br/ba/salvador/zona-0001/76dc5e48514db69015c7ddb8f1ecc128.jpg", "https://vocefiscal-poll-tape-uploads.s3.amazonaws.com/us-east-1%3A0472b159-127f-4846-acbb-34df52dd359d/br/ba/salvador/zona-0001/cd967d0c3cf6206aa8b8d6c35706a1e7.jpg", "https://vocefiscal-poll-tape-uploads.s3.amazonaws.com/us-east-1%3A0472b159-127f-4846-acbb-34df52dd359d/br/ba/salvador/zona-0001/c0d96fce80008ffe805a941efbb2eb94.jpg", "https://vocefiscal-poll-tape-uploads.s3.amazonaws.com/us-east-1%3A0472b159-127f-4846-acbb-34df52dd359d/br/ba/salvador/zona-0001/d833816d5f19b26036a1ab7ea4d3f371.jpg", "https://vocefiscal-poll-tape-uploads.s3.amazonaws.com/us-east-1%3A0472b159-127f-4846-acbb-34df52dd359d/br/ba/salvador/zona-0001/3884c3a42a7f4acbca13990b035f95f9.jpg", "https://vocefiscal-poll-tape-uploads.s3.amazonaws.com/us-east-1%3A0472b159-127f-4846-acbb-34df52dd359d/br/ba/salvador/zona-0001/1f6bcfa19d1d6bb13f1324b46cae2f89.jpg", "https://vocefiscal-poll-tape-uploads.s3.amazonaws.com/us-east-1%3A0472b159-127f-4846-acbb-34df52dd359d/br/ba/salvador/zona-0001/562d9fac166878f3d89502286b3bd817.jpg", "https://vocefiscal-poll-tape-uploads.s3.amazonaws.com/us-east-1%3A0472b159-127f-4846-acbb-34df52dd359d/br/ba/salvador/zona-0001/e9a2713cf7d0729e861caa6cb3e50fc3.jpg", "https://vocefiscal-poll-tape-uploads.s3.amazonaws.com/us-east-1%3A0472b159-127f-4846-acbb-34df52dd359d/br/ba/salvador/zona-0001/9aed7a4f37d829431f781930f7c6a863.jpg", "https://vocefiscal-poll-tape-uploads.s3.amazonaws.com/us-east-1%3A0472b159-127f-4846-acbb-34df52dd359d/br/ba/salvador/zona-0001/7f7cff1bd5e478a6e5fd9d8b1040503a.jpg", "https://vocefiscal-poll-tape-uploads.s3.amazonaws.com/us-east-1%3A0472b159-127f-4846-acbb-34df52dd359d/br/ba/salvador/zona-0001/3099f3280928fbe9fd0774b739ad6c29.jpg", "https://vocefiscal-poll-tape-uploads.s3.amazonaws.com/us-east-1%3A0472b159-127f-4846-acbb-34df52dd359d/br/ba/salvador/zona-0001/88d05739f31bf029614038a44df1f6a7.jpg", "https://vocefiscal-poll-tape-uploads.s3.amazonaws.com/us-east-1%3A0472b159-127f-4846-acbb-34df52dd359d/br/ba/salvador/zona-0001/b31efb74197024e7a69dda8677fcf870.jpg", "https://vocefiscal-poll-tape-uploads.s3.amazonaws.com/us-east-1%3A0472b159-127f-4846-acbb-34df52dd359d/br/ba/salvador/zona-0001/1dcfc691b909b043f6762ebb74953b1c.jpg", "https://vocefiscal-poll-tape-uploads.s3.amazonaws.com/us-east-1%3A0472b159-127f-4846-acbb-34df52dd359d/br/ba/salvador/zona-0001/999d6d0cacca3133609b15843cab612f.jpg", "https://vocefiscal-poll-tape-uploads.s3.amazonaws.com/us-east-1%3A0472b159-127f-4846-acbb-34df52dd359d/br/ba/salvador/zona-0001/16061cb78881ec0fa5f0384730f7c91d.jpg", "https://vocefiscal-poll-tape-uploads.s3.amazonaws.com/us-east-1%3A0472b159-127f-4846-acbb-34df52dd359d/br/ba/salvador/zona-0001/88d88c448c551bdab7093bab797a7bf.jpg", "https://vocefiscal-poll-tape-uploads.s3.amazonaws.com/us-east-1%3A0472b159-127f-4846-acbb-34df52dd359d/br/ba/salvador/zona-0001/fa9671a116666e06d0ab2ad3062c0607.jpg", "https://vocefiscal-poll-tape-uploads.s3.amazonaws.com/us-east-1%3A0472b159-127f-4846-acbb-34df52dd359d/br/ba/salvador/zona-0001/34721bbaf227e06af995241afde8ead7.jpg", "https://vocefiscal-poll-tape-uploads.s3.amazonaws.com/us-east-1%3A0472b159-127f-4846-acbb-34df52dd359d/br/ba/salvador/zona-0001/62f9c203b05fbf3700c9dd1d79ca2d03.jpg", "https://vocefiscal-poll-tape-uploads.s3.amazonaws.com/us-east-1%3A0472b159-127f-4846-acbb-34df52dd359d/br/ba/salvador/zona-0001/7048f938184978a261ddb09608980288.jpg", "https://vocefiscal-poll-tape-uploads.s3.amazonaws.com/us-east-1%3A0472b159-127f-4846-acbb-34df52dd359d/br/ba/salvador/zona-0001/f5daa1c3a105c168ba0cc5d4a7fbdafe.jpg", "https://vocefiscal-poll-tape-uploads.s3.amazonaws.com/us-east-1%3A0472b159-127f-4846-acbb-34df52dd359d/br/ba/salvador/zona-0001/c34738cbe3e1723e298b9de01f0d0fd3.jpg", "https://vocefiscal-poll-tape-uploads.s3.amazonaws.com/us-east-1%3A0472b159-127f-4846-acbb-34df52dd359d/br/ba/salvador/zona-0001/5987d5d6cf33a3f62b8f21817941b736.jpg", "https://vocefiscal-poll-tape-uploads.s3.amazonaws.com/us-east-1%3A0472b159-127f-4846-acbb-34df52dd359d/br/ba/salvador/zona-0001/4830bd3fb49ceb79e3acfda51a7fa038.jpg", "https://vocefiscal-poll-tape-uploads.s3.amazonaws.com/us-east-1%3A0472b159-127f-4846-acbb-34df52dd359d/br/ba/salvador/zona-0001/e59091ed00ba9e03db358b33bc75a4f0.jpg", "https://vocefiscal-poll-tape-uploads.s3.amazonaws.com/us-east-1%3A0472b159-127f-4846-acbb-34df52dd359d/br/ba/salvador/zona-0001/73337614ac7828d5a8a2d091c197c8de.jpg", "https://vocefiscal-poll-tape-uploads.s3.amazonaws.com/us-east-1%3A0472b159-127f-4846-acbb-34df52dd359d/br/ba/salvador/zona-0001/75b1180d95f49abf77562e4ce608c134.jpg", "https://vocefiscal-poll-tape-uploads.s3.amazonaws.com/us-east-1%3A0472b159-127f-4846-acbb-34df52dd359d/br/ba/salvador/zona-0001/160a51a3786c0302f2687ebeb07b8cc.jpg", "https://vocefiscal-poll-tape-uploads.s3.amazonaws.com/us-east-1%3A0472b159-127f-4846-acbb-34df52dd359d/br/ba/salvador/zona-0001/715882de8599aadf2d593a4bbf7aa613.jpg", "https://vocefiscal-poll-tape-uploads.s3.amazonaws.com/us-east-1%3A0472b159-127f-4846-acbb-34df52dd359d/br/ba/salvador/zona-0001/4f04e1b7e97aa60ca20a2a010bb7b4eb.jpg", "https://vocefiscal-poll-tape-uploads.s3.amazonaws.com/us-east-1%3A0472b159-127f-4846-acbb-34df52dd359d/br/ba/salvador/zona-0001/e638642b44518b8c464a19ebb487021a.jpg", "https://vocefiscal-poll-tape-uploads.s3.amazonaws.com/us-east-1%3A0472b159-127f-4846-acbb-34df52dd359d/br/ba/salvador/zona-0001/e7d1f7790cf433b28bdafdaa23b32a2e.jpg", "https://vocefiscal-poll-tape-uploads.s3.amazonaws.com/us-east-1%3A0472b159-127f-4846-acbb-34df52dd359d/br/ba/salvador/zona-0001/7f10913f2b75906286f5ed259cd27675.jpg", "https://vocefiscal-poll-tape-uploads.s3.amazonaws.com/us-east-1%3A0472b159-127f-4846-acbb-34df52dd359d/br/ba/salvador/zona-0001/c5881c63b0b763e8125abbb657b942ee.jpg", "https://vocefiscal-poll-tape-uploads.s3.amazonaws.com/us-east-1%3A0472b159-127f-4846-acbb-34df52dd359d/br/ba/salvador/zona-0001/fcd46592e08335d5c96b8b8423f71eb8.jpg", "https://vocefiscal-poll-tape-uploads.s3.amazonaws.com/us-east-1%3A0472b159-127f-4846-acbb-34df52dd359d/br/ba/salvador/zona-0001/b5a2ffd42c510dbb32eaa0d2147b53d6.jpg", "https://vocefiscal-poll-tape-uploads.s3.amazonaws.com/us-east-1%3A0472b159-127f-4846-acbb-34df52dd359d/br/ba/salvador/zona-0001/e6cdaa856e125801ab97dec8d8967c91.jpg"], "municipio": "SALVADOR"}