{"data": 1412540964333, "estado": "BA", "secaoEleitoral": "0173", "zonaEleitoral": "0005", "pictureURLList": ["https://vocefiscal-poll-tape-uploads.s3.amazonaws.com/us-east-1%3A2fa8ea0f-ef78-4da4-bea3-c3af72f610dd/br/ba/salvador/zona-0005/b8781aed3f1b07d36f300c0f4f02084a.jpg", "https://vocefiscal-poll-tape-uploads.s3.amazonaws.com/us-east-1%3A2fa8ea0f-ef78-4da4-bea3-c3af72f610dd/br/ba/salvador/zona-0005/3c5a622333ba89787d365e405a2c0cd9.jpg", "https://vocefiscal-poll-tape-uploads.s3.amazonaws.com/us-east-1%3A2fa8ea0f-ef78-4da4-bea3-c3af72f610dd/br/ba/salvador/zona-0005/cfb649b98f67c6ce8ecc6624fa2573cc.jpg", "https://vocefiscal-poll-tape-uploads.s3.amazonaws.com/us-east-1%3A2fa8ea0f-ef78-4da4-bea3-c3af72f610dd/br/ba/salvador/zona-0005/369bd2623abe1dcf93d0be04c8a37bd0.jpg", "https://vocefiscal-poll-tape-uploads.s3.amazonaws.com/us-east-1%3A2fa8ea0f-ef78-4da4-bea3-c3af72f610dd/br/ba/salvador/zona-0005/64cf207e910409948c0dd49e9a3d46b4.jpg", "https://vocefiscal-poll-tape-uploads.s3.amazonaws.com/us-east-1%3A2fa8ea0f-ef78-4da4-bea3-c3af72f610dd/br/ba/salvador/zona-0005/9db7de59390d2feef284fe368ed94d82.jpg", "https://vocefiscal-poll-tape-uploads.s3.amazonaws.com/us-east-1%3A2fa8ea0f-ef78-4da4-bea3-c3af72f610dd/br/ba/salvador/zona-0005/df5aadcbc97f6d43f29d7c5b38b076c7.jpg", "https://vocefiscal-poll-tape-uploads.s3.amazonaws.com/us-east-1%3A2fa8ea0f-ef78-4da4-bea3-c3af72f610dd/br/ba/salvador/zona-0005/7e5e45c47b9ec192c3058a25b9e67a31.jpg", "https://vocefiscal-poll-tape-uploads.s3.amazonaws.com/us-east-1%3A2fa8ea0f-ef78-4da4-bea3-c3af72f610dd/br/ba/salvador/zona-0005/d88e892bc2b91788604d59069da34eff.jpg", "https://vocefiscal-poll-tape-uploads.s3.amazonaws.com/us-east-1%3A2fa8ea0f-ef78-4da4-bea3-c3af72f610dd/br/ba/salvador/zona-0005/fc33672d6384cbd4469a9758dd5c7485.jpg", "https://vocefiscal-poll-tape-uploads.s3.amazonaws.com/us-east-1%3A2fa8ea0f-ef78-4da4-bea3-c3af72f610dd/br/ba/salvador/zona-0005/5a6c3d02cfc613ea3300808de5c0ceb6.jpg", "https://vocefiscal-poll-tape-uploads.s3.amazonaws.com/us-east-1%3A2fa8ea0f-ef78-4da4-bea3-c3af72f610dd/br/ba/salvador/zona-0005/23979bc485c06a42c82cebcb01aebfc6.jpg", "https://vocefiscal-poll-tape-uploads.s3.amazonaws.com/us-east-1%3A2fa8ea0f-ef78-4da4-bea3-c3af72f610dd/br/ba/salvador/zona-0005/497e7522924f974b30bb393ffd7fb9d3.jpg", "https://vocefiscal-poll-tape-uploads.s3.amazonaws.com/us-east-1%3A2fa8ea0f-ef78-4da4-bea3-c3af72f610dd/br/ba/salvador/zona-0005/4279fd46d13bed66cdb8a45139c75d13.jpg", "https://vocefiscal-poll-tape-uploads.s3.amazonaws.com/us-east-1%3A2fa8ea0f-ef78-4da4-bea3-c3af72f610dd/br/ba/salvador/zona-0005/5be2868901dde0fdcf6f44c9a9039c1c.jpg", "https://vocefiscal-poll-tape-uploads.s3.amazonaws.com/us-east-1%3A2fa8ea0f-ef78-4da4-bea3-c3af72f610dd/br/ba/salvador/zona-0005/e798049cbc2e4d73d422702610f2f4f3.jpg", "https://vocefiscal-poll-tape-uploads.s3.amazonaws.com/us-east-1%3A2fa8ea0f-ef78-4da4-bea3-c3af72f610dd/br/ba/salvador/zona-0005/bff312502ff5dfe75fb42e0ac3944490.jpg", "https://vocefiscal-poll-tape-uploads.s3.amazonaws.com/us-east-1%3A2fa8ea0f-ef78-4da4-bea3-c3af72f610dd/br/ba/salvador/zona-0005/398c5e96aed36815feff7be0703379b4.jpg", "https://vocefiscal-poll-tape-uploads.s3.amazonaws.com/us-east-1%3A2fa8ea0f-ef78-4da4-bea3-c3af72f610dd/br/ba/salvador/zona-0005/3dbc37c4c0115590f50277125e661b44.jpg", "https://vocefiscal-poll-tape-uploads.s3.amazonaws.com/us-east-1%3A2fa8ea0f-ef78-4da4-bea3-c3af72f610dd/br/ba/salvador/zona-0005/5c4eb341b5a3db489161e49621fcba6.jpg", "https://vocefiscal-poll-tape-uploads.s3.amazonaws.com/us-east-1%3A2fa8ea0f-ef78-4da4-bea3-c3af72f610dd/br/ba/salvador/zona-0005/3ff80ae3194295a004ea7e87406c054.jpg", "https://vocefiscal-poll-tape-uploads.s3.amazonaws.com/us-east-1%3A2fa8ea0f-ef78-4da4-bea3-c3af72f610dd/br/ba/salvador/zona-0005/ae568f622f43f723b3f22976a54f7399.jpg", "https://vocefiscal-poll-tape-uploads.s3.amazonaws.com/us-east-1%3A2fa8ea0f-ef78-4da4-bea3-c3af72f610dd/br/ba/salvador/zona-0005/de73086b9c6b5fc34d0a52e741735d86.jpg", "https://vocefiscal-poll-tape-uploads.s3.amazonaws.com/us-east-1%3A2fa8ea0f-ef78-4da4-bea3-c3af72f610dd/br/ba/salvador/zona-0005/2e24ab67c099d37967df6d8963215a30.jpg", "https://vocefiscal-poll-tape-uploads.s3.amazonaws.com/us-east-1%3A2fa8ea0f-ef78-4da4-bea3-c3af72f610dd/br/ba/salvador/zona-0005/33627ada666aac1e7fe436361bc652a0.jpg", "https://vocefiscal-poll-tape-uploads.s3.amazonaws.com/us-east-1%3A2fa8ea0f-ef78-4da4-bea3-c3af72f610dd/br/ba/salvador/zona-0005/750ceef84cfa5156b97fc7031efe719d.jpg", "https://vocefiscal-poll-tape-uploads.s3.amazonaws.com/us-east-1%3A2fa8ea0f-ef78-4da4-bea3-c3af72f610dd/br/ba/salvador/zona-0005/df4e75cb6d23e7460c7870ccea1e5b0e.jpg", "https://vocefiscal-poll-tape-uploads.s3.amazonaws.com/us-east-1%3A2fa8ea0f-ef78-4da4-bea3-c3af72f610dd/br/ba/salvador/zona-0005/70b84c3f7679122f95e3574929793f04.jpg", "https://vocefiscal-poll-tape-uploads.s3.amazonaws.com/us-east-1%3A2fa8ea0f-ef78-4da4-bea3-c3af72f610dd/br/ba/salvador/zona-0005/e5ed6d55d5af46eb9babf01863a2e43c.jpg", "https://vocefiscal-poll-tape-uploads.s3.amazonaws.com/us-east-1%3A2fa8ea0f-ef78-4da4-bea3-c3af72f610dd/br/ba/salvador/zona-0005/d2bad54e91f2383cf84dfa095093fab4.jpg", "https://vocefiscal-poll-tape-uploads.s3.amazonaws.com/us-east-1%3A2fa8ea0f-ef78-4da4-bea3-c3af72f610dd/br/ba/salvador/zona-0005/7711ddf764255366aad566e6bcdb402a.jpg"], "municipio": "SALVADOR"}