{"data": 1412539949817, "estado": "BA", "localDaVotacao": "1163", "zonaEleitoral": "0173", "secaoEleitoral": "0027", "pictureURLList": ["https://vocefiscal-poll-tape-uploads.s3.amazonaws.com/us-east-1%3Ac7233eb1-69e5-4e50-8708-f6004c07016f/br/ba/ibotirama/zona-0173/707f4c9d05c51c7aedc9f317a42d284f.jpg", "https://vocefiscal-poll-tape-uploads.s3.amazonaws.com/us-east-1%3Ac7233eb1-69e5-4e50-8708-f6004c07016f/br/ba/ibotirama/zona-0173/2135a3106052de1bfc6de32b9ac294fc.jpg", "https://vocefiscal-poll-tape-uploads.s3.amazonaws.com/us-east-1%3Ac7233eb1-69e5-4e50-8708-f6004c07016f/br/ba/ibotirama/zona-0173/dc34a1cc669dceeddb398e0dafe3181b.jpg", "https://vocefiscal-poll-tape-uploads.s3.amazonaws.com/us-east-1%3Ac7233eb1-69e5-4e50-8708-f6004c07016f/br/ba/ibotirama/zona-0173/230746138fc0861b73026b5be62e76c.jpg", "https://vocefiscal-poll-tape-uploads.s3.amazonaws.com/us-east-1%3Ac7233eb1-69e5-4e50-8708-f6004c07016f/br/ba/ibotirama/zona-0173/9d1bed17b4ee44a3e6e750781e2f6393.jpg", "https://vocefiscal-poll-tape-uploads.s3.amazonaws.com/us-east-1%3Ac7233eb1-69e5-4e50-8708-f6004c07016f/br/ba/ibotirama/zona-0173/3c3197076c5e889daf55c698082f78d2.jpg", "https://vocefiscal-poll-tape-uploads.s3.amazonaws.com/us-east-1%3Ac7233eb1-69e5-4e50-8708-f6004c07016f/br/ba/ibotirama/zona-0173/8a0d3779de475b2c6d7909ad3fc621d3.jpg", "https://vocefiscal-poll-tape-uploads.s3.amazonaws.com/us-east-1%3Ac7233eb1-69e5-4e50-8708-f6004c07016f/br/ba/ibotirama/zona-0173/c1cb21f3cb4c5e8261f9ffaab3756f7d.jpg", "https://vocefiscal-poll-tape-uploads.s3.amazonaws.com/us-east-1%3Ac7233eb1-69e5-4e50-8708-f6004c07016f/br/ba/ibotirama/zona-0173/d245ba0124baaff3bd2d334d45e6f774.jpg", "https://vocefiscal-poll-tape-uploads.s3.amazonaws.com/us-east-1%3Ac7233eb1-69e5-4e50-8708-f6004c07016f/br/ba/ibotirama/zona-0173/c3ca7125bb2934883e8a5d56ec0cda09.jpg", "https://vocefiscal-poll-tape-uploads.s3.amazonaws.com/us-east-1%3Ac7233eb1-69e5-4e50-8708-f6004c07016f/br/ba/ibotirama/zona-0173/abbe0bef3b943e640569bad12580a5a3.jpg", "https://vocefiscal-poll-tape-uploads.s3.amazonaws.com/us-east-1%3Ac7233eb1-69e5-4e50-8708-f6004c07016f/br/ba/ibotirama/zona-0173/7f993cd2255a497372da9d18e8bc2780.jpg", "https://vocefiscal-poll-tape-uploads.s3.amazonaws.com/us-east-1%3Ac7233eb1-69e5-4e50-8708-f6004c07016f/br/ba/ibotirama/zona-0173/7aa6347598a9b7b45b8f0f7663c3592b.jpg", "https://vocefiscal-poll-tape-uploads.s3.amazonaws.com/us-east-1%3Ac7233eb1-69e5-4e50-8708-f6004c07016f/br/ba/ibotirama/zona-0173/ad9ae80a6a319b1eb3895dd0119afd2c.jpg", "https://vocefiscal-poll-tape-uploads.s3.amazonaws.com/us-east-1%3Ac7233eb1-69e5-4e50-8708-f6004c07016f/br/ba/ibotirama/zona-0173/92de9b8f7eee96d543ae450102003cb4.jpg", "https://vocefiscal-poll-tape-uploads.s3.amazonaws.com/us-east-1%3Ac7233eb1-69e5-4e50-8708-f6004c07016f/br/ba/ibotirama/zona-0173/e971133cc3b85def6c321776cebfc8ab.jpg", "https://vocefiscal-poll-tape-uploads.s3.amazonaws.com/us-east-1%3Ac7233eb1-69e5-4e50-8708-f6004c07016f/br/ba/ibotirama/zona-0173/98f13f4aff608eac9a9892e82036c31e.jpg", "https://vocefiscal-poll-tape-uploads.s3.amazonaws.com/us-east-1%3Ac7233eb1-69e5-4e50-8708-f6004c07016f/br/ba/ibotirama/zona-0173/19981f6f9fef50e232626cecdac289a6.jpg", "https://vocefiscal-poll-tape-uploads.s3.amazonaws.com/us-east-1%3Ac7233eb1-69e5-4e50-8708-f6004c07016f/br/ba/ibotirama/zona-0173/e13165bfabc14d609a98d6443f3310ac.jpg", "https://vocefiscal-poll-tape-uploads.s3.amazonaws.com/us-east-1%3Ac7233eb1-69e5-4e50-8708-f6004c07016f/br/ba/ibotirama/zona-0173/6a7b93b19b31d0fa5a04b08f0ab02d79.jpg", "https://vocefiscal-poll-tape-uploads.s3.amazonaws.com/us-east-1%3Ac7233eb1-69e5-4e50-8708-f6004c07016f/br/ba/ibotirama/zona-0173/b5cfb9123d7a0f6767bb944543205182.jpg"], "municipio": "IBOTIRAMA"}