{"data": 1412523013821, "estado": "BA", "secaoEleitoral": "0196", "zonaEleitoral": "0013", "pictureURLList": ["https://vocefiscal-poll-tape-uploads.s3.amazonaws.com/us-east-1%3A2ec6d3c5-a01d-4378-86a8-979077447323/br/ba/salvador/zona-0013/5660b4fe62bf775970ad7d3e717d946a.jpg", "https://vocefiscal-poll-tape-uploads.s3.amazonaws.com/us-east-1%3A2ec6d3c5-a01d-4378-86a8-979077447323/br/ba/salvador/zona-0013/22c51631747a1e3ec4c6ddfc25f6efa.jpg", "https://vocefiscal-poll-tape-uploads.s3.amazonaws.com/us-east-1%3A2ec6d3c5-a01d-4378-86a8-979077447323/br/ba/salvador/zona-0013/3a43adba26dc1b31cc49e61b2a8459fe.jpg", "https://vocefiscal-poll-tape-uploads.s3.amazonaws.com/us-east-1%3A2ec6d3c5-a01d-4378-86a8-979077447323/br/ba/salvador/zona-0013/fdbeb2f3d4025216deb5fd4faae68931.jpg", "https://vocefiscal-poll-tape-uploads.s3.amazonaws.com/us-east-1%3A2ec6d3c5-a01d-4378-86a8-979077447323/br/ba/salvador/zona-0013/5b66fff00069085313f09821cabc254d.jpg", "https://vocefiscal-poll-tape-uploads.s3.amazonaws.com/us-east-1%3A2ec6d3c5-a01d-4378-86a8-979077447323/br/ba/salvador/zona-0013/88e4df90964988775c34a3ae611183f1.jpg", "https://vocefiscal-poll-tape-uploads.s3.amazonaws.com/us-east-1%3A2ec6d3c5-a01d-4378-86a8-979077447323/br/ba/salvador/zona-0013/210c420f6d3f60240c18f6b64e21b5fc.jpg", "https://vocefiscal-poll-tape-uploads.s3.amazonaws.com/us-east-1%3A2ec6d3c5-a01d-4378-86a8-979077447323/br/ba/salvador/zona-0013/c622192e60b6901dd138a0688f2a5138.jpg", "https://vocefiscal-poll-tape-uploads.s3.amazonaws.com/us-east-1%3A2ec6d3c5-a01d-4378-86a8-979077447323/br/ba/salvador/zona-0013/fafe5927ed2b3e8c18321f14e34bb1d0.jpg", "https://vocefiscal-poll-tape-uploads.s3.amazonaws.com/us-east-1%3A2ec6d3c5-a01d-4378-86a8-979077447323/br/ba/salvador/zona-0013/b42d974651134a2daf8eaa60c3ccd049.jpg"], "municipio": "SALVADOR"}