{"data": 1412540506495, "estado": "BA", "localDaVotacao": "1350", "zonaEleitoral": "0001", "secaoEleitoral": "0206", "pictureURLList": ["https://vocefiscal-poll-tape-uploads.s3.amazonaws.com/us-east-1%3A0472b159-127f-4846-acbb-34df52dd359d/br/ba/salvador/zona-0001/8ab784945728a827384d4910dc0607cd.jpg", "https://vocefiscal-poll-tape-uploads.s3.amazonaws.com/us-east-1%3A0472b159-127f-4846-acbb-34df52dd359d/br/ba/salvador/zona-0001/3659060ec8585b70cf83d7ef22fee9a6.jpg", "https://vocefiscal-poll-tape-uploads.s3.amazonaws.com/us-east-1%3A0472b159-127f-4846-acbb-34df52dd359d/br/ba/salvador/zona-0001/6c520a09a3bf3192710c77adcd757161.jpg", "https://vocefiscal-poll-tape-uploads.s3.amazonaws.com/us-east-1%3A0472b159-127f-4846-acbb-34df52dd359d/br/ba/salvador/zona-0001/6d782a9168b8313a54e2acbcf61ce34e.jpg", "https://vocefiscal-poll-tape-uploads.s3.amazonaws.com/us-east-1%3A0472b159-127f-4846-acbb-34df52dd359d/br/ba/salvador/zona-0001/b1089010aff203b677b384c968e0a9f5.jpg", "https://vocefiscal-poll-tape-uploads.s3.amazonaws.com/us-east-1%3A0472b159-127f-4846-acbb-34df52dd359d/br/ba/salvador/zona-0001/14f45bef5aef96bfd4c03dd9950515f1.jpg", "https://vocefiscal-poll-tape-uploads.s3.amazonaws.com/us-east-1%3A0472b159-127f-4846-acbb-34df52dd359d/br/ba/salvador/zona-0001/bbddebe182b69422576572f5c41a1ca5.jpg", "https://vocefiscal-poll-tape-uploads.s3.amazonaws.com/us-east-1%3A0472b159-127f-4846-acbb-34df52dd359d/br/ba/salvador/zona-0001/1684e68cb362a74a93367800dbade0cb.jpg", "https://vocefiscal-poll-tape-uploads.s3.amazonaws.com/us-east-1%3A0472b159-127f-4846-acbb-34df52dd359d/br/ba/salvador/zona-0001/6768e9678ea47d0994559a87402f1dcb.jpg"], "municipio": "SALVADOR"}