{"data": 1412541041623, "estado": "BA", "secaoEleitoral": "0136", "zonaEleitoral": "0026", "pictureURLList": ["https://vocefiscal-poll-tape-uploads.s3.amazonaws.com/us-east-1%3Aaaebad3b-933a-4097-a8eb-f760761ba607/br/ba/ilheus/zona-0026/47f7f21091ba85e89929bf2baaef705a.jpg", "https://vocefiscal-poll-tape-uploads.s3.amazonaws.com/us-east-1%3Aaaebad3b-933a-4097-a8eb-f760761ba607/br/ba/ilheus/zona-0026/b9f3450527c57aa4434af2f0a8b44170.jpg", "https://vocefiscal-poll-tape-uploads.s3.amazonaws.com/us-east-1%3Aaaebad3b-933a-4097-a8eb-f760761ba607/br/ba/ilheus/zona-0026/efcc62a5f67b49ceb77fbbfcf0865f3b.jpg", "https://vocefiscal-poll-tape-uploads.s3.amazonaws.com/us-east-1%3Aaaebad3b-933a-4097-a8eb-f760761ba607/br/ba/ilheus/zona-0026/df5f5d0d7bee424ce00e56d7c5688fa4.jpg", "https://vocefiscal-poll-tape-uploads.s3.amazonaws.com/us-east-1%3Aaaebad3b-933a-4097-a8eb-f760761ba607/br/ba/ilheus/zona-0026/8dd1219c6cda03523e8aeb8d166859d4.jpg", "https://vocefiscal-poll-tape-uploads.s3.amazonaws.com/us-east-1%3Aaaebad3b-933a-4097-a8eb-f760761ba607/br/ba/ilheus/zona-0026/7cd43e914baf2f5dced87d4e2983b682.jpg", "https://vocefiscal-poll-tape-uploads.s3.amazonaws.com/us-east-1%3Aaaebad3b-933a-4097-a8eb-f760761ba607/br/ba/ilheus/zona-0026/165a250418049f720508dc6201ac4ba6.jpg", "https://vocefiscal-poll-tape-uploads.s3.amazonaws.com/us-east-1%3Aaaebad3b-933a-4097-a8eb-f760761ba607/br/ba/ilheus/zona-0026/1ee2b6707fd8973f4f634ffac7137bef.jpg", "https://vocefiscal-poll-tape-uploads.s3.amazonaws.com/us-east-1%3Aaaebad3b-933a-4097-a8eb-f760761ba607/br/ba/ilheus/zona-0026/e948b0387eb1335cdd11f89b9f421d53.jpg", "https://vocefiscal-poll-tape-uploads.s3.amazonaws.com/us-east-1%3Aaaebad3b-933a-4097-a8eb-f760761ba607/br/ba/ilheus/zona-0026/28cefb2048bd8dc9672f7c3cb4b6c48.jpg", "https://vocefiscal-poll-tape-uploads.s3.amazonaws.com/us-east-1%3Aaaebad3b-933a-4097-a8eb-f760761ba607/br/ba/ilheus/zona-0026/c6f3556c3c36236bccc3ece2580c9d1b.jpg", "https://vocefiscal-poll-tape-uploads.s3.amazonaws.com/us-east-1%3Aaaebad3b-933a-4097-a8eb-f760761ba607/br/ba/ilheus/zona-0026/6c4df4a0812068549eeb187596d43baf.jpg", "https://vocefiscal-poll-tape-uploads.s3.amazonaws.com/us-east-1%3Aaaebad3b-933a-4097-a8eb-f760761ba607/br/ba/ilheus/zona-0026/abe3ea4fba8932ade567e1be582138f1.jpg", "https://vocefiscal-poll-tape-uploads.s3.amazonaws.com/us-east-1%3Aaaebad3b-933a-4097-a8eb-f760761ba607/br/ba/ilheus/zona-0026/8b61dedb7356c015316eee1291a28184.jpg", "https://vocefiscal-poll-tape-uploads.s3.amazonaws.com/us-east-1%3Aaaebad3b-933a-4097-a8eb-f760761ba607/br/ba/ilheus/zona-0026/e7dbf65549f869724f3d1637501f42a0.jpg", "https://vocefiscal-poll-tape-uploads.s3.amazonaws.com/us-east-1%3Aaaebad3b-933a-4097-a8eb-f760761ba607/br/ba/ilheus/zona-0026/5fa69280875c8f5d2b7ff439c7f68c2c.jpg", "https://vocefiscal-poll-tape-uploads.s3.amazonaws.com/us-east-1%3Aaaebad3b-933a-4097-a8eb-f760761ba607/br/ba/ilheus/zona-0026/8bbc3ca498dd9ea387444151380a79c8.jpg", "https://vocefiscal-poll-tape-uploads.s3.amazonaws.com/us-east-1%3Aaaebad3b-933a-4097-a8eb-f760761ba607/br/ba/ilheus/zona-0026/ab0d12648b1a75af56e391929710c632.jpg", "https://vocefiscal-poll-tape-uploads.s3.amazonaws.com/us-east-1%3Aaaebad3b-933a-4097-a8eb-f760761ba607/br/ba/ilheus/zona-0026/79d7fd9b0c5943f377ff618f074421c2.jpg", "https://vocefiscal-poll-tape-uploads.s3.amazonaws.com/us-east-1%3Aaaebad3b-933a-4097-a8eb-f760761ba607/br/ba/ilheus/zona-0026/64a52c91dc1606090d90ea4f335cc72d.jpg"], "municipio": "ILH\u00c9US"}