{"data": 1412543304975, "pictureURLList": ["https://vocefiscal-poll-tape-uploads.s3.amazonaws.com/us-east-1%3Af5d11810-a03b-4eda-8cd9-0e77c554ce5e/br/ba/feira-de-santana/zona-0154/d36324c1b6040d84b6e7376eb86eeef2.jpg", "https://vocefiscal-poll-tape-uploads.s3.amazonaws.com/us-east-1%3Af5d11810-a03b-4eda-8cd9-0e77c554ce5e/br/ba/feira-de-santana/zona-0154/436d82586b7354669e5875b80ddc1395.jpg", "https://vocefiscal-poll-tape-uploads.s3.amazonaws.com/us-east-1%3Af5d11810-a03b-4eda-8cd9-0e77c554ce5e/br/ba/feira-de-santana/zona-0154/436d82586b7354669e5875b80ddc1395.jpg", "https://vocefiscal-poll-tape-uploads.s3.amazonaws.com/us-east-1%3Af5d11810-a03b-4eda-8cd9-0e77c554ce5e/br/ba/feira-de-santana/zona-0154/58c29e8bbbb9f2681c98595f5448b52c.jpg", "https://vocefiscal-poll-tape-uploads.s3.amazonaws.com/us-east-1%3Af5d11810-a03b-4eda-8cd9-0e77c554ce5e/br/ba/feira-de-santana/zona-0154/fa69d603b82ea4e0a7309b91169344b1.jpg", "https://vocefiscal-poll-tape-uploads.s3.amazonaws.com/us-east-1%3Af5d11810-a03b-4eda-8cd9-0e77c554ce5e/br/ba/feira-de-santana/zona-0154/2701809bd92bb4c6febbb00a82118900.jpg", "https://vocefiscal-poll-tape-uploads.s3.amazonaws.com/us-east-1%3Af5d11810-a03b-4eda-8cd9-0e77c554ce5e/br/ba/feira-de-santana/zona-0154/56d4fd45e930b2fbe6c99ce12cadea5b.jpg", "https://vocefiscal-poll-tape-uploads.s3.amazonaws.com/us-east-1%3Af5d11810-a03b-4eda-8cd9-0e77c554ce5e/br/ba/feira-de-santana/zona-0154/4d104ec86720da311a54442db804fc92.jpg", "https://vocefiscal-poll-tape-uploads.s3.amazonaws.com/us-east-1%3Af5d11810-a03b-4eda-8cd9-0e77c554ce5e/br/ba/feira-de-santana/zona-0154/9268e60ecaecdaca1a4f35f4b6d21728.jpg", "https://vocefiscal-poll-tape-uploads.s3.amazonaws.com/us-east-1%3Af5d11810-a03b-4eda-8cd9-0e77c554ce5e/br/ba/feira-de-santana/zona-0154/5f3755b3a24dcb3a9dc95673e5ffabf5.jpg", "https://vocefiscal-poll-tape-uploads.s3.amazonaws.com/us-east-1%3Af5d11810-a03b-4eda-8cd9-0e77c554ce5e/br/ba/feira-de-santana/zona-0154/7c388c80bf1e141d0295d303df5b255b.jpg", "https://vocefiscal-poll-tape-uploads.s3.amazonaws.com/us-east-1%3Af5d11810-a03b-4eda-8cd9-0e77c554ce5e/br/ba/feira-de-santana/zona-0154/7754c18b219948a1a85a845bdb24d55c.jpg", "https://vocefiscal-poll-tape-uploads.s3.amazonaws.com/us-east-1%3Af5d11810-a03b-4eda-8cd9-0e77c554ce5e/br/ba/feira-de-santana/zona-0154/bddf088fb0909813a38eafa27bb440d7.jpg", "https://vocefiscal-poll-tape-uploads.s3.amazonaws.com/us-east-1%3Af5d11810-a03b-4eda-8cd9-0e77c554ce5e/br/ba/feira-de-santana/zona-0154/1e7095144f87689edeb6308705b894f.jpg", "https://vocefiscal-poll-tape-uploads.s3.amazonaws.com/us-east-1%3Af5d11810-a03b-4eda-8cd9-0e77c554ce5e/br/ba/feira-de-santana/zona-0154/efce2b628ffe560cacc64d48d3ee88b0.jpg", "https://vocefiscal-poll-tape-uploads.s3.amazonaws.com/us-east-1%3Af5d11810-a03b-4eda-8cd9-0e77c554ce5e/br/ba/feira-de-santana/zona-0154/fe1b352bfa448b7bd5671da3d6168c7a.jpg", "https://vocefiscal-poll-tape-uploads.s3.amazonaws.com/us-east-1%3Af5d11810-a03b-4eda-8cd9-0e77c554ce5e/br/ba/feira-de-santana/zona-0154/f57bdd8cb7903e592635857ea0b46e43.jpg", "https://vocefiscal-poll-tape-uploads.s3.amazonaws.com/us-east-1%3Af5d11810-a03b-4eda-8cd9-0e77c554ce5e/br/ba/feira-de-santana/zona-0154/bf0e94a0fe9d54a957e1c97f1044a587.jpg", "https://vocefiscal-poll-tape-uploads.s3.amazonaws.com/us-east-1%3Af5d11810-a03b-4eda-8cd9-0e77c554ce5e/br/ba/feira-de-santana/zona-0154/7173935cf72c8faa222860b2396c96ea.jpg", "https://vocefiscal-poll-tape-uploads.s3.amazonaws.com/us-east-1%3Af5d11810-a03b-4eda-8cd9-0e77c554ce5e/br/ba/feira-de-santana/zona-0154/856677c2f1998568cdecfe46521242ee.jpg", "https://vocefiscal-poll-tape-uploads.s3.amazonaws.com/us-east-1%3Af5d11810-a03b-4eda-8cd9-0e77c554ce5e/br/ba/feira-de-santana/zona-0154/96b2534c31ba1e0f8dbec2ce790ce0e6.jpg", "https://vocefiscal-poll-tape-uploads.s3.amazonaws.com/us-east-1%3Af5d11810-a03b-4eda-8cd9-0e77c554ce5e/br/ba/feira-de-santana/zona-0154/f3db8d0ad84821f94e973e824b067656.jpg", "https://vocefiscal-poll-tape-uploads.s3.amazonaws.com/us-east-1%3Af5d11810-a03b-4eda-8cd9-0e77c554ce5e/br/ba/feira-de-santana/zona-0154/fe770d163d625573b2b675afd1f94f52.jpg", "https://vocefiscal-poll-tape-uploads.s3.amazonaws.com/us-east-1%3Af5d11810-a03b-4eda-8cd9-0e77c554ce5e/br/ba/feira-de-santana/zona-0154/ec473fae79fe7044a5e3fe1e7aefae56.jpg", "https://vocefiscal-poll-tape-uploads.s3.amazonaws.com/us-east-1%3Af5d11810-a03b-4eda-8cd9-0e77c554ce5e/br/ba/feira-de-santana/zona-0154/e873fa1db320eca6cf4e7d9ea60b09a4.jpg", "https://vocefiscal-poll-tape-uploads.s3.amazonaws.com/us-east-1%3Af5d11810-a03b-4eda-8cd9-0e77c554ce5e/br/ba/feira-de-santana/zona-0154/cb05ff2f77f73b3a45de7f079ea14ffe.jpg"], "estado": "BA", "localDaVotacao": "1066", "zonaEleitoral": "0154", "secaoEleitoral": "0097", "municipio": "FEIRA DE SANTANA"}