{"data": 1412565070075, "estado": "BA", "localDaVotacao": "1627", "zonaEleitoral": "0040", "secaoEleitoral": "0184", "pictureURLList": ["https://vocefiscal-poll-tape-uploads.s3.amazonaws.com/us-east-1%3A695adab1-8a65-4d65-8a05-20168a27bc8e/br/ba/vitoria-da-conquista/zona-0040/28eec3203d4238c7a2d839b1d5863259.jpg", "https://vocefiscal-poll-tape-uploads.s3.amazonaws.com/us-east-1%3A695adab1-8a65-4d65-8a05-20168a27bc8e/br/ba/vitoria-da-conquista/zona-0040/e1c1ee6899b19373dd86c526498205d4.jpg", "https://vocefiscal-poll-tape-uploads.s3.amazonaws.com/us-east-1%3A695adab1-8a65-4d65-8a05-20168a27bc8e/br/ba/vitoria-da-conquista/zona-0040/1303a6ce9577e94d3552ee413748c97.jpg", "https://vocefiscal-poll-tape-uploads.s3.amazonaws.com/us-east-1%3A695adab1-8a65-4d65-8a05-20168a27bc8e/br/ba/vitoria-da-conquista/zona-0040/1659f4b9954fe9186612c20330accaf2.jpg", "https://vocefiscal-poll-tape-uploads.s3.amazonaws.com/us-east-1%3A695adab1-8a65-4d65-8a05-20168a27bc8e/br/ba/vitoria-da-conquista/zona-0040/adcf9eb0db75317f0f69c8b2721e9d02.jpg", "https://vocefiscal-poll-tape-uploads.s3.amazonaws.com/us-east-1%3A695adab1-8a65-4d65-8a05-20168a27bc8e/br/ba/vitoria-da-conquista/zona-0040/4a5f03eacbe72ed6467ed0b500bacaf9.jpg", "https://vocefiscal-poll-tape-uploads.s3.amazonaws.com/us-east-1%3A695adab1-8a65-4d65-8a05-20168a27bc8e/br/ba/vitoria-da-conquista/zona-0040/6ccf3089d871316d92cf00f05c6b7fdc.jpg", "https://vocefiscal-poll-tape-uploads.s3.amazonaws.com/us-east-1%3A695adab1-8a65-4d65-8a05-20168a27bc8e/br/ba/vitoria-da-conquista/zona-0040/8775b755e567de2194311a17d677e11d.jpg", "https://vocefiscal-poll-tape-uploads.s3.amazonaws.com/us-east-1%3A695adab1-8a65-4d65-8a05-20168a27bc8e/br/ba/vitoria-da-conquista/zona-0040/848dab4a0adf237ad69656de22689001.jpg", "https://vocefiscal-poll-tape-uploads.s3.amazonaws.com/us-east-1%3A695adab1-8a65-4d65-8a05-20168a27bc8e/br/ba/vitoria-da-conquista/zona-0040/94c8f73c75470152b638dd5d5668ac84.jpg", "https://vocefiscal-poll-tape-uploads.s3.amazonaws.com/us-east-1%3A695adab1-8a65-4d65-8a05-20168a27bc8e/br/ba/vitoria-da-conquista/zona-0040/dcb259c8a60c57b3e69e8d2b111e55af.jpg", "https://vocefiscal-poll-tape-uploads.s3.amazonaws.com/us-east-1%3A695adab1-8a65-4d65-8a05-20168a27bc8e/br/ba/vitoria-da-conquista/zona-0040/bbd61324e962adedb06cde0622710a02.jpg", "https://vocefiscal-poll-tape-uploads.s3.amazonaws.com/us-east-1%3A695adab1-8a65-4d65-8a05-20168a27bc8e/br/ba/vitoria-da-conquista/zona-0040/922e6b0c8e20e62325d6afcc97060cee.jpg", "https://vocefiscal-poll-tape-uploads.s3.amazonaws.com/us-east-1%3A695adab1-8a65-4d65-8a05-20168a27bc8e/br/ba/vitoria-da-conquista/zona-0040/badf1ffce86943c0e1b449e795652268.jpg", "https://vocefiscal-poll-tape-uploads.s3.amazonaws.com/us-east-1%3A695adab1-8a65-4d65-8a05-20168a27bc8e/br/ba/vitoria-da-conquista/zona-0040/6aa2d4a34e8bd94bc8860a58ad464ffb.jpg", "https://vocefiscal-poll-tape-uploads.s3.amazonaws.com/us-east-1%3A695adab1-8a65-4d65-8a05-20168a27bc8e/br/ba/vitoria-da-conquista/zona-0040/43b08945078206c847525619a43389f.jpg", "https://vocefiscal-poll-tape-uploads.s3.amazonaws.com/us-east-1%3A695adab1-8a65-4d65-8a05-20168a27bc8e/br/ba/vitoria-da-conquista/zona-0040/a1d941de51c8a3a77be6b588215233b9.jpg", "https://vocefiscal-poll-tape-uploads.s3.amazonaws.com/us-east-1%3A695adab1-8a65-4d65-8a05-20168a27bc8e/br/ba/vitoria-da-conquista/zona-0040/a5612c88f959c792b52a4ffa956595aa.jpg", "https://vocefiscal-poll-tape-uploads.s3.amazonaws.com/us-east-1%3A695adab1-8a65-4d65-8a05-20168a27bc8e/br/ba/vitoria-da-conquista/zona-0040/ff6e0a31df176649756859d51dda2573.jpg", "https://vocefiscal-poll-tape-uploads.s3.amazonaws.com/us-east-1%3A695adab1-8a65-4d65-8a05-20168a27bc8e/br/ba/vitoria-da-conquista/zona-0040/c5d70710d9d690389bfcde85e3ab3f26.jpg", "https://vocefiscal-poll-tape-uploads.s3.amazonaws.com/us-east-1%3A695adab1-8a65-4d65-8a05-20168a27bc8e/br/ba/vitoria-da-conquista/zona-0040/b6c822e99dc1b56e86b9410c9f12bb86.jpg", "https://vocefiscal-poll-tape-uploads.s3.amazonaws.com/us-east-1%3A695adab1-8a65-4d65-8a05-20168a27bc8e/br/ba/vitoria-da-conquista/zona-0040/7c238b6c7ec2bf43c36a4082bd3107c2.jpg", "https://vocefiscal-poll-tape-uploads.s3.amazonaws.com/us-east-1%3A695adab1-8a65-4d65-8a05-20168a27bc8e/br/ba/vitoria-da-conquista/zona-0040/82744b6c0824408d1bc266f7162c0ede.jpg", "https://vocefiscal-poll-tape-uploads.s3.amazonaws.com/us-east-1%3A695adab1-8a65-4d65-8a05-20168a27bc8e/br/ba/vitoria-da-conquista/zona-0040/2cc2672de3b41a684cef01a859f57dbb.jpg", "https://vocefiscal-poll-tape-uploads.s3.amazonaws.com/us-east-1%3A695adab1-8a65-4d65-8a05-20168a27bc8e/br/ba/vitoria-da-conquista/zona-0040/7ce1b3e325f472a1f3021582c7481bbd.jpg"], "municipio": "VIT\u00d3RIA DA CONQUISTA"}