{"municipio": "SALVADOR", "secaoEleitoral": "0017", "data": 1412541745929, "pictureURLList": ["https://vocefiscal-poll-tape-uploads.s3.amazonaws.com/us-east-1%3A959469c9-9c3d-4805-a537-c1e5e3c97bd9/br/sp/campinas/zona-0013/59bf505e3c2f03e2de2bca6241e5bb03.jpg", "https://vocefiscal-poll-tape-uploads.s3.amazonaws.com/us-east-1%3A959469c9-9c3d-4805-a537-c1e5e3c97bd9/br/sp/campinas/zona-0013/65fe33541304cb65f55885af60f0c4d2.jpg", "https://vocefiscal-poll-tape-uploads.s3.amazonaws.com/us-east-1%3A959469c9-9c3d-4805-a537-c1e5e3c97bd9/br/sp/campinas/zona-0013/e4f1fd210bf26538dad4ab02224fb893.jpg", "https://vocefiscal-poll-tape-uploads.s3.amazonaws.com/us-east-1%3A959469c9-9c3d-4805-a537-c1e5e3c97bd9/br/sp/campinas/zona-0013/f9fbeb8f4e90b893d081903969a1debf.jpg", "https://vocefiscal-poll-tape-uploads.s3.amazonaws.com/us-east-1%3A959469c9-9c3d-4805-a537-c1e5e3c97bd9/br/sp/campinas/zona-0013/3b0273c52c28bd61ef5cb4cfcf5f3858.jpg", "https://vocefiscal-poll-tape-uploads.s3.amazonaws.com/us-east-1%3A959469c9-9c3d-4805-a537-c1e5e3c97bd9/br/sp/campinas/zona-0013/5ff96d882887569c6e8747a0b17d0683.jpg", "https://vocefiscal-poll-tape-uploads.s3.amazonaws.com/us-east-1%3A959469c9-9c3d-4805-a537-c1e5e3c97bd9/br/sp/campinas/zona-0013/8f93c03798ec8769f10e582672e64c0d.jpg", "https://vocefiscal-poll-tape-uploads.s3.amazonaws.com/us-east-1%3A959469c9-9c3d-4805-a537-c1e5e3c97bd9/br/sp/campinas/zona-0013/a9d3f27b9a860645817ff83c70a3c612.jpg", "https://vocefiscal-poll-tape-uploads.s3.amazonaws.com/us-east-1%3A959469c9-9c3d-4805-a537-c1e5e3c97bd9/br/sp/campinas/zona-0013/82f16609f35238579212e3e5a23777ef.jpg", "https://vocefiscal-poll-tape-uploads.s3.amazonaws.com/us-east-1%3A959469c9-9c3d-4805-a537-c1e5e3c97bd9/br/sp/campinas/zona-0013/d6bf048bf2bcb3bdb044d4bbb6caac50.jpg", "https://vocefiscal-poll-tape-uploads.s3.amazonaws.com/us-east-1%3A959469c9-9c3d-4805-a537-c1e5e3c97bd9/br/sp/campinas/zona-0013/fe965e192e1c133d54768d05c896ccb7.jpg", "https://vocefiscal-poll-tape-uploads.s3.amazonaws.com/us-east-1%3A959469c9-9c3d-4805-a537-c1e5e3c97bd9/br/sp/campinas/zona-0013/a84105f0e770aec51522d6661a26a55e.jpg", "https://vocefiscal-poll-tape-uploads.s3.amazonaws.com/us-east-1%3A959469c9-9c3d-4805-a537-c1e5e3c97bd9/br/sp/campinas/zona-0013/e1d21dcad1035857f5dd91242ab78e8f.jpg", "https://vocefiscal-poll-tape-uploads.s3.amazonaws.com/us-east-1%3A959469c9-9c3d-4805-a537-c1e5e3c97bd9/br/sp/campinas/zona-0013/8e39948f0f0c4820e4562d17a12b158f.jpg", "https://vocefiscal-poll-tape-uploads.s3.amazonaws.com/us-east-1%3A959469c9-9c3d-4805-a537-c1e5e3c97bd9/br/sp/campinas/zona-0013/46218acfbc5ddf6ae432c55d2dbffe06.jpg", "https://vocefiscal-poll-tape-uploads.s3.amazonaws.com/us-east-1%3A959469c9-9c3d-4805-a537-c1e5e3c97bd9/br/sp/campinas/zona-0013/b1fb7c9639cf4625c72d718004c7c16.jpg", "https://vocefiscal-poll-tape-uploads.s3.amazonaws.com/us-east-1%3A959469c9-9c3d-4805-a537-c1e5e3c97bd9/br/sp/campinas/zona-0013/fa593df4d04eff39225d3ad5d2d1cec6.jpg", "https://vocefiscal-poll-tape-uploads.s3.amazonaws.com/us-east-1%3A959469c9-9c3d-4805-a537-c1e5e3c97bd9/br/sp/campinas/zona-0013/37bc30e211681f925427cbb8f291f210.jpg", "https://vocefiscal-poll-tape-uploads.s3.amazonaws.com/us-east-1%3A959469c9-9c3d-4805-a537-c1e5e3c97bd9/br/sp/campinas/zona-0013/17504ddbf1ad1f3ce9110bfec8602d34.jpg", "https://vocefiscal-poll-tape-uploads.s3.amazonaws.com/us-east-1%3A959469c9-9c3d-4805-a537-c1e5e3c97bd9/br/sp/campinas/zona-0013/9bca475118cc935e9310480888fba594.jpg", "https://vocefiscal-poll-tape-uploads.s3.amazonaws.com/us-east-1%3A959469c9-9c3d-4805-a537-c1e5e3c97bd9/br/sp/campinas/zona-0013/6aa05c164340a15e0d214fc5cdf179a0.jpg", "https://vocefiscal-poll-tape-uploads.s3.amazonaws.com/us-east-1%3A959469c9-9c3d-4805-a537-c1e5e3c97bd9/br/sp/campinas/zona-0013/6944d3689ac2ee334707d0887009cb2f.jpg", "https://vocefiscal-poll-tape-uploads.s3.amazonaws.com/us-east-1%3A959469c9-9c3d-4805-a537-c1e5e3c97bd9/br/sp/campinas/zona-0013/a48360371a9d53e084a61dc30e14c455.jpg", "https://vocefiscal-poll-tape-uploads.s3.amazonaws.com/us-east-1%3A959469c9-9c3d-4805-a537-c1e5e3c97bd9/br/sp/campinas/zona-0013/a89129619efb252f31b1d65e32bd4b64.jpg"], "zonaEleitoral": "0013", "estado": "BA", "localDaVotacao": "1023"}