{"data": 1412540481857, "estado": "BA", "secaoEleitoral": "0174", "zonaEleitoral": "0005", "pictureURLList": ["https://vocefiscal-poll-tape-uploads.s3.amazonaws.com/us-east-1%3A2fa8ea0f-ef78-4da4-bea3-c3af72f610dd/br/ba/salvador/zona-0005/9633c5f9d454b3b5c8b04a526572d4c6.jpg", "https://vocefiscal-poll-tape-uploads.s3.amazonaws.com/us-east-1%3A2fa8ea0f-ef78-4da4-bea3-c3af72f610dd/br/ba/salvador/zona-0005/340acdb41648fa42facc14e0418aaf0e.jpg", "https://vocefiscal-poll-tape-uploads.s3.amazonaws.com/us-east-1%3A2fa8ea0f-ef78-4da4-bea3-c3af72f610dd/br/ba/salvador/zona-0005/f078c09a22eab51306add89ff88beb77.jpg", "https://vocefiscal-poll-tape-uploads.s3.amazonaws.com/us-east-1%3A2fa8ea0f-ef78-4da4-bea3-c3af72f610dd/br/ba/salvador/zona-0005/708610f578c3932df6c1482eee7d1be5.jpg", "https://vocefiscal-poll-tape-uploads.s3.amazonaws.com/us-east-1%3A2fa8ea0f-ef78-4da4-bea3-c3af72f610dd/br/ba/salvador/zona-0005/17d161025434d47dcbcf4c36c23ac4b4.jpg", "https://vocefiscal-poll-tape-uploads.s3.amazonaws.com/us-east-1%3A2fa8ea0f-ef78-4da4-bea3-c3af72f610dd/br/ba/salvador/zona-0005/86fef362b99f9e21210a6d15b39f0ba6.jpg", "https://vocefiscal-poll-tape-uploads.s3.amazonaws.com/us-east-1%3A2fa8ea0f-ef78-4da4-bea3-c3af72f610dd/br/ba/salvador/zona-0005/5c94a66a121f51537032dcabf2b4e235.jpg", "https://vocefiscal-poll-tape-uploads.s3.amazonaws.com/us-east-1%3A2fa8ea0f-ef78-4da4-bea3-c3af72f610dd/br/ba/salvador/zona-0005/bea1f2fb6b6826b53f019a59c5a4c80e.jpg", "https://vocefiscal-poll-tape-uploads.s3.amazonaws.com/us-east-1%3A2fa8ea0f-ef78-4da4-bea3-c3af72f610dd/br/ba/salvador/zona-0005/217e5e62c20604c81ca8d6e56ecfc08f.jpg", "https://vocefiscal-poll-tape-uploads.s3.amazonaws.com/us-east-1%3A2fa8ea0f-ef78-4da4-bea3-c3af72f610dd/br/ba/salvador/zona-0005/6a707785c8044c2af68b65cb2e2b84ff.jpg", "https://vocefiscal-poll-tape-uploads.s3.amazonaws.com/us-east-1%3A2fa8ea0f-ef78-4da4-bea3-c3af72f610dd/br/ba/salvador/zona-0005/f1b51d8cc51f9d6a50bcf5f115db507c.jpg", "https://vocefiscal-poll-tape-uploads.s3.amazonaws.com/us-east-1%3A2fa8ea0f-ef78-4da4-bea3-c3af72f610dd/br/ba/salvador/zona-0005/272939f06c550a084bd0cef24ddb2cf.jpg", "https://vocefiscal-poll-tape-uploads.s3.amazonaws.com/us-east-1%3A2fa8ea0f-ef78-4da4-bea3-c3af72f610dd/br/ba/salvador/zona-0005/fea9a6327f3297ebb38f4fcd0fa372b1.jpg", "https://vocefiscal-poll-tape-uploads.s3.amazonaws.com/us-east-1%3A2fa8ea0f-ef78-4da4-bea3-c3af72f610dd/br/ba/salvador/zona-0005/6aaacc3110fb4422eb8fcd279c59669e.jpg", "https://vocefiscal-poll-tape-uploads.s3.amazonaws.com/us-east-1%3A2fa8ea0f-ef78-4da4-bea3-c3af72f610dd/br/ba/salvador/zona-0005/10f0c458b158babf9d1983cf404db04d.jpg", "https://vocefiscal-poll-tape-uploads.s3.amazonaws.com/us-east-1%3A2fa8ea0f-ef78-4da4-bea3-c3af72f610dd/br/ba/salvador/zona-0005/eb8dd3bec8d13a38a0a5f4cfe19287ed.jpg", "https://vocefiscal-poll-tape-uploads.s3.amazonaws.com/us-east-1%3A2fa8ea0f-ef78-4da4-bea3-c3af72f610dd/br/ba/salvador/zona-0005/468a432a2cb7294aad66f6c979fd7eab.jpg", "https://vocefiscal-poll-tape-uploads.s3.amazonaws.com/us-east-1%3A2fa8ea0f-ef78-4da4-bea3-c3af72f610dd/br/ba/salvador/zona-0005/5f878b5fdf901e180672b9674f50bc4f.jpg", "https://vocefiscal-poll-tape-uploads.s3.amazonaws.com/us-east-1%3A2fa8ea0f-ef78-4da4-bea3-c3af72f610dd/br/ba/salvador/zona-0005/75c8bff4c0372d8da39621cc046ae295.jpg", "https://vocefiscal-poll-tape-uploads.s3.amazonaws.com/us-east-1%3A2fa8ea0f-ef78-4da4-bea3-c3af72f610dd/br/ba/salvador/zona-0005/8fd97026ee691640ce74966ce1ddfa0e.jpg", "https://vocefiscal-poll-tape-uploads.s3.amazonaws.com/us-east-1%3A2fa8ea0f-ef78-4da4-bea3-c3af72f610dd/br/ba/salvador/zona-0005/a09398059d5cfecd789b2abf64cc935f.jpg", "https://vocefiscal-poll-tape-uploads.s3.amazonaws.com/us-east-1%3A2fa8ea0f-ef78-4da4-bea3-c3af72f610dd/br/ba/salvador/zona-0005/c702991a8470180725b48cd5fb0132b1.jpg", "https://vocefiscal-poll-tape-uploads.s3.amazonaws.com/us-east-1%3A2fa8ea0f-ef78-4da4-bea3-c3af72f610dd/br/ba/salvador/zona-0005/9220b76dac482a6ac698acdd5abefd56.jpg", "https://vocefiscal-poll-tape-uploads.s3.amazonaws.com/us-east-1%3A2fa8ea0f-ef78-4da4-bea3-c3af72f610dd/br/ba/salvador/zona-0005/9fdee7a7e71410516b84672721aebae5.jpg", "https://vocefiscal-poll-tape-uploads.s3.amazonaws.com/us-east-1%3A2fa8ea0f-ef78-4da4-bea3-c3af72f610dd/br/ba/salvador/zona-0005/f6f46278ceb60ff7853ed4435cb098df.jpg", "https://vocefiscal-poll-tape-uploads.s3.amazonaws.com/us-east-1%3A2fa8ea0f-ef78-4da4-bea3-c3af72f610dd/br/ba/salvador/zona-0005/c5beb396641d2e26a3f3e8b139b76fae.jpg", "https://vocefiscal-poll-tape-uploads.s3.amazonaws.com/us-east-1%3A2fa8ea0f-ef78-4da4-bea3-c3af72f610dd/br/ba/salvador/zona-0005/7ee964b0d3defd814b098a24bc090f80.jpg", "https://vocefiscal-poll-tape-uploads.s3.amazonaws.com/us-east-1%3A2fa8ea0f-ef78-4da4-bea3-c3af72f610dd/br/ba/salvador/zona-0005/34e4bc864fa66672078dc7e569f02623.jpg", "https://vocefiscal-poll-tape-uploads.s3.amazonaws.com/us-east-1%3A2fa8ea0f-ef78-4da4-bea3-c3af72f610dd/br/ba/salvador/zona-0005/2c75435779d11d9c8b375fe36733eaff.jpg", "https://vocefiscal-poll-tape-uploads.s3.amazonaws.com/us-east-1%3A2fa8ea0f-ef78-4da4-bea3-c3af72f610dd/br/ba/salvador/zona-0005/6f7f45c1f4fceed8ab8244a1d21563c2.jpg"], "municipio": "SALVADOR"}