{"data": 1412522174844, "pictureURLList": ["https://vocefiscal-poll-tape-uploads.s3.amazonaws.com/us-east-1%3A2ec6d3c5-a01d-4378-86a8-979077447323/br/ba/salvador/zona-0074/208fc0a6a17bdabd14ea153b2bf7cdaf.jpg", "https://vocefiscal-poll-tape-uploads.s3.amazonaws.com/us-east-1%3A2ec6d3c5-a01d-4378-86a8-979077447323/br/ba/salvador/zona-0074/a257ea6b6d921262905ab39af3776ee0.jpg", "https://vocefiscal-poll-tape-uploads.s3.amazonaws.com/us-east-1%3A2ec6d3c5-a01d-4378-86a8-979077447323/br/ba/salvador/zona-0074/5927b7aaa5d5f518a368b2845124e0b1.jpg", "https://vocefiscal-poll-tape-uploads.s3.amazonaws.com/us-east-1%3A2ec6d3c5-a01d-4378-86a8-979077447323/br/ba/salvador/zona-0074/3e7084ac392ccabf3a3dcd42e707d927.jpg", "https://vocefiscal-poll-tape-uploads.s3.amazonaws.com/us-east-1%3A2ec6d3c5-a01d-4378-86a8-979077447323/br/ba/salvador/zona-0074/688716a499d8169e906f72b58e08309d.jpg", "https://vocefiscal-poll-tape-uploads.s3.amazonaws.com/us-east-1%3A2ec6d3c5-a01d-4378-86a8-979077447323/br/ba/salvador/zona-0074/67cc4d2bc0300e8ca09ec22bb951963f.jpg"], "estado": "BA", "localDaVotacao": "1104", "zonaEleitoral": "0013", "secaoEleitoral": "0074", "municipio": "SALVADOR"}
