{"data": 1412561625556, "pictureURLList": ["https://vocefiscal-poll-tape-uploads.s3.amazonaws.com/us-east-1%3A5807c8f9-2db5-4cd3-97be-fe29d532de7f/br/ba/salvador/zona-0010/f0c82d2be285c6a703f54f21dd414eda.jpg", "https://vocefiscal-poll-tape-uploads.s3.amazonaws.com/us-east-1%3A5807c8f9-2db5-4cd3-97be-fe29d532de7f/br/ba/salvador/zona-0010/725d4c0668c073cb4ec934555aaf0c3b.jpg", "https://vocefiscal-poll-tape-uploads.s3.amazonaws.com/us-east-1%3A5807c8f9-2db5-4cd3-97be-fe29d532de7f/br/ba/salvador/zona-0010/faac201a4c473c787e9b2783c560cd21.jpg", "https://vocefiscal-poll-tape-uploads.s3.amazonaws.com/us-east-1%3A5807c8f9-2db5-4cd3-97be-fe29d532de7f/br/ba/salvador/zona-0010/d5c449f4d9f255c9058cedeb9666cf4c.jpg", "https://vocefiscal-poll-tape-uploads.s3.amazonaws.com/us-east-1%3A5807c8f9-2db5-4cd3-97be-fe29d532de7f/br/ba/salvador/zona-0010/6d9fcc6a09225ef3469cdb7aacc0c806.jpg", "https://vocefiscal-poll-tape-uploads.s3.amazonaws.com/us-east-1%3A5807c8f9-2db5-4cd3-97be-fe29d532de7f/br/ba/salvador/zona-0010/d2cb4ef552be3944277bcb3cafe93ef6.jpg", "https://vocefiscal-poll-tape-uploads.s3.amazonaws.com/us-east-1%3A5807c8f9-2db5-4cd3-97be-fe29d532de7f/br/ba/salvador/zona-0010/8b4c980e1e0fa40cfe65856c500e2dfb.jpg", "https://vocefiscal-poll-tape-uploads.s3.amazonaws.com/us-east-1%3A5807c8f9-2db5-4cd3-97be-fe29d532de7f/br/ba/salvador/zona-0010/408a7e0314095fb96a365940f278dc9d.jpg", "https://vocefiscal-poll-tape-uploads.s3.amazonaws.com/us-east-1%3A5807c8f9-2db5-4cd3-97be-fe29d532de7f/br/ba/salvador/zona-0010/4dea57169cbe9c768f1d4d9a9d8c45bd.jpg", "https://vocefiscal-poll-tape-uploads.s3.amazonaws.com/us-east-1%3A5807c8f9-2db5-4cd3-97be-fe29d532de7f/br/ba/salvador/zona-0010/79ae4c48ee4b5d6cf04b2ca0165be4b4.jpg", "https://vocefiscal-poll-tape-uploads.s3.amazonaws.com/us-east-1%3A5807c8f9-2db5-4cd3-97be-fe29d532de7f/br/ba/salvador/zona-0010/e3caf65cc1664dbddc99b5c9cdad4655.jpg", "https://vocefiscal-poll-tape-uploads.s3.amazonaws.com/us-east-1%3A5807c8f9-2db5-4cd3-97be-fe29d532de7f/br/ba/salvador/zona-0010/563f06e772917f7a198ee78c60a93c87.jpg", "https://vocefiscal-poll-tape-uploads.s3.amazonaws.com/us-east-1%3A5807c8f9-2db5-4cd3-97be-fe29d532de7f/br/ba/salvador/zona-0010/3ee44f3a7b6e27ae2d4c6a3e8bc58c35.jpg", "https://vocefiscal-poll-tape-uploads.s3.amazonaws.com/us-east-1%3A5807c8f9-2db5-4cd3-97be-fe29d532de7f/br/ba/salvador/zona-0010/5ce75489c5df9fd7b63395b0798ff57f.jpg", "https://vocefiscal-poll-tape-uploads.s3.amazonaws.com/us-east-1%3A5807c8f9-2db5-4cd3-97be-fe29d532de7f/br/ba/salvador/zona-0010/436a6a1f386422c296af775775a714f4.jpg", "https://vocefiscal-poll-tape-uploads.s3.amazonaws.com/us-east-1%3A5807c8f9-2db5-4cd3-97be-fe29d532de7f/br/ba/salvador/zona-0010/5250afd1e0dfc0a217afde2727aa87a3.jpg", "https://vocefiscal-poll-tape-uploads.s3.amazonaws.com/us-east-1%3A5807c8f9-2db5-4cd3-97be-fe29d532de7f/br/ba/salvador/zona-0010/a9ace4614c88f3fff53fd01c17d1f5da.jpg", "https://vocefiscal-poll-tape-uploads.s3.amazonaws.com/us-east-1%3A5807c8f9-2db5-4cd3-97be-fe29d532de7f/br/ba/salvador/zona-0010/946a1dd7278daa1c3e53c9e3ef128ff8.jpg", "https://vocefiscal-poll-tape-uploads.s3.amazonaws.com/us-east-1%3A5807c8f9-2db5-4cd3-97be-fe29d532de7f/br/ba/salvador/zona-0010/68f2aa295b700a019f55af2e96f26b0f.jpg"], "estado": "BA", "localDaVotacao": "1082", "zonaEleitoral": "0010", "secaoEleitoral": "0601", "municipio": "SALVADOR"}