{"data": 1412541641546, "estado": "BA", "secaoEleitoral": "0075", "zonaEleitoral": "0170", "pictureURLList": ["https://vocefiscal-poll-tape-uploads.s3.amazonaws.com/us-east-1%3A924f17ed-96d0-41b4-b9c7-3d057ecdd609/br/ba/camacari/zona-0170/a5eebf11ecb3c19934c1e3301532ed3c.jpg", "https://vocefiscal-poll-tape-uploads.s3.amazonaws.com/us-east-1%3A924f17ed-96d0-41b4-b9c7-3d057ecdd609/br/ba/camacari/zona-0170/9b9df5e6d383839f0436b81af6f0f4f3.jpg", "https://vocefiscal-poll-tape-uploads.s3.amazonaws.com/us-east-1%3A924f17ed-96d0-41b4-b9c7-3d057ecdd609/br/ba/camacari/zona-0170/15d91e2b88ee4a9508dbe88e4895af64.jpg", "https://vocefiscal-poll-tape-uploads.s3.amazonaws.com/us-east-1%3A924f17ed-96d0-41b4-b9c7-3d057ecdd609/br/ba/camacari/zona-0170/9ffd3ae721e7668fb412855598cf95e8.jpg", "https://vocefiscal-poll-tape-uploads.s3.amazonaws.com/us-east-1%3A924f17ed-96d0-41b4-b9c7-3d057ecdd609/br/ba/camacari/zona-0170/99875702cf09906e0280df1467c36970.jpg", "https://vocefiscal-poll-tape-uploads.s3.amazonaws.com/us-east-1%3A924f17ed-96d0-41b4-b9c7-3d057ecdd609/br/ba/camacari/zona-0170/e5e398366893089137f428b18da44451.jpg", "https://vocefiscal-poll-tape-uploads.s3.amazonaws.com/us-east-1%3A924f17ed-96d0-41b4-b9c7-3d057ecdd609/br/ba/camacari/zona-0170/b48230cf44e548322ca4b0566211dc99.jpg", "https://vocefiscal-poll-tape-uploads.s3.amazonaws.com/us-east-1%3A924f17ed-96d0-41b4-b9c7-3d057ecdd609/br/ba/camacari/zona-0170/8f53871819174b4e070d21f148a601b5.jpg", "https://vocefiscal-poll-tape-uploads.s3.amazonaws.com/us-east-1%3A924f17ed-96d0-41b4-b9c7-3d057ecdd609/br/ba/camacari/zona-0170/866f417923caee133f4bbb4cad61bb8e.jpg", "https://vocefiscal-poll-tape-uploads.s3.amazonaws.com/us-east-1%3A924f17ed-96d0-41b4-b9c7-3d057ecdd609/br/ba/camacari/zona-0170/a8abe5fe732de77f15e2960c9e371b35.jpg", "https://vocefiscal-poll-tape-uploads.s3.amazonaws.com/us-east-1%3A924f17ed-96d0-41b4-b9c7-3d057ecdd609/br/ba/camacari/zona-0170/5a05de83c4c9e575d0a07ae83ed42619.jpg", "https://vocefiscal-poll-tape-uploads.s3.amazonaws.com/us-east-1%3A924f17ed-96d0-41b4-b9c7-3d057ecdd609/br/ba/camacari/zona-0170/276746626c42c4d362371128ceb8a471.jpg", "https://vocefiscal-poll-tape-uploads.s3.amazonaws.com/us-east-1%3A924f17ed-96d0-41b4-b9c7-3d057ecdd609/br/ba/camacari/zona-0170/800303f12681841fd02b2f197fc2239.jpg", "https://vocefiscal-poll-tape-uploads.s3.amazonaws.com/us-east-1%3A924f17ed-96d0-41b4-b9c7-3d057ecdd609/br/ba/camacari/zona-0170/1205a68e3454970c56d6a3e9a6aaccf0.jpg", "https://vocefiscal-poll-tape-uploads.s3.amazonaws.com/us-east-1%3A924f17ed-96d0-41b4-b9c7-3d057ecdd609/br/ba/camacari/zona-0170/ab7186d985b4f0ce2bdc6a6cfaa4d13b.jpg"], "municipio": "CAMA\u00c7ARI"}