{"data": 1412540545755, "pictureURLList": ["https://vocefiscal-poll-tape-uploads.s3.amazonaws.com/us-east-1%3A68dd6e09-497a-4b9f-aa0d-1cbe7833e004/br/ba/salvador/zona-0010/18afe396bf87ef9fbc2de5fd68fed737.jpg", "https://vocefiscal-poll-tape-uploads.s3.amazonaws.com/us-east-1%3A68dd6e09-497a-4b9f-aa0d-1cbe7833e004/br/ba/salvador/zona-0010/793479ff1a1d9d8108afd98f339484e5.jpg", "https://vocefiscal-poll-tape-uploads.s3.amazonaws.com/us-east-1%3A68dd6e09-497a-4b9f-aa0d-1cbe7833e004/br/ba/salvador/zona-0010/78ad503d90c199e75b7c39ebeccc1a74.jpg", "https://vocefiscal-poll-tape-uploads.s3.amazonaws.com/us-east-1%3A68dd6e09-497a-4b9f-aa0d-1cbe7833e004/br/ba/salvador/zona-0010/2603a077bb5f079a76f0aa5f86a5005.jpg"], "estado": "BA", "localDaVotacao": "2020", "zonaEleitoral": "0010", "secaoEleitoral": "0680", "municipio": "SALVADOR"}