{"data": 1412542962434, "pictureURLList": ["https://vocefiscal-poll-tape-uploads.s3.amazonaws.com/us-east-1%3Abd53c166-98be-42e6-96f3-a341c4abc53d/br/ba/valenca/zona-0031/3e09afd23ca42f75a9dcf65ba6370612.jpg", "https://vocefiscal-poll-tape-uploads.s3.amazonaws.com/us-east-1%3Abd53c166-98be-42e6-96f3-a341c4abc53d/br/ba/valenca/zona-0031/c67cc05998bc30425541566567ab805f.jpg", "https://vocefiscal-poll-tape-uploads.s3.amazonaws.com/us-east-1%3Abd53c166-98be-42e6-96f3-a341c4abc53d/br/ba/valenca/zona-0031/633d8b2fb78d7de1c6244336849744df.jpg", "https://vocefiscal-poll-tape-uploads.s3.amazonaws.com/us-east-1%3Abd53c166-98be-42e6-96f3-a341c4abc53d/br/ba/valenca/zona-0031/5952811cf790da9f9adf7fba1352a445.jpg", "https://vocefiscal-poll-tape-uploads.s3.amazonaws.com/us-east-1%3Abd53c166-98be-42e6-96f3-a341c4abc53d/br/ba/valenca/zona-0031/ea06e5a96cd55d21ac56f86f6e6be0b3.jpg", "https://vocefiscal-poll-tape-uploads.s3.amazonaws.com/us-east-1%3Abd53c166-98be-42e6-96f3-a341c4abc53d/br/ba/valenca/zona-0031/951a30209d290996529da79610d4e9e8.jpg", "https://vocefiscal-poll-tape-uploads.s3.amazonaws.com/us-east-1%3Abd53c166-98be-42e6-96f3-a341c4abc53d/br/ba/valenca/zona-0031/eba5df52c3a0c4a08628da02deb46063.jpg", "https://vocefiscal-poll-tape-uploads.s3.amazonaws.com/us-east-1%3Abd53c166-98be-42e6-96f3-a341c4abc53d/br/ba/valenca/zona-0031/143f1c636312b5ff461a1055d1afb4f6.jpg", "https://vocefiscal-poll-tape-uploads.s3.amazonaws.com/us-east-1%3Abd53c166-98be-42e6-96f3-a341c4abc53d/br/ba/valenca/zona-0031/35bbbe8f1fccbe20f4fa228629739c21.jpg", "https://vocefiscal-poll-tape-uploads.s3.amazonaws.com/us-east-1%3Abd53c166-98be-42e6-96f3-a341c4abc53d/br/ba/valenca/zona-0031/466414eb2febd530968707133cd75aa6.jpg", "https://vocefiscal-poll-tape-uploads.s3.amazonaws.com/us-east-1%3Abd53c166-98be-42e6-96f3-a341c4abc53d/br/ba/valenca/zona-0031/9c6654f65c7e0f26ff51d0a0bf741339.jpg", "https://vocefiscal-poll-tape-uploads.s3.amazonaws.com/us-east-1%3Abd53c166-98be-42e6-96f3-a341c4abc53d/br/ba/valenca/zona-0031/805a1372faff3d8641e29fbb1c99218d.jpg", "https://vocefiscal-poll-tape-uploads.s3.amazonaws.com/us-east-1%3Abd53c166-98be-42e6-96f3-a341c4abc53d/br/ba/valenca/zona-0031/5fb25d8adf8d64f030d7f91572fdce40.jpg", "https://vocefiscal-poll-tape-uploads.s3.amazonaws.com/us-east-1%3Abd53c166-98be-42e6-96f3-a341c4abc53d/br/ba/valenca/zona-0031/1af579d3f58b3574243fb655c6212a9b.jpg", "https://vocefiscal-poll-tape-uploads.s3.amazonaws.com/us-east-1%3Abd53c166-98be-42e6-96f3-a341c4abc53d/br/ba/valenca/zona-0031/f149384c0ae98c54cad5dfbd5927a78e.jpg", "https://vocefiscal-poll-tape-uploads.s3.amazonaws.com/us-east-1%3Abd53c166-98be-42e6-96f3-a341c4abc53d/br/ba/valenca/zona-0031/7429992b23fa5d7c07974523eea248.jpg", "https://vocefiscal-poll-tape-uploads.s3.amazonaws.com/us-east-1%3Abd53c166-98be-42e6-96f3-a341c4abc53d/br/ba/valenca/zona-0031/c9a22f7fd98d7490dfa678d6f938ee04.jpg", "https://vocefiscal-poll-tape-uploads.s3.amazonaws.com/us-east-1%3Abd53c166-98be-42e6-96f3-a341c4abc53d/br/ba/valenca/zona-0031/4c723256b6291b324a63f5743c806ed7.jpg", "https://vocefiscal-poll-tape-uploads.s3.amazonaws.com/us-east-1%3Abd53c166-98be-42e6-96f3-a341c4abc53d/br/ba/valenca/zona-0031/a745ce149c6515078c38542dd0bcbe3a.jpg", "https://vocefiscal-poll-tape-uploads.s3.amazonaws.com/us-east-1%3Abd53c166-98be-42e6-96f3-a341c4abc53d/br/ba/valenca/zona-0031/2957f7af4285b0d2025befc59afae62b.jpg", "https://vocefiscal-poll-tape-uploads.s3.amazonaws.com/us-east-1%3Abd53c166-98be-42e6-96f3-a341c4abc53d/br/ba/valenca/zona-0031/5f1214fcac5c5bc968fc0336bd712ba8.jpg", "https://vocefiscal-poll-tape-uploads.s3.amazonaws.com/us-east-1%3Abd53c166-98be-42e6-96f3-a341c4abc53d/br/ba/valenca/zona-0031/890424e92594b4eba520f008acb3dd70.jpg", "https://vocefiscal-poll-tape-uploads.s3.amazonaws.com/us-east-1%3Abd53c166-98be-42e6-96f3-a341c4abc53d/br/ba/valenca/zona-0031/3dbaa3303ac6ea0e3b43bb8b9fdb0062.jpg", "https://vocefiscal-poll-tape-uploads.s3.amazonaws.com/us-east-1%3Abd53c166-98be-42e6-96f3-a341c4abc53d/br/ba/valenca/zona-0031/7d558b219c34ca8358c69e2d26764e70.jpg", "https://vocefiscal-poll-tape-uploads.s3.amazonaws.com/us-east-1%3Abd53c166-98be-42e6-96f3-a341c4abc53d/br/ba/valenca/zona-0031/cee992edc0e21f7af3d2fbb497a743ad.jpg", "https://vocefiscal-poll-tape-uploads.s3.amazonaws.com/us-east-1%3Abd53c166-98be-42e6-96f3-a341c4abc53d/br/ba/valenca/zona-0031/4d922223f110066464c5ce30e6577875.jpg", "https://vocefiscal-poll-tape-uploads.s3.amazonaws.com/us-east-1%3Abd53c166-98be-42e6-96f3-a341c4abc53d/br/ba/valenca/zona-0031/283c7c227dc4a3d69ddf2a0376011ef0.jpg", "https://vocefiscal-poll-tape-uploads.s3.amazonaws.com/us-east-1%3Abd53c166-98be-42e6-96f3-a341c4abc53d/br/ba/valenca/zona-0031/8dd685b7108caf4a2f1308fc9ce216af.jpg", "https://vocefiscal-poll-tape-uploads.s3.amazonaws.com/us-east-1%3Abd53c166-98be-42e6-96f3-a341c4abc53d/br/ba/valenca/zona-0031/60f10016b84e3b612c65c363d9e179b0.jpg"], "estado": "BA", "localDaVotacao": "1139", "zonaEleitoral": "0031", "secaoEleitoral": "0183", "municipio": "VALEN\u00c7A"}