{"data": 1412540434916, "estado": "BA", "secaoEleitoral": "0135", "zonaEleitoral": "0026", "pictureURLList": ["https://vocefiscal-poll-tape-uploads.s3.amazonaws.com/us-east-1%3Aaaebad3b-933a-4097-a8eb-f760761ba607/br/ba/ilheus/zona-0026/bcf32995cc52c74dc6de0352ef664cdf.jpg", "https://vocefiscal-poll-tape-uploads.s3.amazonaws.com/us-east-1%3Aaaebad3b-933a-4097-a8eb-f760761ba607/br/ba/ilheus/zona-0026/e063571643ff0041536714ae6cb88113.jpg", "https://vocefiscal-poll-tape-uploads.s3.amazonaws.com/us-east-1%3Aaaebad3b-933a-4097-a8eb-f760761ba607/br/ba/ilheus/zona-0026/fc2e7cbb20bf9ea800d3b19e96dce837.jpg", "https://vocefiscal-poll-tape-uploads.s3.amazonaws.com/us-east-1%3Aaaebad3b-933a-4097-a8eb-f760761ba607/br/ba/ilheus/zona-0026/53e87efa5aa118af567aef7d29cb9e3f.jpg", "https://vocefiscal-poll-tape-uploads.s3.amazonaws.com/us-east-1%3Aaaebad3b-933a-4097-a8eb-f760761ba607/br/ba/ilheus/zona-0026/d29ae7954dfddf46f55fc5c2134a58d1.jpg", "https://vocefiscal-poll-tape-uploads.s3.amazonaws.com/us-east-1%3Aaaebad3b-933a-4097-a8eb-f760761ba607/br/ba/ilheus/zona-0026/86e2c2183e4204c070bd8f6ca623b80.jpg", "https://vocefiscal-poll-tape-uploads.s3.amazonaws.com/us-east-1%3Aaaebad3b-933a-4097-a8eb-f760761ba607/br/ba/ilheus/zona-0026/1de32012271e9fd29e31d9e3a2b9b2b.jpg", "https://vocefiscal-poll-tape-uploads.s3.amazonaws.com/us-east-1%3Aaaebad3b-933a-4097-a8eb-f760761ba607/br/ba/ilheus/zona-0026/ee47a57b0115bf7fc49d27abacf93207.jpg", "https://vocefiscal-poll-tape-uploads.s3.amazonaws.com/us-east-1%3Aaaebad3b-933a-4097-a8eb-f760761ba607/br/ba/ilheus/zona-0026/5fe5ea748414575b9cea29d0078cb569.jpg", "https://vocefiscal-poll-tape-uploads.s3.amazonaws.com/us-east-1%3Aaaebad3b-933a-4097-a8eb-f760761ba607/br/ba/ilheus/zona-0026/8832ca809aa3cca984d1d88c22adc076.jpg", "https://vocefiscal-poll-tape-uploads.s3.amazonaws.com/us-east-1%3Aaaebad3b-933a-4097-a8eb-f760761ba607/br/ba/ilheus/zona-0026/556613af9293c76305047b2eb1a8c03b.jpg", "https://vocefiscal-poll-tape-uploads.s3.amazonaws.com/us-east-1%3Aaaebad3b-933a-4097-a8eb-f760761ba607/br/ba/ilheus/zona-0026/8c38558d2d9d4dead1984aabf567f3a1.jpg", "https://vocefiscal-poll-tape-uploads.s3.amazonaws.com/us-east-1%3Aaaebad3b-933a-4097-a8eb-f760761ba607/br/ba/ilheus/zona-0026/b30447c0e0caa76ebe07305ebacc7435.jpg", "https://vocefiscal-poll-tape-uploads.s3.amazonaws.com/us-east-1%3Aaaebad3b-933a-4097-a8eb-f760761ba607/br/ba/ilheus/zona-0026/d7e19414c6da907288450e6076ca3050.jpg", "https://vocefiscal-poll-tape-uploads.s3.amazonaws.com/us-east-1%3Aaaebad3b-933a-4097-a8eb-f760761ba607/br/ba/ilheus/zona-0026/785176698e18c421d64e472d253d752a.jpg", "https://vocefiscal-poll-tape-uploads.s3.amazonaws.com/us-east-1%3Aaaebad3b-933a-4097-a8eb-f760761ba607/br/ba/ilheus/zona-0026/96b800965728ac81ba2a489b3340d56d.jpg", "https://vocefiscal-poll-tape-uploads.s3.amazonaws.com/us-east-1%3Aaaebad3b-933a-4097-a8eb-f760761ba607/br/ba/ilheus/zona-0026/845c34193c989cdce9413381fad0dac4.jpg", "https://vocefiscal-poll-tape-uploads.s3.amazonaws.com/us-east-1%3Aaaebad3b-933a-4097-a8eb-f760761ba607/br/ba/ilheus/zona-0026/c64cf748f9d3f90c2c75c4b2f8135985.jpg", "https://vocefiscal-poll-tape-uploads.s3.amazonaws.com/us-east-1%3Aaaebad3b-933a-4097-a8eb-f760761ba607/br/ba/ilheus/zona-0026/dc07955b4793997a13d1be32ac548a98.jpg", "https://vocefiscal-poll-tape-uploads.s3.amazonaws.com/us-east-1%3Aaaebad3b-933a-4097-a8eb-f760761ba607/br/ba/ilheus/zona-0026/68cec18c83f3e316807dc341172f49c.jpg", "https://vocefiscal-poll-tape-uploads.s3.amazonaws.com/us-east-1%3Aaaebad3b-933a-4097-a8eb-f760761ba607/br/ba/ilheus/zona-0026/d29573770a2ed085960cecfde1178db5.jpg"], "municipio": "ILH\u00c9US"}