{"data": 1412542680989, "estado": "BA", "secaoEleitoral": "0226", "zonaEleitoral": "0129", "pictureURLList": ["https://vocefiscal-poll-tape-uploads.s3.amazonaws.com/us-east-1%3A44bcf1b2-a245-4b99-9b85-a315a0799984/br/ba/catu/zona-0129/6b33f64fe2dbf143d887fde4ea33c2d.jpg", "https://vocefiscal-poll-tape-uploads.s3.amazonaws.com/us-east-1%3A44bcf1b2-a245-4b99-9b85-a315a0799984/br/ba/catu/zona-0129/d41009c2c8a1e39f7f294456800c47ad.jpg", "https://vocefiscal-poll-tape-uploads.s3.amazonaws.com/us-east-1%3A44bcf1b2-a245-4b99-9b85-a315a0799984/br/ba/catu/zona-0129/719733157c1a5833187d231788664de9.jpg", "https://vocefiscal-poll-tape-uploads.s3.amazonaws.com/us-east-1%3A44bcf1b2-a245-4b99-9b85-a315a0799984/br/ba/catu/zona-0129/24c1cbf3ec3918e12ac27f008caa52ee.jpg", "https://vocefiscal-poll-tape-uploads.s3.amazonaws.com/us-east-1%3A44bcf1b2-a245-4b99-9b85-a315a0799984/br/ba/catu/zona-0129/bb7b06e7b0b2926e1cd54cf83666c10d.jpg", "https://vocefiscal-poll-tape-uploads.s3.amazonaws.com/us-east-1%3A44bcf1b2-a245-4b99-9b85-a315a0799984/br/ba/catu/zona-0129/fdbdfe97b84d8c7168f66bd58c4e9cca.jpg", "https://vocefiscal-poll-tape-uploads.s3.amazonaws.com/us-east-1%3A44bcf1b2-a245-4b99-9b85-a315a0799984/br/ba/catu/zona-0129/285ed9adc3f81977b552a10d0492002f.jpg", "https://vocefiscal-poll-tape-uploads.s3.amazonaws.com/us-east-1%3A44bcf1b2-a245-4b99-9b85-a315a0799984/br/ba/catu/zona-0129/5bc990ce7e72e2d37dbc7e8d77779150.jpg", "https://vocefiscal-poll-tape-uploads.s3.amazonaws.com/us-east-1%3A44bcf1b2-a245-4b99-9b85-a315a0799984/br/ba/catu/zona-0129/5aa17b69ba967cc0528ba357780fbcac.jpg", "https://vocefiscal-poll-tape-uploads.s3.amazonaws.com/us-east-1%3A44bcf1b2-a245-4b99-9b85-a315a0799984/br/ba/catu/zona-0129/37dd21f40381b4e5990267052f8c8970.jpg", "https://vocefiscal-poll-tape-uploads.s3.amazonaws.com/us-east-1%3A44bcf1b2-a245-4b99-9b85-a315a0799984/br/ba/catu/zona-0129/605b33a9b06d82e6ca4ce3a1e3c6c74b.jpg", "https://vocefiscal-poll-tape-uploads.s3.amazonaws.com/us-east-1%3A44bcf1b2-a245-4b99-9b85-a315a0799984/br/ba/catu/zona-0129/4dc5179cd5c67ef0c645e3bff8a0ffd0.jpg", "https://vocefiscal-poll-tape-uploads.s3.amazonaws.com/us-east-1%3A44bcf1b2-a245-4b99-9b85-a315a0799984/br/ba/catu/zona-0129/92021ae9c4a48ac4d394fc4f19ffbc36.jpg", "https://vocefiscal-poll-tape-uploads.s3.amazonaws.com/us-east-1%3A44bcf1b2-a245-4b99-9b85-a315a0799984/br/ba/catu/zona-0129/3c32a5545c65f8abb9d6c43566b07567.jpg", "https://vocefiscal-poll-tape-uploads.s3.amazonaws.com/us-east-1%3A44bcf1b2-a245-4b99-9b85-a315a0799984/br/ba/catu/zona-0129/4569383111fb9acccef5ffbb97a00d0e.jpg", "https://vocefiscal-poll-tape-uploads.s3.amazonaws.com/us-east-1%3A44bcf1b2-a245-4b99-9b85-a315a0799984/br/ba/catu/zona-0129/29f3b8c6cf2dd255063d2d9bf0b3a2e6.jpg", "https://vocefiscal-poll-tape-uploads.s3.amazonaws.com/us-east-1%3A44bcf1b2-a245-4b99-9b85-a315a0799984/br/ba/catu/zona-0129/ef8ba16f8a61bce95ec4b6042b4a04d7.jpg", "https://vocefiscal-poll-tape-uploads.s3.amazonaws.com/us-east-1%3A44bcf1b2-a245-4b99-9b85-a315a0799984/br/ba/catu/zona-0129/ef8ba16f8a61bce95ec4b6042b4a04d7.jpg", "https://vocefiscal-poll-tape-uploads.s3.amazonaws.com/us-east-1%3A44bcf1b2-a245-4b99-9b85-a315a0799984/br/ba/catu/zona-0129/218e8490f74a219b857470be4ab73c6e.jpg", "https://vocefiscal-poll-tape-uploads.s3.amazonaws.com/us-east-1%3A44bcf1b2-a245-4b99-9b85-a315a0799984/br/ba/catu/zona-0129/137dd5505ddc24ca316f1cdcf4100067.jpg", "https://vocefiscal-poll-tape-uploads.s3.amazonaws.com/us-east-1%3A44bcf1b2-a245-4b99-9b85-a315a0799984/br/ba/catu/zona-0129/e621d71277baeb1535a34f0a461ebae2.jpg", "https://vocefiscal-poll-tape-uploads.s3.amazonaws.com/us-east-1%3A44bcf1b2-a245-4b99-9b85-a315a0799984/br/ba/catu/zona-0129/dd64a16b66b7015f50c39aeba6a496a3.jpg", "https://vocefiscal-poll-tape-uploads.s3.amazonaws.com/us-east-1%3A44bcf1b2-a245-4b99-9b85-a315a0799984/br/ba/catu/zona-0129/92c4b4992f96559a40be1faea2d37617.jpg", "https://vocefiscal-poll-tape-uploads.s3.amazonaws.com/us-east-1%3A44bcf1b2-a245-4b99-9b85-a315a0799984/br/ba/catu/zona-0129/acbfd884398e3bb1f11b5fe226123677.jpg", "https://vocefiscal-poll-tape-uploads.s3.amazonaws.com/us-east-1%3A44bcf1b2-a245-4b99-9b85-a315a0799984/br/ba/catu/zona-0129/f9e2df07e5d2c17b14e3251331623348.jpg", "https://vocefiscal-poll-tape-uploads.s3.amazonaws.com/us-east-1%3A44bcf1b2-a245-4b99-9b85-a315a0799984/br/ba/catu/zona-0129/a80187e328a49ca4d46796dd1ad2a60e.jpg", "https://vocefiscal-poll-tape-uploads.s3.amazonaws.com/us-east-1%3A44bcf1b2-a245-4b99-9b85-a315a0799984/br/ba/catu/zona-0129/a498304a5a1e497ccb43a0dfc71425de.jpg", "https://vocefiscal-poll-tape-uploads.s3.amazonaws.com/us-east-1%3A44bcf1b2-a245-4b99-9b85-a315a0799984/br/ba/catu/zona-0129/a03f274a3b09410aa5172c764aa31d68.jpg", "https://vocefiscal-poll-tape-uploads.s3.amazonaws.com/us-east-1%3A44bcf1b2-a245-4b99-9b85-a315a0799984/br/ba/catu/zona-0129/d6d48cb1120fad1b144851b2a085b0ff.jpg"], "municipio": "CATU"}