{"data": 1412541427474, "estado": "BA", "secaoEleitoral": "0076", "zonaEleitoral": "0170", "pictureURLList": ["https://vocefiscal-poll-tape-uploads.s3.amazonaws.com/us-east-1%3A924f17ed-96d0-41b4-b9c7-3d057ecdd609/br/ba/camacari/zona-0170/9d5045fda2b4c8ed621a0ece27a30ad7.jpg", "https://vocefiscal-poll-tape-uploads.s3.amazonaws.com/us-east-1%3A924f17ed-96d0-41b4-b9c7-3d057ecdd609/br/ba/camacari/zona-0170/e2307cc86580f3eb343ab8006b46e954.jpg", "https://vocefiscal-poll-tape-uploads.s3.amazonaws.com/us-east-1%3A924f17ed-96d0-41b4-b9c7-3d057ecdd609/br/ba/camacari/zona-0170/24fb2415f4f92fad12f92ba403615d8f.jpg", "https://vocefiscal-poll-tape-uploads.s3.amazonaws.com/us-east-1%3A924f17ed-96d0-41b4-b9c7-3d057ecdd609/br/ba/camacari/zona-0170/c7e8507a3d0aef9100da4cf5b8677887.jpg", "https://vocefiscal-poll-tape-uploads.s3.amazonaws.com/us-east-1%3A924f17ed-96d0-41b4-b9c7-3d057ecdd609/br/ba/camacari/zona-0170/6afe9241eea444c3e061188fff811899.jpg", "https://vocefiscal-poll-tape-uploads.s3.amazonaws.com/us-east-1%3A924f17ed-96d0-41b4-b9c7-3d057ecdd609/br/ba/camacari/zona-0170/abd81061b14e66bc33b4bf6216fb9d74.jpg", "https://vocefiscal-poll-tape-uploads.s3.amazonaws.com/us-east-1%3A924f17ed-96d0-41b4-b9c7-3d057ecdd609/br/ba/camacari/zona-0170/22c1b13bb9144cd07c4da06fd03f1d7b.jpg", "https://vocefiscal-poll-tape-uploads.s3.amazonaws.com/us-east-1%3A924f17ed-96d0-41b4-b9c7-3d057ecdd609/br/ba/camacari/zona-0170/5ff602d393e78caeba066eee4c40e0c5.jpg", "https://vocefiscal-poll-tape-uploads.s3.amazonaws.com/us-east-1%3A924f17ed-96d0-41b4-b9c7-3d057ecdd609/br/ba/camacari/zona-0170/7077bf3c61a5fc2539fda11a1d6caf4a.jpg", "https://vocefiscal-poll-tape-uploads.s3.amazonaws.com/us-east-1%3A924f17ed-96d0-41b4-b9c7-3d057ecdd609/br/ba/camacari/zona-0170/9bf44fa3298822fd2d82560a15d3fee3.jpg", "https://vocefiscal-poll-tape-uploads.s3.amazonaws.com/us-east-1%3A924f17ed-96d0-41b4-b9c7-3d057ecdd609/br/ba/camacari/zona-0170/20e862051dec44c0088d0ba79788470.jpg", "https://vocefiscal-poll-tape-uploads.s3.amazonaws.com/us-east-1%3A924f17ed-96d0-41b4-b9c7-3d057ecdd609/br/ba/camacari/zona-0170/be4ba8f75f38752db21cdf9139cc19ee.jpg", "https://vocefiscal-poll-tape-uploads.s3.amazonaws.com/us-east-1%3A924f17ed-96d0-41b4-b9c7-3d057ecdd609/br/ba/camacari/zona-0170/7259dbd1f2c40497e409adb6ed8283f4.jpg", "https://vocefiscal-poll-tape-uploads.s3.amazonaws.com/us-east-1%3A924f17ed-96d0-41b4-b9c7-3d057ecdd609/br/ba/camacari/zona-0170/e12b7487f6b3cfd9fd13cc0009fe2d55.jpg", "https://vocefiscal-poll-tape-uploads.s3.amazonaws.com/us-east-1%3A924f17ed-96d0-41b4-b9c7-3d057ecdd609/br/ba/camacari/zona-0170/14698f7a75879c653d5a8d88f19351cf.jpg", "https://vocefiscal-poll-tape-uploads.s3.amazonaws.com/us-east-1%3A924f17ed-96d0-41b4-b9c7-3d057ecdd609/br/ba/camacari/zona-0170/26afd013514a76f0f2b626a4490a1e62.jpg"], "municipio": "CAMA\u00c7ARI"}