{"data": 1412541229726, "estado": "BA", "secaoEleitoral": "0031", "zonaEleitoral": "0055", "pictureURLList": ["https://vocefiscal-poll-tape-uploads.s3.amazonaws.com/us-east-1%3A4b59d640-7db8-452b-a58d-032eacb85620/br/ba/morro-do-chapeu/zona-0055/7e4616bff8e583f085f96e54d70b7342.jpg", "https://vocefiscal-poll-tape-uploads.s3.amazonaws.com/us-east-1%3A4b59d640-7db8-452b-a58d-032eacb85620/br/ba/morro-do-chapeu/zona-0055/d98d4c6d9026a789a5a028ef1949b6f9.jpg", "https://vocefiscal-poll-tape-uploads.s3.amazonaws.com/us-east-1%3A4b59d640-7db8-452b-a58d-032eacb85620/br/ba/morro-do-chapeu/zona-0055/4ea1b8c4c4d953628e8936c6323f7d72.jpg", "https://vocefiscal-poll-tape-uploads.s3.amazonaws.com/us-east-1%3A4b59d640-7db8-452b-a58d-032eacb85620/br/ba/morro-do-chapeu/zona-0055/177ba0ad4cddcf726791b8bca80be204.jpg", "https://vocefiscal-poll-tape-uploads.s3.amazonaws.com/us-east-1%3A4b59d640-7db8-452b-a58d-032eacb85620/br/ba/morro-do-chapeu/zona-0055/48f8bd8a7dd1f84187ce1f793d6ce4e4.jpg", "https://vocefiscal-poll-tape-uploads.s3.amazonaws.com/us-east-1%3A4b59d640-7db8-452b-a58d-032eacb85620/br/ba/morro-do-chapeu/zona-0055/7cb17bbfcf837910e5816610332e75d5.jpg", "https://vocefiscal-poll-tape-uploads.s3.amazonaws.com/us-east-1%3A4b59d640-7db8-452b-a58d-032eacb85620/br/ba/morro-do-chapeu/zona-0055/50bac536045073fbac4ef8e2e8fd6022.jpg", "https://vocefiscal-poll-tape-uploads.s3.amazonaws.com/us-east-1%3A4b59d640-7db8-452b-a58d-032eacb85620/br/ba/morro-do-chapeu/zona-0055/965b9a61f5f2123b258cf3b478e6cfbd.jpg", "https://vocefiscal-poll-tape-uploads.s3.amazonaws.com/us-east-1%3A4b59d640-7db8-452b-a58d-032eacb85620/br/ba/morro-do-chapeu/zona-0055/e2fa5e45e85ccd066d39d825734211d0.jpg", "https://vocefiscal-poll-tape-uploads.s3.amazonaws.com/us-east-1%3A4b59d640-7db8-452b-a58d-032eacb85620/br/ba/morro-do-chapeu/zona-0055/6551094a6a7447e03b2352c41f6e80c9.jpg", "https://vocefiscal-poll-tape-uploads.s3.amazonaws.com/us-east-1%3A4b59d640-7db8-452b-a58d-032eacb85620/br/ba/morro-do-chapeu/zona-0055/9a41dc20b223d186bb4b3ec6a8b2369.jpg"], "municipio": "MORRO DO CHAP\u00c9U"}