{"data": 1412540232114, "estado": "BA", "localDaVotacao": "1066", "zonaEleitoral": "0013", "secaoEleitoral": "0037", "pictureURLList": ["https://vocefiscal-poll-tape-uploads.s3.amazonaws.com/us-east-1%3A0cbd1f07-3098-4cf9-ba35-6587d958b3e5/br/ba/salvador/zona-0041/5e758985093046636a9f49792ee68b9c.jpg", "https://vocefiscal-poll-tape-uploads.s3.amazonaws.com/us-east-1%3A0cbd1f07-3098-4cf9-ba35-6587d958b3e5/br/ba/salvador/zona-0041/ec5c550f2186dd38e0a10fc1a20eccc8.jpg", "https://vocefiscal-poll-tape-uploads.s3.amazonaws.com/us-east-1%3A0cbd1f07-3098-4cf9-ba35-6587d958b3e5/br/ba/salvador/zona-0041/f1e2d12352dfd44a2f8efe13cfaa0e0c.jpg", "https://vocefiscal-poll-tape-uploads.s3.amazonaws.com/us-east-1%3A0cbd1f07-3098-4cf9-ba35-6587d958b3e5/br/ba/salvador/zona-0041/76e4e7f4a613b218de99f666d2ef70c3.jpg", "https://vocefiscal-poll-tape-uploads.s3.amazonaws.com/us-east-1%3A0cbd1f07-3098-4cf9-ba35-6587d958b3e5/br/ba/salvador/zona-0041/4b8fcf60be93631688172b12891c33be.jpg", "https://vocefiscal-poll-tape-uploads.s3.amazonaws.com/us-east-1%3A0cbd1f07-3098-4cf9-ba35-6587d958b3e5/br/ba/salvador/zona-0041/76455034a0b22b3e4697797c64d3103d.jpg", "https://vocefiscal-poll-tape-uploads.s3.amazonaws.com/us-east-1%3A0cbd1f07-3098-4cf9-ba35-6587d958b3e5/br/ba/salvador/zona-0041/aa27df5156623b253d4dc146e0be06b0.jpg"], "municipio": "SALVADOR"}
