{"data": 1412540879513, "estado": "BA", "secaoEleitoral": "0052", "zonaEleitoral": "0012", "pictureURLList": ["https://vocefiscal-poll-tape-uploads.s3.amazonaws.com/us-east-1%3Aad781abe-e1b1-4faa-b4b1-a39ddddf1b7e/br/ba/salvador/zona-0012/dabaae49df57230aebf87e4046565610.jpg", "https://vocefiscal-poll-tape-uploads.s3.amazonaws.com/us-east-1%3Aad781abe-e1b1-4faa-b4b1-a39ddddf1b7e/br/ba/salvador/zona-0012/58281fca49f5c0661ba7ebcf8bfd7bd1.jpg", "https://vocefiscal-poll-tape-uploads.s3.amazonaws.com/us-east-1%3Aad781abe-e1b1-4faa-b4b1-a39ddddf1b7e/br/ba/salvador/zona-0012/7d21fe75278721b31b34594e4237c74d.jpg", "https://vocefiscal-poll-tape-uploads.s3.amazonaws.com/us-east-1%3Aad781abe-e1b1-4faa-b4b1-a39ddddf1b7e/br/ba/salvador/zona-0012/c507acf8cc2890ddd3908704ffe0305d.jpg", "https://vocefiscal-poll-tape-uploads.s3.amazonaws.com/us-east-1%3Aad781abe-e1b1-4faa-b4b1-a39ddddf1b7e/br/ba/salvador/zona-0012/ae6750b43a3fe20aec9f6e32a89afc8b.jpg", "https://vocefiscal-poll-tape-uploads.s3.amazonaws.com/us-east-1%3Aad781abe-e1b1-4faa-b4b1-a39ddddf1b7e/br/ba/salvador/zona-0012/b7f461cab1ed633749ba3cac157b179f.jpg", "https://vocefiscal-poll-tape-uploads.s3.amazonaws.com/us-east-1%3Aad781abe-e1b1-4faa-b4b1-a39ddddf1b7e/br/ba/salvador/zona-0012/4f98a60943a30aa91a03be8c6b199cee.jpg", "https://vocefiscal-poll-tape-uploads.s3.amazonaws.com/us-east-1%3Aad781abe-e1b1-4faa-b4b1-a39ddddf1b7e/br/ba/salvador/zona-0012/e398c5580eb53071af6809af3f54bf2e.jpg", "https://vocefiscal-poll-tape-uploads.s3.amazonaws.com/us-east-1%3Aad781abe-e1b1-4faa-b4b1-a39ddddf1b7e/br/ba/salvador/zona-0012/77b17a45f40eede574c9e2209fefd249.jpg", "https://vocefiscal-poll-tape-uploads.s3.amazonaws.com/us-east-1%3Aad781abe-e1b1-4faa-b4b1-a39ddddf1b7e/br/ba/salvador/zona-0012/a54cd355a41a6ea1760a0e01c3fb83fe.jpg", "https://vocefiscal-poll-tape-uploads.s3.amazonaws.com/us-east-1%3Aad781abe-e1b1-4faa-b4b1-a39ddddf1b7e/br/ba/salvador/zona-0012/521d64a7d0e5191f415761e3793b7ee0.jpg", "https://vocefiscal-poll-tape-uploads.s3.amazonaws.com/us-east-1%3Aad781abe-e1b1-4faa-b4b1-a39ddddf1b7e/br/ba/salvador/zona-0012/2d1177249f360b526b0e23aae65f9a48.jpg", "https://vocefiscal-poll-tape-uploads.s3.amazonaws.com/us-east-1%3Aad781abe-e1b1-4faa-b4b1-a39ddddf1b7e/br/ba/salvador/zona-0012/2495808228ef03d4af80b6f976c0fa4a.jpg", "https://vocefiscal-poll-tape-uploads.s3.amazonaws.com/us-east-1%3Aad781abe-e1b1-4faa-b4b1-a39ddddf1b7e/br/ba/salvador/zona-0012/d9167f21ef731d0e716329ae65d47243.jpg", "https://vocefiscal-poll-tape-uploads.s3.amazonaws.com/us-east-1%3Aad781abe-e1b1-4faa-b4b1-a39ddddf1b7e/br/ba/salvador/zona-0012/d9ed37acec45915b57371809b05ac0a4.jpg", "https://vocefiscal-poll-tape-uploads.s3.amazonaws.com/us-east-1%3Aad781abe-e1b1-4faa-b4b1-a39ddddf1b7e/br/ba/salvador/zona-0012/bdd3fe6dc3d8a434a1bcc557105cc0d.jpg", "https://vocefiscal-poll-tape-uploads.s3.amazonaws.com/us-east-1%3Aad781abe-e1b1-4faa-b4b1-a39ddddf1b7e/br/ba/salvador/zona-0012/62b61bc52aa1b9efccdef3475b3d4c7d.jpg", "https://vocefiscal-poll-tape-uploads.s3.amazonaws.com/us-east-1%3Aad781abe-e1b1-4faa-b4b1-a39ddddf1b7e/br/ba/salvador/zona-0012/89a675a7f24dee42efe54704fd58a95c.jpg", "https://vocefiscal-poll-tape-uploads.s3.amazonaws.com/us-east-1%3Aad781abe-e1b1-4faa-b4b1-a39ddddf1b7e/br/ba/salvador/zona-0012/6360ad428bb98ec4e3573107b774e4fd.jpg", "https://vocefiscal-poll-tape-uploads.s3.amazonaws.com/us-east-1%3Aad781abe-e1b1-4faa-b4b1-a39ddddf1b7e/br/ba/salvador/zona-0012/e4d28e1bd8f0ee88e70c4422b393f88f.jpg", "https://vocefiscal-poll-tape-uploads.s3.amazonaws.com/us-east-1%3Aad781abe-e1b1-4faa-b4b1-a39ddddf1b7e/br/ba/salvador/zona-0012/9eb74a3f2b431b2d5f95032a15c23243.jpg", "https://vocefiscal-poll-tape-uploads.s3.amazonaws.com/us-east-1%3Aad781abe-e1b1-4faa-b4b1-a39ddddf1b7e/br/ba/salvador/zona-0012/a98cb3e8d6b03131cb487f86d08a9886.jpg", "https://vocefiscal-poll-tape-uploads.s3.amazonaws.com/us-east-1%3Aad781abe-e1b1-4faa-b4b1-a39ddddf1b7e/br/ba/salvador/zona-0012/40c5bc297701787fd3b014002bdd59f1.jpg", "https://vocefiscal-poll-tape-uploads.s3.amazonaws.com/us-east-1%3Aad781abe-e1b1-4faa-b4b1-a39ddddf1b7e/br/ba/salvador/zona-0012/5aa96ab984a5949173af8ef18a20fb53.jpg", "https://vocefiscal-poll-tape-uploads.s3.amazonaws.com/us-east-1%3Aad781abe-e1b1-4faa-b4b1-a39ddddf1b7e/br/ba/salvador/zona-0012/903d7c7368fa600eb8616d61bff67418.jpg", "https://vocefiscal-poll-tape-uploads.s3.amazonaws.com/us-east-1%3Aad781abe-e1b1-4faa-b4b1-a39ddddf1b7e/br/ba/salvador/zona-0012/b283ff03571de60a18f8cacb4694238e.jpg", "https://vocefiscal-poll-tape-uploads.s3.amazonaws.com/us-east-1%3Aad781abe-e1b1-4faa-b4b1-a39ddddf1b7e/br/ba/salvador/zona-0012/45a855066b13ec7e44c70d7b50d5f2a2.jpg", "https://vocefiscal-poll-tape-uploads.s3.amazonaws.com/us-east-1%3Aad781abe-e1b1-4faa-b4b1-a39ddddf1b7e/br/ba/salvador/zona-0012/e91a9f558042af58321b0a724f4f0328.jpg"], "municipio": "SALVADOR"}