{"data": 1412540766201, "pictureURLList": ["https://vocefiscal-poll-tape-uploads.s3.amazonaws.com/us-east-1%3A94475e61-92c3-4eff-9352-92d3607449b5/br/ba/salvador/zona-0020/4526dedefc4ca10219d09185c4c74aeb.jpg", "https://vocefiscal-poll-tape-uploads.s3.amazonaws.com/us-east-1%3A94475e61-92c3-4eff-9352-92d3607449b5/br/ba/salvador/zona-0020/fbb0aec3c90f3a2d23a20be009283029.jpg", "https://vocefiscal-poll-tape-uploads.s3.amazonaws.com/us-east-1%3A94475e61-92c3-4eff-9352-92d3607449b5/br/ba/salvador/zona-0020/62d0a221242ba49ef3f20a2ddce5a5ba.jpg", "https://vocefiscal-poll-tape-uploads.s3.amazonaws.com/us-east-1%3A94475e61-92c3-4eff-9352-92d3607449b5/br/ba/salvador/zona-0020/58f16bfde23246e3734bc1c176724ad1.jpg", "https://vocefiscal-poll-tape-uploads.s3.amazonaws.com/us-east-1%3A94475e61-92c3-4eff-9352-92d3607449b5/br/ba/salvador/zona-0020/a3497fc081afd8b163e0b173fe05447b.jpg", "https://vocefiscal-poll-tape-uploads.s3.amazonaws.com/us-east-1%3A94475e61-92c3-4eff-9352-92d3607449b5/br/ba/salvador/zona-0020/bc7148ba4c0d5418bf6311a851353575.jpg", "https://vocefiscal-poll-tape-uploads.s3.amazonaws.com/us-east-1%3A94475e61-92c3-4eff-9352-92d3607449b5/br/ba/salvador/zona-0020/3b76ca54b2d3b47e5a4b3b5493df51fe.jpg", "https://vocefiscal-poll-tape-uploads.s3.amazonaws.com/us-east-1%3A94475e61-92c3-4eff-9352-92d3607449b5/br/ba/salvador/zona-0020/cebab7ad957ac263179527d6225c0580.jpg", "https://vocefiscal-poll-tape-uploads.s3.amazonaws.com/us-east-1%3A94475e61-92c3-4eff-9352-92d3607449b5/br/ba/salvador/zona-0020/2c9354b31473d43e8e0c791604964bfa.jpg", "https://vocefiscal-poll-tape-uploads.s3.amazonaws.com/us-east-1%3A94475e61-92c3-4eff-9352-92d3607449b5/br/ba/salvador/zona-0020/d13988c31e1bb503b37aa18d07d4864d.jpg", "https://vocefiscal-poll-tape-uploads.s3.amazonaws.com/us-east-1%3A94475e61-92c3-4eff-9352-92d3607449b5/br/ba/salvador/zona-0020/4225af76e89a7a8f7096946c24b1435.jpg", "https://vocefiscal-poll-tape-uploads.s3.amazonaws.com/us-east-1%3A94475e61-92c3-4eff-9352-92d3607449b5/br/ba/salvador/zona-0020/873158f319c6304cb3c6e782ef6eb0ef.jpg", "https://vocefiscal-poll-tape-uploads.s3.amazonaws.com/us-east-1%3A94475e61-92c3-4eff-9352-92d3607449b5/br/ba/salvador/zona-0020/648c2cdf198ace03b17dd081b4f9bbbf.jpg", "https://vocefiscal-poll-tape-uploads.s3.amazonaws.com/us-east-1%3A94475e61-92c3-4eff-9352-92d3607449b5/br/ba/salvador/zona-0020/784c7c84429298b79f9b751da4ecdb65.jpg", "https://vocefiscal-poll-tape-uploads.s3.amazonaws.com/us-east-1%3A94475e61-92c3-4eff-9352-92d3607449b5/br/ba/salvador/zona-0020/8063a922c828b1e19a464f072b3504ad.jpg", "https://vocefiscal-poll-tape-uploads.s3.amazonaws.com/us-east-1%3A94475e61-92c3-4eff-9352-92d3607449b5/br/ba/salvador/zona-0020/2abdf537d44ec7398697b89a4062c87e.jpg", "https://vocefiscal-poll-tape-uploads.s3.amazonaws.com/us-east-1%3A94475e61-92c3-4eff-9352-92d3607449b5/br/ba/salvador/zona-0020/b5ceb94dfdead3ddc29cf8953c4bcb79.jpg", "https://vocefiscal-poll-tape-uploads.s3.amazonaws.com/us-east-1%3A94475e61-92c3-4eff-9352-92d3607449b5/br/ba/salvador/zona-0020/90dbfc82cba823de95db73d676144784.jpg", "https://vocefiscal-poll-tape-uploads.s3.amazonaws.com/us-east-1%3A94475e61-92c3-4eff-9352-92d3607449b5/br/ba/salvador/zona-0020/2affccced076a20c349f27fb1fdd64d9.jpg", "https://vocefiscal-poll-tape-uploads.s3.amazonaws.com/us-east-1%3A94475e61-92c3-4eff-9352-92d3607449b5/br/ba/salvador/zona-0020/1b331c14769b310e9a9b0fc4d2ce1ec9.jpg", "https://vocefiscal-poll-tape-uploads.s3.amazonaws.com/us-east-1%3A94475e61-92c3-4eff-9352-92d3607449b5/br/ba/salvador/zona-0020/3df428bef6c7f5dba9b6f60549e2904a.jpg", "https://vocefiscal-poll-tape-uploads.s3.amazonaws.com/us-east-1%3A94475e61-92c3-4eff-9352-92d3607449b5/br/ba/salvador/zona-0020/d5b4149ba1c1487a225ca509fc998e1a.jpg", "https://vocefiscal-poll-tape-uploads.s3.amazonaws.com/us-east-1%3A94475e61-92c3-4eff-9352-92d3607449b5/br/ba/salvador/zona-0020/95032c7d5a47c98262ccbe1260d3f08f.jpg", "https://vocefiscal-poll-tape-uploads.s3.amazonaws.com/us-east-1%3A94475e61-92c3-4eff-9352-92d3607449b5/br/ba/salvador/zona-0020/a9a0cc7d81bc5afc19c6ad0ceba58a6.jpg", "https://vocefiscal-poll-tape-uploads.s3.amazonaws.com/us-east-1%3A94475e61-92c3-4eff-9352-92d3607449b5/br/ba/salvador/zona-0020/14a84f2fc76a63f98477a724aef5f988.jpg", "https://vocefiscal-poll-tape-uploads.s3.amazonaws.com/us-east-1%3A94475e61-92c3-4eff-9352-92d3607449b5/br/ba/salvador/zona-0020/49168b01fd5fdd676929ed5d3a53c41b.jpg", "https://vocefiscal-poll-tape-uploads.s3.amazonaws.com/us-east-1%3A94475e61-92c3-4eff-9352-92d3607449b5/br/ba/salvador/zona-0020/ac596584aabd8df013080ea3b393a98.jpg", "https://vocefiscal-poll-tape-uploads.s3.amazonaws.com/us-east-1%3A94475e61-92c3-4eff-9352-92d3607449b5/br/ba/salvador/zona-0020/5ef16e1d814cde7c61edb0432168c253.jpg", "https://vocefiscal-poll-tape-uploads.s3.amazonaws.com/us-east-1%3A94475e61-92c3-4eff-9352-92d3607449b5/br/ba/salvador/zona-0020/10a7fae9ed58093167c226b7515ad2e8.jpg", "https://vocefiscal-poll-tape-uploads.s3.amazonaws.com/us-east-1%3A94475e61-92c3-4eff-9352-92d3607449b5/br/ba/salvador/zona-0020/20a64a780bb9e7f35ec4fc013dd0d28d.jpg", "https://vocefiscal-poll-tape-uploads.s3.amazonaws.com/us-east-1%3A94475e61-92c3-4eff-9352-92d3607449b5/br/ba/salvador/zona-0020/56bcc3489af1015414b4e5300e23b08a.jpg", "https://vocefiscal-poll-tape-uploads.s3.amazonaws.com/us-east-1%3A94475e61-92c3-4eff-9352-92d3607449b5/br/ba/salvador/zona-0020/27941cd81976f32a53a79b334301dd62.jpg"], "estado": "BA", "localDaVotacao": "1023", "zonaEleitoral": "0020", "secaoEleitoral": "0012", "municipio": "SALVADOR"}