{"data": 1412540108962, "estado": "BA", "secaoEleitoral": "0099", "zonaEleitoral": "0026", "pictureURLList": ["https://vocefiscal-poll-tape-uploads.s3.amazonaws.com/us-east-1%3Aaaebad3b-933a-4097-a8eb-f760761ba607/br/ba/ilheus/zona-0026/1a4d9bbda80433a048d01d87bed2e345.jpg", "https://vocefiscal-poll-tape-uploads.s3.amazonaws.com/us-east-1%3Aaaebad3b-933a-4097-a8eb-f760761ba607/br/ba/ilheus/zona-0026/8c6df1e046963fd6201beb012404e096.jpg", "https://vocefiscal-poll-tape-uploads.s3.amazonaws.com/us-east-1%3Aaaebad3b-933a-4097-a8eb-f760761ba607/br/ba/ilheus/zona-0026/2af47ffaaba5c5651e7ea5c72c303c5e.jpg", "https://vocefiscal-poll-tape-uploads.s3.amazonaws.com/us-east-1%3Aaaebad3b-933a-4097-a8eb-f760761ba607/br/ba/ilheus/zona-0026/6fd39577b52aa5a02663e1c6b15d3498.jpg", "https://vocefiscal-poll-tape-uploads.s3.amazonaws.com/us-east-1%3Aaaebad3b-933a-4097-a8eb-f760761ba607/br/ba/ilheus/zona-0026/b57fa414ee791f4f4405e32e5863d87f.jpg", "https://vocefiscal-poll-tape-uploads.s3.amazonaws.com/us-east-1%3Aaaebad3b-933a-4097-a8eb-f760761ba607/br/ba/ilheus/zona-0026/38c5db86d5d63ec73e1970fae860c1.jpg", "https://vocefiscal-poll-tape-uploads.s3.amazonaws.com/us-east-1%3Aaaebad3b-933a-4097-a8eb-f760761ba607/br/ba/ilheus/zona-0026/5a9703379d43a758866ba4a87a3b1eda.jpg", "https://vocefiscal-poll-tape-uploads.s3.amazonaws.com/us-east-1%3Aaaebad3b-933a-4097-a8eb-f760761ba607/br/ba/ilheus/zona-0026/7b120d64051441848de0b56b06816375.jpg", "https://vocefiscal-poll-tape-uploads.s3.amazonaws.com/us-east-1%3Aaaebad3b-933a-4097-a8eb-f760761ba607/br/ba/ilheus/zona-0026/b7897dbbbefa25c881f1ccf2c3a6eca8.jpg", "https://vocefiscal-poll-tape-uploads.s3.amazonaws.com/us-east-1%3Aaaebad3b-933a-4097-a8eb-f760761ba607/br/ba/ilheus/zona-0026/bbc79783bdb1bcb38060ee98f7493153.jpg", "https://vocefiscal-poll-tape-uploads.s3.amazonaws.com/us-east-1%3Aaaebad3b-933a-4097-a8eb-f760761ba607/br/ba/ilheus/zona-0026/d330271f99cb899ce678878f35fdf69b.jpg", "https://vocefiscal-poll-tape-uploads.s3.amazonaws.com/us-east-1%3Aaaebad3b-933a-4097-a8eb-f760761ba607/br/ba/ilheus/zona-0026/234e59dce4aab71643e6dcc76018f688.jpg", "https://vocefiscal-poll-tape-uploads.s3.amazonaws.com/us-east-1%3Aaaebad3b-933a-4097-a8eb-f760761ba607/br/ba/ilheus/zona-0026/45df2d2ca7ab48f9914698e6155e4f61.jpg", "https://vocefiscal-poll-tape-uploads.s3.amazonaws.com/us-east-1%3Aaaebad3b-933a-4097-a8eb-f760761ba607/br/ba/ilheus/zona-0026/40ddf52644d20e58f537cd50c85657ee.jpg", "https://vocefiscal-poll-tape-uploads.s3.amazonaws.com/us-east-1%3Aaaebad3b-933a-4097-a8eb-f760761ba607/br/ba/ilheus/zona-0026/c12fbac9ca83ace65c5879402055c10a.jpg", "https://vocefiscal-poll-tape-uploads.s3.amazonaws.com/us-east-1%3Aaaebad3b-933a-4097-a8eb-f760761ba607/br/ba/ilheus/zona-0026/ecc863a6580bd336500c0d126610276a.jpg", "https://vocefiscal-poll-tape-uploads.s3.amazonaws.com/us-east-1%3Aaaebad3b-933a-4097-a8eb-f760761ba607/br/ba/ilheus/zona-0026/b6c6136cfcf4df33d38398eb96a9d36f.jpg", "https://vocefiscal-poll-tape-uploads.s3.amazonaws.com/us-east-1%3Aaaebad3b-933a-4097-a8eb-f760761ba607/br/ba/ilheus/zona-0026/8cd6df1a5d20691dcb339af1783017c2.jpg"], "municipio": "ILH\u00c9US"}