{"data": 1412540151322, "estado": "BA", "secaoEleitoral": "0390", "zonaEleitoral": "0002", "pictureURLList": ["https://vocefiscal-poll-tape-uploads.s3.amazonaws.com/us-east-1%3A79d0ce69-d449-419b-8812-3d9b532b4897/br/ba/salvador/zona-0002/459466f42ddd938637468b6ba9c8c168.jpg", "https://vocefiscal-poll-tape-uploads.s3.amazonaws.com/us-east-1%3A79d0ce69-d449-419b-8812-3d9b532b4897/br/ba/salvador/zona-0002/dbc4893bcc6d1ffba642e0c4ea3b91e1.jpg", "https://vocefiscal-poll-tape-uploads.s3.amazonaws.com/us-east-1%3A79d0ce69-d449-419b-8812-3d9b532b4897/br/ba/salvador/zona-0002/d01fff4504b619721d966f10fa46ce72.jpg", "https://vocefiscal-poll-tape-uploads.s3.amazonaws.com/us-east-1%3A79d0ce69-d449-419b-8812-3d9b532b4897/br/ba/salvador/zona-0002/85550ca84c5a47fa8b3145992b69935f.jpg", "https://vocefiscal-poll-tape-uploads.s3.amazonaws.com/us-east-1%3A79d0ce69-d449-419b-8812-3d9b532b4897/br/ba/salvador/zona-0002/c80a006b90ed87769150432b6ae0004b.jpg", "https://vocefiscal-poll-tape-uploads.s3.amazonaws.com/us-east-1%3A79d0ce69-d449-419b-8812-3d9b532b4897/br/ba/salvador/zona-0002/3fab02fec0fd18b86386372a69964e65.jpg", "https://vocefiscal-poll-tape-uploads.s3.amazonaws.com/us-east-1%3A79d0ce69-d449-419b-8812-3d9b532b4897/br/ba/salvador/zona-0002/4c902082e4475b93764effd71ff74791.jpg", "https://vocefiscal-poll-tape-uploads.s3.amazonaws.com/us-east-1%3A79d0ce69-d449-419b-8812-3d9b532b4897/br/ba/salvador/zona-0002/297c94eddf92d05a734e1e2df1593bb4.jpg", "https://vocefiscal-poll-tape-uploads.s3.amazonaws.com/us-east-1%3A79d0ce69-d449-419b-8812-3d9b532b4897/br/ba/salvador/zona-0002/1c2ac29282f073f3aec33008d7acec37.jpg", "https://vocefiscal-poll-tape-uploads.s3.amazonaws.com/us-east-1%3A79d0ce69-d449-419b-8812-3d9b532b4897/br/ba/salvador/zona-0002/fe29a28d0cbcdd09f22ba649fc1ff1e3.jpg"], "municipio": "SALVADOR"}