{"data": 1412559424185, "pictureURLList": ["https://vocefiscal-poll-tape-uploads.s3.amazonaws.com/us-east-1%3A068079a6-9226-4007-9491-c0b7fdf98108/br/ba/feira-de-santana/zona-0155/3dc4dae3822ef42df75984f7ef4fe65a.jpg", "https://vocefiscal-poll-tape-uploads.s3.amazonaws.com/us-east-1%3A068079a6-9226-4007-9491-c0b7fdf98108/br/ba/feira-de-santana/zona-0155/39b000fcd8adabcf49fc15dc59fc8a51.jpg", "https://vocefiscal-poll-tape-uploads.s3.amazonaws.com/us-east-1%3A068079a6-9226-4007-9491-c0b7fdf98108/br/ba/feira-de-santana/zona-0155/95e791d573c608c0f0423ba3d99a814c.jpg", "https://vocefiscal-poll-tape-uploads.s3.amazonaws.com/us-east-1%3A068079a6-9226-4007-9491-c0b7fdf98108/br/ba/feira-de-santana/zona-0155/ecdaadb6d310673c111046d9813b914a.jpg", "https://vocefiscal-poll-tape-uploads.s3.amazonaws.com/us-east-1%3A068079a6-9226-4007-9491-c0b7fdf98108/br/ba/feira-de-santana/zona-0155/328ff443bbc4415d0d125dd4636c3947.jpg", "https://vocefiscal-poll-tape-uploads.s3.amazonaws.com/us-east-1%3A068079a6-9226-4007-9491-c0b7fdf98108/br/ba/feira-de-santana/zona-0155/a55fcf5466cd7dc1c3b842382fbccd0b.jpg", "https://vocefiscal-poll-tape-uploads.s3.amazonaws.com/us-east-1%3A068079a6-9226-4007-9491-c0b7fdf98108/br/ba/feira-de-santana/zona-0155/e2485b8deb2a23ac72a27e67cd2825a8.jpg", "https://vocefiscal-poll-tape-uploads.s3.amazonaws.com/us-east-1%3A068079a6-9226-4007-9491-c0b7fdf98108/br/ba/feira-de-santana/zona-0155/c8b83ca81d8ac0c79c9a7082ffcf7dfb.jpg", "https://vocefiscal-poll-tape-uploads.s3.amazonaws.com/us-east-1%3A068079a6-9226-4007-9491-c0b7fdf98108/br/ba/feira-de-santana/zona-0155/f421899b4a56028286c79d7e0d618805.jpg", "https://vocefiscal-poll-tape-uploads.s3.amazonaws.com/us-east-1%3A068079a6-9226-4007-9491-c0b7fdf98108/br/ba/feira-de-santana/zona-0155/6fbfe3ed7da8bb5c72bd6fc829bc0b89.jpg", "https://vocefiscal-poll-tape-uploads.s3.amazonaws.com/us-east-1%3A068079a6-9226-4007-9491-c0b7fdf98108/br/ba/feira-de-santana/zona-0155/fe1982a878a7bded5acfd2b5c3773997.jpg", "https://vocefiscal-poll-tape-uploads.s3.amazonaws.com/us-east-1%3A068079a6-9226-4007-9491-c0b7fdf98108/br/ba/feira-de-santana/zona-0155/16571888459159c7afbe689cef5371cc.jpg", "https://vocefiscal-poll-tape-uploads.s3.amazonaws.com/us-east-1%3A068079a6-9226-4007-9491-c0b7fdf98108/br/ba/feira-de-santana/zona-0155/14048b5a44f5f2fae7770c5ca056f9ab.jpg", "https://vocefiscal-poll-tape-uploads.s3.amazonaws.com/us-east-1%3A068079a6-9226-4007-9491-c0b7fdf98108/br/ba/feira-de-santana/zona-0155/38d376e919e30686c434cbd465a68c64.jpg", "https://vocefiscal-poll-tape-uploads.s3.amazonaws.com/us-east-1%3A068079a6-9226-4007-9491-c0b7fdf98108/br/ba/feira-de-santana/zona-0155/161c3da011490b4611feb26ffa594975.jpg", "https://vocefiscal-poll-tape-uploads.s3.amazonaws.com/us-east-1%3A068079a6-9226-4007-9491-c0b7fdf98108/br/ba/feira-de-santana/zona-0155/5d9170a18a3fca352a7b1dab0479517e.jpg", "https://vocefiscal-poll-tape-uploads.s3.amazonaws.com/us-east-1%3A068079a6-9226-4007-9491-c0b7fdf98108/br/ba/feira-de-santana/zona-0155/49f39bf82d92d47a85d28cb80ae646d3.jpg", "https://vocefiscal-poll-tape-uploads.s3.amazonaws.com/us-east-1%3A068079a6-9226-4007-9491-c0b7fdf98108/br/ba/feira-de-santana/zona-0155/3e3f7ef4ed4755f51c5a2d926a2029f7.jpg", "https://vocefiscal-poll-tape-uploads.s3.amazonaws.com/us-east-1%3A068079a6-9226-4007-9491-c0b7fdf98108/br/ba/feira-de-santana/zona-0155/eb5a249787c024b466319ee3a4d115b7.jpg", "https://vocefiscal-poll-tape-uploads.s3.amazonaws.com/us-east-1%3A068079a6-9226-4007-9491-c0b7fdf98108/br/ba/feira-de-santana/zona-0155/411ea98ccb0ac63b9ff74e84caf000a3.jpg", "https://vocefiscal-poll-tape-uploads.s3.amazonaws.com/us-east-1%3A068079a6-9226-4007-9491-c0b7fdf98108/br/ba/feira-de-santana/zona-0155/5d892b867a0eb292bf69a8b338f57890.jpg", "https://vocefiscal-poll-tape-uploads.s3.amazonaws.com/us-east-1%3A068079a6-9226-4007-9491-c0b7fdf98108/br/ba/feira-de-santana/zona-0155/8ad46a6b2b33964ba0bfbfda77c98ce7.jpg", "https://vocefiscal-poll-tape-uploads.s3.amazonaws.com/us-east-1%3A068079a6-9226-4007-9491-c0b7fdf98108/br/ba/feira-de-santana/zona-0155/5ca2a6e0e5ee95d7ba2b06db683fe6f.jpg"], "estado": "BA", "localDaVotacao": "1040", "zonaEleitoral": "0155", "secaoEleitoral": "0037", "municipio": "FEIRA DE SANTANA"}