{"data": 1412541178589, "pictureURLList": ["https://vocefiscal-poll-tape-uploads.s3.amazonaws.com/us-east-1%3A0326956c-0e7b-4afe-928e-8c375793b4b2/br/ba/salvador/zona-5181/2f940e952a7e4f657caf77b3139b73e.jpg", "https://vocefiscal-poll-tape-uploads.s3.amazonaws.com/us-east-1%3A0326956c-0e7b-4afe-928e-8c375793b4b2/br/ba/salvador/zona-5181/b8d25e7688d55f67bbcc65e18c22f990.jpg", "https://vocefiscal-poll-tape-uploads.s3.amazonaws.com/us-east-1%3A0326956c-0e7b-4afe-928e-8c375793b4b2/br/ba/salvador/zona-5181/c911c3327a807912db5bc7fb7a90409d.jpg", "https://vocefiscal-poll-tape-uploads.s3.amazonaws.com/us-east-1%3A0326956c-0e7b-4afe-928e-8c375793b4b2/br/ba/salvador/zona-5181/732fefbb30fdb8d8eaf0458f1edc9dfc.jpg", "https://vocefiscal-poll-tape-uploads.s3.amazonaws.com/us-east-1%3A0326956c-0e7b-4afe-928e-8c375793b4b2/br/ba/salvador/zona-5181/456dc8ea42638a74a1bcc01f48e7614d.jpg", "https://vocefiscal-poll-tape-uploads.s3.amazonaws.com/us-east-1%3A0326956c-0e7b-4afe-928e-8c375793b4b2/br/ba/salvador/zona-5181/44957172b37b563975b10652c16156ca.jpg", "https://vocefiscal-poll-tape-uploads.s3.amazonaws.com/us-east-1%3A0326956c-0e7b-4afe-928e-8c375793b4b2/br/ba/salvador/zona-5181/a156b40fb1efdb96c7325c0fc9aed609.jpg", "https://vocefiscal-poll-tape-uploads.s3.amazonaws.com/us-east-1%3A0326956c-0e7b-4afe-928e-8c375793b4b2/br/ba/salvador/zona-5181/349eb5a2c5216c0d1f96dce286dd4d68.jpg", "https://vocefiscal-poll-tape-uploads.s3.amazonaws.com/us-east-1%3A0326956c-0e7b-4afe-928e-8c375793b4b2/br/ba/salvador/zona-5181/95c607fe32ecb9c04c11920e13c670ec.jpg", "https://vocefiscal-poll-tape-uploads.s3.amazonaws.com/us-east-1%3A0326956c-0e7b-4afe-928e-8c375793b4b2/br/ba/salvador/zona-5181/215cb7c1570a1d9e88e9f771a4d910ad.jpg", "https://vocefiscal-poll-tape-uploads.s3.amazonaws.com/us-east-1%3A0326956c-0e7b-4afe-928e-8c375793b4b2/br/ba/salvador/zona-5181/c9d4768144ead458d7e2f707477adf26.jpg", "https://vocefiscal-poll-tape-uploads.s3.amazonaws.com/us-east-1%3A0326956c-0e7b-4afe-928e-8c375793b4b2/br/ba/salvador/zona-5181/4a223a1971b8e2c903d059ce34c91a2.jpg", "https://vocefiscal-poll-tape-uploads.s3.amazonaws.com/us-east-1%3A0326956c-0e7b-4afe-928e-8c375793b4b2/br/ba/salvador/zona-5181/8a494cced816112b3879bba532a54dc4.jpg", "https://vocefiscal-poll-tape-uploads.s3.amazonaws.com/us-east-1%3A0326956c-0e7b-4afe-928e-8c375793b4b2/br/ba/salvador/zona-5181/4413afd9574cf65923a18a4b047e7093.jpg", "https://vocefiscal-poll-tape-uploads.s3.amazonaws.com/us-east-1%3A0326956c-0e7b-4afe-928e-8c375793b4b2/br/ba/salvador/zona-5181/adfb0b14118d04125492330cd805b2d9.jpg", "https://vocefiscal-poll-tape-uploads.s3.amazonaws.com/us-east-1%3A0326956c-0e7b-4afe-928e-8c375793b4b2/br/ba/salvador/zona-5181/93f2ed1a0d36ae07aff59213f640dba6.jpg", "https://vocefiscal-poll-tape-uploads.s3.amazonaws.com/us-east-1%3A0326956c-0e7b-4afe-928e-8c375793b4b2/br/ba/salvador/zona-5181/a340dd6a146723b2eaa979b937dce093.jpg", "https://vocefiscal-poll-tape-uploads.s3.amazonaws.com/us-east-1%3A0326956c-0e7b-4afe-928e-8c375793b4b2/br/ba/salvador/zona-5181/db7777b26e7f4b7cca1bf9d6b551990f.jpg", "https://vocefiscal-poll-tape-uploads.s3.amazonaws.com/us-east-1%3A0326956c-0e7b-4afe-928e-8c375793b4b2/br/ba/salvador/zona-5181/9895e8fbc77be2bacf7af72d201aa6a6.jpg", "https://vocefiscal-poll-tape-uploads.s3.amazonaws.com/us-east-1%3A0326956c-0e7b-4afe-928e-8c375793b4b2/br/ba/salvador/zona-5181/7f09ab8e03e519aaa18ad4f639ff0a70.jpg", "https://vocefiscal-poll-tape-uploads.s3.amazonaws.com/us-east-1%3A0326956c-0e7b-4afe-928e-8c375793b4b2/br/ba/salvador/zona-5181/fb4696ef8908a71381c05841c1651557.jpg", "https://vocefiscal-poll-tape-uploads.s3.amazonaws.com/us-east-1%3A0326956c-0e7b-4afe-928e-8c375793b4b2/br/ba/salvador/zona-5181/aebe74fb4bcf0e0d49e897759a4dea9f.jpg", "https://vocefiscal-poll-tape-uploads.s3.amazonaws.com/us-east-1%3A0326956c-0e7b-4afe-928e-8c375793b4b2/br/ba/salvador/zona-5181/1c1a7c6fcba24d6d6670c170495e7ac0.jpg", "https://vocefiscal-poll-tape-uploads.s3.amazonaws.com/us-east-1%3A0326956c-0e7b-4afe-928e-8c375793b4b2/br/ba/salvador/zona-5181/4c10d9b5e2c89c1e88032159d2532def.jpg", "https://vocefiscal-poll-tape-uploads.s3.amazonaws.com/us-east-1%3A0326956c-0e7b-4afe-928e-8c375793b4b2/br/ba/salvador/zona-5181/3ded500b8c4f1026ea6b1cca0120af21.jpg", "https://vocefiscal-poll-tape-uploads.s3.amazonaws.com/us-east-1%3A0326956c-0e7b-4afe-928e-8c375793b4b2/br/ba/salvador/zona-5181/2149e6007c3076ac661a296242d5492f.jpg", "https://vocefiscal-poll-tape-uploads.s3.amazonaws.com/us-east-1%3A0326956c-0e7b-4afe-928e-8c375793b4b2/br/ba/salvador/zona-5181/26b88d204d73d83cd2065998bf8514d7.jpg", "https://vocefiscal-poll-tape-uploads.s3.amazonaws.com/us-east-1%3A0326956c-0e7b-4afe-928e-8c375793b4b2/br/ba/salvador/zona-5181/80a33c88e97d9178bb957136f24f48a4.jpg", "https://vocefiscal-poll-tape-uploads.s3.amazonaws.com/us-east-1%3A0326956c-0e7b-4afe-928e-8c375793b4b2/br/ba/salvador/zona-5181/bc327e8e7f14e307ffa7417967e7fcda.jpg", "https://vocefiscal-poll-tape-uploads.s3.amazonaws.com/us-east-1%3A0326956c-0e7b-4afe-928e-8c375793b4b2/br/ba/salvador/zona-5181/e21b948f7ec938b3fa5252c98d830f86.jpg"], "estado": "BA", "localDaVotacao": "0019", "zonaEleitoral": "0019", "secaoEleitoral": "0285", "municipio": "SALVADOR"}