{"data": 1412541168022, "estado": "BA", "localDaVotacao": "1996", "zonaEleitoral": "0048", "secaoEleitoral": "0093", "pictureURLList": ["https://vocefiscal-poll-tape-uploads.s3.amazonaws.com/us-east-1%3Ad67eabc2-7b59-4982-98db-0418b00d2b75/br/ba/juazeiro/zona-0048/60b7def534ac068c8962ad8dd05ea317.jpg", "https://vocefiscal-poll-tape-uploads.s3.amazonaws.com/us-east-1%3Ad67eabc2-7b59-4982-98db-0418b00d2b75/br/ba/juazeiro/zona-0048/53dec12d9d03131458c035ff833da670.jpg", "https://vocefiscal-poll-tape-uploads.s3.amazonaws.com/us-east-1%3Ad67eabc2-7b59-4982-98db-0418b00d2b75/br/ba/juazeiro/zona-0048/fcdafe379cb884d87c9e912520057a35.jpg", "https://vocefiscal-poll-tape-uploads.s3.amazonaws.com/us-east-1%3Ad67eabc2-7b59-4982-98db-0418b00d2b75/br/ba/juazeiro/zona-0048/771539e9de1018a4bdcc57cfe491bb50.jpg", "https://vocefiscal-poll-tape-uploads.s3.amazonaws.com/us-east-1%3Ad67eabc2-7b59-4982-98db-0418b00d2b75/br/ba/juazeiro/zona-0048/133c2306fb1cd6b5d83496b53a97fb19.jpg", "https://vocefiscal-poll-tape-uploads.s3.amazonaws.com/us-east-1%3Ad67eabc2-7b59-4982-98db-0418b00d2b75/br/ba/juazeiro/zona-0048/30fd81ef4ba0328803b17a0a4448ab38.jpg", "https://vocefiscal-poll-tape-uploads.s3.amazonaws.com/us-east-1%3Ad67eabc2-7b59-4982-98db-0418b00d2b75/br/ba/juazeiro/zona-0048/87d6f0a44ec32f737c72bbcadd4f24f6.jpg", "https://vocefiscal-poll-tape-uploads.s3.amazonaws.com/us-east-1%3Ad67eabc2-7b59-4982-98db-0418b00d2b75/br/ba/juazeiro/zona-0048/f3d598bb416e185c5591390a3677b527.jpg", "https://vocefiscal-poll-tape-uploads.s3.amazonaws.com/us-east-1%3Ad67eabc2-7b59-4982-98db-0418b00d2b75/br/ba/juazeiro/zona-0048/b2a5bb1939576d2b216d6b5ea206ec7.jpg", "https://vocefiscal-poll-tape-uploads.s3.amazonaws.com/us-east-1%3Ad67eabc2-7b59-4982-98db-0418b00d2b75/br/ba/juazeiro/zona-0048/5a4e30326d5cbfabc861d517cc51fd4b.jpg", "https://vocefiscal-poll-tape-uploads.s3.amazonaws.com/us-east-1%3Ad67eabc2-7b59-4982-98db-0418b00d2b75/br/ba/juazeiro/zona-0048/9e7ddef4174576e14b4e1ceaf27ad0a4.jpg", "https://vocefiscal-poll-tape-uploads.s3.amazonaws.com/us-east-1%3Ad67eabc2-7b59-4982-98db-0418b00d2b75/br/ba/juazeiro/zona-0048/2a2f39ae1f45b128abf98856137cfc60.jpg", "https://vocefiscal-poll-tape-uploads.s3.amazonaws.com/us-east-1%3Ad67eabc2-7b59-4982-98db-0418b00d2b75/br/ba/juazeiro/zona-0048/78481614051a6295369c24e86be03e3f.jpg", "https://vocefiscal-poll-tape-uploads.s3.amazonaws.com/us-east-1%3Ad67eabc2-7b59-4982-98db-0418b00d2b75/br/ba/juazeiro/zona-0048/508e4dc912bc8d47ee76dc36e6581682.jpg", "https://vocefiscal-poll-tape-uploads.s3.amazonaws.com/us-east-1%3Ad67eabc2-7b59-4982-98db-0418b00d2b75/br/ba/juazeiro/zona-0048/e98b7681359c310cbf7367c71ee9901.jpg", "https://vocefiscal-poll-tape-uploads.s3.amazonaws.com/us-east-1%3Ad67eabc2-7b59-4982-98db-0418b00d2b75/br/ba/juazeiro/zona-0048/2e541d9676ca9102f9b3155e7c57e9ae.jpg", "https://vocefiscal-poll-tape-uploads.s3.amazonaws.com/us-east-1%3Ad67eabc2-7b59-4982-98db-0418b00d2b75/br/ba/juazeiro/zona-0048/2761d0ae5060fe6608d1a3f91e057f7d.jpg", "https://vocefiscal-poll-tape-uploads.s3.amazonaws.com/us-east-1%3Ad67eabc2-7b59-4982-98db-0418b00d2b75/br/ba/juazeiro/zona-0048/2a8d3592089ed037bc7a2e5fa531e87a.jpg", "https://vocefiscal-poll-tape-uploads.s3.amazonaws.com/us-east-1%3Ad67eabc2-7b59-4982-98db-0418b00d2b75/br/ba/juazeiro/zona-0048/21c86f4fffd1e2de9ef6897bcb91ba08.jpg", "https://vocefiscal-poll-tape-uploads.s3.amazonaws.com/us-east-1%3Ad67eabc2-7b59-4982-98db-0418b00d2b75/br/ba/juazeiro/zona-0048/f64de9a7e5239095f16779a49ffab1d7.jpg", "https://vocefiscal-poll-tape-uploads.s3.amazonaws.com/us-east-1%3Ad67eabc2-7b59-4982-98db-0418b00d2b75/br/ba/juazeiro/zona-0048/a9a2e08a0b2bfed106c54321febf1a67.jpg", "https://vocefiscal-poll-tape-uploads.s3.amazonaws.com/us-east-1%3Ad67eabc2-7b59-4982-98db-0418b00d2b75/br/ba/juazeiro/zona-0048/43a3ab275d5f7f712127e1a730f6009f.jpg", "https://vocefiscal-poll-tape-uploads.s3.amazonaws.com/us-east-1%3Ad67eabc2-7b59-4982-98db-0418b00d2b75/br/ba/juazeiro/zona-0048/5d088003bafbbbf09ba6ef90d04a2f6e.jpg", "https://vocefiscal-poll-tape-uploads.s3.amazonaws.com/us-east-1%3Ad67eabc2-7b59-4982-98db-0418b00d2b75/br/ba/juazeiro/zona-0048/5d088003bafbbbf09ba6ef90d04a2f6e.jpg", "https://vocefiscal-poll-tape-uploads.s3.amazonaws.com/us-east-1%3Ad67eabc2-7b59-4982-98db-0418b00d2b75/br/ba/juazeiro/zona-0048/ca917c5e367ea91ec96202392752f584.jpg", "https://vocefiscal-poll-tape-uploads.s3.amazonaws.com/us-east-1%3Ad67eabc2-7b59-4982-98db-0418b00d2b75/br/ba/juazeiro/zona-0048/5cc41ae0888214f049d88b6b29f183e9.jpg", "https://vocefiscal-poll-tape-uploads.s3.amazonaws.com/us-east-1%3Ad67eabc2-7b59-4982-98db-0418b00d2b75/br/ba/juazeiro/zona-0048/abbc49d7fc9cd8c97c939d30402055e6.jpg"], "municipio": "JUAZEIRO"}