{"pictureURLList": ["https://vocefiscal-poll-tape-uploads.s3.amazonaws.com/us-east-1%3Ad13bc71c-dc88-4f55-a079-595ec7dbfa60/br/ce/fortaleza/zona-0082/10fb8bac0e48aa5dce4c057b53174524.jpg", "https://vocefiscal-poll-tape-uploads.s3.amazonaws.com/us-east-1%3Ad13bc71c-dc88-4f55-a079-595ec7dbfa60/br/ce/fortaleza/zona-0082/13bf4f420b913e5635630232dd6d2015.jpg", "https://vocefiscal-poll-tape-uploads.s3.amazonaws.com/us-east-1%3Ad13bc71c-dc88-4f55-a079-595ec7dbfa60/br/ce/fortaleza/zona-0082/a3b24a293f488bd88da406a1721b3377.jpg"], "data": 1414356621585, "estado": "CE", "municipio": "FORTALEZA", "zonaEleitoral": "0082", "localDaVotacao": "1465", "secaoEleitoral": "0183"}