{"zonaEleitoral": "0070", "municipio": "MANAUS", "estado": "AM", "secaoEleitoral": "0033", "data": 1412544415347, "pictureURLList": ["https://vocefiscal-poll-tape-uploads.s3.amazonaws.com/us-east-1%3Aa4e374da-36be-4f82-884a-4d486f5c7623/br/am/manaus/zona-0070/ceeb0cb880fd2628b0e033db63aa8767.jpg", "https://vocefiscal-poll-tape-uploads.s3.amazonaws.com/us-east-1%3Aa4e374da-36be-4f82-884a-4d486f5c7623/br/am/manaus/zona-0070/6ad74f6d0fe8dbdfedd9098d5b40c8d7.jpg", "https://vocefiscal-poll-tape-uploads.s3.amazonaws.com/us-east-1%3Aa4e374da-36be-4f82-884a-4d486f5c7623/br/am/manaus/zona-0070/62ccd5b29e4555829350c915698b5470.jpg", "https://vocefiscal-poll-tape-uploads.s3.amazonaws.com/us-east-1%3Aa4e374da-36be-4f82-884a-4d486f5c7623/br/am/manaus/zona-0070/1b88850633305e001711914f3850717d.jpg", "https://vocefiscal-poll-tape-uploads.s3.amazonaws.com/us-east-1%3Aa4e374da-36be-4f82-884a-4d486f5c7623/br/am/manaus/zona-0070/800d59d58fffa8a8b5b1ce863b53d3ae.jpg", "https://vocefiscal-poll-tape-uploads.s3.amazonaws.com/us-east-1%3Aa4e374da-36be-4f82-884a-4d486f5c7623/br/am/manaus/zona-0070/5bb168db06c480d0959bc63dd8f7b58b.jpg", "https://vocefiscal-poll-tape-uploads.s3.amazonaws.com/us-east-1%3Aa4e374da-36be-4f82-884a-4d486f5c7623/br/am/manaus/zona-0070/fbd69a99c9ecef2e670c1c2b53f65574.jpg", "https://vocefiscal-poll-tape-uploads.s3.amazonaws.com/us-east-1%3Aa4e374da-36be-4f82-884a-4d486f5c7623/br/am/manaus/zona-0070/7cda279355500c119b2cf8d929a4da0d.jpg", "https://vocefiscal-poll-tape-uploads.s3.amazonaws.com/us-east-1%3Aa4e374da-36be-4f82-884a-4d486f5c7623/br/am/manaus/zona-0070/27a25b8832f09c6b5be982d4f790799d.jpg", "https://vocefiscal-poll-tape-uploads.s3.amazonaws.com/us-east-1%3Aa4e374da-36be-4f82-884a-4d486f5c7623/br/am/manaus/zona-0070/397604a7a956422fbc81c8cee2000cb7.jpg", "https://vocefiscal-poll-tape-uploads.s3.amazonaws.com/us-east-1%3Aa4e374da-36be-4f82-884a-4d486f5c7623/br/am/manaus/zona-0070/3e20484d43dd8efde912a94b76a7a63.jpg", "https://vocefiscal-poll-tape-uploads.s3.amazonaws.com/us-east-1%3Aa4e374da-36be-4f82-884a-4d486f5c7623/br/am/manaus/zona-0070/f4f9fc40462db8716456107bfae14223.jpg", "https://vocefiscal-poll-tape-uploads.s3.amazonaws.com/us-east-1%3Aa4e374da-36be-4f82-884a-4d486f5c7623/br/am/manaus/zona-0070/6c4e8dadb9d120bcc1ef3741c5a880fd.jpg", "https://vocefiscal-poll-tape-uploads.s3.amazonaws.com/us-east-1%3Aa4e374da-36be-4f82-884a-4d486f5c7623/br/am/manaus/zona-0070/95aaa012295139e65154f2a6626cd140.jpg", "https://vocefiscal-poll-tape-uploads.s3.amazonaws.com/us-east-1%3Aa4e374da-36be-4f82-884a-4d486f5c7623/br/am/manaus/zona-0070/dcb0e027c1fb1d40803ff35ea68ec8c5.jpg", "https://vocefiscal-poll-tape-uploads.s3.amazonaws.com/us-east-1%3Aa4e374da-36be-4f82-884a-4d486f5c7623/br/am/manaus/zona-0070/8adf0fedb8537d7645dc7562ec2d1a54.jpg", "https://vocefiscal-poll-tape-uploads.s3.amazonaws.com/us-east-1%3Aa4e374da-36be-4f82-884a-4d486f5c7623/br/am/manaus/zona-0070/532394b30e0d401d91564ddd9bfb46fd.jpg", "https://vocefiscal-poll-tape-uploads.s3.amazonaws.com/us-east-1%3Aa4e374da-36be-4f82-884a-4d486f5c7623/br/am/manaus/zona-0070/a0d9ac0c34ae4bb16f50db7ee87d34a1.jpg", "https://vocefiscal-poll-tape-uploads.s3.amazonaws.com/us-east-1%3Aa4e374da-36be-4f82-884a-4d486f5c7623/br/am/manaus/zona-0070/a5751d33e2c22d9023ed5d4e2bf7be93.jpg", "https://vocefiscal-poll-tape-uploads.s3.amazonaws.com/us-east-1%3Aa4e374da-36be-4f82-884a-4d486f5c7623/br/am/manaus/zona-0070/d23c8aca6a71826303555b8d68b92d8a.jpg", "https://vocefiscal-poll-tape-uploads.s3.amazonaws.com/us-east-1%3Aa4e374da-36be-4f82-884a-4d486f5c7623/br/am/manaus/zona-0070/800b121fcb889fb4c0e67ed4830d3ec.jpg"]}