{"estado": "PA", "localDaVotacao": "1120", "municipio": "BEL\u00c9M", "pictureURLList": ["https://vocefiscal-poll-tape-uploads.s3.amazonaws.com/us-east-1%3A5f99f0c6-752b-4633-8b31-2d0cd2c2552c/br/pa/belem/zona-0095/f38b83390fd7f12d6ed4e0d486abda73.jpg", "https://vocefiscal-poll-tape-uploads.s3.amazonaws.com/us-east-1%3A5f99f0c6-752b-4633-8b31-2d0cd2c2552c/br/pa/belem/zona-0095/3641136dbb3b9b4797d4e849d8f58348.jpg", "https://vocefiscal-poll-tape-uploads.s3.amazonaws.com/us-east-1%3A5f99f0c6-752b-4633-8b31-2d0cd2c2552c/br/pa/belem/zona-0095/68abd269b8d1dcffd49165ffadefc32a.jpg"], "data": 1414358133282, "secaoEleitoral": "0157", "zonaEleitoral": "0095"}