{"estado": "PA", "localDaVotacao": "1120", "municipio": "BEL\u00c9M", "pictureURLList": ["https://vocefiscal-poll-tape-uploads.s3.amazonaws.com/us-east-1%3A5f99f0c6-752b-4633-8b31-2d0cd2c2552c/br/pa/belem/zona-0095/b3c024fde1e27c438d3254063d2df8dd.jpg", "https://vocefiscal-poll-tape-uploads.s3.amazonaws.com/us-east-1%3A5f99f0c6-752b-4633-8b31-2d0cd2c2552c/br/pa/belem/zona-0095/f52ab960740e4a6686ee32711c195bcd.jpg", "https://vocefiscal-poll-tape-uploads.s3.amazonaws.com/us-east-1%3A5f99f0c6-752b-4633-8b31-2d0cd2c2552c/br/pa/belem/zona-0095/1abe99c4d0f6553c1fb8efe5e6e23aaa.jpg"], "data": 1414357163437, "secaoEleitoral": "0157", "zonaEleitoral": "0095"}