{"estado": "PA", "localDaVotacao": "1120", "municipio": "BEL\u00c9M", "pictureURLList": ["https://vocefiscal-poll-tape-uploads.s3.amazonaws.com/us-east-1%3A5f310f69-5dba-4d09-8ea6-0d11245a1600/br/pa/belem/zona-0077/63af3814462dbca48619ec5f49526ae7.jpg", "https://vocefiscal-poll-tape-uploads.s3.amazonaws.com/us-east-1%3A5f310f69-5dba-4d09-8ea6-0d11245a1600/br/pa/belem/zona-0077/45358b130ba0dc79c55c7f19ab9e5e37.jpg", "https://vocefiscal-poll-tape-uploads.s3.amazonaws.com/us-east-1%3A5f310f69-5dba-4d09-8ea6-0d11245a1600/br/pa/belem/zona-0077/26aa22b93b766b13abd04c02e9d83ab8.jpg"], "data": 1414350727237, "secaoEleitoral": "0062", "zonaEleitoral": "0077"}