{"pictureURLList": ["https://vocefiscal-poll-tape-uploads.s3.amazonaws.com/us-east-1%3Aeaa8476f-8a4c-48ec-9246-ca836ac577d2/br/pi/teresina/zona-0098/8904df794f74be3dfc42dad0d6c85f5b.jpg", "https://vocefiscal-poll-tape-uploads.s3.amazonaws.com/us-east-1%3Aeaa8476f-8a4c-48ec-9246-ca836ac577d2/br/pi/teresina/zona-0098/fdfb8a83102d8e0042954cc0bd2b2a16.jpg", "https://vocefiscal-poll-tape-uploads.s3.amazonaws.com/us-east-1%3Aeaa8476f-8a4c-48ec-9246-ca836ac577d2/br/pi/teresina/zona-0098/982fc4ad4dc3ec895da87eb9966dd9c3.jpg"], "zonaEleitoral": "0098", "municipio": "TERESINA", "estado": "PI", "secaoEleitoral": "0227", "data": 1414355406506}