{"localDaVotacao": "1015", "pictureURLList": ["https://vocefiscal-poll-tape-uploads.s3.amazonaws.com/us-east-1%3A553f36b5-95bd-486d-a4c3-551aeafe3dbc/br/pi/campo-maior/zona-0007/946e67e2f148a02ce23f58f40ee1e67e.jpg", "https://vocefiscal-poll-tape-uploads.s3.amazonaws.com/us-east-1%3A553f36b5-95bd-486d-a4c3-551aeafe3dbc/br/pi/campo-maior/zona-0007/99bf7693a7f7de7e954cee5809d769b5.jpg", "https://vocefiscal-poll-tape-uploads.s3.amazonaws.com/us-east-1%3A553f36b5-95bd-486d-a4c3-551aeafe3dbc/br/pi/campo-maior/zona-0007/9b1f5a3793dad710966caa3c293b85f2.jpg", "https://vocefiscal-poll-tape-uploads.s3.amazonaws.com/us-east-1%3A553f36b5-95bd-486d-a4c3-551aeafe3dbc/br/pi/campo-maior/zona-0007/c762f8e4efa972fc914934076071ef35.jpg", "https://vocefiscal-poll-tape-uploads.s3.amazonaws.com/us-east-1%3A553f36b5-95bd-486d-a4c3-551aeafe3dbc/br/pi/campo-maior/zona-0007/c4345408b8ea20802e0069c178dd2252.jpg"], "zonaEleitoral": "0007", "municipio": "CAMPO MAIOR", "estado": "PI", "secaoEleitoral": "0002", "data": 1414354642314}