{"pictureURLList": ["https://vocefiscal-poll-tape-uploads.s3.amazonaws.com/us-east-1%3A87250f87-d09e-43ed-9902-aa8926fb13f3/br/pi/teresina/zona-0098/4ffd3d76545fabba822be205d17b1da9.jpg", "https://vocefiscal-poll-tape-uploads.s3.amazonaws.com/us-east-1%3A87250f87-d09e-43ed-9902-aa8926fb13f3/br/pi/teresina/zona-0098/b61b8c88ee3364e76c203cadda6cbb.jpg", "https://vocefiscal-poll-tape-uploads.s3.amazonaws.com/us-east-1%3A87250f87-d09e-43ed-9902-aa8926fb13f3/br/pi/teresina/zona-0098/c8d6f6f2511ba1105ef06fecac98890e.jpg"], "zonaEleitoral": "0098", "municipio": "TERESINA", "estado": "PI", "secaoEleitoral": "0147", "data": 1414353079083}