{"pictureURLList": ["https://vocefiscal-poll-tape-uploads.s3.amazonaws.com/us-east-1%3Aeaa8476f-8a4c-48ec-9246-ca836ac577d2/br/pi/teresina/zona-0001/891e6f23134c155a6f36b5caf0bf94e6.jpg", "https://vocefiscal-poll-tape-uploads.s3.amazonaws.com/us-east-1%3Aeaa8476f-8a4c-48ec-9246-ca836ac577d2/br/pi/teresina/zona-0001/bc01d0ad5d1ab9f71dc16be1ce03e837.jpg", "https://vocefiscal-poll-tape-uploads.s3.amazonaws.com/us-east-1%3Aeaa8476f-8a4c-48ec-9246-ca836ac577d2/br/pi/teresina/zona-0001/9258e2efd030c2753c7a31b90ae742d5.jpg"], "zonaEleitoral": "0001", "municipio": "TERESINA", "estado": "PI", "secaoEleitoral": "0082", "data": 1414359028386}