{"localDaVotacao": "1260", "pictureURLList": ["https://vocefiscal-poll-tape-uploads.s3.amazonaws.com/us-east-1%3A3317d9a8-6818-468f-8fcf-dae5a4f00841/br/pi/teresina/zona-0097/dd96439542231be3a88485eae1554a16.jpg", "https://vocefiscal-poll-tape-uploads.s3.amazonaws.com/us-east-1%3A3317d9a8-6818-468f-8fcf-dae5a4f00841/br/pi/teresina/zona-0097/c5bd11afe2eeffa23b12020ea53594cb.jpg", "https://vocefiscal-poll-tape-uploads.s3.amazonaws.com/us-east-1%3A3317d9a8-6818-468f-8fcf-dae5a4f00841/br/pi/teresina/zona-0097/f85bc8ee32b27dab984fbe17a306ca2a.jpg"], "zonaEleitoral": "0097", "municipio": "TERESINA", "estado": "PI", "secaoEleitoral": "0087", "data": 1414358207555}