{"zonaEleitoral": "0035", "pictureURLList": ["https://vocefiscal-poll-tape-uploads.s3.amazonaws.com/us-east-1%3A00f9d8e5-e751-480d-b1b6-b1351345d1b7/br/ba/mucuri/zona-0035/cdb0762dc00f0ae708edd032f5916963.jpg", "https://vocefiscal-poll-tape-uploads.s3.amazonaws.com/us-east-1%3A00f9d8e5-e751-480d-b1b6-b1351345d1b7/br/ba/mucuri/zona-0035/84990723ac62008d5f106ee3a18315c.jpg", "https://vocefiscal-poll-tape-uploads.s3.amazonaws.com/us-east-1%3A00f9d8e5-e751-480d-b1b6-b1351345d1b7/br/ba/mucuri/zona-0035/425bdb5df54371e3a3feb398b53b6abe.jpg"], "estado": "BA", "data": 1414354392453, "municipio": "MUCURI", "localDaVotacao": "1031", "secaoEleitoral": "0184"}