{"zonaEleitoral": "0006", "estado": "BA", "data": 1414354958524, "municipio": "SALVADOR", "pictureURLList": ["https://vocefiscal-poll-tape-uploads.s3.amazonaws.com/us-east-1%3A0da724e5-38cd-4966-9cc4-dc2c6d163a32/br/ba/salvador/zona-0006/5415eabb9967fa2d2bf3a3d89bee8954.jpg", "https://vocefiscal-poll-tape-uploads.s3.amazonaws.com/us-east-1%3A0da724e5-38cd-4966-9cc4-dc2c6d163a32/br/ba/salvador/zona-0006/87fc2731f69bc7f221d5358b1dfc8a69.jpg", "https://vocefiscal-poll-tape-uploads.s3.amazonaws.com/us-east-1%3A0da724e5-38cd-4966-9cc4-dc2c6d163a32/br/ba/salvador/zona-0006/683fa616f4f0cb79ad1a4b8a8d00aa60.jpg"], "secaoEleitoral": "0288"}