{"data": 1412540682964, "estado": "BA", "secaoEleitoral": "0001", "zonaEleitoral": "0092", "pictureURLList": ["https://vocefiscal-poll-tape-uploads.s3.amazonaws.com/us-east-1%3Ae90f653b-4175-4c50-b6bf-c18f9040a7c6/br/ba/jacaraci/zona-0092/f1d14507777be9496400db5d8a0f6f9d.jpg", "https://vocefiscal-poll-tape-uploads.s3.amazonaws.com/us-east-1%3Ae90f653b-4175-4c50-b6bf-c18f9040a7c6/br/ba/jacaraci/zona-0092/77d67b8079ceb6e78764591b63dc65bd.jpg", "https://vocefiscal-poll-tape-uploads.s3.amazonaws.com/us-east-1%3Ae90f653b-4175-4c50-b6bf-c18f9040a7c6/br/ba/jacaraci/zona-0092/40a7d1c064cc6887f56e757ee88cba2d.jpg", "https://vocefiscal-poll-tape-uploads.s3.amazonaws.com/us-east-1%3Ae90f653b-4175-4c50-b6bf-c18f9040a7c6/br/ba/jacaraci/zona-0092/267cba5d01c88dac1e7390a13866007d.jpg", "https://vocefiscal-poll-tape-uploads.s3.amazonaws.com/us-east-1%3Ae90f653b-4175-4c50-b6bf-c18f9040a7c6/br/ba/jacaraci/zona-0092/f2c1b1db19b4e80171c6aded82cf1eed.jpg", "https://vocefiscal-poll-tape-uploads.s3.amazonaws.com/us-east-1%3Ae90f653b-4175-4c50-b6bf-c18f9040a7c6/br/ba/jacaraci/zona-0092/77d29838a4cd1e9140c275ed90507a8e.jpg", "https://vocefiscal-poll-tape-uploads.s3.amazonaws.com/us-east-1%3Ae90f653b-4175-4c50-b6bf-c18f9040a7c6/br/ba/jacaraci/zona-0092/ad3bb708ac128ecf1d2f71d6124ac524.jpg", "https://vocefiscal-poll-tape-uploads.s3.amazonaws.com/us-east-1%3Ae90f653b-4175-4c50-b6bf-c18f9040a7c6/br/ba/jacaraci/zona-0092/9b4a3fce66c0db4a4dacc7b8a132d3bc.jpg", "https://vocefiscal-poll-tape-uploads.s3.amazonaws.com/us-east-1%3Ae90f653b-4175-4c50-b6bf-c18f9040a7c6/br/ba/jacaraci/zona-0092/7624e7bfc1279d782885163a12531e00.jpg", "https://vocefiscal-poll-tape-uploads.s3.amazonaws.com/us-east-1%3Ae90f653b-4175-4c50-b6bf-c18f9040a7c6/br/ba/jacaraci/zona-0092/32d1f90d818b4b7a1c544de2f84b6e.jpg", "https://vocefiscal-poll-tape-uploads.s3.amazonaws.com/us-east-1%3Ae90f653b-4175-4c50-b6bf-c18f9040a7c6/br/ba/jacaraci/zona-0092/baa7501ab0f7e32af8ca2ef185866b7e.jpg", "https://vocefiscal-poll-tape-uploads.s3.amazonaws.com/us-east-1%3Ae90f653b-4175-4c50-b6bf-c18f9040a7c6/br/ba/jacaraci/zona-0092/96eede2445d5825daa10f06fecf98a0f.jpg", "https://vocefiscal-poll-tape-uploads.s3.amazonaws.com/us-east-1%3Ae90f653b-4175-4c50-b6bf-c18f9040a7c6/br/ba/jacaraci/zona-0092/25901612abc89000a33e01fbf5eeaa36.jpg", "https://vocefiscal-poll-tape-uploads.s3.amazonaws.com/us-east-1%3Ae90f653b-4175-4c50-b6bf-c18f9040a7c6/br/ba/jacaraci/zona-0092/4195eb55a44638373fc7307c50f846d5.jpg", "https://vocefiscal-poll-tape-uploads.s3.amazonaws.com/us-east-1%3Ae90f653b-4175-4c50-b6bf-c18f9040a7c6/br/ba/jacaraci/zona-0092/c9be2e8db5b5e3368c3c0af731c89299.jpg", "https://vocefiscal-poll-tape-uploads.s3.amazonaws.com/us-east-1%3Ae90f653b-4175-4c50-b6bf-c18f9040a7c6/br/ba/jacaraci/zona-0092/a17b1923ae8c7f53dc76e212fffa0d84.jpg", "https://vocefiscal-poll-tape-uploads.s3.amazonaws.com/us-east-1%3Ae90f653b-4175-4c50-b6bf-c18f9040a7c6/br/ba/jacaraci/zona-0092/2bd4676893c1bb3c09f6f53ef7d08291.jpg"], "municipio": "JACARACI"}