{"data": 1412552115449, "pictureURLList": ["https://vocefiscal-poll-tape-uploads.s3.amazonaws.com/us-east-1%3Ab5a8e4b5-7771-488a-872f-e47aa3ed3d3f/br/ba/santa-cruz-cabralia/zona-0122/b20c4a6504f5497d119b05aa53d40f36.jpg", "https://vocefiscal-poll-tape-uploads.s3.amazonaws.com/us-east-1%3Ab5a8e4b5-7771-488a-872f-e47aa3ed3d3f/br/ba/santa-cruz-cabralia/zona-0122/defc89f6244bcf7c40f65a5cfb00bd25.jpg", "https://vocefiscal-poll-tape-uploads.s3.amazonaws.com/us-east-1%3Ab5a8e4b5-7771-488a-872f-e47aa3ed3d3f/br/ba/santa-cruz-cabralia/zona-0122/30ace725d1efa7fbd8b223136fef6b72.jpg", "https://vocefiscal-poll-tape-uploads.s3.amazonaws.com/us-east-1%3Ab5a8e4b5-7771-488a-872f-e47aa3ed3d3f/br/ba/santa-cruz-cabralia/zona-0122/1b61d407c58b244e9bb69a38d13cf708.jpg", "https://vocefiscal-poll-tape-uploads.s3.amazonaws.com/us-east-1%3Ab5a8e4b5-7771-488a-872f-e47aa3ed3d3f/br/ba/santa-cruz-cabralia/zona-0122/891b3a6dc2b039f38f347de06c70b6b8.jpg", "https://vocefiscal-poll-tape-uploads.s3.amazonaws.com/us-east-1%3Ab5a8e4b5-7771-488a-872f-e47aa3ed3d3f/br/ba/santa-cruz-cabralia/zona-0122/7544fd8d71b1605cc91de8cce6c30146.jpg", "https://vocefiscal-poll-tape-uploads.s3.amazonaws.com/us-east-1%3Ab5a8e4b5-7771-488a-872f-e47aa3ed3d3f/br/ba/santa-cruz-cabralia/zona-0122/fa7b9feca778e6044f49a1c776763ac0.jpg", "https://vocefiscal-poll-tape-uploads.s3.amazonaws.com/us-east-1%3Ab5a8e4b5-7771-488a-872f-e47aa3ed3d3f/br/ba/santa-cruz-cabralia/zona-0122/a9c947cd273b5878468378efc00b0abd.jpg", "https://vocefiscal-poll-tape-uploads.s3.amazonaws.com/us-east-1%3Ab5a8e4b5-7771-488a-872f-e47aa3ed3d3f/br/ba/santa-cruz-cabralia/zona-0122/2be6d3ac2d6bd23f6464965a5485773d.jpg", "https://vocefiscal-poll-tape-uploads.s3.amazonaws.com/us-east-1%3Ab5a8e4b5-7771-488a-872f-e47aa3ed3d3f/br/ba/santa-cruz-cabralia/zona-0122/780a1dd37e8ed8331d15ff05421ff810.jpg", "https://vocefiscal-poll-tape-uploads.s3.amazonaws.com/us-east-1%3Ab5a8e4b5-7771-488a-872f-e47aa3ed3d3f/br/ba/santa-cruz-cabralia/zona-0122/95475c963ef25ca63c53426fcfeb0a40.jpg", "https://vocefiscal-poll-tape-uploads.s3.amazonaws.com/us-east-1%3Ab5a8e4b5-7771-488a-872f-e47aa3ed3d3f/br/ba/santa-cruz-cabralia/zona-0122/8d9f7312ae44c73d673c784f6aedc737.jpg", "https://vocefiscal-poll-tape-uploads.s3.amazonaws.com/us-east-1%3Ab5a8e4b5-7771-488a-872f-e47aa3ed3d3f/br/ba/santa-cruz-cabralia/zona-0122/7d4d13ed4b330dac30d913e397387289.jpg", "https://vocefiscal-poll-tape-uploads.s3.amazonaws.com/us-east-1%3Ab5a8e4b5-7771-488a-872f-e47aa3ed3d3f/br/ba/santa-cruz-cabralia/zona-0122/21b25e4c64c0181952ee0b8cef71d210.jpg", "https://vocefiscal-poll-tape-uploads.s3.amazonaws.com/us-east-1%3Ab5a8e4b5-7771-488a-872f-e47aa3ed3d3f/br/ba/santa-cruz-cabralia/zona-0122/bf3618480e238c95d9057cc1d3e6a5fa.jpg", "https://vocefiscal-poll-tape-uploads.s3.amazonaws.com/us-east-1%3Ab5a8e4b5-7771-488a-872f-e47aa3ed3d3f/br/ba/santa-cruz-cabralia/zona-0122/4c41621967d4a857e3051db11fc4873d.jpg", "https://vocefiscal-poll-tape-uploads.s3.amazonaws.com/us-east-1%3Ab5a8e4b5-7771-488a-872f-e47aa3ed3d3f/br/ba/santa-cruz-cabralia/zona-0122/679360df5ff207cd69a4f6391d542b66.jpg", "https://vocefiscal-poll-tape-uploads.s3.amazonaws.com/us-east-1%3Ab5a8e4b5-7771-488a-872f-e47aa3ed3d3f/br/ba/santa-cruz-cabralia/zona-0122/200892871e870322a7ee3c75f3c67ecc.jpg", "https://vocefiscal-poll-tape-uploads.s3.amazonaws.com/us-east-1%3Ab5a8e4b5-7771-488a-872f-e47aa3ed3d3f/br/ba/santa-cruz-cabralia/zona-0122/e905a136b86bfd13c553845af4f37d0b.jpg", "https://vocefiscal-poll-tape-uploads.s3.amazonaws.com/us-east-1%3Ab5a8e4b5-7771-488a-872f-e47aa3ed3d3f/br/ba/santa-cruz-cabralia/zona-0122/5f1c226eabdd753f34f73ac4678440d8.jpg", "https://vocefiscal-poll-tape-uploads.s3.amazonaws.com/us-east-1%3Ab5a8e4b5-7771-488a-872f-e47aa3ed3d3f/br/ba/santa-cruz-cabralia/zona-0122/dee81a0b44b6f74162816293a300d519.jpg", "https://vocefiscal-poll-tape-uploads.s3.amazonaws.com/us-east-1%3Ab5a8e4b5-7771-488a-872f-e47aa3ed3d3f/br/ba/santa-cruz-cabralia/zona-0122/8806e258e1443db511e37db69b9ecde3.jpg", "https://vocefiscal-poll-tape-uploads.s3.amazonaws.com/us-east-1%3Ab5a8e4b5-7771-488a-872f-e47aa3ed3d3f/br/ba/santa-cruz-cabralia/zona-0122/ba0f7cd6cce3840cf8f6ac480bfd9928.jpg", "https://vocefiscal-poll-tape-uploads.s3.amazonaws.com/us-east-1%3Ab5a8e4b5-7771-488a-872f-e47aa3ed3d3f/br/ba/santa-cruz-cabralia/zona-0122/795920c5277cb5cbfe68762a0a5d8d74.jpg"], "estado": "BA", "localDaVotacao": "1031", "zonaEleitoral": "0122", "secaoEleitoral": "0443", "municipio": "SANTA CRUZ CABR\u00c1LIA"}