{"data": 1412541472805, "pictureURLList": ["https://vocefiscal-poll-tape-uploads.s3.amazonaws.com/us-east-1%3Adaccca2e-3a10-4227-917e-d320a758b5d8/br/ba/salvador/zona-0001/3f29d35c03136b5de045ee653ac02065.jpg", "https://vocefiscal-poll-tape-uploads.s3.amazonaws.com/us-east-1%3Adaccca2e-3a10-4227-917e-d320a758b5d8/br/ba/salvador/zona-0001/cc1c9712a60b45f03b213d30dfdf0195.jpg", "https://vocefiscal-poll-tape-uploads.s3.amazonaws.com/us-east-1%3Adaccca2e-3a10-4227-917e-d320a758b5d8/br/ba/salvador/zona-0001/d70fe4c5fccc8769cdfd33212fa779ad.jpg"], "estado": "BA", "localDaVotacao": "1949", "zonaEleitoral": "0001", "secaoEleitoral": "0025", "municipio": "SALVADOR"}