{"data": 1412543011052, "estado": "BA", "secaoEleitoral": "0280", "zonaEleitoral": "0001", "pictureURLList": ["https://vocefiscal-poll-tape-uploads.s3.amazonaws.com/us-east-1%3A893221c4-dc92-4c3a-bf03-422f22531021/br/ba/salvador/zona-0001/b4c854dd6e9cd2da208338b40af78261.jpg", "https://vocefiscal-poll-tape-uploads.s3.amazonaws.com/us-east-1%3A893221c4-dc92-4c3a-bf03-422f22531021/br/ba/salvador/zona-0001/4baf0cf00f1bf63c9595569d476ebf27.jpg", "https://vocefiscal-poll-tape-uploads.s3.amazonaws.com/us-east-1%3A893221c4-dc92-4c3a-bf03-422f22531021/br/ba/salvador/zona-0001/2756205e0669c8fbcd25e1b715d4beb5.jpg", "https://vocefiscal-poll-tape-uploads.s3.amazonaws.com/us-east-1%3A893221c4-dc92-4c3a-bf03-422f22531021/br/ba/salvador/zona-0001/67df2b0da482de405f7ae85b0a3fc16d.jpg", "https://vocefiscal-poll-tape-uploads.s3.amazonaws.com/us-east-1%3A893221c4-dc92-4c3a-bf03-422f22531021/br/ba/salvador/zona-0001/9e5ebdefe0cb7a8dabb8d0066c853711.jpg", "https://vocefiscal-poll-tape-uploads.s3.amazonaws.com/us-east-1%3A893221c4-dc92-4c3a-bf03-422f22531021/br/ba/salvador/zona-0001/b880e439722f84c907c51a3d9220a3ba.jpg", "https://vocefiscal-poll-tape-uploads.s3.amazonaws.com/us-east-1%3A893221c4-dc92-4c3a-bf03-422f22531021/br/ba/salvador/zona-0001/8ff1941edb8ce4bc3e7068276ef36b1b.jpg", "https://vocefiscal-poll-tape-uploads.s3.amazonaws.com/us-east-1%3A893221c4-dc92-4c3a-bf03-422f22531021/br/ba/salvador/zona-0001/14dd11e5ccb8cbcaaffe9cebc5552a26.jpg", "https://vocefiscal-poll-tape-uploads.s3.amazonaws.com/us-east-1%3A893221c4-dc92-4c3a-bf03-422f22531021/br/ba/salvador/zona-0001/28bac64e1e96a953f1c9f4dddddf43c3.jpg", "https://vocefiscal-poll-tape-uploads.s3.amazonaws.com/us-east-1%3A893221c4-dc92-4c3a-bf03-422f22531021/br/ba/salvador/zona-0001/e1e9ba27162b2e1be86d366718ccb45.jpg", "https://vocefiscal-poll-tape-uploads.s3.amazonaws.com/us-east-1%3A893221c4-dc92-4c3a-bf03-422f22531021/br/ba/salvador/zona-0001/bdbfbd00375bd11a201b8a87e2102722.jpg", "https://vocefiscal-poll-tape-uploads.s3.amazonaws.com/us-east-1%3A893221c4-dc92-4c3a-bf03-422f22531021/br/ba/salvador/zona-0001/342926c127fc1076cf3ebb7ca275789f.jpg", "https://vocefiscal-poll-tape-uploads.s3.amazonaws.com/us-east-1%3A893221c4-dc92-4c3a-bf03-422f22531021/br/ba/salvador/zona-0001/65da072ca3f4bba44c55772c7db9e602.jpg", "https://vocefiscal-poll-tape-uploads.s3.amazonaws.com/us-east-1%3A893221c4-dc92-4c3a-bf03-422f22531021/br/ba/salvador/zona-0001/c2c253e6f88cd229205e76b003e6a7fa.jpg", "https://vocefiscal-poll-tape-uploads.s3.amazonaws.com/us-east-1%3A893221c4-dc92-4c3a-bf03-422f22531021/br/ba/salvador/zona-0001/1980fe3531c77147681354ee3a93d9b8.jpg"], "municipio": "SALVADOR"}