{"data": 1412541098224, "estado": "BA", "localDaVotacao": "1457", "zonaEleitoral": "0110", "secaoEleitoral": "0092", "pictureURLList": ["https://vocefiscal-poll-tape-uploads.s3.amazonaws.com/us-east-1%3A98a827e0-b407-4319-82cd-2bfc2fc46372/br/ba/ribeira-do-pombal/zona-0110/78a9aafdbf22218a70fcde162318dcfe.jpg", "https://vocefiscal-poll-tape-uploads.s3.amazonaws.com/us-east-1%3A98a827e0-b407-4319-82cd-2bfc2fc46372/br/ba/ribeira-do-pombal/zona-0110/435352dafafd7a3d88afaa148fcbfb52.jpg"], "municipio": "RIBEIRA DO POMBAL"}