{"data": 1412540648122, "pictureURLList": ["https://vocefiscal-poll-tape-uploads.s3.amazonaws.com/us-east-1%3Adaccca2e-3a10-4227-917e-d320a758b5d8/br/ba/salvador/zona-0001/6e5827c0e254647f8ff637dc71dfe636.jpg", "https://vocefiscal-poll-tape-uploads.s3.amazonaws.com/us-east-1%3Adaccca2e-3a10-4227-917e-d320a758b5d8/br/ba/salvador/zona-0001/8e40ba27aa3cf8a9d84c6ccfb99ec13f.jpg", "https://vocefiscal-poll-tape-uploads.s3.amazonaws.com/us-east-1%3Adaccca2e-3a10-4227-917e-d320a758b5d8/br/ba/salvador/zona-0001/56a0d230116da559e94d26c94958e459.jpg"], "estado": "BA", "localDaVotacao": "1449", "zonaEleitoral": "0001", "secaoEleitoral": "0238", "municipio": "SALVADOR"}