{"data": 1412549947578, "estado": "BA", "secaoEleitoral": "0190", "zonaEleitoral": "0190", "pictureURLList": ["https://vocefiscal-poll-tape-uploads.s3.amazonaws.com/us-east-1%3A4fe837ee-015d-4a50-923f-f82aea8dbe7a/br/ba/serra-dourada/zona-0190/a4e8468482ff5c4df06816f489593503.jpg", "https://vocefiscal-poll-tape-uploads.s3.amazonaws.com/us-east-1%3A4fe837ee-015d-4a50-923f-f82aea8dbe7a/br/ba/serra-dourada/zona-0190/c698703f4dd8bcf965b13bac9d199c67.jpg", "https://vocefiscal-poll-tape-uploads.s3.amazonaws.com/us-east-1%3A4fe837ee-015d-4a50-923f-f82aea8dbe7a/br/ba/serra-dourada/zona-0190/41a2e35eb74a8e130e53e9c07339a4ab.jpg", "https://vocefiscal-poll-tape-uploads.s3.amazonaws.com/us-east-1%3A4fe837ee-015d-4a50-923f-f82aea8dbe7a/br/ba/serra-dourada/zona-0190/d13fe2913ead0cbe0527b7aca5eb497d.jpg", "https://vocefiscal-poll-tape-uploads.s3.amazonaws.com/us-east-1%3A4fe837ee-015d-4a50-923f-f82aea8dbe7a/br/ba/serra-dourada/zona-0190/f77fcebe86bce56b22e9ef023c9255c6.jpg", "https://vocefiscal-poll-tape-uploads.s3.amazonaws.com/us-east-1%3A4fe837ee-015d-4a50-923f-f82aea8dbe7a/br/ba/serra-dourada/zona-0190/3afb1fc8c2032fca444188cfcb785dcf.jpg", "https://vocefiscal-poll-tape-uploads.s3.amazonaws.com/us-east-1%3A4fe837ee-015d-4a50-923f-f82aea8dbe7a/br/ba/serra-dourada/zona-0190/1e617305b7d0fc6d0e52c9267af2aa38.jpg", "https://vocefiscal-poll-tape-uploads.s3.amazonaws.com/us-east-1%3A4fe837ee-015d-4a50-923f-f82aea8dbe7a/br/ba/serra-dourada/zona-0190/107fe9b5f95575b90b87cffbf54f8053.jpg", "https://vocefiscal-poll-tape-uploads.s3.amazonaws.com/us-east-1%3A4fe837ee-015d-4a50-923f-f82aea8dbe7a/br/ba/serra-dourada/zona-0190/b69018942e24e4c06c5f985597f0a507.jpg"], "municipio": "SERRA DOURADA"}