{"data": 1412542100122, "pictureURLList": ["https://vocefiscal-poll-tape-uploads.s3.amazonaws.com/us-east-1%3A0326956c-0e7b-4afe-928e-8c375793b4b2/br/ba/salvador/zona-0019/2d0c236dee5b5b9a5f3420a0b61bc80d.jpg", "https://vocefiscal-poll-tape-uploads.s3.amazonaws.com/us-east-1%3A0326956c-0e7b-4afe-928e-8c375793b4b2/br/ba/salvador/zona-0019/e1281496ac462762d734660cfdfafbf5.jpg", "https://vocefiscal-poll-tape-uploads.s3.amazonaws.com/us-east-1%3A0326956c-0e7b-4afe-928e-8c375793b4b2/br/ba/salvador/zona-0019/2f894db6f781d3661f8732b406aa367b.jpg"], "estado": "BA", "localDaVotacao": "3849", "zonaEleitoral": "0019", "secaoEleitoral": "0269", "municipio": "SALVADOR"}