{"data": 1412541971384, "pictureURLList": ["https://vocefiscal-poll-tape-uploads.s3.amazonaws.com/us-east-1%3A0326956c-0e7b-4afe-928e-8c375793b4b2/br/ba/salvador/zona-0019/c9d488cf1b1131a87da8fec1f9a707d8.jpg", "https://vocefiscal-poll-tape-uploads.s3.amazonaws.com/us-east-1%3A0326956c-0e7b-4afe-928e-8c375793b4b2/br/ba/salvador/zona-0019/3e2dbd07327b2fc542f1d63d2541d8a9.jpg", "https://vocefiscal-poll-tape-uploads.s3.amazonaws.com/us-east-1%3A0326956c-0e7b-4afe-928e-8c375793b4b2/br/ba/salvador/zona-0019/32cbfd7b02d9cd81598dafef61f371a8.jpg"], "estado": "BA", "localDaVotacao": "3849", "zonaEleitoral": "0019", "secaoEleitoral": "0249", "municipio": "SALVADOR"}