{"data": 1412580407568, "pictureURLList": ["https://vocefiscal-poll-tape-uploads.s3.amazonaws.com/us-east-1%3A5a250bd8-6adf-471e-b55e-06f1f338db78/br/ba/salvador/zona-0008/ef6fe0c178e9ec1f88c0d8a2d0d040ac.jpg", "https://vocefiscal-poll-tape-uploads.s3.amazonaws.com/us-east-1%3A5a250bd8-6adf-471e-b55e-06f1f338db78/br/ba/salvador/zona-0008/92eabeb169ab814939eca583faed6cfb.jpg", "https://vocefiscal-poll-tape-uploads.s3.amazonaws.com/us-east-1%3A5a250bd8-6adf-471e-b55e-06f1f338db78/br/ba/salvador/zona-0008/d501914c2fbdf5b518db94924217084b.jpg", "https://vocefiscal-poll-tape-uploads.s3.amazonaws.com/us-east-1%3A5a250bd8-6adf-471e-b55e-06f1f338db78/br/ba/salvador/zona-0008/dba6f54fdf865b2f2b7f4292edadbc2b.jpg", "https://vocefiscal-poll-tape-uploads.s3.amazonaws.com/us-east-1%3A5a250bd8-6adf-471e-b55e-06f1f338db78/br/ba/salvador/zona-0008/29e6ad261cdf046c6126ef69addff27.jpg"], "estado": "BA", "localDaVotacao": "1244", "zonaEleitoral": "0008", "secaoEleitoral": "0255", "municipio": "SALVADOR"}