{"data": 1412542174328, "pictureURLList": ["https://vocefiscal-poll-tape-uploads.s3.amazonaws.com/us-east-1%3A0326956c-0e7b-4afe-928e-8c375793b4b2/br/ba/salvador/zona-0019/eb174ca6a6c2b305dd14540a3ba0bddb.jpg", "https://vocefiscal-poll-tape-uploads.s3.amazonaws.com/us-east-1%3A0326956c-0e7b-4afe-928e-8c375793b4b2/br/ba/salvador/zona-0019/2d1e29395e773d1ed0b97d050d93c14b.jpg", "https://vocefiscal-poll-tape-uploads.s3.amazonaws.com/us-east-1%3A0326956c-0e7b-4afe-928e-8c375793b4b2/br/ba/salvador/zona-0019/810f12088ff8238cc5582ba2ca9eb04d.jpg"], "estado": "BA", "localDaVotacao": "3849", "zonaEleitoral": "0019", "secaoEleitoral": "0278", "municipio": "SALVADOR"}