{"data": 1412581069171, "pictureURLList": ["https://vocefiscal-poll-tape-uploads.s3.amazonaws.com/us-east-1%3A5a250bd8-6adf-471e-b55e-06f1f338db78/br/ba/salvador/zona-0008/c5ef53e59c75f33fb795ae11eae8ad16.jpg", "https://vocefiscal-poll-tape-uploads.s3.amazonaws.com/us-east-1%3A5a250bd8-6adf-471e-b55e-06f1f338db78/br/ba/salvador/zona-0008/a9a13e34c061bc1b37230a823743d03b.jpg", "https://vocefiscal-poll-tape-uploads.s3.amazonaws.com/us-east-1%3A5a250bd8-6adf-471e-b55e-06f1f338db78/br/ba/salvador/zona-0008/66f8527078f601fe7e8ef9e24a8a18e0.jpg", "https://vocefiscal-poll-tape-uploads.s3.amazonaws.com/us-east-1%3A5a250bd8-6adf-471e-b55e-06f1f338db78/br/ba/salvador/zona-0008/25c154bda1c61b369af264574ddb8f76.jpg", "https://vocefiscal-poll-tape-uploads.s3.amazonaws.com/us-east-1%3A5a250bd8-6adf-471e-b55e-06f1f338db78/br/ba/salvador/zona-0008/fc64fa23b0a7df35b532b53c89f42a54.jpg"], "estado": "BA", "localDaVotacao": "1244", "zonaEleitoral": "0008", "secaoEleitoral": "0096", "municipio": "SALVADOR"}