{"data": 1412540386551, "estado": "BA", "secaoEleitoral": "0092", "zonaEleitoral": "0001", "pictureURLList": ["https://vocefiscal-poll-tape-uploads.s3.amazonaws.com/us-east-1%3Ae90f653b-4175-4c50-b6bf-c18f9040a7c6/br/ba/jacaraci/zona-0092/a51676057674802903fb63abf62539e2.jpg", "https://vocefiscal-poll-tape-uploads.s3.amazonaws.com/us-east-1%3Ae90f653b-4175-4c50-b6bf-c18f9040a7c6/br/ba/jacaraci/zona-0092/d69cd7d51cccfd1203ada6bfe9500fcf.jpg", "https://vocefiscal-poll-tape-uploads.s3.amazonaws.com/us-east-1%3Ae90f653b-4175-4c50-b6bf-c18f9040a7c6/br/ba/jacaraci/zona-0092/cbefb7f84dc68afdbd8a3a3096ddbddf.jpg", "https://vocefiscal-poll-tape-uploads.s3.amazonaws.com/us-east-1%3Ae90f653b-4175-4c50-b6bf-c18f9040a7c6/br/ba/jacaraci/zona-0092/ddee9dd1c870c21a0cec3a1901a71f97.jpg", "https://vocefiscal-poll-tape-uploads.s3.amazonaws.com/us-east-1%3Ae90f653b-4175-4c50-b6bf-c18f9040a7c6/br/ba/jacaraci/zona-0092/ca66ef9b2bc9e337eb08f07b51ac8120.jpg", "https://vocefiscal-poll-tape-uploads.s3.amazonaws.com/us-east-1%3Ae90f653b-4175-4c50-b6bf-c18f9040a7c6/br/ba/jacaraci/zona-0092/f9816171fa225095d2a4acd10961ff13.jpg", "https://vocefiscal-poll-tape-uploads.s3.amazonaws.com/us-east-1%3Ae90f653b-4175-4c50-b6bf-c18f9040a7c6/br/ba/jacaraci/zona-0092/89b6d407c9bbb90b9f3f90f32057573f.jpg", "https://vocefiscal-poll-tape-uploads.s3.amazonaws.com/us-east-1%3Ae90f653b-4175-4c50-b6bf-c18f9040a7c6/br/ba/jacaraci/zona-0092/8cf9f54c1b6af4df2ac19b0f47610e75.jpg", "https://vocefiscal-poll-tape-uploads.s3.amazonaws.com/us-east-1%3Ae90f653b-4175-4c50-b6bf-c18f9040a7c6/br/ba/jacaraci/zona-0092/538f09930daddb0d4a68a7445701372b.jpg", "https://vocefiscal-poll-tape-uploads.s3.amazonaws.com/us-east-1%3Ae90f653b-4175-4c50-b6bf-c18f9040a7c6/br/ba/jacaraci/zona-0092/51d5ad30298977d7ef6050c6d4434053.jpg", "https://vocefiscal-poll-tape-uploads.s3.amazonaws.com/us-east-1%3Ae90f653b-4175-4c50-b6bf-c18f9040a7c6/br/ba/jacaraci/zona-0092/5e8095e35daf219157b7b0c9e8237a98.jpg"], "municipio": "JACARACI"}
