{"data": 1412541390789, "pictureURLList": ["https://vocefiscal-poll-tape-uploads.s3.amazonaws.com/us-east-1%3Adaccca2e-3a10-4227-917e-d320a758b5d8/br/ba/salvador/zona-0001/b2cc87a118ad24387a5eb5c5053e9a72.jpg", "https://vocefiscal-poll-tape-uploads.s3.amazonaws.com/us-east-1%3Adaccca2e-3a10-4227-917e-d320a758b5d8/br/ba/salvador/zona-0001/f198374006d4099fc44abe6bb3089edd.jpg", "https://vocefiscal-poll-tape-uploads.s3.amazonaws.com/us-east-1%3Adaccca2e-3a10-4227-917e-d320a758b5d8/br/ba/salvador/zona-0001/aca945ccb2c2be92ce6430b610549af0.jpg"], "estado": "BA", "localDaVotacao": "1949", "zonaEleitoral": "0001", "secaoEleitoral": "0010", "municipio": "SALVADOR"}