{"data": 1412546505954, "estado": "BA", "localDaVotacao": "1031", "zonaEleitoral": "0006", "secaoEleitoral": "0055", "pictureURLList": ["https://vocefiscal-poll-tape-uploads.s3.amazonaws.com/us-east-1%3A8bee662b-85fd-4990-9fcf-9205e1f01e3c/br/ba/salvador/zona-0006/4891d70e5d2137be805b196603aedce9.jpg", "https://vocefiscal-poll-tape-uploads.s3.amazonaws.com/us-east-1%3A8bee662b-85fd-4990-9fcf-9205e1f01e3c/br/ba/salvador/zona-0006/4aeaadeda6f1ee79df089f826ffa4a79.jpg", "https://vocefiscal-poll-tape-uploads.s3.amazonaws.com/us-east-1%3A8bee662b-85fd-4990-9fcf-9205e1f01e3c/br/ba/salvador/zona-0006/b5286b0ab4481eb8fb0d31c6cc697da6.jpg"], "municipio": "SALVADOR"}