{"estado": "CE", "municipio": "QUIXAD\u00c1", "data": 1412554558218, "secaoEleitoral": "0248", "pictureURLList": ["https://vocefiscal-poll-tape-uploads.s3.amazonaws.com/us-east-1%3A3b30ba5b-4719-44d4-87ad-6f6d0ff23928/br/ce/quixada/zona-0006/8238a2c227e5d3971ea828f3f85a282.jpg", "https://vocefiscal-poll-tape-uploads.s3.amazonaws.com/us-east-1%3A3b30ba5b-4719-44d4-87ad-6f6d0ff23928/br/ce/quixada/zona-0006/1ff1c96ad3e59f7759270d4fb97c54f4.jpg", "https://vocefiscal-poll-tape-uploads.s3.amazonaws.com/us-east-1%3A3b30ba5b-4719-44d4-87ad-6f6d0ff23928/br/ce/quixada/zona-0006/6fe24cade14691bf41d3f7502cadeed9.jpg", "https://vocefiscal-poll-tape-uploads.s3.amazonaws.com/us-east-1%3A3b30ba5b-4719-44d4-87ad-6f6d0ff23928/br/ce/quixada/zona-0006/a415063e6034182e3d0ff29bd90af3fc.jpg", "https://vocefiscal-poll-tape-uploads.s3.amazonaws.com/us-east-1%3A3b30ba5b-4719-44d4-87ad-6f6d0ff23928/br/ce/quixada/zona-0006/5368ef36402a06bf45679ce8e299f36e.jpg", "https://vocefiscal-poll-tape-uploads.s3.amazonaws.com/us-east-1%3A3b30ba5b-4719-44d4-87ad-6f6d0ff23928/br/ce/quixada/zona-0006/1d9f86be974c5210bd81e4f7d830fb08.jpg", "https://vocefiscal-poll-tape-uploads.s3.amazonaws.com/us-east-1%3A3b30ba5b-4719-44d4-87ad-6f6d0ff23928/br/ce/quixada/zona-0006/760147cd984cdc30fea106ef5ab6825a.jpg", "https://vocefiscal-poll-tape-uploads.s3.amazonaws.com/us-east-1%3A3b30ba5b-4719-44d4-87ad-6f6d0ff23928/br/ce/quixada/zona-0006/9ee728455b85efd036d62d820649719b.jpg", "https://vocefiscal-poll-tape-uploads.s3.amazonaws.com/us-east-1%3A3b30ba5b-4719-44d4-87ad-6f6d0ff23928/br/ce/quixada/zona-0006/3370d4f85baf82c99eb3f4cd989ed124.jpg", "https://vocefiscal-poll-tape-uploads.s3.amazonaws.com/us-east-1%3A3b30ba5b-4719-44d4-87ad-6f6d0ff23928/br/ce/quixada/zona-0006/9df7e8c1d9ef308921606a6020c617c8.jpg", "https://vocefiscal-poll-tape-uploads.s3.amazonaws.com/us-east-1%3A3b30ba5b-4719-44d4-87ad-6f6d0ff23928/br/ce/quixada/zona-0006/e83cd4a2074e08c4128462004126fad.jpg", "https://vocefiscal-poll-tape-uploads.s3.amazonaws.com/us-east-1%3A3b30ba5b-4719-44d4-87ad-6f6d0ff23928/br/ce/quixada/zona-0006/32b44488636408633f0677052e4bd535.jpg", "https://vocefiscal-poll-tape-uploads.s3.amazonaws.com/us-east-1%3A3b30ba5b-4719-44d4-87ad-6f6d0ff23928/br/ce/quixada/zona-0006/6185cbe7365d12db729356df9ea47abf.jpg"], "zonaEleitoral": "0006", "localDaVotacao": "2674"}