{"estado": "CE", "municipio": "QUIXAD\u00c1", "data": 1412540834890, "secaoEleitoral": "0248", "pictureURLList": ["https://vocefiscal-poll-tape-uploads.s3.amazonaws.com/us-east-1%3A3b30ba5b-4719-44d4-87ad-6f6d0ff23928/br/ce/quixada/zona-0006/f618a7d66051f9426f6a38170af35fed.jpg", "https://vocefiscal-poll-tape-uploads.s3.amazonaws.com/us-east-1%3A3b30ba5b-4719-44d4-87ad-6f6d0ff23928/br/ce/quixada/zona-0006/d46793c5185f070105e900c36e8da504.jpg", "https://vocefiscal-poll-tape-uploads.s3.amazonaws.com/us-east-1%3A3b30ba5b-4719-44d4-87ad-6f6d0ff23928/br/ce/quixada/zona-0006/b91ffe70f48c7c84284f4765f2aed192.jpg", "https://vocefiscal-poll-tape-uploads.s3.amazonaws.com/us-east-1%3A3b30ba5b-4719-44d4-87ad-6f6d0ff23928/br/ce/quixada/zona-0006/5c2929b5b3ea0d0079c413ca2cc06adb.jpg", "https://vocefiscal-poll-tape-uploads.s3.amazonaws.com/us-east-1%3A3b30ba5b-4719-44d4-87ad-6f6d0ff23928/br/ce/quixada/zona-0006/cec5c989aef3fbd7774061005afdb234.jpg", "https://vocefiscal-poll-tape-uploads.s3.amazonaws.com/us-east-1%3A3b30ba5b-4719-44d4-87ad-6f6d0ff23928/br/ce/quixada/zona-0006/5422fd967fd727fc7c7970c1cf7414a.jpg", "https://vocefiscal-poll-tape-uploads.s3.amazonaws.com/us-east-1%3A3b30ba5b-4719-44d4-87ad-6f6d0ff23928/br/ce/quixada/zona-0006/4e4e26ee499bf8d231860597b9cd0eab.jpg", "https://vocefiscal-poll-tape-uploads.s3.amazonaws.com/us-east-1%3A3b30ba5b-4719-44d4-87ad-6f6d0ff23928/br/ce/quixada/zona-0006/50cfbf4b46643f121f91cda96b94068e.jpg", "https://vocefiscal-poll-tape-uploads.s3.amazonaws.com/us-east-1%3A3b30ba5b-4719-44d4-87ad-6f6d0ff23928/br/ce/quixada/zona-0006/badb4af09924604f4e224e18b0f9a252.jpg", "https://vocefiscal-poll-tape-uploads.s3.amazonaws.com/us-east-1%3A3b30ba5b-4719-44d4-87ad-6f6d0ff23928/br/ce/quixada/zona-0006/d16e458c8caa0512f455c93640744484.jpg", "https://vocefiscal-poll-tape-uploads.s3.amazonaws.com/us-east-1%3A3b30ba5b-4719-44d4-87ad-6f6d0ff23928/br/ce/quixada/zona-0006/a1cb9e210c6ec89ec1308ca482f34b90.jpg", "https://vocefiscal-poll-tape-uploads.s3.amazonaws.com/us-east-1%3A3b30ba5b-4719-44d4-87ad-6f6d0ff23928/br/ce/quixada/zona-0006/67d0a482ecb1813a504c3a38baf40ef7.jpg", "https://vocefiscal-poll-tape-uploads.s3.amazonaws.com/us-east-1%3A3b30ba5b-4719-44d4-87ad-6f6d0ff23928/br/ce/quixada/zona-0006/b9f7389711893dc625326ad0de60d881.jpg", "https://vocefiscal-poll-tape-uploads.s3.amazonaws.com/us-east-1%3A3b30ba5b-4719-44d4-87ad-6f6d0ff23928/br/ce/quixada/zona-0006/d4c9b15abc97c68f5720541e8314389a.jpg", "https://vocefiscal-poll-tape-uploads.s3.amazonaws.com/us-east-1%3A3b30ba5b-4719-44d4-87ad-6f6d0ff23928/br/ce/quixada/zona-0006/55da02d72362b6c308d9eb37840f29e7.jpg", "https://vocefiscal-poll-tape-uploads.s3.amazonaws.com/us-east-1%3A3b30ba5b-4719-44d4-87ad-6f6d0ff23928/br/ce/quixada/zona-0006/4c8f6919ba92f1588362e92aa1903482.jpg", "https://vocefiscal-poll-tape-uploads.s3.amazonaws.com/us-east-1%3A3b30ba5b-4719-44d4-87ad-6f6d0ff23928/br/ce/quixada/zona-0006/341a15398945e519845972b16e1a392.jpg"], "zonaEleitoral": "0006", "localDaVotacao": "2674"}