{"estado": "CE", "municipio": "ITAPI\u00daNA", "data": 1412542990277, "secaoEleitoral": "0039", "pictureURLList": ["https://vocefiscal-poll-tape-uploads.s3.amazonaws.com/us-east-1%3A6a7a4ccc-db38-45a3-a59b-c870b521cc3e/br/ce/itapiuna/zona-0098/32f94ae7f8348cee78b837f47dd8ff7f.jpg", "https://vocefiscal-poll-tape-uploads.s3.amazonaws.com/us-east-1%3A6a7a4ccc-db38-45a3-a59b-c870b521cc3e/br/ce/itapiuna/zona-0098/bfb9f33473676ab8372a704b9bfbd591.jpg", "https://vocefiscal-poll-tape-uploads.s3.amazonaws.com/us-east-1%3A6a7a4ccc-db38-45a3-a59b-c870b521cc3e/br/ce/itapiuna/zona-0098/44ef8d99f738a8f22bba0d1ce54496eb.jpg", "https://vocefiscal-poll-tape-uploads.s3.amazonaws.com/us-east-1%3A6a7a4ccc-db38-45a3-a59b-c870b521cc3e/br/ce/itapiuna/zona-0098/369c5c44b6c92eb57bec35d513afe8eb.jpg", "https://vocefiscal-poll-tape-uploads.s3.amazonaws.com/us-east-1%3A6a7a4ccc-db38-45a3-a59b-c870b521cc3e/br/ce/itapiuna/zona-0098/3a37f7815eb1a60fdff9f7582e4ff65f.jpg", "https://vocefiscal-poll-tape-uploads.s3.amazonaws.com/us-east-1%3A6a7a4ccc-db38-45a3-a59b-c870b521cc3e/br/ce/itapiuna/zona-0098/ea7fbb3b5a371847096b566aeebd34c7.jpg", "https://vocefiscal-poll-tape-uploads.s3.amazonaws.com/us-east-1%3A6a7a4ccc-db38-45a3-a59b-c870b521cc3e/br/ce/itapiuna/zona-0098/afd2e7cbf87e272b81132db1cc26dbf2.jpg", "https://vocefiscal-poll-tape-uploads.s3.amazonaws.com/us-east-1%3A6a7a4ccc-db38-45a3-a59b-c870b521cc3e/br/ce/itapiuna/zona-0098/49a862e9d7e11c6cad72b2b3bce30d10.jpg", "https://vocefiscal-poll-tape-uploads.s3.amazonaws.com/us-east-1%3A6a7a4ccc-db38-45a3-a59b-c870b521cc3e/br/ce/itapiuna/zona-0098/49f5d27ef5f8fabf33822053e143d037.jpg", "https://vocefiscal-poll-tape-uploads.s3.amazonaws.com/us-east-1%3A6a7a4ccc-db38-45a3-a59b-c870b521cc3e/br/ce/itapiuna/zona-0098/161dc7b8e0a929f1d867188bffe26ef5.jpg", "https://vocefiscal-poll-tape-uploads.s3.amazonaws.com/us-east-1%3A6a7a4ccc-db38-45a3-a59b-c870b521cc3e/br/ce/itapiuna/zona-0098/2cddef297656ce1a4d8e02a2f6340b3f.jpg", "https://vocefiscal-poll-tape-uploads.s3.amazonaws.com/us-east-1%3A6a7a4ccc-db38-45a3-a59b-c870b521cc3e/br/ce/itapiuna/zona-0098/8d1ed8d291ed0e84d29ba750de45e29c.jpg", "https://vocefiscal-poll-tape-uploads.s3.amazonaws.com/us-east-1%3A6a7a4ccc-db38-45a3-a59b-c870b521cc3e/br/ce/itapiuna/zona-0098/44d632c9a30c6aaa0d0ab5b56b5fa698.jpg", "https://vocefiscal-poll-tape-uploads.s3.amazonaws.com/us-east-1%3A6a7a4ccc-db38-45a3-a59b-c870b521cc3e/br/ce/itapiuna/zona-0098/fa8429a238f774ca44695dd463b6f939.jpg", "https://vocefiscal-poll-tape-uploads.s3.amazonaws.com/us-east-1%3A6a7a4ccc-db38-45a3-a59b-c870b521cc3e/br/ce/itapiuna/zona-0098/781e92a29b8a669d1ee87862169106ac.jpg", "https://vocefiscal-poll-tape-uploads.s3.amazonaws.com/us-east-1%3A6a7a4ccc-db38-45a3-a59b-c870b521cc3e/br/ce/itapiuna/zona-0098/4ecc7bfc51ab7effb22fc14913801972.jpg", "https://vocefiscal-poll-tape-uploads.s3.amazonaws.com/us-east-1%3A6a7a4ccc-db38-45a3-a59b-c870b521cc3e/br/ce/itapiuna/zona-0098/bb2ce2e3e632644cca4f54b31f236de3.jpg", "https://vocefiscal-poll-tape-uploads.s3.amazonaws.com/us-east-1%3A6a7a4ccc-db38-45a3-a59b-c870b521cc3e/br/ce/itapiuna/zona-0098/58a5f92cca47fd4d97a11f043132b206.jpg", "https://vocefiscal-poll-tape-uploads.s3.amazonaws.com/us-east-1%3A6a7a4ccc-db38-45a3-a59b-c870b521cc3e/br/ce/itapiuna/zona-0098/1b074a8174531414a551a9caad7caedf.jpg", "https://vocefiscal-poll-tape-uploads.s3.amazonaws.com/us-east-1%3A6a7a4ccc-db38-45a3-a59b-c870b521cc3e/br/ce/itapiuna/zona-0098/5244f445999e09ea86d565f76687544e.jpg", "https://vocefiscal-poll-tape-uploads.s3.amazonaws.com/us-east-1%3A6a7a4ccc-db38-45a3-a59b-c870b521cc3e/br/ce/itapiuna/zona-0098/84cfbd2cb9b9a9771b0d2cc0ff7c2919.jpg", "https://vocefiscal-poll-tape-uploads.s3.amazonaws.com/us-east-1%3A6a7a4ccc-db38-45a3-a59b-c870b521cc3e/br/ce/itapiuna/zona-0098/c54d459338ec4dda4f5766dd7d0d0a02.jpg", "https://vocefiscal-poll-tape-uploads.s3.amazonaws.com/us-east-1%3A6a7a4ccc-db38-45a3-a59b-c870b521cc3e/br/ce/itapiuna/zona-0098/a64784208425e8b1740a66dad2d61ff1.jpg", "https://vocefiscal-poll-tape-uploads.s3.amazonaws.com/us-east-1%3A6a7a4ccc-db38-45a3-a59b-c870b521cc3e/br/ce/itapiuna/zona-0098/ad00ca66cde081e95cb76b000e3b179c.jpg", "https://vocefiscal-poll-tape-uploads.s3.amazonaws.com/us-east-1%3A6a7a4ccc-db38-45a3-a59b-c870b521cc3e/br/ce/itapiuna/zona-0098/cdbbff3798da30f456377b05a198db36.jpg", "https://vocefiscal-poll-tape-uploads.s3.amazonaws.com/us-east-1%3A6a7a4ccc-db38-45a3-a59b-c870b521cc3e/br/ce/itapiuna/zona-0098/da67347cebf84551f8c060044dcd668c.jpg", "https://vocefiscal-poll-tape-uploads.s3.amazonaws.com/us-east-1%3A6a7a4ccc-db38-45a3-a59b-c870b521cc3e/br/ce/itapiuna/zona-0098/27e9344c1cb5387b8fae0d4035fad6a2.jpg"], "zonaEleitoral": "0098"}