{"estado": "CE", "municipio": "FORTALEZA", "data": 1412541066157, "secaoEleitoral": "0266", "pictureURLList": ["https://vocefiscal-poll-tape-uploads.s3.amazonaws.com/us-east-1%3Ac28d23d6-3f0c-4fd9-ae0e-2bfdeb7cc627/br/ce/fortaleza/zona-0166/826303a9847ab8949dcfd1e74f0fd8d1.jpg", "https://vocefiscal-poll-tape-uploads.s3.amazonaws.com/us-east-1%3Ac28d23d6-3f0c-4fd9-ae0e-2bfdeb7cc627/br/ce/fortaleza/zona-0166/b2a9a595345da1b9210deed24eb37461.jpg", "https://vocefiscal-poll-tape-uploads.s3.amazonaws.com/us-east-1%3Ac28d23d6-3f0c-4fd9-ae0e-2bfdeb7cc627/br/ce/fortaleza/zona-0166/2673472c0b46552a9ae60f09ac76f584.jpg", "https://vocefiscal-poll-tape-uploads.s3.amazonaws.com/us-east-1%3Ac28d23d6-3f0c-4fd9-ae0e-2bfdeb7cc627/br/ce/fortaleza/zona-0166/64fa59f8dcba48c63499b8e1e5f577f7.jpg", "https://vocefiscal-poll-tape-uploads.s3.amazonaws.com/us-east-1%3Ac28d23d6-3f0c-4fd9-ae0e-2bfdeb7cc627/br/ce/fortaleza/zona-0166/581776d32ae3106f41224edb36dcc86e.jpg", "https://vocefiscal-poll-tape-uploads.s3.amazonaws.com/us-east-1%3Ac28d23d6-3f0c-4fd9-ae0e-2bfdeb7cc627/br/ce/fortaleza/zona-0166/31780b8c282e262234349fa61cedba6a.jpg", "https://vocefiscal-poll-tape-uploads.s3.amazonaws.com/us-east-1%3Ac28d23d6-3f0c-4fd9-ae0e-2bfdeb7cc627/br/ce/fortaleza/zona-0166/85f5ce73bf5058cf75acf4cc2de334b.jpg", "https://vocefiscal-poll-tape-uploads.s3.amazonaws.com/us-east-1%3Ac28d23d6-3f0c-4fd9-ae0e-2bfdeb7cc627/br/ce/fortaleza/zona-0166/fffe90f497998386d5f4a2136b247982.jpg", "https://vocefiscal-poll-tape-uploads.s3.amazonaws.com/us-east-1%3Ac28d23d6-3f0c-4fd9-ae0e-2bfdeb7cc627/br/ce/fortaleza/zona-0166/cd58cd35d91b795cbdb778474394144d.jpg", "https://vocefiscal-poll-tape-uploads.s3.amazonaws.com/us-east-1%3Ac28d23d6-3f0c-4fd9-ae0e-2bfdeb7cc627/br/ce/fortaleza/zona-0166/c89002557620aed31d77d3b0868413da.jpg", "https://vocefiscal-poll-tape-uploads.s3.amazonaws.com/us-east-1%3Ac28d23d6-3f0c-4fd9-ae0e-2bfdeb7cc627/br/ce/fortaleza/zona-0166/3618108dee1f362f646d7a3fe05c34c2.jpg", "https://vocefiscal-poll-tape-uploads.s3.amazonaws.com/us-east-1%3Ac28d23d6-3f0c-4fd9-ae0e-2bfdeb7cc627/br/ce/fortaleza/zona-0166/4a843e7cae2c5063fd97aeeffc6164a8.jpg", "https://vocefiscal-poll-tape-uploads.s3.amazonaws.com/us-east-1%3Ac28d23d6-3f0c-4fd9-ae0e-2bfdeb7cc627/br/ce/fortaleza/zona-0166/87646d60d989a5e32faa238c7aedbd54.jpg", "https://vocefiscal-poll-tape-uploads.s3.amazonaws.com/us-east-1%3Ac28d23d6-3f0c-4fd9-ae0e-2bfdeb7cc627/br/ce/fortaleza/zona-0166/f27d7f075872123f0e5505d2ae201afb.jpg"], "zonaEleitoral": "0166", "localDaVotacao": "1482"}