{"municipio": "BEL\u00c9M", "secaoEleitoral": "0015", "zonaEleitoral": "0028", "estado": "PA", "data": 1412542174768, "pictureURLList": ["https://vocefiscal-poll-tape-uploads.s3.amazonaws.com/us-east-1%3A65cf7772-0726-4d69-8acf-da0285c97f9c/br/pa/belem/zona-0028/60de3ce33474d99830335df7670e780c.jpg", "https://vocefiscal-poll-tape-uploads.s3.amazonaws.com/us-east-1%3A65cf7772-0726-4d69-8acf-da0285c97f9c/br/pa/belem/zona-0028/7ec8adb8bdfeb0193ebc0126fc3b7980.jpg", "https://vocefiscal-poll-tape-uploads.s3.amazonaws.com/us-east-1%3A65cf7772-0726-4d69-8acf-da0285c97f9c/br/pa/belem/zona-0028/e62271cd970672c6fe7ae769d4b4fce2.jpg", "https://vocefiscal-poll-tape-uploads.s3.amazonaws.com/us-east-1%3A65cf7772-0726-4d69-8acf-da0285c97f9c/br/pa/belem/zona-0028/29ddd5ade8c748ee1fc58d93d35a8a0a.jpg", "https://vocefiscal-poll-tape-uploads.s3.amazonaws.com/us-east-1%3A65cf7772-0726-4d69-8acf-da0285c97f9c/br/pa/belem/zona-0028/b48bee4390389c41c34a69178e306aa8.jpg", "https://vocefiscal-poll-tape-uploads.s3.amazonaws.com/us-east-1%3A65cf7772-0726-4d69-8acf-da0285c97f9c/br/pa/belem/zona-0028/d84bfa2f18fc99de4ed858e8b1e54bcd.jpg", "https://vocefiscal-poll-tape-uploads.s3.amazonaws.com/us-east-1%3A65cf7772-0726-4d69-8acf-da0285c97f9c/br/pa/belem/zona-0028/77e27faa60e7d8682c2804b8b22c4da0.jpg", "https://vocefiscal-poll-tape-uploads.s3.amazonaws.com/us-east-1%3A65cf7772-0726-4d69-8acf-da0285c97f9c/br/pa/belem/zona-0028/7609075424caf915461d5744841dc858.jpg", "https://vocefiscal-poll-tape-uploads.s3.amazonaws.com/us-east-1%3A65cf7772-0726-4d69-8acf-da0285c97f9c/br/pa/belem/zona-0028/2760a0f296ca59c7caae4100ad0439fb.jpg", "https://vocefiscal-poll-tape-uploads.s3.amazonaws.com/us-east-1%3A65cf7772-0726-4d69-8acf-da0285c97f9c/br/pa/belem/zona-0028/b6c2896469d7582bbe16aff72b2dc380.jpg", "https://vocefiscal-poll-tape-uploads.s3.amazonaws.com/us-east-1%3A65cf7772-0726-4d69-8acf-da0285c97f9c/br/pa/belem/zona-0028/54c87b52c1721ea2bad6e965a37ce6f0.jpg", "https://vocefiscal-poll-tape-uploads.s3.amazonaws.com/us-east-1%3A65cf7772-0726-4d69-8acf-da0285c97f9c/br/pa/belem/zona-0028/df35ec0506b662e275de407446f369e6.jpg", "https://vocefiscal-poll-tape-uploads.s3.amazonaws.com/us-east-1%3A65cf7772-0726-4d69-8acf-da0285c97f9c/br/pa/belem/zona-0028/e5e3eb81d16bb857684de2eeb1f5fdb3.jpg", "https://vocefiscal-poll-tape-uploads.s3.amazonaws.com/us-east-1%3A65cf7772-0726-4d69-8acf-da0285c97f9c/br/pa/belem/zona-0028/f9f1390b54807572db0823bbb63aabc2.jpg", "https://vocefiscal-poll-tape-uploads.s3.amazonaws.com/us-east-1%3A65cf7772-0726-4d69-8acf-da0285c97f9c/br/pa/belem/zona-0028/1babea4c9a6cdb910780e8e8d5268950.jpg", "https://vocefiscal-poll-tape-uploads.s3.amazonaws.com/us-east-1%3A65cf7772-0726-4d69-8acf-da0285c97f9c/br/pa/belem/zona-0028/76c1683eceb6ec44105244d769a7e3d1.jpg", "https://vocefiscal-poll-tape-uploads.s3.amazonaws.com/us-east-1%3A65cf7772-0726-4d69-8acf-da0285c97f9c/br/pa/belem/zona-0028/87424aebe4fcd36047b8ebd0cc27ec20.jpg", "https://vocefiscal-poll-tape-uploads.s3.amazonaws.com/us-east-1%3A65cf7772-0726-4d69-8acf-da0285c97f9c/br/pa/belem/zona-0028/e961232ae23f8a982b476d4f66316538.jpg", "https://vocefiscal-poll-tape-uploads.s3.amazonaws.com/us-east-1%3A65cf7772-0726-4d69-8acf-da0285c97f9c/br/pa/belem/zona-0028/e437522a09d60f17a3bd0de4112e9936.jpg", "https://vocefiscal-poll-tape-uploads.s3.amazonaws.com/us-east-1%3A65cf7772-0726-4d69-8acf-da0285c97f9c/br/pa/belem/zona-0028/8fbaecadd01556f194ccb19c4d08ca7f.jpg", "https://vocefiscal-poll-tape-uploads.s3.amazonaws.com/us-east-1%3A65cf7772-0726-4d69-8acf-da0285c97f9c/br/pa/belem/zona-0028/48e40f7d32c2152b8edcce759d23b71.jpg", "https://vocefiscal-poll-tape-uploads.s3.amazonaws.com/us-east-1%3A65cf7772-0726-4d69-8acf-da0285c97f9c/br/pa/belem/zona-0028/2721d9d206e57da7cca2435563f13851.jpg", "https://vocefiscal-poll-tape-uploads.s3.amazonaws.com/us-east-1%3A65cf7772-0726-4d69-8acf-da0285c97f9c/br/pa/belem/zona-0028/609384965b634d4c69cf81bd3809bec8.jpg", "https://vocefiscal-poll-tape-uploads.s3.amazonaws.com/us-east-1%3A65cf7772-0726-4d69-8acf-da0285c97f9c/br/pa/belem/zona-0028/ce622c3e6aaf58e7bc5f76eb2d4af752.jpg", "https://vocefiscal-poll-tape-uploads.s3.amazonaws.com/us-east-1%3A65cf7772-0726-4d69-8acf-da0285c97f9c/br/pa/belem/zona-0028/51a6cd416a59e658db531b4d4fa3ae10.jpg", "https://vocefiscal-poll-tape-uploads.s3.amazonaws.com/us-east-1%3A65cf7772-0726-4d69-8acf-da0285c97f9c/br/pa/belem/zona-0028/726deede727dd46671cda10536921eda.jpg", "https://vocefiscal-poll-tape-uploads.s3.amazonaws.com/us-east-1%3A65cf7772-0726-4d69-8acf-da0285c97f9c/br/pa/belem/zona-0028/f4691f53f1b8cead4c283ed15313b8b0.jpg", "https://vocefiscal-poll-tape-uploads.s3.amazonaws.com/us-east-1%3A65cf7772-0726-4d69-8acf-da0285c97f9c/br/pa/belem/zona-0028/cf16af2d9934a55c7f9cf2e4f9179481.jpg", "https://vocefiscal-poll-tape-uploads.s3.amazonaws.com/us-east-1%3A65cf7772-0726-4d69-8acf-da0285c97f9c/br/pa/belem/zona-0028/a506da5feee707460d215b0c98869796.jpg", "https://vocefiscal-poll-tape-uploads.s3.amazonaws.com/us-east-1%3A65cf7772-0726-4d69-8acf-da0285c97f9c/br/pa/belem/zona-0028/30110b94de37b8f09963c2e424bf5e6b.jpg", "https://vocefiscal-poll-tape-uploads.s3.amazonaws.com/us-east-1%3A65cf7772-0726-4d69-8acf-da0285c97f9c/br/pa/belem/zona-0028/855e6ebc05f5c5bfe47fd304135d2741.jpg", "https://vocefiscal-poll-tape-uploads.s3.amazonaws.com/us-east-1%3A65cf7772-0726-4d69-8acf-da0285c97f9c/br/pa/belem/zona-0028/bdc2a0ddf7da156627b71a369539057d.jpg", "https://vocefiscal-poll-tape-uploads.s3.amazonaws.com/us-east-1%3A65cf7772-0726-4d69-8acf-da0285c97f9c/br/pa/belem/zona-0028/738cc5549af02b92f51f1551fa8d0b9b.jpg", "https://vocefiscal-poll-tape-uploads.s3.amazonaws.com/us-east-1%3A65cf7772-0726-4d69-8acf-da0285c97f9c/br/pa/belem/zona-0028/5dbb639cb8c98b88a25f36e150757126.jpg", "https://vocefiscal-poll-tape-uploads.s3.amazonaws.com/us-east-1%3A65cf7772-0726-4d69-8acf-da0285c97f9c/br/pa/belem/zona-0028/fdc14500bbcf0413ece6b84917634240.jpg", "https://vocefiscal-poll-tape-uploads.s3.amazonaws.com/us-east-1%3A65cf7772-0726-4d69-8acf-da0285c97f9c/br/pa/belem/zona-0028/f740bddfcbd11762897c780881e4f4bf.jpg", "https://vocefiscal-poll-tape-uploads.s3.amazonaws.com/us-east-1%3A65cf7772-0726-4d69-8acf-da0285c97f9c/br/pa/belem/zona-0028/47e9c68319c6a521c2644a176e7a50e4.jpg", "https://vocefiscal-poll-tape-uploads.s3.amazonaws.com/us-east-1%3A65cf7772-0726-4d69-8acf-da0285c97f9c/br/pa/belem/zona-0028/1e2dedb4bf71020be64e9fe3e46f01f7.jpg", "https://vocefiscal-poll-tape-uploads.s3.amazonaws.com/us-east-1%3A65cf7772-0726-4d69-8acf-da0285c97f9c/br/pa/belem/zona-0028/2d915dac7bb28acc008ff7953879b68.jpg", "https://vocefiscal-poll-tape-uploads.s3.amazonaws.com/us-east-1%3A65cf7772-0726-4d69-8acf-da0285c97f9c/br/pa/belem/zona-0028/699aa8714e74ffe01d9e565016a539de.jpg", "https://vocefiscal-poll-tape-uploads.s3.amazonaws.com/us-east-1%3A65cf7772-0726-4d69-8acf-da0285c97f9c/br/pa/belem/zona-0028/b83929e895f2743a3c971e9cfc31fe67.jpg", "https://vocefiscal-poll-tape-uploads.s3.amazonaws.com/us-east-1%3A65cf7772-0726-4d69-8acf-da0285c97f9c/br/pa/belem/zona-0028/c47b4ba9fc2552bc891340ee844b8980.jpg"]}