{"data": 1412549389199, "estado": "BA", "secaoEleitoral": "0119", "zonaEleitoral": "0190", "pictureURLList": ["https://vocefiscal-poll-tape-uploads.s3.amazonaws.com/us-east-1%3A4fe837ee-015d-4a50-923f-f82aea8dbe7a/br/ba/serra-dourada/zona-0190/18c6e9b1796e1b7dd0168352238ee735.jpg", "https://vocefiscal-poll-tape-uploads.s3.amazonaws.com/us-east-1%3A4fe837ee-015d-4a50-923f-f82aea8dbe7a/br/ba/serra-dourada/zona-0190/a4dd84db2b2c822c537a3042879c9562.jpg", "https://vocefiscal-poll-tape-uploads.s3.amazonaws.com/us-east-1%3A4fe837ee-015d-4a50-923f-f82aea8dbe7a/br/ba/serra-dourada/zona-0190/4b4057763fe9bcbb025d8c2016e0d92e.jpg", "https://vocefiscal-poll-tape-uploads.s3.amazonaws.com/us-east-1%3A4fe837ee-015d-4a50-923f-f82aea8dbe7a/br/ba/serra-dourada/zona-0190/889ee5e29230295b64f10d438ae70452.jpg", "https://vocefiscal-poll-tape-uploads.s3.amazonaws.com/us-east-1%3A4fe837ee-015d-4a50-923f-f82aea8dbe7a/br/ba/serra-dourada/zona-0190/5e1327c92ff348965c17f677c879dabc.jpg", "https://vocefiscal-poll-tape-uploads.s3.amazonaws.com/us-east-1%3A4fe837ee-015d-4a50-923f-f82aea8dbe7a/br/ba/serra-dourada/zona-0190/cb4b3f36a7483a0ffde1229cf09ae1fc.jpg", "https://vocefiscal-poll-tape-uploads.s3.amazonaws.com/us-east-1%3A4fe837ee-015d-4a50-923f-f82aea8dbe7a/br/ba/serra-dourada/zona-0190/45708b180e7bab4a004e05cef639fe47.jpg", "https://vocefiscal-poll-tape-uploads.s3.amazonaws.com/us-east-1%3A4fe837ee-015d-4a50-923f-f82aea8dbe7a/br/ba/serra-dourada/zona-0190/59d466ce4e41ca19605a77ec07c54261.jpg"], "municipio": "SERRA DOURADA"}
