{"estado": "PA", "localDaVotacao": "1422", "municipio": "PARAUAPEBAS", "pictureURLList": ["https://vocefiscal-poll-tape-uploads.s3.amazonaws.com/us-east-1%3Aab2274f9-34ed-4035-a441-5e3911812724/br/pa/parauapebas/zona-0075/fe0693029d75db00b786caab2d275e0a.jpg", "https://vocefiscal-poll-tape-uploads.s3.amazonaws.com/us-east-1%3Aab2274f9-34ed-4035-a441-5e3911812724/br/pa/parauapebas/zona-0075/960125ae84a30c360f5a31e740733b72.jpg", "https://vocefiscal-poll-tape-uploads.s3.amazonaws.com/us-east-1%3Aab2274f9-34ed-4035-a441-5e3911812724/br/pa/parauapebas/zona-0075/3581b3878866a0740b7367ba447f2840.jpg", "https://vocefiscal-poll-tape-uploads.s3.amazonaws.com/us-east-1%3Aab2274f9-34ed-4035-a441-5e3911812724/br/pa/parauapebas/zona-0075/192f6da032cba64f261a073b52fe97ae.jpg"], "data": 1414355255322, "secaoEleitoral": "0436", "zonaEleitoral": "0075"}