{"zonaEleitoral": "0013", "pictureURLList": ["https://vocefiscal-poll-tape-uploads.s3.amazonaws.com/us-east-1%3Aa82a1a53-ae47-420d-96b3-53bf898336e7/br/ba/salvador/zona-0013/75ce5c03187b8275bbef10fc271b80e3.jpg", "https://vocefiscal-poll-tape-uploads.s3.amazonaws.com/us-east-1%3Aa82a1a53-ae47-420d-96b3-53bf898336e7/br/ba/salvador/zona-0013/25ebac176d75539897cb2341b20408b5.jpg", "https://vocefiscal-poll-tape-uploads.s3.amazonaws.com/us-east-1%3Aa82a1a53-ae47-420d-96b3-53bf898336e7/br/ba/salvador/zona-0013/8d4299c1f048e51cc90fdbf14bb442e1.jpg"], "estado": "BA", "data": 1414355098351, "municipio": "SALVADOR", "localDaVotacao": "1260", "secaoEleitoral": "0202"}