{"zonaEleitoral": "0128", "pictureURLList": ["https://vocefiscal-poll-tape-uploads.s3.amazonaws.com/us-east-1%3A109766cf-8087-44a8-b12b-e2287522109f/br/ba/amelia-rodrigues/zona-0128/c2d92045cf4a1d0b067c483b7bc5d1cc.jpg", "https://vocefiscal-poll-tape-uploads.s3.amazonaws.com/us-east-1%3A109766cf-8087-44a8-b12b-e2287522109f/br/ba/amelia-rodrigues/zona-0128/3d5598d398d18fbd1e29e89db1a1ad76.jpg", "https://vocefiscal-poll-tape-uploads.s3.amazonaws.com/us-east-1%3A109766cf-8087-44a8-b12b-e2287522109f/br/ba/amelia-rodrigues/zona-0128/187bd44438a86b5b60ccca6bc84bd3d0.jpg"], "estado": "BA", "secaoEleitoral": "0119", "data": 1414366533247, "municipio": "AM\u00c9LIA RODRIGUES", "localDaVotacao": "1058"}