{"zonaEleitoral": "0041", "pictureURLList": ["https://vocefiscal-poll-tape-uploads.s3.amazonaws.com/us-east-1%3Ac867bfb9-0e98-4303-bdbe-08a68759c029/br/ba/vitoria-da-conquista/zona-0041/160949643ff1a8cb721128cb94050620.jpg", "https://vocefiscal-poll-tape-uploads.s3.amazonaws.com/us-east-1%3Ac867bfb9-0e98-4303-bdbe-08a68759c029/br/ba/vitoria-da-conquista/zona-0041/433bf2cee3a0c3ba71bcc991d94b1637.jpg", "https://vocefiscal-poll-tape-uploads.s3.amazonaws.com/us-east-1%3Ac867bfb9-0e98-4303-bdbe-08a68759c029/br/ba/vitoria-da-conquista/zona-0041/75c782b3f0dc2d4c327f262a8da2cbd.jpg"], "estado": "BA", "secaoEleitoral": "0176", "data": 1414354933228, "municipio": "VIT\u00d3RIA DA CONQUISTA", "localDaVotacao": "1511"}