{"zonaEleitoral": "0013", "pictureURLList": ["https://vocefiscal-poll-tape-uploads.s3.amazonaws.com/us-east-1%3Ad96b8a65-d164-40fb-8de4-fa8837732f7d/br/ba/salvador/zona-0030/9e08adfd9dad87349496c4e4de486587.jpg", "https://vocefiscal-poll-tape-uploads.s3.amazonaws.com/us-east-1%3Ad96b8a65-d164-40fb-8de4-fa8837732f7d/br/ba/salvador/zona-0030/7889ac9e767a1c23c7567d71c3ad695b.jpg", "https://vocefiscal-poll-tape-uploads.s3.amazonaws.com/us-east-1%3Ad96b8a65-d164-40fb-8de4-fa8837732f7d/br/ba/salvador/zona-0030/b3e8657488e13733ee1195b67b75a22f.jpg"], "estado": "BA", "data": 1414354620858, "municipio": "SALVADOR", "localDaVotacao": "1058", "secaoEleitoral": "0035"}