{"zonaEleitoral": "0001", "pictureURLList": ["https://vocefiscal-poll-tape-uploads.s3.amazonaws.com/us-east-1%3A32d29305-ce9c-47a2-99ac-2bf2e0ab8281/br/ba/salvador/zona-0001/61211ea16fa4a7143738c0172e768b2c.jpg", "https://vocefiscal-poll-tape-uploads.s3.amazonaws.com/us-east-1%3A32d29305-ce9c-47a2-99ac-2bf2e0ab8281/br/ba/salvador/zona-0001/6d5835884c3b81f8dc8628eed6e7a61.jpg", "https://vocefiscal-poll-tape-uploads.s3.amazonaws.com/us-east-1%3A32d29305-ce9c-47a2-99ac-2bf2e0ab8281/br/ba/salvador/zona-0001/adf7f60f2142a5a6dcaaf800ff30b59.jpg"], "estado": "BA", "secaoEleitoral": "0040", "data": 1414354993867, "municipio": "SALVADOR", "localDaVotacao": "1023"}