{"zonaEleitoral": "0013", "pictureURLList": ["https://vocefiscal-poll-tape-uploads.s3.amazonaws.com/us-east-1%3Ad1c705ab-1bdf-45ea-9da9-630f0ef51723/br/ba/salvador/zona-0013/736c50fe7c962db48d701ad39518f3c5.jpg", "https://vocefiscal-poll-tape-uploads.s3.amazonaws.com/us-east-1%3Ad1c705ab-1bdf-45ea-9da9-630f0ef51723/br/ba/salvador/zona-0013/94fca9f96df694ddbc6169cbef4cd7e5.jpg", "https://vocefiscal-poll-tape-uploads.s3.amazonaws.com/us-east-1%3Ad1c705ab-1bdf-45ea-9da9-630f0ef51723/br/ba/salvador/zona-0013/736c50fe7c962db48d701ad39518f3c5.jpg", "https://vocefiscal-poll-tape-uploads.s3.amazonaws.com/us-east-1%3Ad1c705ab-1bdf-45ea-9da9-630f0ef51723/br/ba/salvador/zona-0013/c0657237373ffcefe1d8e4862b8ae214.jpg"], "estado": "BA", "data": 1414354499450, "municipio": "SALVADOR", "localDaVotacao": "1260", "secaoEleitoral": "0199"}