{"zonaEleitoral": "0142", "estado": "BA", "data": 1414354363582, "municipio": "CRUZ DAS ALMAS", "pictureURLList": ["https://vocefiscal-poll-tape-uploads.s3.amazonaws.com/us-east-1%3Abcbf2c79-90e2-4c37-b4cf-dc69b1a5460e/br/ba/cruz-das-almas/zona-0142/6309b946f6eb73a380f9fb73da17553e.jpg", "https://vocefiscal-poll-tape-uploads.s3.amazonaws.com/us-east-1%3Abcbf2c79-90e2-4c37-b4cf-dc69b1a5460e/br/ba/cruz-das-almas/zona-0142/addd837201757c688ce8486770f47bf3.jpg", "https://vocefiscal-poll-tape-uploads.s3.amazonaws.com/us-east-1%3Abcbf2c79-90e2-4c37-b4cf-dc69b1a5460e/br/ba/cruz-das-almas/zona-0142/c823bf0cb011c33ee41f4cd835d3b6db.jpg", "https://vocefiscal-poll-tape-uploads.s3.amazonaws.com/us-east-1%3Abcbf2c79-90e2-4c37-b4cf-dc69b1a5460e/br/ba/cruz-das-almas/zona-0142/3d856ad4e227272985b6412d23e3018e.jpg"], "secaoEleitoral": "0038"}