{"zonaEleitoral": "0041", "pictureURLList": ["https://vocefiscal-poll-tape-uploads.s3.amazonaws.com/us-east-1%3Ac867bfb9-0e98-4303-bdbe-08a68759c029/br/ba/vitoria-da-conquista/zona-0041/b02e5ca70f6bbaae377981d587a58c54.jpg", "https://vocefiscal-poll-tape-uploads.s3.amazonaws.com/us-east-1%3Ac867bfb9-0e98-4303-bdbe-08a68759c029/br/ba/vitoria-da-conquista/zona-0041/604292b259669aea205bf9f89724b6e1.jpg", "https://vocefiscal-poll-tape-uploads.s3.amazonaws.com/us-east-1%3Ac867bfb9-0e98-4303-bdbe-08a68759c029/br/ba/vitoria-da-conquista/zona-0041/b5c771c896f9e75122ca877470984ef3.jpg"], "estado": "BA", "secaoEleitoral": "0206", "data": 1414354214708, "municipio": "VIT\u00d3RIA DA CONQUISTA", "localDaVotacao": "1511"}