{"zonaEleitoral": "0171", "pictureURLList": ["https://vocefiscal-poll-tape-uploads.s3.amazonaws.com/us-east-1%3Aea64f948-87d7-4e6e-a592-a97bd843403f/br/ba/camacari/zona-0171/cd4af2718f98a658a4574498cec1f88a.jpg", "https://vocefiscal-poll-tape-uploads.s3.amazonaws.com/us-east-1%3Aea64f948-87d7-4e6e-a592-a97bd843403f/br/ba/camacari/zona-0171/4d396f3cfe68f771797bf1fce10ae91e.jpg", "https://vocefiscal-poll-tape-uploads.s3.amazonaws.com/us-east-1%3Aea64f948-87d7-4e6e-a592-a97bd843403f/br/ba/camacari/zona-0171/ab51eb8cb28d5a2558dbc14dbb384676.jpg", "https://vocefiscal-poll-tape-uploads.s3.amazonaws.com/us-east-1%3Aea64f948-87d7-4e6e-a592-a97bd843403f/br/ba/camacari/zona-0171/774a1972a49c9f93c13c8d2edad356a1.jpg"], "estado": "BA", "secaoEleitoral": "0359", "data": 1414354212687, "municipio": "CAMA\u00c7ARI", "localDaVotacao": "1104"}