{"zonaEleitoral": "0001", "pictureURLList": ["https://vocefiscal-poll-tape-uploads.s3.amazonaws.com/us-east-1%3A32d29305-ce9c-47a2-99ac-2bf2e0ab8281/br/ba/salvador/zona-0001/3b8209b538ea28ce776c3d5f9cdeb2ba.jpg", "https://vocefiscal-poll-tape-uploads.s3.amazonaws.com/us-east-1%3A32d29305-ce9c-47a2-99ac-2bf2e0ab8281/br/ba/salvador/zona-0001/d2d0be88cc29e870ad5b484a0e7c9ef0.jpg", "https://vocefiscal-poll-tape-uploads.s3.amazonaws.com/us-east-1%3A32d29305-ce9c-47a2-99ac-2bf2e0ab8281/br/ba/salvador/zona-0001/3c763ae6e5bbff2abfcc9587223420a0.jpg"], "estado": "BA", "secaoEleitoral": "0041", "data": 1414354229210, "municipio": "SALVADOR", "localDaVotacao": "1678"}