{"zonaEleitoral": "0013", "pictureURLList": ["https://vocefiscal-poll-tape-uploads.s3.amazonaws.com/us-east-1%3A0b274883-8a5b-454b-a877-d86617612b76/br/ba/salvador/zona-0013/9167269c0e1d0ca4607f39961c2da8cc.jpg", "https://vocefiscal-poll-tape-uploads.s3.amazonaws.com/us-east-1%3A0b274883-8a5b-454b-a877-d86617612b76/br/ba/salvador/zona-0013/89a6670f896495520ef6cbb7f21e2959.jpg", "https://vocefiscal-poll-tape-uploads.s3.amazonaws.com/us-east-1%3A0b274883-8a5b-454b-a877-d86617612b76/br/ba/salvador/zona-0013/1a9fa065ea2e688cc895f170c7d27cf1.jpg"], "estado": "BA", "data": 1414354229307, "municipio": "SALVADOR", "localDaVotacao": "1155", "secaoEleitoral": "0112"}