{"zonaEleitoral": "0035", "pictureURLList": ["https://vocefiscal-poll-tape-uploads.s3.amazonaws.com/us-east-1%3Ae71c9d88-c9fa-4176-b8da-3edc24fd4f5c/br/ba/mucuri/zona-0035/9d32f3308796637b85ae932e87eae5c1.jpg", "https://vocefiscal-poll-tape-uploads.s3.amazonaws.com/us-east-1%3Ae71c9d88-c9fa-4176-b8da-3edc24fd4f5c/br/ba/mucuri/zona-0035/7f43e4c9cf3cbea1fcc553114ccae383.jpg", "https://vocefiscal-poll-tape-uploads.s3.amazonaws.com/us-east-1%3Ae71c9d88-c9fa-4176-b8da-3edc24fd4f5c/br/ba/mucuri/zona-0035/fc571e532e2a6b6e40542a9a3f47fe14.jpg", "https://vocefiscal-poll-tape-uploads.s3.amazonaws.com/us-east-1%3Ae71c9d88-c9fa-4176-b8da-3edc24fd4f5c/br/ba/mucuri/zona-0035/a6c38a96f836ca5c05eb2174aad085c9.jpg"], "estado": "BA", "secaoEleitoral": "0195", "data": 1414356918670, "municipio": "MUCURI", "localDaVotacao": "1066"}