{"zonaEleitoral": "0041", "pictureURLList": ["https://vocefiscal-poll-tape-uploads.s3.amazonaws.com/us-east-1%3Ac867bfb9-0e98-4303-bdbe-08a68759c029/br/ba/vitoria-da-conquista/zona-0041/85a9df355469024eaad8efb4bd6c58ea.jpg", "https://vocefiscal-poll-tape-uploads.s3.amazonaws.com/us-east-1%3Ac867bfb9-0e98-4303-bdbe-08a68759c029/br/ba/vitoria-da-conquista/zona-0041/d66deb20999005e85951fa6161665fbc.jpg", "https://vocefiscal-poll-tape-uploads.s3.amazonaws.com/us-east-1%3Ac867bfb9-0e98-4303-bdbe-08a68759c029/br/ba/vitoria-da-conquista/zona-0041/560423bb2568edb28ccc3eb7ad412296.jpg"], "estado": "BA", "data": 1414355032402, "municipio": "VIT\u00d3RIA DA CONQUISTA", "localDaVotacao": "1511", "secaoEleitoral": "0181"}