{"zonaEleitoral": "0154", "pictureURLList": ["https://vocefiscal-poll-tape-uploads.s3.amazonaws.com/us-east-1%3Af5d11810-a03b-4eda-8cd9-0e77c554ce5e/br/ba/feira-de-santana/zona-0154/b91c1f82b8633a2e22464db66d382195.jpg", "https://vocefiscal-poll-tape-uploads.s3.amazonaws.com/us-east-1%3Af5d11810-a03b-4eda-8cd9-0e77c554ce5e/br/ba/feira-de-santana/zona-0154/dd2d4fd259722af3884c993ed398dd18.jpg", "https://vocefiscal-poll-tape-uploads.s3.amazonaws.com/us-east-1%3Af5d11810-a03b-4eda-8cd9-0e77c554ce5e/br/ba/feira-de-santana/zona-0154/7792f60b537197a01370e36941f3bbcd.jpg", "https://vocefiscal-poll-tape-uploads.s3.amazonaws.com/us-east-1%3Af5d11810-a03b-4eda-8cd9-0e77c554ce5e/br/ba/feira-de-santana/zona-0154/a92e46c870c3a98e2750075cc7a078b6.jpg"], "estado": "BA", "secaoEleitoral": "0097", "data": 1414352289306, "municipio": "FEIRA DE SANTANA", "localDaVotacao": "1066"}