{"zonaEleitoral": "0001", "pictureURLList": ["https://vocefiscal-poll-tape-uploads.s3.amazonaws.com/us-east-1%3Af150edb4-18af-4389-bde3-6bc59240355c/br/ba/salvador/zona-0001/bda13d5fd6294700a88f9110e750959.jpg", "https://vocefiscal-poll-tape-uploads.s3.amazonaws.com/us-east-1%3Af150edb4-18af-4389-bde3-6bc59240355c/br/ba/salvador/zona-0001/7abf3eef335fb7e80d52592beb4f2eaf.jpg", "https://vocefiscal-poll-tape-uploads.s3.amazonaws.com/us-east-1%3Af150edb4-18af-4389-bde3-6bc59240355c/br/ba/salvador/zona-0001/debc77c72f04b742c4c340543143134.jpg"], "estado": "BA", "secaoEleitoral": "0223", "data": 1414351276478, "municipio": "SALVADOR", "localDaVotacao": "1198"}