{"zonaEleitoral": "0041", "pictureURLList": ["https://vocefiscal-poll-tape-uploads.s3.amazonaws.com/us-east-1%3Ac867bfb9-0e98-4303-bdbe-08a68759c029/br/ba/vitoria-da-conquista/zona-0041/af3f5f213cb4d056b802a533783698e0.jpg", "https://vocefiscal-poll-tape-uploads.s3.amazonaws.com/us-east-1%3Ac867bfb9-0e98-4303-bdbe-08a68759c029/br/ba/vitoria-da-conquista/zona-0041/67d4c6cf80a95250d9c5d8ba01258632.jpg", "https://vocefiscal-poll-tape-uploads.s3.amazonaws.com/us-east-1%3Ac867bfb9-0e98-4303-bdbe-08a68759c029/br/ba/vitoria-da-conquista/zona-0041/dc34b8c5ea81bb8ac8230267f947cad1.jpg"], "estado": "BA", "secaoEleitoral": "0178", "data": 1414354981958, "municipio": "VIT\u00d3RIA DA CONQUISTA", "localDaVotacao": "1511"}