{"zonaEleitoral": "0155", "estado": "BA", "secaoEleitoral": "0192", "data": 1414354934327, "municipio": "FEIRA DE SANTANA", "pictureURLList": ["https://vocefiscal-poll-tape-uploads.s3.amazonaws.com/us-east-1%3A0253803f-d652-464a-8867-a775d3cc5894/br/ba/feira-de-santana/zona-0155/128fb0b7282d9d52b36e67398769a601.jpg", "https://vocefiscal-poll-tape-uploads.s3.amazonaws.com/us-east-1%3A0253803f-d652-464a-8867-a775d3cc5894/br/ba/feira-de-santana/zona-0155/bc450f1c108548de668a504cc52ee885.jpg", "https://vocefiscal-poll-tape-uploads.s3.amazonaws.com/us-east-1%3A0253803f-d652-464a-8867-a775d3cc5894/br/ba/feira-de-santana/zona-0155/ace922d101d127614d7fd4b30594b334.jpg"]}