{"zonaEleitoral": "0001", "pictureURLList": ["https://vocefiscal-poll-tape-uploads.s3.amazonaws.com/us-east-1%3Af150edb4-18af-4389-bde3-6bc59240355c/br/ba/salvador/zona-0001/d8849a9bd91eb89eef6d05f4a7e1c5fe.jpg", "https://vocefiscal-poll-tape-uploads.s3.amazonaws.com/us-east-1%3Af150edb4-18af-4389-bde3-6bc59240355c/br/ba/salvador/zona-0001/611b034b37bf369728359e40fbd17f63.jpg", "https://vocefiscal-poll-tape-uploads.s3.amazonaws.com/us-east-1%3Af150edb4-18af-4389-bde3-6bc59240355c/br/ba/salvador/zona-0001/c3b0fef8ea6983eafecb5e99398a3e94.jpg"], "estado": "BA", "secaoEleitoral": "0031", "data": 1414351442567, "municipio": "SALVADOR", "localDaVotacao": "1198"}