{"zonaEleitoral": "0041", "pictureURLList": ["https://vocefiscal-poll-tape-uploads.s3.amazonaws.com/us-east-1%3Ac867bfb9-0e98-4303-bdbe-08a68759c029/br/ba/vitoria-da-conquista/zona-0041/dfa79f22b417e647cc6eba213d9348b1.jpg", "https://vocefiscal-poll-tape-uploads.s3.amazonaws.com/us-east-1%3Ac867bfb9-0e98-4303-bdbe-08a68759c029/br/ba/vitoria-da-conquista/zona-0041/b5dc13016807c3aa3cc34ceb645db7fc.jpg", "https://vocefiscal-poll-tape-uploads.s3.amazonaws.com/us-east-1%3Ac867bfb9-0e98-4303-bdbe-08a68759c029/br/ba/vitoria-da-conquista/zona-0041/8915ef58cd3789e38ed0da94ddf6426a.jpg"], "estado": "BA", "secaoEleitoral": "0185", "data": 1414354680485, "municipio": "VIT\u00d3RIA DA CONQUISTA", "localDaVotacao": "1511"}