{"zonaEleitoral": "0142", "pictureURLList": ["https://vocefiscal-poll-tape-uploads.s3.amazonaws.com/us-east-1%3A37293f98-6046-4494-8836-bbd91eb27d72/br/ba/cruz-das-almas/zona-0142/51eb4cb34052a0e20b354885ae980f91.jpg", "https://vocefiscal-poll-tape-uploads.s3.amazonaws.com/us-east-1%3A37293f98-6046-4494-8836-bbd91eb27d72/br/ba/cruz-das-almas/zona-0142/b6c95e0cccff51b82bbd70aa358c5e9f.jpg"], "estado": "BA", "secaoEleitoral": "0006", "data": 1414351547920, "municipio": "CRUZ DAS ALMAS", "localDaVotacao": "1090"}