{"zonaEleitoral": "0039", "estado": "BA", "secaoEleitoral": "0033", "data": 1414354180910, "municipio": "VIT\u00d3RIA DA CONQUISTA", "pictureURLList": ["https://vocefiscal-poll-tape-uploads.s3.amazonaws.com/us-east-1%3Ace358e8b-1022-45f2-893a-4d87d62d3708/br/ba/vitoria-da-conquista/zona-0039/636989df42e6d4e6dc8800b32c8b5ad7.jpg", "https://vocefiscal-poll-tape-uploads.s3.amazonaws.com/us-east-1%3Ace358e8b-1022-45f2-893a-4d87d62d3708/br/ba/vitoria-da-conquista/zona-0039/c5b3d000187691060af9731bb87c4375.jpg", "https://vocefiscal-poll-tape-uploads.s3.amazonaws.com/us-east-1%3Ace358e8b-1022-45f2-893a-4d87d62d3708/br/ba/vitoria-da-conquista/zona-0039/97f4ef6faccf065f87a1183d0b045faf.jpg"]}