{"zonaEleitoral": "0128", "estado": "BA", "secaoEleitoral": "0090", "data": 1414365140271, "municipio": "AM\u00c9LIA RODRIGUES", "pictureURLList": ["https://vocefiscal-poll-tape-uploads.s3.amazonaws.com/us-east-1%3A109766cf-8087-44a8-b12b-e2287522109f/br/ba/amelia-rodrigues/zona-0128/1d6926b70e38f73dd689393cbe6fb829.jpg", "https://vocefiscal-poll-tape-uploads.s3.amazonaws.com/us-east-1%3A109766cf-8087-44a8-b12b-e2287522109f/br/ba/amelia-rodrigues/zona-0128/901acc9bbccc10705c615897185ac193.jpg", "https://vocefiscal-poll-tape-uploads.s3.amazonaws.com/us-east-1%3A109766cf-8087-44a8-b12b-e2287522109f/br/ba/amelia-rodrigues/zona-0128/ff0e2cc067bf0da2489b5211e86347b3.jpg"]}