{"zonaEleitoral": "0001", "estado": "BA", "secaoEleitoral": "0272", "data": 1414355803850, "municipio": "SALVADOR", "pictureURLList": ["https://vocefiscal-poll-tape-uploads.s3.amazonaws.com/us-east-1%3A32d29305-ce9c-47a2-99ac-2bf2e0ab8281/br/ba/salvador/zona-0001/d7ddb9693bc95e6a07527c322b796df1.jpg", "https://vocefiscal-poll-tape-uploads.s3.amazonaws.com/us-east-1%3A32d29305-ce9c-47a2-99ac-2bf2e0ab8281/br/ba/salvador/zona-0001/4d85a310a0e0021692d9f153f62a86b3.jpg", "https://vocefiscal-poll-tape-uploads.s3.amazonaws.com/us-east-1%3A32d29305-ce9c-47a2-99ac-2bf2e0ab8281/br/ba/salvador/zona-0001/d4933a32bf3db76f40279f3b680e1226.jpg"]}