{"zonaEleitoral": "0155", "estado": "BA", "secaoEleitoral": "0073", "data": 1414355904230, "municipio": "FEIRA DE SANTANA", "pictureURLList": ["https://vocefiscal-poll-tape-uploads.s3.amazonaws.com/us-east-1%3A0253803f-d652-464a-8867-a775d3cc5894/br/ba/feira-de-santana/zona-0155/932cef49159e354b8d81d8f875e26ddd.jpg", "https://vocefiscal-poll-tape-uploads.s3.amazonaws.com/us-east-1%3A0253803f-d652-464a-8867-a775d3cc5894/br/ba/feira-de-santana/zona-0155/6480db3246fb10b55d7c1b877ef719f7.jpg", "https://vocefiscal-poll-tape-uploads.s3.amazonaws.com/us-east-1%3A0253803f-d652-464a-8867-a775d3cc5894/br/ba/feira-de-santana/zona-0155/70495ff92a8bb3dde3564338f1b4d814.jpg"]}