{"zonaEleitoral": "0048", "estado": "BA", "data": 1414351003680, "municipio": "JUAZEIRO", "pictureURLList": ["https://vocefiscal-poll-tape-uploads.s3.amazonaws.com/us-east-1%3Aef0a89b0-6d7e-4991-b118-b6ef09a7804f/br/ba/juazeiro/zona-0048/b00aac8359ed62828466fb550d5a9ce.jpg", "https://vocefiscal-poll-tape-uploads.s3.amazonaws.com/us-east-1%3Aef0a89b0-6d7e-4991-b118-b6ef09a7804f/br/ba/juazeiro/zona-0048/cd43a150cbb011f20bb2a82aceccf793.jpg", "https://vocefiscal-poll-tape-uploads.s3.amazonaws.com/us-east-1%3Aef0a89b0-6d7e-4991-b118-b6ef09a7804f/br/ba/juazeiro/zona-0048/dd2ec211667a2d217136a65f3e0351ca.jpg"], "secaoEleitoral": "0129"}