{"zonaEleitoral": "0026", "estado": "BA", "data": 1414354549395, "municipio": "ILH\u00c9US", "pictureURLList": ["https://vocefiscal-poll-tape-uploads.s3.amazonaws.com/us-east-1%3A0924f978-5d69-4372-b651-6f05b693e130/br/ba/ilheus/zona-0026/329ec2da8bbf78d900356d1f8b61111c.jpg", "https://vocefiscal-poll-tape-uploads.s3.amazonaws.com/us-east-1%3A0924f978-5d69-4372-b651-6f05b693e130/br/ba/ilheus/zona-0026/cad1a5adfb534acc9cea13aec5e02fbb.jpg", "https://vocefiscal-poll-tape-uploads.s3.amazonaws.com/us-east-1%3A0924f978-5d69-4372-b651-6f05b693e130/br/ba/ilheus/zona-0026/c1525ec86b1641441c770d9a7bbca8a.jpg"], "secaoEleitoral": "0161"}