{"zonaEleitoral": "0006", "estado": "BA", "data": 1414354248397, "municipio": "SALVADOR", "pictureURLList": ["https://vocefiscal-poll-tape-uploads.s3.amazonaws.com/us-east-1%3A0da724e5-38cd-4966-9cc4-dc2c6d163a32/br/ba/salvador/zona-0006/c0e6dd9b70f232e5b6b276cdfda56ecd.jpg", "https://vocefiscal-poll-tape-uploads.s3.amazonaws.com/us-east-1%3A0da724e5-38cd-4966-9cc4-dc2c6d163a32/br/ba/salvador/zona-0006/4c91fdf478a0a130abbaf9b4ffaad38e.jpg", "https://vocefiscal-poll-tape-uploads.s3.amazonaws.com/us-east-1%3A0da724e5-38cd-4966-9cc4-dc2c6d163a32/br/ba/salvador/zona-0006/e80742d9c3fae90e1d3eba2862d9335b.jpg"], "secaoEleitoral": "0120"}