{"zonaEleitoral": "0026", "estado": "BA", "data": 1414354169350, "municipio": "ILH\u00c9US", "pictureURLList": ["https://vocefiscal-poll-tape-uploads.s3.amazonaws.com/us-east-1%3A198611e2-fff9-46bc-a13c-cb7943ff153f/br/ba/ilheus/zona-0026/c92211a989d629eda7d009454bbba878.jpg", "https://vocefiscal-poll-tape-uploads.s3.amazonaws.com/us-east-1%3A198611e2-fff9-46bc-a13c-cb7943ff153f/br/ba/ilheus/zona-0026/927083a57b450a6bd0ea27041ba40a38.jpg", "https://vocefiscal-poll-tape-uploads.s3.amazonaws.com/us-east-1%3A198611e2-fff9-46bc-a13c-cb7943ff153f/br/ba/ilheus/zona-0026/927083a57b450a6bd0ea27041ba40a38.jpg"], "secaoEleitoral": "0164"}