{"zonaEleitoral": "0154", "pictureURLList": ["https://vocefiscal-poll-tape-uploads.s3.amazonaws.com/us-east-1%3Af5d11810-a03b-4eda-8cd9-0e77c554ce5e/br/ba/feira-de-santana/zona-0154/fbd8bd36e45647608d55d1a44057691c.jpg", "https://vocefiscal-poll-tape-uploads.s3.amazonaws.com/us-east-1%3Af5d11810-a03b-4eda-8cd9-0e77c554ce5e/br/ba/feira-de-santana/zona-0154/d0bca5280052be23f141bbea609b5ddf.jpg", "https://vocefiscal-poll-tape-uploads.s3.amazonaws.com/us-east-1%3Af5d11810-a03b-4eda-8cd9-0e77c554ce5e/br/ba/feira-de-santana/zona-0154/ace9e15820f73c450b166329d08c14ad.jpg"], "estado": "BA", "secaoEleitoral": "0100", "data": 1414350844121, "municipio": "FEIRA DE SANTANA", "localDaVotacao": "1066"}