{"zonaEleitoral": "0013", "pictureURLList": ["https://vocefiscal-poll-tape-uploads.s3.amazonaws.com/us-east-1%3Ad96b8a65-d164-40fb-8de4-fa8837732f7d/br/ba/salvador/zona-0013/c1f6dfcb6a5b2ab393fa92a94db78bd6.jpg", "https://vocefiscal-poll-tape-uploads.s3.amazonaws.com/us-east-1%3Ad96b8a65-d164-40fb-8de4-fa8837732f7d/br/ba/salvador/zona-0013/2a0421a4dfab9b951d5e3956e760a114.jpg", "https://vocefiscal-poll-tape-uploads.s3.amazonaws.com/us-east-1%3Ad96b8a65-d164-40fb-8de4-fa8837732f7d/br/ba/salvador/zona-0013/e184546220bc2db1d55b14bb3591d830.jpg"], "estado": "BA", "data": 1414354572840, "municipio": "SALVADOR", "localDaVotacao": "1058", "secaoEleitoral": "0034"}