{"zonaEleitoral": "0013", "pictureURLList": ["https://vocefiscal-poll-tape-uploads.s3.amazonaws.com/us-east-1%3Ad1c705ab-1bdf-45ea-9da9-630f0ef51723/br/ba/salvador/zona-0013/2700d166273307c60a6d21bcce36d38b.jpg", "https://vocefiscal-poll-tape-uploads.s3.amazonaws.com/us-east-1%3Ad1c705ab-1bdf-45ea-9da9-630f0ef51723/br/ba/salvador/zona-0013/216e81b4d02e8102bc5961cd222db7b5.jpg", "https://vocefiscal-poll-tape-uploads.s3.amazonaws.com/us-east-1%3Ad1c705ab-1bdf-45ea-9da9-630f0ef51723/br/ba/salvador/zona-0013/5e5925a3e5d96fe63e8a51346e528fd3.jpg"], "estado": "BA", "data": 1414354915220, "municipio": "SALVADOR", "localDaVotacao": "1260", "secaoEleitoral": "0188"}