{"zonaEleitoral": "0013", "pictureURLList": ["https://vocefiscal-poll-tape-uploads.s3.amazonaws.com/us-east-1%3Ad1c705ab-1bdf-45ea-9da9-630f0ef51723/br/ba/salvador/zona-0013/4630da9584dc5f6be7c673298eb5634e.jpg", "https://vocefiscal-poll-tape-uploads.s3.amazonaws.com/us-east-1%3Ad1c705ab-1bdf-45ea-9da9-630f0ef51723/br/ba/salvador/zona-0013/42b11b2773ce6b61da364823b93db769.jpg", "https://vocefiscal-poll-tape-uploads.s3.amazonaws.com/us-east-1%3Ad1c705ab-1bdf-45ea-9da9-630f0ef51723/br/ba/salvador/zona-0013/d7869380a9bfbe6ef7006f5f5358ba7e.jpg", "https://vocefiscal-poll-tape-uploads.s3.amazonaws.com/us-east-1%3Ad1c705ab-1bdf-45ea-9da9-630f0ef51723/br/ba/salvador/zona-0013/951b8aa17fb9aa92c4a3065cb4d228e3.jpg"], "estado": "BA", "data": 1414354292509, "municipio": "SALVADOR", "localDaVotacao": "1260", "secaoEleitoral": "0208"}