{"zonaEleitoral": "0013", "pictureURLList": ["https://vocefiscal-poll-tape-uploads.s3.amazonaws.com/us-east-1%3Ad96b8a65-d164-40fb-8de4-fa8837732f7d/br/ba/salvador/zona-0013/2930cda17c4e6c1de690f7a64862f064.jpg", "https://vocefiscal-poll-tape-uploads.s3.amazonaws.com/us-east-1%3Ad96b8a65-d164-40fb-8de4-fa8837732f7d/br/ba/salvador/zona-0013/619c62918f20448530612da04f7fc153.jpg", "https://vocefiscal-poll-tape-uploads.s3.amazonaws.com/us-east-1%3Ad96b8a65-d164-40fb-8de4-fa8837732f7d/br/ba/salvador/zona-0013/ad77ce3edbf9a477ea8f9799b90c50bf.jpg"], "estado": "BA", "secaoEleitoral": "0030", "data": 1414354474694, "municipio": "SALVADOR", "localDaVotacao": "1058"}