{"zonaEleitoral": "0128", "pictureURLList": ["https://vocefiscal-poll-tape-uploads.s3.amazonaws.com/us-east-1%3A109766cf-8087-44a8-b12b-e2287522109f/br/ba/amelia-rodrigues/zona-0128/af0fe13997621258713ba65fd50dbed5.jpg", "https://vocefiscal-poll-tape-uploads.s3.amazonaws.com/us-east-1%3A109766cf-8087-44a8-b12b-e2287522109f/br/ba/amelia-rodrigues/zona-0128/cfce3b88e82e8c9dc83385f758d93ced.jpg", "https://vocefiscal-poll-tape-uploads.s3.amazonaws.com/us-east-1%3A109766cf-8087-44a8-b12b-e2287522109f/br/ba/amelia-rodrigues/zona-0128/a30137589c0112dd20128b75ba08bfdd.jpg", "https://vocefiscal-poll-tape-uploads.s3.amazonaws.com/us-east-1%3A109766cf-8087-44a8-b12b-e2287522109f/br/ba/amelia-rodrigues/zona-0128/52093676f314416116da596332f118a5.jpg"], "estado": "BA", "secaoEleitoral": "0090", "data": 1414370335327, "municipio": "AM\u00c9LIA RODRIGUES", "localDaVotacao": "1015"}