{"zonaEleitoral": "0001", "pictureURLList": ["https://vocefiscal-poll-tape-uploads.s3.amazonaws.com/us-east-1%3A32d29305-ce9c-47a2-99ac-2bf2e0ab8281/br/ba/salvador/zona-0001/ad6fc5ac537227a531d866ecadad3622.jpg", "https://vocefiscal-poll-tape-uploads.s3.amazonaws.com/us-east-1%3A32d29305-ce9c-47a2-99ac-2bf2e0ab8281/br/ba/salvador/zona-0001/a271fde522b15050e754277e1e13293f.jpg", "https://vocefiscal-poll-tape-uploads.s3.amazonaws.com/us-east-1%3A32d29305-ce9c-47a2-99ac-2bf2e0ab8281/br/ba/salvador/zona-0001/f46233d9ac1c1cb3018f30b9ad07c335.jpg"], "estado": "BA", "secaoEleitoral": "0275", "data": 1414354637500, "municipio": "SALVADOR", "localDaVotacao": "1023"}