{"zonaEleitoral": "0127", "pictureURLList": ["https://vocefiscal-poll-tape-uploads.s3.amazonaws.com/us-east-1%3Aabe22b0f-e2c3-4a4f-a305-19de4c8b5733/br/ba/candeias/zona-0127/d7910baca26a5db8e2a302f36b45d5eb.jpg", "https://vocefiscal-poll-tape-uploads.s3.amazonaws.com/us-east-1%3Aabe22b0f-e2c3-4a4f-a305-19de4c8b5733/br/ba/candeias/zona-0127/7f25b58de275a29d29419d0d2116e060.jpg", "https://vocefiscal-poll-tape-uploads.s3.amazonaws.com/us-east-1%3Aabe22b0f-e2c3-4a4f-a305-19de4c8b5733/br/ba/candeias/zona-0127/591d75db3eef2831d94b52cf2b6b6302.jpg"], "estado": "BA", "secaoEleitoral": "0327", "data": 1414354640888, "municipio": "CANDEIAS", "localDaVotacao": "1201"}