{"zonaEleitoral": "0041", "pictureURLList": ["https://vocefiscal-poll-tape-uploads.s3.amazonaws.com/us-east-1%3Ac867bfb9-0e98-4303-bdbe-08a68759c029/br/ba/vitoria-da-conquista/zona-0041/b8d6392b9677a6aa6ce0120899a4d22a.jpg", "https://vocefiscal-poll-tape-uploads.s3.amazonaws.com/us-east-1%3Ac867bfb9-0e98-4303-bdbe-08a68759c029/br/ba/vitoria-da-conquista/zona-0041/259a3875c1d56682b210817c88f893c9.jpg", "https://vocefiscal-poll-tape-uploads.s3.amazonaws.com/us-east-1%3Ac867bfb9-0e98-4303-bdbe-08a68759c029/br/ba/vitoria-da-conquista/zona-0041/99b4de8e14a4c0614123162ed3452459.jpg"], "estado": "BA", "secaoEleitoral": "0187", "data": 1414354420652, "municipio": "VIT\u00d3RIA DA CONQUISTA", "localDaVotacao": "1511"}