{"zonaEleitoral": "0154", "pictureURLList": ["https://vocefiscal-poll-tape-uploads.s3.amazonaws.com/us-east-1%3Af5d11810-a03b-4eda-8cd9-0e77c554ce5e/br/ba/feira-de-santana/zona-0154/b5a6f993a318f0c771e2d76d9efcfd42.jpg", "https://vocefiscal-poll-tape-uploads.s3.amazonaws.com/us-east-1%3Af5d11810-a03b-4eda-8cd9-0e77c554ce5e/br/ba/feira-de-santana/zona-0154/732b4116c9d83e73df38dbba3ae92716.jpg", "https://vocefiscal-poll-tape-uploads.s3.amazonaws.com/us-east-1%3Af5d11810-a03b-4eda-8cd9-0e77c554ce5e/br/ba/feira-de-santana/zona-0154/7b7fde4f5f7b1636786b87797aab8de9.jpg", "https://vocefiscal-poll-tape-uploads.s3.amazonaws.com/us-east-1%3Af5d11810-a03b-4eda-8cd9-0e77c554ce5e/br/ba/feira-de-santana/zona-0154/89649f5717fbc3cd12098b8d3da5e0e7.jpg"], "estado": "BA", "secaoEleitoral": "0195", "data": 1414352184836, "municipio": "FEIRA DE SANTANA", "localDaVotacao": "1066"}