{"zonaEleitoral": "0142", "pictureURLList": ["https://vocefiscal-poll-tape-uploads.s3.amazonaws.com/us-east-1%3A37293f98-6046-4494-8836-bbd91eb27d72/br/ba/cruz-das-almas/zona-0142/6a8ee3fea268bb42e98f9ee59481a05a.jpg", "https://vocefiscal-poll-tape-uploads.s3.amazonaws.com/us-east-1%3A37293f98-6046-4494-8836-bbd91eb27d72/br/ba/cruz-das-almas/zona-0142/e7ad95d1c74152a6c4a2eece37aac832.jpg"], "estado": "BA", "secaoEleitoral": "0023", "data": 1414351708008, "municipio": "CRUZ DAS ALMAS", "localDaVotacao": "1090"}