{"zonaEleitoral": "0026", "estado": "BA", "data": 1414355409968, "municipio": "ILH\u00c9US", "pictureURLList": ["https://vocefiscal-poll-tape-uploads.s3.amazonaws.com/us-east-1%3A198611e2-fff9-46bc-a13c-cb7943ff153f/br/ba/ilheus/zona-0026/4de6d5f2988e917e319cf724e0ccfb6d.jpg", "https://vocefiscal-poll-tape-uploads.s3.amazonaws.com/us-east-1%3A198611e2-fff9-46bc-a13c-cb7943ff153f/br/ba/ilheus/zona-0026/80181d80de3fd753a7e4eaa74efc2736.jpg", "https://vocefiscal-poll-tape-uploads.s3.amazonaws.com/us-east-1%3A198611e2-fff9-46bc-a13c-cb7943ff153f/br/ba/ilheus/zona-0026/4a9ebd15c821c712d4d31a92e2bc83bf.jpg"], "secaoEleitoral": "0152"}