{"zonaEleitoral": "0006", "estado": "BA", "data": 1414354481291, "municipio": "SALVADOR", "pictureURLList": ["https://vocefiscal-poll-tape-uploads.s3.amazonaws.com/us-east-1%3A0da724e5-38cd-4966-9cc4-dc2c6d163a32/br/ba/salvador/zona-0006/35d0822a2bc88227d9e3a54da5431798.jpg", "https://vocefiscal-poll-tape-uploads.s3.amazonaws.com/us-east-1%3A0da724e5-38cd-4966-9cc4-dc2c6d163a32/br/ba/salvador/zona-0006/98e6cb67fe522a641d4e0e31eb578b04.jpg", "https://vocefiscal-poll-tape-uploads.s3.amazonaws.com/us-east-1%3A0da724e5-38cd-4966-9cc4-dc2c6d163a32/br/ba/salvador/zona-0006/e3bc7b40202aaa43f0f81c6fc57c8ae7.jpg"], "secaoEleitoral": "0111"}