{"zonaEleitoral": "0128", "estado": "BA", "secaoEleitoral": "0122", "data": 1414365826182, "municipio": "AM\u00c9LIA RODRIGUES", "pictureURLList": ["https://vocefiscal-poll-tape-uploads.s3.amazonaws.com/us-east-1%3A109766cf-8087-44a8-b12b-e2287522109f/br/ba/amelia-rodrigues/zona-0128/17b80ac34d473af1424a2a18ea707faa.jpg", "https://vocefiscal-poll-tape-uploads.s3.amazonaws.com/us-east-1%3A109766cf-8087-44a8-b12b-e2287522109f/br/ba/amelia-rodrigues/zona-0128/f7602101fd0e8b21f27dd2a6a7af676d.jpg", "https://vocefiscal-poll-tape-uploads.s3.amazonaws.com/us-east-1%3A109766cf-8087-44a8-b12b-e2287522109f/br/ba/amelia-rodrigues/zona-0128/a2a9cd95ab2d739d85f120a6cac05a8.jpg"]}