{"zonaEleitoral": "0013", "pictureURLList": ["https://vocefiscal-poll-tape-uploads.s3.amazonaws.com/us-east-1%3Ad1c705ab-1bdf-45ea-9da9-630f0ef51723/br/ba/salvador/zona-0013/e11356976a857ae4feb00ffe0429d383.jpg", "https://vocefiscal-poll-tape-uploads.s3.amazonaws.com/us-east-1%3Ad1c705ab-1bdf-45ea-9da9-630f0ef51723/br/ba/salvador/zona-0013/873c45c496a490afadc3d10021f8e51b.jpg", "https://vocefiscal-poll-tape-uploads.s3.amazonaws.com/us-east-1%3Ad1c705ab-1bdf-45ea-9da9-630f0ef51723/br/ba/salvador/zona-0013/3217ef8bffc81f5672a6e0ddfd392be5.jpg"], "estado": "BA", "data": 1414355079778, "municipio": "SALVADOR", "localDaVotacao": "1260", "secaoEleitoral": "0200"}