{"municipio": "MANAUS", "localDaVotacao": "1163", "data": 1414357997249, "estado": "AM", "pictureURLList": ["https://vocefiscal-poll-tape-uploads.s3.amazonaws.com/us-east-1%3A22c12d15-42bc-45c0-a155-55c162606489/br/am/manaus/zona-0037/c95cdb7fa704fd858a79db269066ee.jpg", "https://vocefiscal-poll-tape-uploads.s3.amazonaws.com/us-east-1%3A22c12d15-42bc-45c0-a155-55c162606489/br/am/manaus/zona-0037/335f61f5add41ed3c4da954d031cb7a.jpg", "https://vocefiscal-poll-tape-uploads.s3.amazonaws.com/us-east-1%3A22c12d15-42bc-45c0-a155-55c162606489/br/am/manaus/zona-0037/fa86acf81a139dc26ac7c1be2e122336.jpg"], "secaoEleitoral": "0304", "zonaEleitoral": "0037"}