{"pictureURLList": ["https://vocefiscal-poll-tape-uploads.s3.amazonaws.com/us-east-1%3A5f08456c-0af8-483b-b299-d935edf78f55/br/ce/maracanau/zona-0104/79a9a501972c32f8de4010a24e90ba76.jpg", "https://vocefiscal-poll-tape-uploads.s3.amazonaws.com/us-east-1%3A5f08456c-0af8-483b-b299-d935edf78f55/br/ce/maracanau/zona-0104/58702488a4871d30dfd51c16f24ee8ad.jpg", "https://vocefiscal-poll-tape-uploads.s3.amazonaws.com/us-east-1%3A5f08456c-0af8-483b-b299-d935edf78f55/br/ce/maracanau/zona-0104/b89c559b859ffa669ed0bd6fddabbe56.jpg"], "data": 1414352834696, "estado": "CE", "municipio": "MARACANA\u00da", "zonaEleitoral": "0104", "localDaVotacao": "1759", "secaoEleitoral": "0336"}