{"data": 1412544493281, "estado": "BA", "secaoEleitoral": "0123", "zonaEleitoral": "0132", "pictureURLList": ["https://vocefiscal-poll-tape-uploads.s3.amazonaws.com/us-east-1%3A065519f2-109a-4249-8421-d3c4630c9c49/br/ba/conceicao-do-coite/zona-0132/61c6ac6b4b91db0ec2576719c2001ee6.jpg", "https://vocefiscal-poll-tape-uploads.s3.amazonaws.com/us-east-1%3A065519f2-109a-4249-8421-d3c4630c9c49/br/ba/conceicao-do-coite/zona-0132/598e4d46cc8d505415efacbcde79218f.jpg", "https://vocefiscal-poll-tape-uploads.s3.amazonaws.com/us-east-1%3A065519f2-109a-4249-8421-d3c4630c9c49/br/ba/conceicao-do-coite/zona-0132/6b0513e6960da79bfc2ed81c94c2aec3.jpg", "https://vocefiscal-poll-tape-uploads.s3.amazonaws.com/us-east-1%3A065519f2-109a-4249-8421-d3c4630c9c49/br/ba/conceicao-do-coite/zona-0132/5527c0cddea742aeaee7cda65f8b3716.jpg", "https://vocefiscal-poll-tape-uploads.s3.amazonaws.com/us-east-1%3A065519f2-109a-4249-8421-d3c4630c9c49/br/ba/conceicao-do-coite/zona-0132/5b2238b38ecab05372206b61e325c5e5.jpg", "https://vocefiscal-poll-tape-uploads.s3.amazonaws.com/us-east-1%3A065519f2-109a-4249-8421-d3c4630c9c49/br/ba/conceicao-do-coite/zona-0132/16a70ef08bf4b49c9618cf1b0897ed8e.jpg", "https://vocefiscal-poll-tape-uploads.s3.amazonaws.com/us-east-1%3A065519f2-109a-4249-8421-d3c4630c9c49/br/ba/conceicao-do-coite/zona-0132/75f5ad1a0c31fde2d6b4ce1a8450e814.jpg", "https://vocefiscal-poll-tape-uploads.s3.amazonaws.com/us-east-1%3A065519f2-109a-4249-8421-d3c4630c9c49/br/ba/conceicao-do-coite/zona-0132/bc3999fc197b3fe1fe6775d2b9aa7ae3.jpg"], "municipio": "CONCEI\u00c7\u00c3O DO COIT\u00c9"}
