{"data": 1412544668387, "estado": "BA", "secaoEleitoral": "0123", "zonaEleitoral": "0132", "pictureURLList": ["https://vocefiscal-poll-tape-uploads.s3.amazonaws.com/us-east-1%3A065519f2-109a-4249-8421-d3c4630c9c49/br/ba/conceicao-do-coite/zona-0132/2f487a5876450c6507d4212220a99255.jpg", "https://vocefiscal-poll-tape-uploads.s3.amazonaws.com/us-east-1%3A065519f2-109a-4249-8421-d3c4630c9c49/br/ba/conceicao-do-coite/zona-0132/550d5a72d24547db91a89a18ad2b0420.jpg", "https://vocefiscal-poll-tape-uploads.s3.amazonaws.com/us-east-1%3A065519f2-109a-4249-8421-d3c4630c9c49/br/ba/conceicao-do-coite/zona-0132/f5c978049e0cba8af17d788d3504eb76.jpg", "https://vocefiscal-poll-tape-uploads.s3.amazonaws.com/us-east-1%3A065519f2-109a-4249-8421-d3c4630c9c49/br/ba/conceicao-do-coite/zona-0132/4d8a17d3b4a334ee7a6a39fdacf01040.jpg", "https://vocefiscal-poll-tape-uploads.s3.amazonaws.com/us-east-1%3A065519f2-109a-4249-8421-d3c4630c9c49/br/ba/conceicao-do-coite/zona-0132/b451fca51a664820c63b6c5824ac1f16.jpg", "https://vocefiscal-poll-tape-uploads.s3.amazonaws.com/us-east-1%3A065519f2-109a-4249-8421-d3c4630c9c49/br/ba/conceicao-do-coite/zona-0132/a685b97a191361fae68d4bcf66add333.jpg", "https://vocefiscal-poll-tape-uploads.s3.amazonaws.com/us-east-1%3A065519f2-109a-4249-8421-d3c4630c9c49/br/ba/conceicao-do-coite/zona-0132/af92949f45faa38150b45097063b5b6e.jpg", "https://vocefiscal-poll-tape-uploads.s3.amazonaws.com/us-east-1%3A065519f2-109a-4249-8421-d3c4630c9c49/br/ba/conceicao-do-coite/zona-0132/280fb7542110e20f7b50d9fac094810a.jpg", "https://vocefiscal-poll-tape-uploads.s3.amazonaws.com/us-east-1%3A065519f2-109a-4249-8421-d3c4630c9c49/br/ba/conceicao-do-coite/zona-0132/bff4743988156dd2697a7da972e0e058.jpg"], "municipio": "CONCEI\u00c7\u00c3O DO COIT\u00c9"}
