{"zonaEleitoral": "0128", "pictureURLList": ["https://vocefiscal-poll-tape-uploads.s3.amazonaws.com/us-east-1%3A109766cf-8087-44a8-b12b-e2287522109f/br/ba/amelia-rodrigues/zona-0128/a9ecec5f1d58fbb24fcf8061d01b352a.jpg", "https://vocefiscal-poll-tape-uploads.s3.amazonaws.com/us-east-1%3A109766cf-8087-44a8-b12b-e2287522109f/br/ba/amelia-rodrigues/zona-0128/f55580f1baba04adab4ba713aad92ad.jpg", "https://vocefiscal-poll-tape-uploads.s3.amazonaws.com/us-east-1%3A109766cf-8087-44a8-b12b-e2287522109f/br/ba/amelia-rodrigues/zona-0128/2ab88fb4316179743c55c56ef71702e6.jpg", "https://vocefiscal-poll-tape-uploads.s3.amazonaws.com/us-east-1%3A109766cf-8087-44a8-b12b-e2287522109f/br/ba/amelia-rodrigues/zona-0128/1c075f7a23928042056e47e4f5481903.jpg"], "estado": "BA", "secaoEleitoral": "0113", "data": 1414369639320, "municipio": "AM\u00c9LIA RODRIGUES", "localDaVotacao": "1031"}