{"pictureURLList": ["https://vocefiscal-poll-tape-uploads.s3.amazonaws.com/us-east-1%3A0131a38d-08f3-4ea5-ad2e-b485371a8d6e/br/ce/fortaleza/zona-0094/3eda1b3f0fa5d736ee227145938cc0db.jpg", "https://vocefiscal-poll-tape-uploads.s3.amazonaws.com/us-east-1%3A0131a38d-08f3-4ea5-ad2e-b485371a8d6e/br/ce/fortaleza/zona-0094/d30209aa622a0ea89ca556b0ae92aa60.jpg", "https://vocefiscal-poll-tape-uploads.s3.amazonaws.com/us-east-1%3A0131a38d-08f3-4ea5-ad2e-b485371a8d6e/br/ce/fortaleza/zona-0094/a9c8019fad76c59d0f0f9f875a64246.jpg"], "data": 1414351001976, "estado": "CE", "municipio": "FORTALEZA", "zonaEleitoral": "0094", "secaoEleitoral": "0258"}