{"pictureURLList": ["https://vocefiscal-poll-tape-uploads.s3.amazonaws.com/us-east-1%3A861575cf-8ff6-4a66-9ff8-ae19c30abf6a/br/ce/fortaleza/zona-0082/3bb8368b182e3b336e5136634d799ffa.jpg", "https://vocefiscal-poll-tape-uploads.s3.amazonaws.com/us-east-1%3A861575cf-8ff6-4a66-9ff8-ae19c30abf6a/br/ce/fortaleza/zona-0082/a63c0827e4089a41290a7b97b7e91ef9.jpg", "https://vocefiscal-poll-tape-uploads.s3.amazonaws.com/us-east-1%3A861575cf-8ff6-4a66-9ff8-ae19c30abf6a/br/ce/fortaleza/zona-0082/1efde10e063804e9ac4cef6a8e882741.jpg", "https://vocefiscal-poll-tape-uploads.s3.amazonaws.com/us-east-1%3A861575cf-8ff6-4a66-9ff8-ae19c30abf6a/br/ce/fortaleza/zona-0082/727230641bef0fe7d6517cb2d0f0d61e.jpg"], "data": 1414355589991, "estado": "CE", "municipio": "FORTALEZA", "zonaEleitoral": "0082", "secaoEleitoral": "0626"}