{"pictureURLList": ["https://vocefiscal-poll-tape-uploads.s3.amazonaws.com/us-east-1%3Afc02f982-09ac-4107-96e1-f820ba70bf0e/br/ce/fortaleza/zona-0001/628273c783b4bb435270727b92cb8fe4.jpg", "https://vocefiscal-poll-tape-uploads.s3.amazonaws.com/us-east-1%3Afc02f982-09ac-4107-96e1-f820ba70bf0e/br/ce/fortaleza/zona-0001/5ca587b30ad94ee8628e7f253aa7bab8.jpg", "https://vocefiscal-poll-tape-uploads.s3.amazonaws.com/us-east-1%3Afc02f982-09ac-4107-96e1-f820ba70bf0e/br/ce/fortaleza/zona-0001/628273c783b4bb435270727b92cb8fe4.jpg", "https://vocefiscal-poll-tape-uploads.s3.amazonaws.com/us-east-1%3Afc02f982-09ac-4107-96e1-f820ba70bf0e/br/ce/fortaleza/zona-0001/e879ce898e21ff132960cd4bf7887a07.jpg", "https://vocefiscal-poll-tape-uploads.s3.amazonaws.com/us-east-1%3Afc02f982-09ac-4107-96e1-f820ba70bf0e/br/ce/fortaleza/zona-0001/57ee16bf0842e15f980c988e13315c51.jpg"], "data": 1414348141630, "estado": "CE", "municipio": "FORTALEZA", "zonaEleitoral": "0001", "localDaVotacao": "1287", "secaoEleitoral": "0137"}