{"pictureURLList": ["https://vocefiscal-poll-tape-uploads.s3.amazonaws.com/us-east-1%3A4f31be2c-deb3-49a7-ab88-af8c09a7d9dc/br/ce/fortaleza/zona-0112/879a707977e977dd0225a2ddd9642d78.jpg", "https://vocefiscal-poll-tape-uploads.s3.amazonaws.com/us-east-1%3A4f31be2c-deb3-49a7-ab88-af8c09a7d9dc/br/ce/fortaleza/zona-0112/c0b5ac2b2b3f8e619a0e86e8473d3d6e.jpg", "https://vocefiscal-poll-tape-uploads.s3.amazonaws.com/us-east-1%3A4f31be2c-deb3-49a7-ab88-af8c09a7d9dc/br/ce/fortaleza/zona-0112/db859b5f5812ad4925f45b0cfe5bc4cd.jpg", "https://vocefiscal-poll-tape-uploads.s3.amazonaws.com/us-east-1%3A4f31be2c-deb3-49a7-ab88-af8c09a7d9dc/br/ce/fortaleza/zona-0112/ab26084e7c99d49b3501857dfe9ce0bf.jpg", "https://vocefiscal-poll-tape-uploads.s3.amazonaws.com/us-east-1%3A4f31be2c-deb3-49a7-ab88-af8c09a7d9dc/br/ce/fortaleza/zona-0112/53b57da5709812ce31f765ae47631f63.jpg", "https://vocefiscal-poll-tape-uploads.s3.amazonaws.com/us-east-1%3A4f31be2c-deb3-49a7-ab88-af8c09a7d9dc/br/ce/fortaleza/zona-0112/73a02ecf49a2092499c18a5d90622c9c.jpg"], "data": 1414355065237, "estado": "CE", "municipio": "FORTALEZA", "zonaEleitoral": "0112", "localDaVotacao": "1090", "secaoEleitoral": "0038"}