{"pictureURLList": ["https://vocefiscal-poll-tape-uploads.s3.amazonaws.com/us-east-1%3A0131a38d-08f3-4ea5-ad2e-b485371a8d6e/br/ce/fortaleza/zona-0094/afbc4dfcd4d727a097270f340945fd9f.jpg", "https://vocefiscal-poll-tape-uploads.s3.amazonaws.com/us-east-1%3A0131a38d-08f3-4ea5-ad2e-b485371a8d6e/br/ce/fortaleza/zona-0094/4d1bfd326842cb92fc5cdbcf2f3b84b5.jpg", "https://vocefiscal-poll-tape-uploads.s3.amazonaws.com/us-east-1%3A0131a38d-08f3-4ea5-ad2e-b485371a8d6e/br/ce/fortaleza/zona-0094/5dc64804b1c021ed737ca724c1ed6d2b.jpg"], "data": 1414351085640, "estado": "CE", "municipio": "FORTALEZA", "zonaEleitoral": "0094", "secaoEleitoral": "0253"}