{"pictureURLList": ["https://vocefiscal-poll-tape-uploads.s3.amazonaws.com/us-east-1%3A861575cf-8ff6-4a66-9ff8-ae19c30abf6a/br/ce/fortaleza/zona-0082/9e51c5efa399436cb1d4a5187e351c12.jpg", "https://vocefiscal-poll-tape-uploads.s3.amazonaws.com/us-east-1%3A861575cf-8ff6-4a66-9ff8-ae19c30abf6a/br/ce/fortaleza/zona-0082/cfa161d86b39f6f01e15170ac3815bb6.jpg", "https://vocefiscal-poll-tape-uploads.s3.amazonaws.com/us-east-1%3A861575cf-8ff6-4a66-9ff8-ae19c30abf6a/br/ce/fortaleza/zona-0082/ca612cf4cb40bd5f091936b696fe90e7.jpg", "https://vocefiscal-poll-tape-uploads.s3.amazonaws.com/us-east-1%3A861575cf-8ff6-4a66-9ff8-ae19c30abf6a/br/ce/fortaleza/zona-0082/22e094f1069fc700bd180e30130aaa7a.jpg"], "data": 1414354922694, "estado": "CE", "municipio": "FORTALEZA", "zonaEleitoral": "0082", "secaoEleitoral": "0626"}