{"pictureURLList": ["https://vocefiscal-poll-tape-uploads.s3.amazonaws.com/us-east-1%3A4f31be2c-deb3-49a7-ab88-af8c09a7d9dc/br/ce/fortaleza/zona-0112/64821e8187cc2e41e0c6304e9939399c.jpg", "https://vocefiscal-poll-tape-uploads.s3.amazonaws.com/us-east-1%3A4f31be2c-deb3-49a7-ab88-af8c09a7d9dc/br/ce/fortaleza/zona-0112/e019e53d9ec63f3571ed9add46d653a2.jpg", "https://vocefiscal-poll-tape-uploads.s3.amazonaws.com/us-east-1%3A4f31be2c-deb3-49a7-ab88-af8c09a7d9dc/br/ce/fortaleza/zona-0112/8b02b3a3666f3ffb978677ecd342424d.jpg", "https://vocefiscal-poll-tape-uploads.s3.amazonaws.com/us-east-1%3A4f31be2c-deb3-49a7-ab88-af8c09a7d9dc/br/ce/fortaleza/zona-0112/824b2f0125df6f515384d91012f994df.jpg", "https://vocefiscal-poll-tape-uploads.s3.amazonaws.com/us-east-1%3A4f31be2c-deb3-49a7-ab88-af8c09a7d9dc/br/ce/fortaleza/zona-0112/88c390512af398ae6e114f431ffa57a2.jpg", "https://vocefiscal-poll-tape-uploads.s3.amazonaws.com/us-east-1%3A4f31be2c-deb3-49a7-ab88-af8c09a7d9dc/br/ce/fortaleza/zona-0112/b66e076b59945cc20017f97be1f8c3d7.jpg", "https://vocefiscal-poll-tape-uploads.s3.amazonaws.com/us-east-1%3A4f31be2c-deb3-49a7-ab88-af8c09a7d9dc/br/ce/fortaleza/zona-0112/4541c694069e18ff134fc6c0b1eebec3.jpg", "https://vocefiscal-poll-tape-uploads.s3.amazonaws.com/us-east-1%3A4f31be2c-deb3-49a7-ab88-af8c09a7d9dc/br/ce/fortaleza/zona-0112/9e8eb63df43a35205fb0318601235810.jpg"], "data": 1414354840428, "estado": "CE", "municipio": "FORTALEZA", "zonaEleitoral": "0112", "localDaVotacao": "1090", "secaoEleitoral": "0036"}