{"pictureURLList": ["https://vocefiscal-poll-tape-uploads.s3.amazonaws.com/us-east-1%3A0131a38d-08f3-4ea5-ad2e-b485371a8d6e/br/ce/fortaleza/zona-0094/8e77de1075fbe2503a0b9deb50997848.jpg", "https://vocefiscal-poll-tape-uploads.s3.amazonaws.com/us-east-1%3A0131a38d-08f3-4ea5-ad2e-b485371a8d6e/br/ce/fortaleza/zona-0094/1ec9872b16b1b7d3ab7209ad08d8b8a7.jpg", "https://vocefiscal-poll-tape-uploads.s3.amazonaws.com/us-east-1%3A0131a38d-08f3-4ea5-ad2e-b485371a8d6e/br/ce/fortaleza/zona-0094/262e4789026592bd76a180321ac96ad4.jpg"], "data": 1414350910463, "estado": "CE", "municipio": "FORTALEZA", "zonaEleitoral": "0094", "secaoEleitoral": "0258"}