{"pictureURLList": ["https://vocefiscal-poll-tape-uploads.s3.amazonaws.com/us-east-1%3Afc02f982-09ac-4107-96e1-f820ba70bf0e/br/ce/fortaleza/zona-0001/a650c8beed3c40554dcd93bb71c6ca06.jpg", "https://vocefiscal-poll-tape-uploads.s3.amazonaws.com/us-east-1%3Afc02f982-09ac-4107-96e1-f820ba70bf0e/br/ce/fortaleza/zona-0001/c3ad01be0ab44f3abdf229d27b3bf8fe.jpg", "https://vocefiscal-poll-tape-uploads.s3.amazonaws.com/us-east-1%3Afc02f982-09ac-4107-96e1-f820ba70bf0e/br/ce/fortaleza/zona-0001/6d711393279858d7a844f28910c62e0f.jpg", "https://vocefiscal-poll-tape-uploads.s3.amazonaws.com/us-east-1%3Afc02f982-09ac-4107-96e1-f820ba70bf0e/br/ce/fortaleza/zona-0001/4d534e81242b09de94c0381b19431376.jpg"], "data": 1414347846894, "estado": "CE", "municipio": "FORTALEZA", "zonaEleitoral": "0001", "localDaVotacao": "1287", "secaoEleitoral": "0139"}