{"pictureURLList": ["https://vocefiscal-poll-tape-uploads.s3.amazonaws.com/us-east-1%3Ad53ab29f-bcaa-4a9f-9fc2-c9cd634f5870/br/ce/fortaleza/zona-0002/f0582ff55967137c72e1d273096f5ac9.jpg", "https://vocefiscal-poll-tape-uploads.s3.amazonaws.com/us-east-1%3Ad53ab29f-bcaa-4a9f-9fc2-c9cd634f5870/br/ce/fortaleza/zona-0002/68d55efebb341bc7dc3103589d7d4d3.jpg", "https://vocefiscal-poll-tape-uploads.s3.amazonaws.com/us-east-1%3Ad53ab29f-bcaa-4a9f-9fc2-c9cd634f5870/br/ce/fortaleza/zona-0002/9e661118573a93355caec56324aa3723.jpg", "https://vocefiscal-poll-tape-uploads.s3.amazonaws.com/us-east-1%3Ad53ab29f-bcaa-4a9f-9fc2-c9cd634f5870/br/ce/fortaleza/zona-0002/baee48dd52c3dd22afb86653864d375a.jpg", "https://vocefiscal-poll-tape-uploads.s3.amazonaws.com/us-east-1%3Ad53ab29f-bcaa-4a9f-9fc2-c9cd634f5870/br/ce/fortaleza/zona-0002/3a85f07a78698d7d97d92bbaf6bd910d.jpg", "https://vocefiscal-poll-tape-uploads.s3.amazonaws.com/us-east-1%3Ad53ab29f-bcaa-4a9f-9fc2-c9cd634f5870/br/ce/fortaleza/zona-0002/8385bd2e622ed0c1e8c8b231dcdaf503.jpg", "https://vocefiscal-poll-tape-uploads.s3.amazonaws.com/us-east-1%3Ad53ab29f-bcaa-4a9f-9fc2-c9cd634f5870/br/ce/fortaleza/zona-0002/f4dcfdf682a6a4336b3837589ad131ac.jpg"], "data": 1414352394281, "estado": "CE", "municipio": "FORTALEZA", "zonaEleitoral": "0002", "secaoEleitoral": "0067"}