{"pictureURLList": ["https://vocefiscal-poll-tape-uploads.s3.amazonaws.com/us-east-1%3A7d18ee67-7e00-48eb-a177-69d05d847831/br/ce/fortaleza/zona-0002/d82387dd74104ab19a56b6df619abd53.jpg", "https://vocefiscal-poll-tape-uploads.s3.amazonaws.com/us-east-1%3A7d18ee67-7e00-48eb-a177-69d05d847831/br/ce/fortaleza/zona-0002/affd5fab89de7528ecaff227d02a8b63.jpg", "https://vocefiscal-poll-tape-uploads.s3.amazonaws.com/us-east-1%3A7d18ee67-7e00-48eb-a177-69d05d847831/br/ce/fortaleza/zona-0002/2d0d72b2eb66f3e7552684bfb9e86b47.jpg", "https://vocefiscal-poll-tape-uploads.s3.amazonaws.com/us-east-1%3A7d18ee67-7e00-48eb-a177-69d05d847831/br/ce/fortaleza/zona-0002/ea06587cd17b97ce4d83234ad9827f0a.jpg", "https://vocefiscal-poll-tape-uploads.s3.amazonaws.com/us-east-1%3A7d18ee67-7e00-48eb-a177-69d05d847831/br/ce/fortaleza/zona-0002/a82b6d45e0804af1e5fb56537342f5b2.jpg", "https://vocefiscal-poll-tape-uploads.s3.amazonaws.com/us-east-1%3A7d18ee67-7e00-48eb-a177-69d05d847831/br/ce/fortaleza/zona-0002/ae1dada743bf3ab9d90582a604179d88.jpg", "https://vocefiscal-poll-tape-uploads.s3.amazonaws.com/us-east-1%3A7d18ee67-7e00-48eb-a177-69d05d847831/br/ce/fortaleza/zona-0002/b60d82cc596127cfde88bc35549ea65.jpg"], "data": 1414354338531, "estado": "CE", "municipio": "FORTALEZA", "zonaEleitoral": "0002", "secaoEleitoral": "0589"}