{"pictureURLList": ["https://vocefiscal-poll-tape-uploads.s3.amazonaws.com/us-east-1%3A4f31be2c-deb3-49a7-ab88-af8c09a7d9dc/br/ce/fortaleza/zona-0112/8a5b6715b47a9d983fe761b333107716.jpg", "https://vocefiscal-poll-tape-uploads.s3.amazonaws.com/us-east-1%3A4f31be2c-deb3-49a7-ab88-af8c09a7d9dc/br/ce/fortaleza/zona-0112/10d14aedd2bd42197602fc6cb17b7a43.jpg", "https://vocefiscal-poll-tape-uploads.s3.amazonaws.com/us-east-1%3A4f31be2c-deb3-49a7-ab88-af8c09a7d9dc/br/ce/fortaleza/zona-0112/a84b176137d884103b547fd4c9ce1526.jpg", "https://vocefiscal-poll-tape-uploads.s3.amazonaws.com/us-east-1%3A4f31be2c-deb3-49a7-ab88-af8c09a7d9dc/br/ce/fortaleza/zona-0112/c20697631133a392e7b1537f3f3a28ba.jpg", "https://vocefiscal-poll-tape-uploads.s3.amazonaws.com/us-east-1%3A4f31be2c-deb3-49a7-ab88-af8c09a7d9dc/br/ce/fortaleza/zona-0112/85244c15797a0b2cd11f761e30943330.jpg"], "data": 1414354638500, "estado": "CE", "municipio": "FORTALEZA", "zonaEleitoral": "0112", "localDaVotacao": "1090", "secaoEleitoral": "0037"}