{"pictureURLList": ["https://vocefiscal-poll-tape-uploads.s3.amazonaws.com/us-east-1%3A0668b6c0-32ed-411c-b238-41fd9c5a6bbb/br/ce/fortaleza/zona-0118/73c60d6dfb53bdf89514c0efc4b1d2b0.jpg", "https://vocefiscal-poll-tape-uploads.s3.amazonaws.com/us-east-1%3A0668b6c0-32ed-411c-b238-41fd9c5a6bbb/br/ce/fortaleza/zona-0118/2789441a26b7c8030ffef7226fdb7864.jpg", "https://vocefiscal-poll-tape-uploads.s3.amazonaws.com/us-east-1%3A0668b6c0-32ed-411c-b238-41fd9c5a6bbb/br/ce/fortaleza/zona-0118/d513d0bfd97222dbb3e71552ca72fe95.jpg"], "data": 1414354390555, "estado": "CE", "municipio": "FORTALEZA", "zonaEleitoral": "0118", "secaoEleitoral": "0238"}