{"pictureURLList": ["https://vocefiscal-poll-tape-uploads.s3.amazonaws.com/us-east-1%3Afc02f982-09ac-4107-96e1-f820ba70bf0e/br/ce/fortaleza/zona-0001/dff3bb19aa5d58522e7606859109e856.jpg", "https://vocefiscal-poll-tape-uploads.s3.amazonaws.com/us-east-1%3Afc02f982-09ac-4107-96e1-f820ba70bf0e/br/ce/fortaleza/zona-0001/8510e7d5fe842df5e3d60d5eb2a940d3.jpg", "https://vocefiscal-poll-tape-uploads.s3.amazonaws.com/us-east-1%3Afc02f982-09ac-4107-96e1-f820ba70bf0e/br/ce/fortaleza/zona-0001/53b5d1ddb9d10b519f56ad604a1d711c.jpg", "https://vocefiscal-poll-tape-uploads.s3.amazonaws.com/us-east-1%3Afc02f982-09ac-4107-96e1-f820ba70bf0e/br/ce/fortaleza/zona-0001/6589c25a42855357ad1af4eb0a8e5d1a.jpg", "https://vocefiscal-poll-tape-uploads.s3.amazonaws.com/us-east-1%3Afc02f982-09ac-4107-96e1-f820ba70bf0e/br/ce/fortaleza/zona-0001/dff3bb19aa5d58522e7606859109e856.jpg", "https://vocefiscal-poll-tape-uploads.s3.amazonaws.com/us-east-1%3Afc02f982-09ac-4107-96e1-f820ba70bf0e/br/ce/fortaleza/zona-0001/d7a871cfe1acb572d002eb7ada7fa5b7.jpg"], "data": 1414348052200, "estado": "CE", "municipio": "FORTALEZA", "zonaEleitoral": "0001", "localDaVotacao": "1287", "secaoEleitoral": "0137"}