{"pictureURLList": ["https://vocefiscal-poll-tape-uploads.s3.amazonaws.com/us-east-1%3Aeaa8476f-8a4c-48ec-9246-ca836ac577d2/br/pi/teresina/zona-0098/dfed82327d8ef359185418dd5f05b84b.jpg", "https://vocefiscal-poll-tape-uploads.s3.amazonaws.com/us-east-1%3Aeaa8476f-8a4c-48ec-9246-ca836ac577d2/br/pi/teresina/zona-0098/4c66564acd66366a2976c68c5cfd9a09.jpg", "https://vocefiscal-poll-tape-uploads.s3.amazonaws.com/us-east-1%3Aeaa8476f-8a4c-48ec-9246-ca836ac577d2/br/pi/teresina/zona-0098/f0ec142587f7ce876b3a65532a6c89f3.jpg"], "zonaEleitoral": "0098", "municipio": "TERESINA", "estado": "PI", "secaoEleitoral": "0251", "data": 1414355200092}