{"municipio": "PARAUAPEBAS", "secaoEleitoral": "0060", "zonaEleitoral": "0075", "localDaVotacao": "1040", "estado": "PA", "data": 1412540748061, "pictureURLList": ["https://vocefiscal-poll-tape-uploads.s3.amazonaws.com/us-east-1%3Ad15812b7-3bc5-44d1-baca-60f6241c641c/br/pa/parauapebas/zona-0075/7dad5cfc0105337fe0ac0c6729487df6.jpg", "https://vocefiscal-poll-tape-uploads.s3.amazonaws.com/us-east-1%3Ad15812b7-3bc5-44d1-baca-60f6241c641c/br/pa/parauapebas/zona-0075/9fba716689a4a0b3175520d19335ce10.jpg", "https://vocefiscal-poll-tape-uploads.s3.amazonaws.com/us-east-1%3Ad15812b7-3bc5-44d1-baca-60f6241c641c/br/pa/parauapebas/zona-0075/43bf405187d30f8f5ed9e533fec3f91e.jpg", "https://vocefiscal-poll-tape-uploads.s3.amazonaws.com/us-east-1%3Ad15812b7-3bc5-44d1-baca-60f6241c641c/br/pa/parauapebas/zona-0075/6bbea552ac9b041073a9ae74fadc5f3f.jpg", "https://vocefiscal-poll-tape-uploads.s3.amazonaws.com/us-east-1%3Ad15812b7-3bc5-44d1-baca-60f6241c641c/br/pa/parauapebas/zona-0075/afa43c87891f7d3994fa28ec6597e702.jpg", "https://vocefiscal-poll-tape-uploads.s3.amazonaws.com/us-east-1%3Ad15812b7-3bc5-44d1-baca-60f6241c641c/br/pa/parauapebas/zona-0075/7dad5cfc0105337fe0ac0c6729487df6.jpg", "https://vocefiscal-poll-tape-uploads.s3.amazonaws.com/us-east-1%3Ad15812b7-3bc5-44d1-baca-60f6241c641c/br/pa/parauapebas/zona-0075/d322f4688bd860897f433d2330020a8a.jpg", "https://vocefiscal-poll-tape-uploads.s3.amazonaws.com/us-east-1%3Ad15812b7-3bc5-44d1-baca-60f6241c641c/br/pa/parauapebas/zona-0075/9fba716689a4a0b3175520d19335ce10.jpg", "https://vocefiscal-poll-tape-uploads.s3.amazonaws.com/us-east-1%3Ad15812b7-3bc5-44d1-baca-60f6241c641c/br/pa/parauapebas/zona-0075/de2643fcca179d5db94d17be2a214b9c.jpg", "https://vocefiscal-poll-tape-uploads.s3.amazonaws.com/us-east-1%3Ad15812b7-3bc5-44d1-baca-60f6241c641c/br/pa/parauapebas/zona-0075/43bf405187d30f8f5ed9e533fec3f91e.jpg", "https://vocefiscal-poll-tape-uploads.s3.amazonaws.com/us-east-1%3Ad15812b7-3bc5-44d1-baca-60f6241c641c/br/pa/parauapebas/zona-0075/41309ea2333d1b495d07b85ee0a922.jpg", "https://vocefiscal-poll-tape-uploads.s3.amazonaws.com/us-east-1%3Ad15812b7-3bc5-44d1-baca-60f6241c641c/br/pa/parauapebas/zona-0075/6bbea552ac9b041073a9ae74fadc5f3f.jpg", "https://vocefiscal-poll-tape-uploads.s3.amazonaws.com/us-east-1%3Ad15812b7-3bc5-44d1-baca-60f6241c641c/br/pa/parauapebas/zona-0075/bf98012d72251f11ff38c3c09e4a81a0.jpg", "https://vocefiscal-poll-tape-uploads.s3.amazonaws.com/us-east-1%3Ad15812b7-3bc5-44d1-baca-60f6241c641c/br/pa/parauapebas/zona-0075/afa43c87891f7d3994fa28ec6597e702.jpg", "https://vocefiscal-poll-tape-uploads.s3.amazonaws.com/us-east-1%3Ad15812b7-3bc5-44d1-baca-60f6241c641c/br/pa/parauapebas/zona-0075/a3f9537c3ea09b3e9e3dbf0af0fc52d.jpg", "https://vocefiscal-poll-tape-uploads.s3.amazonaws.com/us-east-1%3Ad15812b7-3bc5-44d1-baca-60f6241c641c/br/pa/parauapebas/zona-0075/d322f4688bd860897f433d2330020a8a.jpg", "https://vocefiscal-poll-tape-uploads.s3.amazonaws.com/us-east-1%3Ad15812b7-3bc5-44d1-baca-60f6241c641c/br/pa/parauapebas/zona-0075/9e6f3a52c80aed2093e06e534968c81f.jpg", "https://vocefiscal-poll-tape-uploads.s3.amazonaws.com/us-east-1%3Ad15812b7-3bc5-44d1-baca-60f6241c641c/br/pa/parauapebas/zona-0075/7f7a0a43bde70dbd7971bae7062c3362.jpg", "https://vocefiscal-poll-tape-uploads.s3.amazonaws.com/us-east-1%3Ad15812b7-3bc5-44d1-baca-60f6241c641c/br/pa/parauapebas/zona-0075/de2643fcca179d5db94d17be2a214b9c.jpg", "https://vocefiscal-poll-tape-uploads.s3.amazonaws.com/us-east-1%3Ad15812b7-3bc5-44d1-baca-60f6241c641c/br/pa/parauapebas/zona-0075/e30b5fd4591ffc5769cad54195f018a4.jpg", "https://vocefiscal-poll-tape-uploads.s3.amazonaws.com/us-east-1%3Ad15812b7-3bc5-44d1-baca-60f6241c641c/br/pa/parauapebas/zona-0075/41309ea2333d1b495d07b85ee0a922.jpg", "https://vocefiscal-poll-tape-uploads.s3.amazonaws.com/us-east-1%3Ad15812b7-3bc5-44d1-baca-60f6241c641c/br/pa/parauapebas/zona-0075/a96beac477c0ef65a5931f95da66fd3a.jpg", "https://vocefiscal-poll-tape-uploads.s3.amazonaws.com/us-east-1%3Ad15812b7-3bc5-44d1-baca-60f6241c641c/br/pa/parauapebas/zona-0075/bf98012d72251f11ff38c3c09e4a81a0.jpg", "https://vocefiscal-poll-tape-uploads.s3.amazonaws.com/us-east-1%3Ad15812b7-3bc5-44d1-baca-60f6241c641c/br/pa/parauapebas/zona-0075/a3f9537c3ea09b3e9e3dbf0af0fc52d.jpg", "https://vocefiscal-poll-tape-uploads.s3.amazonaws.com/us-east-1%3Ad15812b7-3bc5-44d1-baca-60f6241c641c/br/pa/parauapebas/zona-0075/f798263a3ea2856b8ee9444d9915985b.jpg", "https://vocefiscal-poll-tape-uploads.s3.amazonaws.com/us-east-1%3Ad15812b7-3bc5-44d1-baca-60f6241c641c/br/pa/parauapebas/zona-0075/9e6f3a52c80aed2093e06e534968c81f.jpg", "https://vocefiscal-poll-tape-uploads.s3.amazonaws.com/us-east-1%3Ad15812b7-3bc5-44d1-baca-60f6241c641c/br/pa/parauapebas/zona-0075/7f7a0a43bde70dbd7971bae7062c3362.jpg", "https://vocefiscal-poll-tape-uploads.s3.amazonaws.com/us-east-1%3Ad15812b7-3bc5-44d1-baca-60f6241c641c/br/pa/parauapebas/zona-0075/13e24b19e9c7ee0d0737795bf37cc83c.jpg", "https://vocefiscal-poll-tape-uploads.s3.amazonaws.com/us-east-1%3Ad15812b7-3bc5-44d1-baca-60f6241c641c/br/pa/parauapebas/zona-0075/e30b5fd4591ffc5769cad54195f018a4.jpg", "https://vocefiscal-poll-tape-uploads.s3.amazonaws.com/us-east-1%3Ad15812b7-3bc5-44d1-baca-60f6241c641c/br/pa/parauapebas/zona-0075/2da5a622f7de3cae053bd48e10d25b39.jpg", "https://vocefiscal-poll-tape-uploads.s3.amazonaws.com/us-east-1%3Ad15812b7-3bc5-44d1-baca-60f6241c641c/br/pa/parauapebas/zona-0075/544915438538abf5e87ad878401808c7.jpg", "https://vocefiscal-poll-tape-uploads.s3.amazonaws.com/us-east-1%3Ad15812b7-3bc5-44d1-baca-60f6241c641c/br/pa/parauapebas/zona-0075/a96beac477c0ef65a5931f95da66fd3a.jpg", "https://vocefiscal-poll-tape-uploads.s3.amazonaws.com/us-east-1%3Ad15812b7-3bc5-44d1-baca-60f6241c641c/br/pa/parauapebas/zona-0075/c1f3aae32cb3ea48f550a65825bf6b6e.jpg", "https://vocefiscal-poll-tape-uploads.s3.amazonaws.com/us-east-1%3Ad15812b7-3bc5-44d1-baca-60f6241c641c/br/pa/parauapebas/zona-0075/f798263a3ea2856b8ee9444d9915985b.jpg", "https://vocefiscal-poll-tape-uploads.s3.amazonaws.com/us-east-1%3Ad15812b7-3bc5-44d1-baca-60f6241c641c/br/pa/parauapebas/zona-0075/1312b85167543ee0d5c5f811c8f8e3a2.jpg", "https://vocefiscal-poll-tape-uploads.s3.amazonaws.com/us-east-1%3Ad15812b7-3bc5-44d1-baca-60f6241c641c/br/pa/parauapebas/zona-0075/13e24b19e9c7ee0d0737795bf37cc83c.jpg", "https://vocefiscal-poll-tape-uploads.s3.amazonaws.com/us-east-1%3Ad15812b7-3bc5-44d1-baca-60f6241c641c/br/pa/parauapebas/zona-0075/5480bc1670e6413c18fe5edc6c8169ca.jpg", "https://vocefiscal-poll-tape-uploads.s3.amazonaws.com/us-east-1%3Ad15812b7-3bc5-44d1-baca-60f6241c641c/br/pa/parauapebas/zona-0075/a5912fa8e6b32d5b1d30d56a38e2b43.jpg", "https://vocefiscal-poll-tape-uploads.s3.amazonaws.com/us-east-1%3Ad15812b7-3bc5-44d1-baca-60f6241c641c/br/pa/parauapebas/zona-0075/2da5a622f7de3cae053bd48e10d25b39.jpg", "https://vocefiscal-poll-tape-uploads.s3.amazonaws.com/us-east-1%3Ad15812b7-3bc5-44d1-baca-60f6241c641c/br/pa/parauapebas/zona-0075/efa8a088c8cb9839c8d8eb2b0c2f47b2.jpg", "https://vocefiscal-poll-tape-uploads.s3.amazonaws.com/us-east-1%3Ad15812b7-3bc5-44d1-baca-60f6241c641c/br/pa/parauapebas/zona-0075/f77679ebe6a98528a0b695f73fd5fe95.jpg", "https://vocefiscal-poll-tape-uploads.s3.amazonaws.com/us-east-1%3Ad15812b7-3bc5-44d1-baca-60f6241c641c/br/pa/parauapebas/zona-0075/544915438538abf5e87ad878401808c7.jpg", "https://vocefiscal-poll-tape-uploads.s3.amazonaws.com/us-east-1%3Ad15812b7-3bc5-44d1-baca-60f6241c641c/br/pa/parauapebas/zona-0075/1332d52cbb37505e4327cb1505296eb7.jpg"]}