{"pictureURLList": ["https://vocefiscal-poll-tape-uploads.s3.amazonaws.com/us-east-1%3A567d2380-b74e-4763-9371-c3ccf1dd088d/br/ce/fortaleza/zona-0113/2be6a7cba3a9678ecb24f04bd6acddc.jpg", "https://vocefiscal-poll-tape-uploads.s3.amazonaws.com/us-east-1%3A567d2380-b74e-4763-9371-c3ccf1dd088d/br/ce/fortaleza/zona-0113/ea762f4ca9d904d2bc744711f2e5c7cf.jpg", "https://vocefiscal-poll-tape-uploads.s3.amazonaws.com/us-east-1%3A567d2380-b74e-4763-9371-c3ccf1dd088d/br/ce/fortaleza/zona-0113/f39114052bbe2bc3337f9ba2fb91486f.jpg", "https://vocefiscal-poll-tape-uploads.s3.amazonaws.com/us-east-1%3A567d2380-b74e-4763-9371-c3ccf1dd088d/br/ce/fortaleza/zona-0113/67c0e4a05d014e0255bc39a14c8fcd78.jpg", "https://vocefiscal-poll-tape-uploads.s3.amazonaws.com/us-east-1%3A567d2380-b74e-4763-9371-c3ccf1dd088d/br/ce/fortaleza/zona-0113/a0248d3d9f47cc88e04ac600959aea5b.jpg"], "data": 1414354315038, "estado": "CE", "municipio": "FORTALEZA", "zonaEleitoral": "0113", "localDaVotacao": "1058", "secaoEleitoral": "0050"}