{"estado": "CE", "municipio": "ARACATI", "data": 1412543246840, "secaoEleitoral": "0266", "pictureURLList": ["https://vocefiscal-poll-tape-uploads.s3.amazonaws.com/us-east-1%3A1398e395-7574-499d-96de-41eb74f834bf/br/ce/aracati/zona-0008/d717df6491b4650cfa989571def57111.jpg", "https://vocefiscal-poll-tape-uploads.s3.amazonaws.com/us-east-1%3A1398e395-7574-499d-96de-41eb74f834bf/br/ce/aracati/zona-0008/b23c9afc6c04b087da2d9e58d97821a4.jpg", "https://vocefiscal-poll-tape-uploads.s3.amazonaws.com/us-east-1%3A1398e395-7574-499d-96de-41eb74f834bf/br/ce/aracati/zona-0008/9d218d43c674994e2f325ee54130c241.jpg", "https://vocefiscal-poll-tape-uploads.s3.amazonaws.com/us-east-1%3A1398e395-7574-499d-96de-41eb74f834bf/br/ce/aracati/zona-0008/1862750f98aa5681ae4e314d6f6ce0ca.jpg", "https://vocefiscal-poll-tape-uploads.s3.amazonaws.com/us-east-1%3A1398e395-7574-499d-96de-41eb74f834bf/br/ce/aracati/zona-0008/143ebb63226c8bb62f01d60b4e4516e6.jpg", "https://vocefiscal-poll-tape-uploads.s3.amazonaws.com/us-east-1%3A1398e395-7574-499d-96de-41eb74f834bf/br/ce/aracati/zona-0008/1ca1d771f1bde192000b6de61cc2db0.jpg", "https://vocefiscal-poll-tape-uploads.s3.amazonaws.com/us-east-1%3A1398e395-7574-499d-96de-41eb74f834bf/br/ce/aracati/zona-0008/377e650702aed29ef748089417d28e3a.jpg", "https://vocefiscal-poll-tape-uploads.s3.amazonaws.com/us-east-1%3A1398e395-7574-499d-96de-41eb74f834bf/br/ce/aracati/zona-0008/c7bb523be67e93b625b6dfbf3cfb837.jpg", "https://vocefiscal-poll-tape-uploads.s3.amazonaws.com/us-east-1%3A1398e395-7574-499d-96de-41eb74f834bf/br/ce/aracati/zona-0008/e4a99c774c28a4f8a6745e71a970c13e.jpg", "https://vocefiscal-poll-tape-uploads.s3.amazonaws.com/us-east-1%3A1398e395-7574-499d-96de-41eb74f834bf/br/ce/aracati/zona-0008/d8797d42e24a590ce45c8379a3d88d18.jpg", "https://vocefiscal-poll-tape-uploads.s3.amazonaws.com/us-east-1%3A1398e395-7574-499d-96de-41eb74f834bf/br/ce/aracati/zona-0008/cff4bbee93ea6cb81696b177100b7d8b.jpg", "https://vocefiscal-poll-tape-uploads.s3.amazonaws.com/us-east-1%3A1398e395-7574-499d-96de-41eb74f834bf/br/ce/aracati/zona-0008/562d7a16ec3ab1c9c2f06edbd2c12346.jpg", "https://vocefiscal-poll-tape-uploads.s3.amazonaws.com/us-east-1%3A1398e395-7574-499d-96de-41eb74f834bf/br/ce/aracati/zona-0008/f4e7e8fcefa6a6e952705eb7537c65a9.jpg", "https://vocefiscal-poll-tape-uploads.s3.amazonaws.com/us-east-1%3A1398e395-7574-499d-96de-41eb74f834bf/br/ce/aracati/zona-0008/b5a641770d426a9739782e8eb74ee7cb.jpg", "https://vocefiscal-poll-tape-uploads.s3.amazonaws.com/us-east-1%3A1398e395-7574-499d-96de-41eb74f834bf/br/ce/aracati/zona-0008/a7ed955ed338222dd05470ebc3bd4cdc.jpg", "https://vocefiscal-poll-tape-uploads.s3.amazonaws.com/us-east-1%3A1398e395-7574-499d-96de-41eb74f834bf/br/ce/aracati/zona-0008/f7a0a41a4a018f46e9225e1bb8724b1a.jpg", "https://vocefiscal-poll-tape-uploads.s3.amazonaws.com/us-east-1%3A1398e395-7574-499d-96de-41eb74f834bf/br/ce/aracati/zona-0008/702cad592e348fa68ab6e828a8133616.jpg", "https://vocefiscal-poll-tape-uploads.s3.amazonaws.com/us-east-1%3A1398e395-7574-499d-96de-41eb74f834bf/br/ce/aracati/zona-0008/ad75e31f46c8c928b6ce4ebb80ae28b6.jpg", "https://vocefiscal-poll-tape-uploads.s3.amazonaws.com/us-east-1%3A1398e395-7574-499d-96de-41eb74f834bf/br/ce/aracati/zona-0008/e151119ba49dfb8c4023fa9fe03be5d7.jpg", "https://vocefiscal-poll-tape-uploads.s3.amazonaws.com/us-east-1%3A1398e395-7574-499d-96de-41eb74f834bf/br/ce/aracati/zona-0008/b39bb00d8f183364a31c2e00f1c286a1.jpg", "https://vocefiscal-poll-tape-uploads.s3.amazonaws.com/us-east-1%3A1398e395-7574-499d-96de-41eb74f834bf/br/ce/aracati/zona-0008/cac9577fe9fe7817e7f6a66dcab65da0.jpg", "https://vocefiscal-poll-tape-uploads.s3.amazonaws.com/us-east-1%3A1398e395-7574-499d-96de-41eb74f834bf/br/ce/aracati/zona-0008/8f8f972102bf4f67b46d21f20a28d087.jpg", "https://vocefiscal-poll-tape-uploads.s3.amazonaws.com/us-east-1%3A1398e395-7574-499d-96de-41eb74f834bf/br/ce/aracati/zona-0008/142a90dd3809b6fae516e5ce43db3cc3.jpg", "https://vocefiscal-poll-tape-uploads.s3.amazonaws.com/us-east-1%3A1398e395-7574-499d-96de-41eb74f834bf/br/ce/aracati/zona-0008/ad11ed764ce8d778d3eb927ee46c795e.jpg", "https://vocefiscal-poll-tape-uploads.s3.amazonaws.com/us-east-1%3A1398e395-7574-499d-96de-41eb74f834bf/br/ce/aracati/zona-0008/64311eaa03803628efa6a1a817eb0a44.jpg", "https://vocefiscal-poll-tape-uploads.s3.amazonaws.com/us-east-1%3A1398e395-7574-499d-96de-41eb74f834bf/br/ce/aracati/zona-0008/80f5f4976d47c748979f9637a4fb30dd.jpg"], "zonaEleitoral": "0008"}