{"estado": "CE", "municipio": "FORTALEZA", "data": 1412545312880, "secaoEleitoral": "0311", "pictureURLList": ["https://vocefiscal-poll-tape-uploads.s3.amazonaws.com/us-east-1%3A1b26df5f-5512-45d0-b6fa-dd7a28524297/br/ce/fortaleza/zona-0112/4ce9e5cd6055571bb6142f7fe379bedf.jpg", "https://vocefiscal-poll-tape-uploads.s3.amazonaws.com/us-east-1%3A1b26df5f-5512-45d0-b6fa-dd7a28524297/br/ce/fortaleza/zona-0112/ef6d1e262079eb00468f5abfb5e89831.jpg", "https://vocefiscal-poll-tape-uploads.s3.amazonaws.com/us-east-1%3A1b26df5f-5512-45d0-b6fa-dd7a28524297/br/ce/fortaleza/zona-0112/fac0d87e71de0a851a98349fca869df4.jpg", "https://vocefiscal-poll-tape-uploads.s3.amazonaws.com/us-east-1%3A1b26df5f-5512-45d0-b6fa-dd7a28524297/br/ce/fortaleza/zona-0112/58543a49d432a33599189f411971e9b7.jpg"], "zonaEleitoral": "0112"}