{"estado": "CE", "municipio": "CANIND\u00c9", "data": 1412545382322, "secaoEleitoral": "0219", "pictureURLList": ["https://vocefiscal-poll-tape-uploads.s3.amazonaws.com/us-east-1%3A280e2633-4c1b-4632-a182-8830143c0725/br/ce/caninde/zona-0033/87ad0929f9264d37ebbcf85623da20e6.jpg", "https://vocefiscal-poll-tape-uploads.s3.amazonaws.com/us-east-1%3A280e2633-4c1b-4632-a182-8830143c0725/br/ce/caninde/zona-0033/71c865be223a6de04fc4b7f87432220a.jpg", "https://vocefiscal-poll-tape-uploads.s3.amazonaws.com/us-east-1%3A280e2633-4c1b-4632-a182-8830143c0725/br/ce/caninde/zona-0033/95c6794335d44475bf87d3be73f37a9d.jpg", "https://vocefiscal-poll-tape-uploads.s3.amazonaws.com/us-east-1%3A280e2633-4c1b-4632-a182-8830143c0725/br/ce/caninde/zona-0033/dc89bdf4d073433b1206d5cfe6f609a1.jpg", "https://vocefiscal-poll-tape-uploads.s3.amazonaws.com/us-east-1%3A280e2633-4c1b-4632-a182-8830143c0725/br/ce/caninde/zona-0033/afac5cd9654ab90620dc2b6a646bc1ee.jpg", "https://vocefiscal-poll-tape-uploads.s3.amazonaws.com/us-east-1%3A280e2633-4c1b-4632-a182-8830143c0725/br/ce/caninde/zona-0033/1750a5f2e744bf6eeff7ea52b75fab55.jpg", "https://vocefiscal-poll-tape-uploads.s3.amazonaws.com/us-east-1%3A280e2633-4c1b-4632-a182-8830143c0725/br/ce/caninde/zona-0033/21139e789e26b27a7586d82b3408e9ea.jpg", "https://vocefiscal-poll-tape-uploads.s3.amazonaws.com/us-east-1%3A280e2633-4c1b-4632-a182-8830143c0725/br/ce/caninde/zona-0033/7093023bd302c265447b29af8de3ca1d.jpg", "https://vocefiscal-poll-tape-uploads.s3.amazonaws.com/us-east-1%3A280e2633-4c1b-4632-a182-8830143c0725/br/ce/caninde/zona-0033/f833373df3a6f10dc78e4ed6a601cc9c.jpg", "https://vocefiscal-poll-tape-uploads.s3.amazonaws.com/us-east-1%3A280e2633-4c1b-4632-a182-8830143c0725/br/ce/caninde/zona-0033/79781bd6d09b4efff3be9016e04fa7af.jpg", "https://vocefiscal-poll-tape-uploads.s3.amazonaws.com/us-east-1%3A280e2633-4c1b-4632-a182-8830143c0725/br/ce/caninde/zona-0033/e48816986d34a1eba5e3ea0bd780610a.jpg", "https://vocefiscal-poll-tape-uploads.s3.amazonaws.com/us-east-1%3A280e2633-4c1b-4632-a182-8830143c0725/br/ce/caninde/zona-0033/bf889cc847b52b0087cb9d77e041e2c8.jpg", "https://vocefiscal-poll-tape-uploads.s3.amazonaws.com/us-east-1%3A280e2633-4c1b-4632-a182-8830143c0725/br/ce/caninde/zona-0033/8a98012a731b275824bcd7302e7958e8.jpg", "https://vocefiscal-poll-tape-uploads.s3.amazonaws.com/us-east-1%3A280e2633-4c1b-4632-a182-8830143c0725/br/ce/caninde/zona-0033/b3ba59abab187a0a3ed196f71c4b8734.jpg", "https://vocefiscal-poll-tape-uploads.s3.amazonaws.com/us-east-1%3A280e2633-4c1b-4632-a182-8830143c0725/br/ce/caninde/zona-0033/52f24d68dccd2eda2da5f53f047df61d.jpg", "https://vocefiscal-poll-tape-uploads.s3.amazonaws.com/us-east-1%3A280e2633-4c1b-4632-a182-8830143c0725/br/ce/caninde/zona-0033/a6f444fb49d59d058db5e42b3c71b273.jpg", "https://vocefiscal-poll-tape-uploads.s3.amazonaws.com/us-east-1%3A280e2633-4c1b-4632-a182-8830143c0725/br/ce/caninde/zona-0033/66e5f568f71be193bcc6011ced1f2381.jpg", "https://vocefiscal-poll-tape-uploads.s3.amazonaws.com/us-east-1%3A280e2633-4c1b-4632-a182-8830143c0725/br/ce/caninde/zona-0033/2048e0d76819dd9e9c4b98dc647bd9e8.jpg", "https://vocefiscal-poll-tape-uploads.s3.amazonaws.com/us-east-1%3A280e2633-4c1b-4632-a182-8830143c0725/br/ce/caninde/zona-0033/7b28c59a2d836c8e45bac5329adc991e.jpg", "https://vocefiscal-poll-tape-uploads.s3.amazonaws.com/us-east-1%3A280e2633-4c1b-4632-a182-8830143c0725/br/ce/caninde/zona-0033/792a251e46fd06af50a917f039e6b10a.jpg"], "zonaEleitoral": "0033", "localDaVotacao": "1449"}