{"estado": "CE", "municipio": "QUIXERAMOBIM", "data": 1412540551606, "secaoEleitoral": "0171", "pictureURLList": ["https://vocefiscal-poll-tape-uploads.s3.amazonaws.com/us-east-1%3Affca6261-4c33-467a-9c6b-7c2fad611295/br/ce/quixeramobim/zona-0011/cd148675c90f7bf81a5ee588949bc1c7.jpg", "https://vocefiscal-poll-tape-uploads.s3.amazonaws.com/us-east-1%3Affca6261-4c33-467a-9c6b-7c2fad611295/br/ce/quixeramobim/zona-0011/afee050f14f6815b9f6b9573d6a0aa9e.jpg", "https://vocefiscal-poll-tape-uploads.s3.amazonaws.com/us-east-1%3Affca6261-4c33-467a-9c6b-7c2fad611295/br/ce/quixeramobim/zona-0011/c5230adf539035f2335cfd0244a1d398.jpg", "https://vocefiscal-poll-tape-uploads.s3.amazonaws.com/us-east-1%3Affca6261-4c33-467a-9c6b-7c2fad611295/br/ce/quixeramobim/zona-0011/34b80882e12112b0a979e5edea99ff15.jpg", "https://vocefiscal-poll-tape-uploads.s3.amazonaws.com/us-east-1%3Affca6261-4c33-467a-9c6b-7c2fad611295/br/ce/quixeramobim/zona-0011/e0ba26540b52a2c58dd46c327dc4d9e7.jpg", "https://vocefiscal-poll-tape-uploads.s3.amazonaws.com/us-east-1%3Affca6261-4c33-467a-9c6b-7c2fad611295/br/ce/quixeramobim/zona-0011/60f9af263ca3395ea14ec25d087e454b.jpg", "https://vocefiscal-poll-tape-uploads.s3.amazonaws.com/us-east-1%3Affca6261-4c33-467a-9c6b-7c2fad611295/br/ce/quixeramobim/zona-0011/78651700c85da68852072001f60b6990.jpg", "https://vocefiscal-poll-tape-uploads.s3.amazonaws.com/us-east-1%3Affca6261-4c33-467a-9c6b-7c2fad611295/br/ce/quixeramobim/zona-0011/8a83f8df4ba2dc441b8227a0942bcc84.jpg", "https://vocefiscal-poll-tape-uploads.s3.amazonaws.com/us-east-1%3Affca6261-4c33-467a-9c6b-7c2fad611295/br/ce/quixeramobim/zona-0011/6a0480d9a2fbb2ad41b0b70ffda275cb.jpg", "https://vocefiscal-poll-tape-uploads.s3.amazonaws.com/us-east-1%3Affca6261-4c33-467a-9c6b-7c2fad611295/br/ce/quixeramobim/zona-0011/4cde2d9f675f6b424e2d3d2b6884ebbd.jpg", "https://vocefiscal-poll-tape-uploads.s3.amazonaws.com/us-east-1%3Affca6261-4c33-467a-9c6b-7c2fad611295/br/ce/quixeramobim/zona-0011/4fb10e29f9572b06877f2ad35d40ada1.jpg", "https://vocefiscal-poll-tape-uploads.s3.amazonaws.com/us-east-1%3Affca6261-4c33-467a-9c6b-7c2fad611295/br/ce/quixeramobim/zona-0011/8cc88baecbc53dc99d6de1c6dda7f3cd.jpg", "https://vocefiscal-poll-tape-uploads.s3.amazonaws.com/us-east-1%3Affca6261-4c33-467a-9c6b-7c2fad611295/br/ce/quixeramobim/zona-0011/ccc0caae214e6552c051c4c1350563a9.jpg", "https://vocefiscal-poll-tape-uploads.s3.amazonaws.com/us-east-1%3Affca6261-4c33-467a-9c6b-7c2fad611295/br/ce/quixeramobim/zona-0011/b238016b207cee1d608ccae5dfa8d2d3.jpg", "https://vocefiscal-poll-tape-uploads.s3.amazonaws.com/us-east-1%3Affca6261-4c33-467a-9c6b-7c2fad611295/br/ce/quixeramobim/zona-0011/18fce0cedb787a026697fd939ea56570.jpg", "https://vocefiscal-poll-tape-uploads.s3.amazonaws.com/us-east-1%3Affca6261-4c33-467a-9c6b-7c2fad611295/br/ce/quixeramobim/zona-0011/7cbf3c455d2f5f6884559357c077eff.jpg", "https://vocefiscal-poll-tape-uploads.s3.amazonaws.com/us-east-1%3Affca6261-4c33-467a-9c6b-7c2fad611295/br/ce/quixeramobim/zona-0011/78ca7982fa1293acb7939467271dcb03.jpg", "https://vocefiscal-poll-tape-uploads.s3.amazonaws.com/us-east-1%3Affca6261-4c33-467a-9c6b-7c2fad611295/br/ce/quixeramobim/zona-0011/b4d89027ee9a90be17f51b6bfb599f0e.jpg", "https://vocefiscal-poll-tape-uploads.s3.amazonaws.com/us-east-1%3Affca6261-4c33-467a-9c6b-7c2fad611295/br/ce/quixeramobim/zona-0011/986a67c18b050aab7d723e72e5dbc85d.jpg", "https://vocefiscal-poll-tape-uploads.s3.amazonaws.com/us-east-1%3Affca6261-4c33-467a-9c6b-7c2fad611295/br/ce/quixeramobim/zona-0011/2547aec35c4fb614c8f9dd82974e1642.jpg", "https://vocefiscal-poll-tape-uploads.s3.amazonaws.com/us-east-1%3Affca6261-4c33-467a-9c6b-7c2fad611295/br/ce/quixeramobim/zona-0011/f5cb4a63924df2e72c7de53b2263edcc.jpg"], "zonaEleitoral": "0011", "localDaVotacao": "2380"}