{"estado": "CE", "municipio": "MARACANA\u00da", "data": 1412540545214, "secaoEleitoral": "0354", "pictureURLList": ["https://vocefiscal-poll-tape-uploads.s3.amazonaws.com/us-east-1%3A8c7ee8f9-5081-408e-8ac2-283a6688ec56/br/ce/maracanau/zona-0104/7f9ccd550b5853a7d5bde7973fc05a39.jpg", "https://vocefiscal-poll-tape-uploads.s3.amazonaws.com/us-east-1%3A8c7ee8f9-5081-408e-8ac2-283a6688ec56/br/ce/maracanau/zona-0104/737ce9aded56220b51846e6afb7b4557.jpg", "https://vocefiscal-poll-tape-uploads.s3.amazonaws.com/us-east-1%3A8c7ee8f9-5081-408e-8ac2-283a6688ec56/br/ce/maracanau/zona-0104/5d9b27b7b6f83432d992d8b18bc69244.jpg", "https://vocefiscal-poll-tape-uploads.s3.amazonaws.com/us-east-1%3A8c7ee8f9-5081-408e-8ac2-283a6688ec56/br/ce/maracanau/zona-0104/df3364432420ae5b6b147d72a278ae7a.jpg", "https://vocefiscal-poll-tape-uploads.s3.amazonaws.com/us-east-1%3A8c7ee8f9-5081-408e-8ac2-283a6688ec56/br/ce/maracanau/zona-0104/6b4efb0ad736fd0338c94991f0279274.jpg", "https://vocefiscal-poll-tape-uploads.s3.amazonaws.com/us-east-1%3A8c7ee8f9-5081-408e-8ac2-283a6688ec56/br/ce/maracanau/zona-0104/306c47f6b143e7b20b77859c312b3984.jpg", "https://vocefiscal-poll-tape-uploads.s3.amazonaws.com/us-east-1%3A8c7ee8f9-5081-408e-8ac2-283a6688ec56/br/ce/maracanau/zona-0104/bca8171fa4110dd1e56465b2b62cda9.jpg", "https://vocefiscal-poll-tape-uploads.s3.amazonaws.com/us-east-1%3A8c7ee8f9-5081-408e-8ac2-283a6688ec56/br/ce/maracanau/zona-0104/da6959c1a3b8c52800431b5046dd9e71.jpg", "https://vocefiscal-poll-tape-uploads.s3.amazonaws.com/us-east-1%3A8c7ee8f9-5081-408e-8ac2-283a6688ec56/br/ce/maracanau/zona-0104/603e639db8faf8afb8a8f308f8bbfc89.jpg", "https://vocefiscal-poll-tape-uploads.s3.amazonaws.com/us-east-1%3A8c7ee8f9-5081-408e-8ac2-283a6688ec56/br/ce/maracanau/zona-0104/d6b2e2b8e32c63e1ba8d00f11a94e35b.jpg", "https://vocefiscal-poll-tape-uploads.s3.amazonaws.com/us-east-1%3A8c7ee8f9-5081-408e-8ac2-283a6688ec56/br/ce/maracanau/zona-0104/108cb55dbe3441469c2d2b8de17fa1a3.jpg", "https://vocefiscal-poll-tape-uploads.s3.amazonaws.com/us-east-1%3A8c7ee8f9-5081-408e-8ac2-283a6688ec56/br/ce/maracanau/zona-0104/54852779219bcf21e165370babf98909.jpg", "https://vocefiscal-poll-tape-uploads.s3.amazonaws.com/us-east-1%3A8c7ee8f9-5081-408e-8ac2-283a6688ec56/br/ce/maracanau/zona-0104/ffcfd1c937bd62da9a3085acccfd2d33.jpg", "https://vocefiscal-poll-tape-uploads.s3.amazonaws.com/us-east-1%3A8c7ee8f9-5081-408e-8ac2-283a6688ec56/br/ce/maracanau/zona-0104/28b0f300dbb5f3e003e832771e0dcf87.jpg", "https://vocefiscal-poll-tape-uploads.s3.amazonaws.com/us-east-1%3A8c7ee8f9-5081-408e-8ac2-283a6688ec56/br/ce/maracanau/zona-0104/904178b0f8318834463b0a0b0ad703cc.jpg", "https://vocefiscal-poll-tape-uploads.s3.amazonaws.com/us-east-1%3A8c7ee8f9-5081-408e-8ac2-283a6688ec56/br/ce/maracanau/zona-0104/6aef0cccd8e0be23c04deba5402c5b52.jpg", "https://vocefiscal-poll-tape-uploads.s3.amazonaws.com/us-east-1%3A8c7ee8f9-5081-408e-8ac2-283a6688ec56/br/ce/maracanau/zona-0104/f263e7321c85aa98f629eac916e1272d.jpg", "https://vocefiscal-poll-tape-uploads.s3.amazonaws.com/us-east-1%3A8c7ee8f9-5081-408e-8ac2-283a6688ec56/br/ce/maracanau/zona-0104/dd9d9a9687dacaf7dcc519ba8adbc842.jpg", "https://vocefiscal-poll-tape-uploads.s3.amazonaws.com/us-east-1%3A8c7ee8f9-5081-408e-8ac2-283a6688ec56/br/ce/maracanau/zona-0104/df51bafd47ce52374f293f37bf4fc177.jpg", "https://vocefiscal-poll-tape-uploads.s3.amazonaws.com/us-east-1%3A8c7ee8f9-5081-408e-8ac2-283a6688ec56/br/ce/maracanau/zona-0104/1b201d0b4fe57b7ab3cdc5e43c8e4df6.jpg", "https://vocefiscal-poll-tape-uploads.s3.amazonaws.com/us-east-1%3A8c7ee8f9-5081-408e-8ac2-283a6688ec56/br/ce/maracanau/zona-0104/ae41a2f0e6b253667366ca20b33b18f.jpg", "https://vocefiscal-poll-tape-uploads.s3.amazonaws.com/us-east-1%3A8c7ee8f9-5081-408e-8ac2-283a6688ec56/br/ce/maracanau/zona-0104/26fca42b2da63428ef70f43054bf2fbd.jpg", "https://vocefiscal-poll-tape-uploads.s3.amazonaws.com/us-east-1%3A8c7ee8f9-5081-408e-8ac2-283a6688ec56/br/ce/maracanau/zona-0104/348c77fa331b2c0582bf0c62e6f3da50.jpg", "https://vocefiscal-poll-tape-uploads.s3.amazonaws.com/us-east-1%3A8c7ee8f9-5081-408e-8ac2-283a6688ec56/br/ce/maracanau/zona-0104/c6025019ec7f9c34c21d12f376187f26.jpg", "https://vocefiscal-poll-tape-uploads.s3.amazonaws.com/us-east-1%3A8c7ee8f9-5081-408e-8ac2-283a6688ec56/br/ce/maracanau/zona-0104/ec38c7e89a1df9e354656773069b078c.jpg", "https://vocefiscal-poll-tape-uploads.s3.amazonaws.com/us-east-1%3A8c7ee8f9-5081-408e-8ac2-283a6688ec56/br/ce/maracanau/zona-0104/441628119b006482091aae701bab4cfc.jpg", "https://vocefiscal-poll-tape-uploads.s3.amazonaws.com/us-east-1%3A8c7ee8f9-5081-408e-8ac2-283a6688ec56/br/ce/maracanau/zona-0104/c13e9c80f2ada38ae623823f6cce254d.jpg", "https://vocefiscal-poll-tape-uploads.s3.amazonaws.com/us-east-1%3A8c7ee8f9-5081-408e-8ac2-283a6688ec56/br/ce/maracanau/zona-0104/5c36644bc8e9deeb3258bd371789a1d.jpg", "https://vocefiscal-poll-tape-uploads.s3.amazonaws.com/us-east-1%3A8c7ee8f9-5081-408e-8ac2-283a6688ec56/br/ce/maracanau/zona-0104/dd440a137ea51d8933b61da365637a49.jpg", "https://vocefiscal-poll-tape-uploads.s3.amazonaws.com/us-east-1%3A8c7ee8f9-5081-408e-8ac2-283a6688ec56/br/ce/maracanau/zona-0104/d9130d0608d2a6c64555cd4d131077ac.jpg", "https://vocefiscal-poll-tape-uploads.s3.amazonaws.com/us-east-1%3A8c7ee8f9-5081-408e-8ac2-283a6688ec56/br/ce/maracanau/zona-0104/a4ec13757e5d299bc7d260416b4f3725.jpg"], "zonaEleitoral": "0104"}