{"estado": "CE", "municipio": "MORRINHOS", "data": 1412540923903, "secaoEleitoral": "0007", "pictureURLList": ["https://vocefiscal-poll-tape-uploads.s3.amazonaws.com/us-east-1%3Ab2d210e3-f74c-45bd-b083-10284b5ad3d4/br/ce/morrinhos/zona-0044/eccccf224fa22d74fa747c87b38d6865.jpg", "https://vocefiscal-poll-tape-uploads.s3.amazonaws.com/us-east-1%3Ab2d210e3-f74c-45bd-b083-10284b5ad3d4/br/ce/morrinhos/zona-0044/a78b3d369afa3c4db0a2489b6e4c1f3c.jpg", "https://vocefiscal-poll-tape-uploads.s3.amazonaws.com/us-east-1%3Ab2d210e3-f74c-45bd-b083-10284b5ad3d4/br/ce/morrinhos/zona-0044/8e38a7d107e975384545bc5448d3e452.jpg", "https://vocefiscal-poll-tape-uploads.s3.amazonaws.com/us-east-1%3Ab2d210e3-f74c-45bd-b083-10284b5ad3d4/br/ce/morrinhos/zona-0044/134e67f39c2a5cab1695c07cdb3b7b4b.jpg", "https://vocefiscal-poll-tape-uploads.s3.amazonaws.com/us-east-1%3Ab2d210e3-f74c-45bd-b083-10284b5ad3d4/br/ce/morrinhos/zona-0044/9912f8d45a6408a53fa6e37ef3ceb5af.jpg", "https://vocefiscal-poll-tape-uploads.s3.amazonaws.com/us-east-1%3Ab2d210e3-f74c-45bd-b083-10284b5ad3d4/br/ce/morrinhos/zona-0044/a714f75b80f79da7b882fc8c8f829f90.jpg", "https://vocefiscal-poll-tape-uploads.s3.amazonaws.com/us-east-1%3Ab2d210e3-f74c-45bd-b083-10284b5ad3d4/br/ce/morrinhos/zona-0044/d9c4e8dc423b44134356a7cb8ae9327c.jpg", "https://vocefiscal-poll-tape-uploads.s3.amazonaws.com/us-east-1%3Ab2d210e3-f74c-45bd-b083-10284b5ad3d4/br/ce/morrinhos/zona-0044/1f042189bbcac7b707db0dc7f36d01c1.jpg", "https://vocefiscal-poll-tape-uploads.s3.amazonaws.com/us-east-1%3Ab2d210e3-f74c-45bd-b083-10284b5ad3d4/br/ce/morrinhos/zona-0044/75b8af1eb3ee87fb80c81569a7a1c4e6.jpg", "https://vocefiscal-poll-tape-uploads.s3.amazonaws.com/us-east-1%3Ab2d210e3-f74c-45bd-b083-10284b5ad3d4/br/ce/morrinhos/zona-0044/7e7dd2e09b3c6bf23881b4728605690c.jpg"], "zonaEleitoral": "0044"}