{"estado": "CE", "municipio": "FORTALEZA", "data": 1412541348309, "secaoEleitoral": "0644", "pictureURLList": ["https://vocefiscal-poll-tape-uploads.s3.amazonaws.com/us-east-1%3A8a94ec06-833c-4d7e-8a62-2914300e0719/br/ce/fortaleza/zona-0002/1998af4a93bf63d2c550d7823c202791.jpg", "https://vocefiscal-poll-tape-uploads.s3.amazonaws.com/us-east-1%3A8a94ec06-833c-4d7e-8a62-2914300e0719/br/ce/fortaleza/zona-0002/b3ce2d009a9d0cd5dabe2a78c4eac733.jpg"], "zonaEleitoral": "0002", "localDaVotacao": "1228"}