{"estado": "CE", "municipio": "SOBRAL", "data": 1412540154196, "secaoEleitoral": "0004", "pictureURLList": ["https://vocefiscal-poll-tape-uploads.s3.amazonaws.com/us-east-1%3A2d1704d2-819c-484e-9f2d-936d7f7467cb/br/ce/sobral/zona-0022/35a6158f7f19642963b5bf847e11d8bd.jpg", "https://vocefiscal-poll-tape-uploads.s3.amazonaws.com/us-east-1%3A2d1704d2-819c-484e-9f2d-936d7f7467cb/br/ce/sobral/zona-0022/d9a27537794299eaff82a5551c80deb4.jpg", "https://vocefiscal-poll-tape-uploads.s3.amazonaws.com/us-east-1%3A2d1704d2-819c-484e-9f2d-936d7f7467cb/br/ce/sobral/zona-0022/5de4df046091570ffdb529f34d9372e0.jpg", "https://vocefiscal-poll-tape-uploads.s3.amazonaws.com/us-east-1%3A2d1704d2-819c-484e-9f2d-936d7f7467cb/br/ce/sobral/zona-0022/c2cb740f2dd38cf68e048add2a0c7368.jpg", "https://vocefiscal-poll-tape-uploads.s3.amazonaws.com/us-east-1%3A2d1704d2-819c-484e-9f2d-936d7f7467cb/br/ce/sobral/zona-0022/895347e748aacf195d5888dd858ade19.jpg", "https://vocefiscal-poll-tape-uploads.s3.amazonaws.com/us-east-1%3A2d1704d2-819c-484e-9f2d-936d7f7467cb/br/ce/sobral/zona-0022/6a51bd6bb0c208525de2db4fe4a5558f.jpg", "https://vocefiscal-poll-tape-uploads.s3.amazonaws.com/us-east-1%3A2d1704d2-819c-484e-9f2d-936d7f7467cb/br/ce/sobral/zona-0022/b2ad5d7722a72a8d90f99ce0bd7f1cd9.jpg", "https://vocefiscal-poll-tape-uploads.s3.amazonaws.com/us-east-1%3A2d1704d2-819c-484e-9f2d-936d7f7467cb/br/ce/sobral/zona-0022/abbefe6cd12906bee42163b14ce32331.jpg", "https://vocefiscal-poll-tape-uploads.s3.amazonaws.com/us-east-1%3A2d1704d2-819c-484e-9f2d-936d7f7467cb/br/ce/sobral/zona-0022/eb8fa8ee4052630b50d5ff0b4b9d4399.jpg", "https://vocefiscal-poll-tape-uploads.s3.amazonaws.com/us-east-1%3A2d1704d2-819c-484e-9f2d-936d7f7467cb/br/ce/sobral/zona-0022/4c50949533460bbbffeb89b80c32f55a.jpg", "https://vocefiscal-poll-tape-uploads.s3.amazonaws.com/us-east-1%3A2d1704d2-819c-484e-9f2d-936d7f7467cb/br/ce/sobral/zona-0022/c26f795f1335b42f75cbe5eb3c62d0d8.jpg", "https://vocefiscal-poll-tape-uploads.s3.amazonaws.com/us-east-1%3A2d1704d2-819c-484e-9f2d-936d7f7467cb/br/ce/sobral/zona-0022/a010a4f25b32650ad67a818465b6684a.jpg", "https://vocefiscal-poll-tape-uploads.s3.amazonaws.com/us-east-1%3A2d1704d2-819c-484e-9f2d-936d7f7467cb/br/ce/sobral/zona-0022/538cc3ca0d35a666bd2829ce85b0cf5.jpg", "https://vocefiscal-poll-tape-uploads.s3.amazonaws.com/us-east-1%3A2d1704d2-819c-484e-9f2d-936d7f7467cb/br/ce/sobral/zona-0022/95426d701111791c7449d5e848f26c45.jpg", "https://vocefiscal-poll-tape-uploads.s3.amazonaws.com/us-east-1%3A2d1704d2-819c-484e-9f2d-936d7f7467cb/br/ce/sobral/zona-0022/2fbd50836efe9541be3a05d750ab8297.jpg", "https://vocefiscal-poll-tape-uploads.s3.amazonaws.com/us-east-1%3A2d1704d2-819c-484e-9f2d-936d7f7467cb/br/ce/sobral/zona-0022/4e70b916666fcd28265d07e54248e31.jpg", "https://vocefiscal-poll-tape-uploads.s3.amazonaws.com/us-east-1%3A2d1704d2-819c-484e-9f2d-936d7f7467cb/br/ce/sobral/zona-0022/e2e42ccc72f7a9071e7fdd64ad17366b.jpg", "https://vocefiscal-poll-tape-uploads.s3.amazonaws.com/us-east-1%3A2d1704d2-819c-484e-9f2d-936d7f7467cb/br/ce/sobral/zona-0022/6e5b6072004bf4e7e64471892bf35261.jpg", "https://vocefiscal-poll-tape-uploads.s3.amazonaws.com/us-east-1%3A2d1704d2-819c-484e-9f2d-936d7f7467cb/br/ce/sobral/zona-0022/6dc714af0ac5d03065a53d5137b60a92.jpg", "https://vocefiscal-poll-tape-uploads.s3.amazonaws.com/us-east-1%3A2d1704d2-819c-484e-9f2d-936d7f7467cb/br/ce/sobral/zona-0022/4170d049774770927adf7fbe5499b311.jpg", "https://vocefiscal-poll-tape-uploads.s3.amazonaws.com/us-east-1%3A2d1704d2-819c-484e-9f2d-936d7f7467cb/br/ce/sobral/zona-0022/25656c7dd42abc95ac58b8b8141a38aa.jpg"], "zonaEleitoral": "0022"}