{"estado": "CE", "municipio": "FORTALEZA", "data": 1412540323105, "secaoEleitoral": "0773", "pictureURLList": ["https://vocefiscal-poll-tape-uploads.s3.amazonaws.com/us-east-1%3A33a0c209-0eec-4af6-8203-1670d8d60e2d/br/ce/fortaleza/zona-0001/33a5896f29180f0df478d10d7f88e28a.jpg", "https://vocefiscal-poll-tape-uploads.s3.amazonaws.com/us-east-1%3A33a0c209-0eec-4af6-8203-1670d8d60e2d/br/ce/fortaleza/zona-0001/fdfa4b9909a269c7b1f0f10250a53d91.jpg", "https://vocefiscal-poll-tape-uploads.s3.amazonaws.com/us-east-1%3A33a0c209-0eec-4af6-8203-1670d8d60e2d/br/ce/fortaleza/zona-0001/6313f62db691d5b482e7a48e1d3ad3c.jpg", "https://vocefiscal-poll-tape-uploads.s3.amazonaws.com/us-east-1%3A33a0c209-0eec-4af6-8203-1670d8d60e2d/br/ce/fortaleza/zona-0001/e43e193c4856dd79d305fd472733f32d.jpg", "https://vocefiscal-poll-tape-uploads.s3.amazonaws.com/us-east-1%3A33a0c209-0eec-4af6-8203-1670d8d60e2d/br/ce/fortaleza/zona-0001/576a1d266d5d760f876ea82609c20d8c.jpg", "https://vocefiscal-poll-tape-uploads.s3.amazonaws.com/us-east-1%3A33a0c209-0eec-4af6-8203-1670d8d60e2d/br/ce/fortaleza/zona-0001/bb51ffd593423df6ff577d1316abd747.jpg"], "zonaEleitoral": "0001", "localDaVotacao": "2496"}