{"estado": "CE", "municipio": "FORTALEZA", "data": 1412540448283, "secaoEleitoral": "0243", "pictureURLList": ["https://vocefiscal-poll-tape-uploads.s3.amazonaws.com/us-east-1%3Af0334473-07ce-435a-851c-02860457cba8/br/ce/fortaleza/zona-0115/267bd498a8213eb077a6d64ba22f2ee6.jpg", "https://vocefiscal-poll-tape-uploads.s3.amazonaws.com/us-east-1%3Af0334473-07ce-435a-851c-02860457cba8/br/ce/fortaleza/zona-0115/71c173c24e63f77df57a3fea75f2cdb.jpg", "https://vocefiscal-poll-tape-uploads.s3.amazonaws.com/us-east-1%3Af0334473-07ce-435a-851c-02860457cba8/br/ce/fortaleza/zona-0115/3fff0ccfaa7c56d8232dfe2778b4d56.jpg", "https://vocefiscal-poll-tape-uploads.s3.amazonaws.com/us-east-1%3Af0334473-07ce-435a-851c-02860457cba8/br/ce/fortaleza/zona-0115/cc6d26d11d629a2191f3da4c64294930.jpg", "https://vocefiscal-poll-tape-uploads.s3.amazonaws.com/us-east-1%3Af0334473-07ce-435a-851c-02860457cba8/br/ce/fortaleza/zona-0115/77681da82fe0823942757015aaeae74a.jpg", "https://vocefiscal-poll-tape-uploads.s3.amazonaws.com/us-east-1%3Af0334473-07ce-435a-851c-02860457cba8/br/ce/fortaleza/zona-0115/ea60cd6515b2285b9e8899c866956b13.jpg", "https://vocefiscal-poll-tape-uploads.s3.amazonaws.com/us-east-1%3Af0334473-07ce-435a-851c-02860457cba8/br/ce/fortaleza/zona-0115/4ea7001be331f037662a6e3db3a36d67.jpg", "https://vocefiscal-poll-tape-uploads.s3.amazonaws.com/us-east-1%3Af0334473-07ce-435a-851c-02860457cba8/br/ce/fortaleza/zona-0115/8f55877f157f7688f6c9d8984470a904.jpg", "https://vocefiscal-poll-tape-uploads.s3.amazonaws.com/us-east-1%3Af0334473-07ce-435a-851c-02860457cba8/br/ce/fortaleza/zona-0115/5993912866b00d4951da835f04375faa.jpg", "https://vocefiscal-poll-tape-uploads.s3.amazonaws.com/us-east-1%3Af0334473-07ce-435a-851c-02860457cba8/br/ce/fortaleza/zona-0115/c54c504b2383cd5277206a25d378c880.jpg", "https://vocefiscal-poll-tape-uploads.s3.amazonaws.com/us-east-1%3Af0334473-07ce-435a-851c-02860457cba8/br/ce/fortaleza/zona-0115/47372b4760807d53c91f1797eb5c812b.jpg", "https://vocefiscal-poll-tape-uploads.s3.amazonaws.com/us-east-1%3Af0334473-07ce-435a-851c-02860457cba8/br/ce/fortaleza/zona-0115/d2e759892ae7455e703b53de1593e346.jpg", "https://vocefiscal-poll-tape-uploads.s3.amazonaws.com/us-east-1%3Af0334473-07ce-435a-851c-02860457cba8/br/ce/fortaleza/zona-0115/abe2a189badd4ea1c771c496c8e15bbd.jpg", "https://vocefiscal-poll-tape-uploads.s3.amazonaws.com/us-east-1%3Af0334473-07ce-435a-851c-02860457cba8/br/ce/fortaleza/zona-0115/9a3322f56d897b2c833c22553632ff1a.jpg", "https://vocefiscal-poll-tape-uploads.s3.amazonaws.com/us-east-1%3Af0334473-07ce-435a-851c-02860457cba8/br/ce/fortaleza/zona-0115/1eccc73f6cec216794946054e356e213.jpg", "https://vocefiscal-poll-tape-uploads.s3.amazonaws.com/us-east-1%3Af0334473-07ce-435a-851c-02860457cba8/br/ce/fortaleza/zona-0115/243bf731d5821acf264fdef4e6be92d8.jpg", "https://vocefiscal-poll-tape-uploads.s3.amazonaws.com/us-east-1%3Af0334473-07ce-435a-851c-02860457cba8/br/ce/fortaleza/zona-0115/cafe86660bdd1ec05377d688e46eddfd.jpg", "https://vocefiscal-poll-tape-uploads.s3.amazonaws.com/us-east-1%3Af0334473-07ce-435a-851c-02860457cba8/br/ce/fortaleza/zona-0115/caa9c3a16788933dd20bedd74f8f207f.jpg", "https://vocefiscal-poll-tape-uploads.s3.amazonaws.com/us-east-1%3Af0334473-07ce-435a-851c-02860457cba8/br/ce/fortaleza/zona-0115/92e258bf0446077f63b2705c472aeddc.jpg", "https://vocefiscal-poll-tape-uploads.s3.amazonaws.com/us-east-1%3Af0334473-07ce-435a-851c-02860457cba8/br/ce/fortaleza/zona-0115/3f603969842f8ed177f4a04bd7648356.jpg", "https://vocefiscal-poll-tape-uploads.s3.amazonaws.com/us-east-1%3Af0334473-07ce-435a-851c-02860457cba8/br/ce/fortaleza/zona-0115/5dbddc13f662557e14d07e26140e9a93.jpg", "https://vocefiscal-poll-tape-uploads.s3.amazonaws.com/us-east-1%3Af0334473-07ce-435a-851c-02860457cba8/br/ce/fortaleza/zona-0115/fb4e255e2e5f66613e72c71a0d7b8a2c.jpg", "https://vocefiscal-poll-tape-uploads.s3.amazonaws.com/us-east-1%3Af0334473-07ce-435a-851c-02860457cba8/br/ce/fortaleza/zona-0115/104849bb88622375f1604f0fcd4a2a44.jpg", "https://vocefiscal-poll-tape-uploads.s3.amazonaws.com/us-east-1%3Af0334473-07ce-435a-851c-02860457cba8/br/ce/fortaleza/zona-0115/75493d640a48c5f8b454afe325eeb2ef.jpg", "https://vocefiscal-poll-tape-uploads.s3.amazonaws.com/us-east-1%3Af0334473-07ce-435a-851c-02860457cba8/br/ce/fortaleza/zona-0115/79eb3c4b5490a885419eb4b9628e6d8e.jpg", "https://vocefiscal-poll-tape-uploads.s3.amazonaws.com/us-east-1%3Af0334473-07ce-435a-851c-02860457cba8/br/ce/fortaleza/zona-0115/2784100240626eb4832d86ab23f15bea.jpg", "https://vocefiscal-poll-tape-uploads.s3.amazonaws.com/us-east-1%3Af0334473-07ce-435a-851c-02860457cba8/br/ce/fortaleza/zona-0115/c83da0aadf046f0bf2e1c353813aa9ec.jpg", "https://vocefiscal-poll-tape-uploads.s3.amazonaws.com/us-east-1%3Af0334473-07ce-435a-851c-02860457cba8/br/ce/fortaleza/zona-0115/2028ec069795da28a5b3aaa3d435d494.jpg", "https://vocefiscal-poll-tape-uploads.s3.amazonaws.com/us-east-1%3Af0334473-07ce-435a-851c-02860457cba8/br/ce/fortaleza/zona-0115/e6a4bfa42404361d5927eb39aa5a987f.jpg", "https://vocefiscal-poll-tape-uploads.s3.amazonaws.com/us-east-1%3Af0334473-07ce-435a-851c-02860457cba8/br/ce/fortaleza/zona-0115/784a7b5468d3572e003420046d42eb1c.jpg", "https://vocefiscal-poll-tape-uploads.s3.amazonaws.com/us-east-1%3Af0334473-07ce-435a-851c-02860457cba8/br/ce/fortaleza/zona-0115/f62bb1857a8737a2b65727561628794c.jpg", "https://vocefiscal-poll-tape-uploads.s3.amazonaws.com/us-east-1%3Af0334473-07ce-435a-851c-02860457cba8/br/ce/fortaleza/zona-0115/64ea3ec4ebd8a16db9035db21dab698f.jpg", "https://vocefiscal-poll-tape-uploads.s3.amazonaws.com/us-east-1%3Af0334473-07ce-435a-851c-02860457cba8/br/ce/fortaleza/zona-0115/4be6f869e8172ca4c31795297585c45a.jpg", "https://vocefiscal-poll-tape-uploads.s3.amazonaws.com/us-east-1%3Af0334473-07ce-435a-851c-02860457cba8/br/ce/fortaleza/zona-0115/d3bc8edd42129e3642456607f0c4dd02.jpg", "https://vocefiscal-poll-tape-uploads.s3.amazonaws.com/us-east-1%3Af0334473-07ce-435a-851c-02860457cba8/br/ce/fortaleza/zona-0115/f578062bbbefc938d0c58f002419a849.jpg", "https://vocefiscal-poll-tape-uploads.s3.amazonaws.com/us-east-1%3Af0334473-07ce-435a-851c-02860457cba8/br/ce/fortaleza/zona-0115/57c74253345af603f1fff80b876fa846.jpg", "https://vocefiscal-poll-tape-uploads.s3.amazonaws.com/us-east-1%3Af0334473-07ce-435a-851c-02860457cba8/br/ce/fortaleza/zona-0115/f64d7feeebbf73da632880d2cc4c5d73.jpg", "https://vocefiscal-poll-tape-uploads.s3.amazonaws.com/us-east-1%3Af0334473-07ce-435a-851c-02860457cba8/br/ce/fortaleza/zona-0115/6cba698851cf91a2804ae99a2e8a82b3.jpg", "https://vocefiscal-poll-tape-uploads.s3.amazonaws.com/us-east-1%3Af0334473-07ce-435a-851c-02860457cba8/br/ce/fortaleza/zona-0115/f797f0b431944562a3a7ca12e2096b93.jpg", "https://vocefiscal-poll-tape-uploads.s3.amazonaws.com/us-east-1%3Af0334473-07ce-435a-851c-02860457cba8/br/ce/fortaleza/zona-0115/ca8b77dcb2776eedb2951a067201c4a0.jpg", "https://vocefiscal-poll-tape-uploads.s3.amazonaws.com/us-east-1%3Af0334473-07ce-435a-851c-02860457cba8/br/ce/fortaleza/zona-0115/cc179fe4710cb83ef7e7569c3ed4b679.jpg", "https://vocefiscal-poll-tape-uploads.s3.amazonaws.com/us-east-1%3Af0334473-07ce-435a-851c-02860457cba8/br/ce/fortaleza/zona-0115/62f6ca717f381ff69647cfedc56e1489.jpg", "https://vocefiscal-poll-tape-uploads.s3.amazonaws.com/us-east-1%3Af0334473-07ce-435a-851c-02860457cba8/br/ce/fortaleza/zona-0115/33b2fedd758b71111c25b7a503cf0657.jpg", "https://vocefiscal-poll-tape-uploads.s3.amazonaws.com/us-east-1%3Af0334473-07ce-435a-851c-02860457cba8/br/ce/fortaleza/zona-0115/aa05fa3fe97f605c85052411b1e5cdcb.jpg", "https://vocefiscal-poll-tape-uploads.s3.amazonaws.com/us-east-1%3Af0334473-07ce-435a-851c-02860457cba8/br/ce/fortaleza/zona-0115/8c9e77dcf2d47646d22d085c73cef8f8.jpg", "https://vocefiscal-poll-tape-uploads.s3.amazonaws.com/us-east-1%3Af0334473-07ce-435a-851c-02860457cba8/br/ce/fortaleza/zona-0115/448e80a5d7d052c31302ae36252ba984.jpg", "https://vocefiscal-poll-tape-uploads.s3.amazonaws.com/us-east-1%3Af0334473-07ce-435a-851c-02860457cba8/br/ce/fortaleza/zona-0115/3471cad921f48b4eaaade4e77c909fca.jpg", "https://vocefiscal-poll-tape-uploads.s3.amazonaws.com/us-east-1%3Af0334473-07ce-435a-851c-02860457cba8/br/ce/fortaleza/zona-0115/7f718847ca990cb8c0eebb41ac4cc1c.jpg", "https://vocefiscal-poll-tape-uploads.s3.amazonaws.com/us-east-1%3Af0334473-07ce-435a-851c-02860457cba8/br/ce/fortaleza/zona-0115/8140608bd5dc4a7608067762ccaab1bd.jpg", "https://vocefiscal-poll-tape-uploads.s3.amazonaws.com/us-east-1%3Af0334473-07ce-435a-851c-02860457cba8/br/ce/fortaleza/zona-0115/4f772af77171e5d0c73cbefa4cbd0e3c.jpg", "https://vocefiscal-poll-tape-uploads.s3.amazonaws.com/us-east-1%3Af0334473-07ce-435a-851c-02860457cba8/br/ce/fortaleza/zona-0115/16196c725095da3b0eb6f8b35dfae041.jpg", "https://vocefiscal-poll-tape-uploads.s3.amazonaws.com/us-east-1%3Af0334473-07ce-435a-851c-02860457cba8/br/ce/fortaleza/zona-0115/df4cdbea96202a789d59b8a5fb742427.jpg", "https://vocefiscal-poll-tape-uploads.s3.amazonaws.com/us-east-1%3Af0334473-07ce-435a-851c-02860457cba8/br/ce/fortaleza/zona-0115/937d0be845d929557fb11da87740abc0.jpg", "https://vocefiscal-poll-tape-uploads.s3.amazonaws.com/us-east-1%3Af0334473-07ce-435a-851c-02860457cba8/br/ce/fortaleza/zona-0115/daf45c3dc8a3b6667d3ba44f4311766b.jpg", "https://vocefiscal-poll-tape-uploads.s3.amazonaws.com/us-east-1%3Af0334473-07ce-435a-851c-02860457cba8/br/ce/fortaleza/zona-0115/d589858f16e7e2ebe9476e9c64f3d13d.jpg", "https://vocefiscal-poll-tape-uploads.s3.amazonaws.com/us-east-1%3Af0334473-07ce-435a-851c-02860457cba8/br/ce/fortaleza/zona-0115/cfe6832d108de2ad75e34fea4006657c.jpg", "https://vocefiscal-poll-tape-uploads.s3.amazonaws.com/us-east-1%3Af0334473-07ce-435a-851c-02860457cba8/br/ce/fortaleza/zona-0115/80886149ff47c325194a4a0c4213870.jpg", "https://vocefiscal-poll-tape-uploads.s3.amazonaws.com/us-east-1%3Af0334473-07ce-435a-851c-02860457cba8/br/ce/fortaleza/zona-0115/b7cef0cbf1567494de782041063903b4.jpg", "https://vocefiscal-poll-tape-uploads.s3.amazonaws.com/us-east-1%3Af0334473-07ce-435a-851c-02860457cba8/br/ce/fortaleza/zona-0115/28cac17836e1ad60c698e6eb996412bb.jpg", "https://vocefiscal-poll-tape-uploads.s3.amazonaws.com/us-east-1%3Af0334473-07ce-435a-851c-02860457cba8/br/ce/fortaleza/zona-0115/30f9b37e6b9cca9927d0c2b34b3e610.jpg", "https://vocefiscal-poll-tape-uploads.s3.amazonaws.com/us-east-1%3Af0334473-07ce-435a-851c-02860457cba8/br/ce/fortaleza/zona-0115/fe5a2bc92334a9bf8e8a5f4d2b815757.jpg"], "zonaEleitoral": "0115"}