{"estado": "CE", "municipio": "FORTALEZA", "data": 1412540257109, "secaoEleitoral": "0020", "pictureURLList": ["https://vocefiscal-poll-tape-uploads.s3.amazonaws.com/us-east-1%3Ab1234cf9-fad4-46fa-9da3-f8dba345ce32/br/ce/fortaleza/zona-0116/23bc23d6fd673e3f3d8a1f158bdf9871.jpg", "https://vocefiscal-poll-tape-uploads.s3.amazonaws.com/us-east-1%3Ab1234cf9-fad4-46fa-9da3-f8dba345ce32/br/ce/fortaleza/zona-0116/a6be30e7907ea61f17d7189ba3381c50.jpg", "https://vocefiscal-poll-tape-uploads.s3.amazonaws.com/us-east-1%3Ab1234cf9-fad4-46fa-9da3-f8dba345ce32/br/ce/fortaleza/zona-0116/2e33013ec826eacf6d7b9728296cb9cc.jpg", "https://vocefiscal-poll-tape-uploads.s3.amazonaws.com/us-east-1%3Ab1234cf9-fad4-46fa-9da3-f8dba345ce32/br/ce/fortaleza/zona-0116/f5179306e692164488f5481e42ff2a9c.jpg", "https://vocefiscal-poll-tape-uploads.s3.amazonaws.com/us-east-1%3Ab1234cf9-fad4-46fa-9da3-f8dba345ce32/br/ce/fortaleza/zona-0116/c3722ed191d7197838fcac8dd62dfbc8.jpg"], "zonaEleitoral": "0116"}