{"estado": "CE", "municipio": "FORTALEZA", "data": 1412547172383, "secaoEleitoral": "0184", "pictureURLList": ["https://vocefiscal-poll-tape-uploads.s3.amazonaws.com/us-east-1%3A683531b0-15da-4cda-8ca3-61a76a92c2cf/br/ce/fortaleza/zona-0002/36585c766b12deb3fd1b3bb99144a294.jpg", "https://vocefiscal-poll-tape-uploads.s3.amazonaws.com/us-east-1%3A683531b0-15da-4cda-8ca3-61a76a92c2cf/br/ce/fortaleza/zona-0002/dc381d67802c108dc9f212ae37016c41.jpg", "https://vocefiscal-poll-tape-uploads.s3.amazonaws.com/us-east-1%3A683531b0-15da-4cda-8ca3-61a76a92c2cf/br/ce/fortaleza/zona-0002/1fb7f9647a4dde9d0afcab3b4c05b46b.jpg", "https://vocefiscal-poll-tape-uploads.s3.amazonaws.com/us-east-1%3A683531b0-15da-4cda-8ca3-61a76a92c2cf/br/ce/fortaleza/zona-0002/f03146378a9e089cabdf6fd2b2b263a1.jpg", "https://vocefiscal-poll-tape-uploads.s3.amazonaws.com/us-east-1%3A683531b0-15da-4cda-8ca3-61a76a92c2cf/br/ce/fortaleza/zona-0002/472a65fb67e1fa2cf4e20dfc2a516335.jpg", "https://vocefiscal-poll-tape-uploads.s3.amazonaws.com/us-east-1%3A683531b0-15da-4cda-8ca3-61a76a92c2cf/br/ce/fortaleza/zona-0002/59a5c09cc19296225008f0c5bfc47be4.jpg", "https://vocefiscal-poll-tape-uploads.s3.amazonaws.com/us-east-1%3A683531b0-15da-4cda-8ca3-61a76a92c2cf/br/ce/fortaleza/zona-0002/1f839589d3ecff15fe47b3dad38b894e.jpg", "https://vocefiscal-poll-tape-uploads.s3.amazonaws.com/us-east-1%3A683531b0-15da-4cda-8ca3-61a76a92c2cf/br/ce/fortaleza/zona-0002/849c22ae8360b125407d513425e7c915.jpg", "https://vocefiscal-poll-tape-uploads.s3.amazonaws.com/us-east-1%3A683531b0-15da-4cda-8ca3-61a76a92c2cf/br/ce/fortaleza/zona-0002/9344af13731b4df3efac0fbe0f6acc71.jpg", "https://vocefiscal-poll-tape-uploads.s3.amazonaws.com/us-east-1%3A683531b0-15da-4cda-8ca3-61a76a92c2cf/br/ce/fortaleza/zona-0002/f282374353a022fa49bdd08d9d11c722.jpg", "https://vocefiscal-poll-tape-uploads.s3.amazonaws.com/us-east-1%3A683531b0-15da-4cda-8ca3-61a76a92c2cf/br/ce/fortaleza/zona-0002/eca71dcef72cdc87864d19b3bf476d2d.jpg", "https://vocefiscal-poll-tape-uploads.s3.amazonaws.com/us-east-1%3A683531b0-15da-4cda-8ca3-61a76a92c2cf/br/ce/fortaleza/zona-0002/f534f0736f490073ec6663a73a0ad5e4.jpg", "https://vocefiscal-poll-tape-uploads.s3.amazonaws.com/us-east-1%3A683531b0-15da-4cda-8ca3-61a76a92c2cf/br/ce/fortaleza/zona-0002/954c3519a99c79883208658e6e315783.jpg", "https://vocefiscal-poll-tape-uploads.s3.amazonaws.com/us-east-1%3A683531b0-15da-4cda-8ca3-61a76a92c2cf/br/ce/fortaleza/zona-0002/6f8d496fee8c9c6544dd0fc0daea47fd.jpg", "https://vocefiscal-poll-tape-uploads.s3.amazonaws.com/us-east-1%3A683531b0-15da-4cda-8ca3-61a76a92c2cf/br/ce/fortaleza/zona-0002/ce3e7c34e60d8f40ee9c46b8d98356ed.jpg", "https://vocefiscal-poll-tape-uploads.s3.amazonaws.com/us-east-1%3A683531b0-15da-4cda-8ca3-61a76a92c2cf/br/ce/fortaleza/zona-0002/d41ea0ce7ed9f2a957b651c7842e5dd7.jpg", "https://vocefiscal-poll-tape-uploads.s3.amazonaws.com/us-east-1%3A683531b0-15da-4cda-8ca3-61a76a92c2cf/br/ce/fortaleza/zona-0002/d1186a2109acb6458bee31d9742b7a21.jpg", "https://vocefiscal-poll-tape-uploads.s3.amazonaws.com/us-east-1%3A683531b0-15da-4cda-8ca3-61a76a92c2cf/br/ce/fortaleza/zona-0002/1d552c927e23f01bc17c5597aac58955.jpg", "https://vocefiscal-poll-tape-uploads.s3.amazonaws.com/us-east-1%3A683531b0-15da-4cda-8ca3-61a76a92c2cf/br/ce/fortaleza/zona-0002/760e2f9d758fa23f32051daf49a2bc72.jpg", "https://vocefiscal-poll-tape-uploads.s3.amazonaws.com/us-east-1%3A683531b0-15da-4cda-8ca3-61a76a92c2cf/br/ce/fortaleza/zona-0002/7afa744afe55c7f5e804dde886763f8c.jpg", "https://vocefiscal-poll-tape-uploads.s3.amazonaws.com/us-east-1%3A683531b0-15da-4cda-8ca3-61a76a92c2cf/br/ce/fortaleza/zona-0002/953ef22f7de67b91ee3ee78dd2d4c9c0.jpg", "https://vocefiscal-poll-tape-uploads.s3.amazonaws.com/us-east-1%3A683531b0-15da-4cda-8ca3-61a76a92c2cf/br/ce/fortaleza/zona-0002/3c742a1282ed553fe2b7cea6c4a77828.jpg", "https://vocefiscal-poll-tape-uploads.s3.amazonaws.com/us-east-1%3A683531b0-15da-4cda-8ca3-61a76a92c2cf/br/ce/fortaleza/zona-0002/7b8b5fecfdd5969f215c403ad8921be.jpg", "https://vocefiscal-poll-tape-uploads.s3.amazonaws.com/us-east-1%3A683531b0-15da-4cda-8ca3-61a76a92c2cf/br/ce/fortaleza/zona-0002/18ae63b4c9d6cfb4342d42e31049b385.jpg", "https://vocefiscal-poll-tape-uploads.s3.amazonaws.com/us-east-1%3A683531b0-15da-4cda-8ca3-61a76a92c2cf/br/ce/fortaleza/zona-0002/3e4634c8f654cd2c11756dfdbc4c9958.jpg", "https://vocefiscal-poll-tape-uploads.s3.amazonaws.com/us-east-1%3A683531b0-15da-4cda-8ca3-61a76a92c2cf/br/ce/fortaleza/zona-0002/9efd03fcdfe0351a5ee81580c1df4258.jpg", "https://vocefiscal-poll-tape-uploads.s3.amazonaws.com/us-east-1%3A683531b0-15da-4cda-8ca3-61a76a92c2cf/br/ce/fortaleza/zona-0002/d94fddadeb17e6799384226ab039ce12.jpg", "https://vocefiscal-poll-tape-uploads.s3.amazonaws.com/us-east-1%3A683531b0-15da-4cda-8ca3-61a76a92c2cf/br/ce/fortaleza/zona-0002/ab6edd8843ce9657e8658905b356a388.jpg", "https://vocefiscal-poll-tape-uploads.s3.amazonaws.com/us-east-1%3A683531b0-15da-4cda-8ca3-61a76a92c2cf/br/ce/fortaleza/zona-0002/13d3915a61eabcce8551d18772075431.jpg"], "zonaEleitoral": "0002", "localDaVotacao": "1775"}