{"estado": "CE", "municipio": "RUSSAS", "data": 1412560815255, "secaoEleitoral": "0052", "pictureURLList": ["https://vocefiscal-poll-tape-uploads.s3.amazonaws.com/us-east-1%3Aef7f1374-568c-4466-97f6-dd1509252507/br/ce/russas/zona-0009/d265ded409b980e67bebb6c4c30d0cf6.jpg", "https://vocefiscal-poll-tape-uploads.s3.amazonaws.com/us-east-1%3Aef7f1374-568c-4466-97f6-dd1509252507/br/ce/russas/zona-0009/bc5915774e04873346ace318bc40d87e.jpg", "https://vocefiscal-poll-tape-uploads.s3.amazonaws.com/us-east-1%3Aef7f1374-568c-4466-97f6-dd1509252507/br/ce/russas/zona-0009/26fcea6fbeab29076c2d5e8ec7f1ec6d.jpg", "https://vocefiscal-poll-tape-uploads.s3.amazonaws.com/us-east-1%3Aef7f1374-568c-4466-97f6-dd1509252507/br/ce/russas/zona-0009/ecbaeca07a2829a2cd6512558519a8f6.jpg", "https://vocefiscal-poll-tape-uploads.s3.amazonaws.com/us-east-1%3Aef7f1374-568c-4466-97f6-dd1509252507/br/ce/russas/zona-0009/2de7017ef5fb5c4b301f109e1374428.jpg", "https://vocefiscal-poll-tape-uploads.s3.amazonaws.com/us-east-1%3Aef7f1374-568c-4466-97f6-dd1509252507/br/ce/russas/zona-0009/624a45b6d78c3d948a0dd6d33ad9c901.jpg", "https://vocefiscal-poll-tape-uploads.s3.amazonaws.com/us-east-1%3Aef7f1374-568c-4466-97f6-dd1509252507/br/ce/russas/zona-0009/c77f61c9844985dda9d5bd872effa2ec.jpg", "https://vocefiscal-poll-tape-uploads.s3.amazonaws.com/us-east-1%3Aef7f1374-568c-4466-97f6-dd1509252507/br/ce/russas/zona-0009/1dcddcb3ddfe441ecd569e22bf6ab6db.jpg", "https://vocefiscal-poll-tape-uploads.s3.amazonaws.com/us-east-1%3Aef7f1374-568c-4466-97f6-dd1509252507/br/ce/russas/zona-0009/4a9fd85af904dda62cb7060bb891df94.jpg", "https://vocefiscal-poll-tape-uploads.s3.amazonaws.com/us-east-1%3Aef7f1374-568c-4466-97f6-dd1509252507/br/ce/russas/zona-0009/5c8e29436f53a00a885cf5c5dc3505e5.jpg", "https://vocefiscal-poll-tape-uploads.s3.amazonaws.com/us-east-1%3Aef7f1374-568c-4466-97f6-dd1509252507/br/ce/russas/zona-0009/93d4ed235a686af1d6e2d8df1d63c815.jpg", "https://vocefiscal-poll-tape-uploads.s3.amazonaws.com/us-east-1%3Aef7f1374-568c-4466-97f6-dd1509252507/br/ce/russas/zona-0009/f73d47fb474864b41da9c62fe1208340.jpg", "https://vocefiscal-poll-tape-uploads.s3.amazonaws.com/us-east-1%3Aef7f1374-568c-4466-97f6-dd1509252507/br/ce/russas/zona-0009/f05b01632ae032ef09723b8ad69e0852.jpg", "https://vocefiscal-poll-tape-uploads.s3.amazonaws.com/us-east-1%3Aef7f1374-568c-4466-97f6-dd1509252507/br/ce/russas/zona-0009/3b5e05debeb385f54d30349c145847e4.jpg", "https://vocefiscal-poll-tape-uploads.s3.amazonaws.com/us-east-1%3Aef7f1374-568c-4466-97f6-dd1509252507/br/ce/russas/zona-0009/5b404376a00e106f55684aa3bbf880d1.jpg", "https://vocefiscal-poll-tape-uploads.s3.amazonaws.com/us-east-1%3Aef7f1374-568c-4466-97f6-dd1509252507/br/ce/russas/zona-0009/b50d6e3a10b2046b936cb37ec57b4562.jpg", "https://vocefiscal-poll-tape-uploads.s3.amazonaws.com/us-east-1%3Aef7f1374-568c-4466-97f6-dd1509252507/br/ce/russas/zona-0009/e4d79291ede4bb1488c5c72d7631f9f3.jpg", "https://vocefiscal-poll-tape-uploads.s3.amazonaws.com/us-east-1%3Aef7f1374-568c-4466-97f6-dd1509252507/br/ce/russas/zona-0009/50caa0f1d50c722d3629671b526015c.jpg", "https://vocefiscal-poll-tape-uploads.s3.amazonaws.com/us-east-1%3Aef7f1374-568c-4466-97f6-dd1509252507/br/ce/russas/zona-0009/7b5af5eabe23b1033e11788e62546b9d.jpg", "https://vocefiscal-poll-tape-uploads.s3.amazonaws.com/us-east-1%3Aef7f1374-568c-4466-97f6-dd1509252507/br/ce/russas/zona-0009/60dd970d4a380100993a57e0c6b33d8b.jpg", "https://vocefiscal-poll-tape-uploads.s3.amazonaws.com/us-east-1%3Aef7f1374-568c-4466-97f6-dd1509252507/br/ce/russas/zona-0009/505daf6f0e7e12c8170c9ae9f95e9f13.jpg", "https://vocefiscal-poll-tape-uploads.s3.amazonaws.com/us-east-1%3Aef7f1374-568c-4466-97f6-dd1509252507/br/ce/russas/zona-0009/5097416be2ec8bdaa3b364428842d8b9.jpg"], "zonaEleitoral": "0009", "localDaVotacao": "1066"}