{"estado": "CE", "municipio": "FORTALEZA", "data": 1412540095057, "secaoEleitoral": "0688", "pictureURLList": ["https://vocefiscal-poll-tape-uploads.s3.amazonaws.com/us-east-1%3A33a0c209-0eec-4af6-8203-1670d8d60e2d/br/ce/fortaleza/zona-0001/74add9fc05a448a52193a366ed38f9ea.jpg", "https://vocefiscal-poll-tape-uploads.s3.amazonaws.com/us-east-1%3A33a0c209-0eec-4af6-8203-1670d8d60e2d/br/ce/fortaleza/zona-0001/b78afe25a0073c3a42b40e704007540a.jpg", "https://vocefiscal-poll-tape-uploads.s3.amazonaws.com/us-east-1%3A33a0c209-0eec-4af6-8203-1670d8d60e2d/br/ce/fortaleza/zona-0001/2f7caf6b3936c68508c46c2189ffb74f.jpg"], "zonaEleitoral": "0001", "localDaVotacao": "2496"}