{"estado": "CE", "municipio": "CANIND\u00c9", "data": 1412540659042, "secaoEleitoral": "0206", "pictureURLList": ["https://vocefiscal-poll-tape-uploads.s3.amazonaws.com/us-east-1%3Ae3a74dfb-388e-4fcd-877f-3c1a7c295535/br/ce/caninde/zona-0033/9b90ce8a05c02c930963ee3cf30cfe5d.jpg", "https://vocefiscal-poll-tape-uploads.s3.amazonaws.com/us-east-1%3Ae3a74dfb-388e-4fcd-877f-3c1a7c295535/br/ce/caninde/zona-0033/d55020f6509fcc824905a6628105c813.jpg", "https://vocefiscal-poll-tape-uploads.s3.amazonaws.com/us-east-1%3Ae3a74dfb-388e-4fcd-877f-3c1a7c295535/br/ce/caninde/zona-0033/ce7a447b9e20664d9a936e28d0e6e4b4.jpg", "https://vocefiscal-poll-tape-uploads.s3.amazonaws.com/us-east-1%3Ae3a74dfb-388e-4fcd-877f-3c1a7c295535/br/ce/caninde/zona-0033/6ca9fc5b7416d93ec7ace4649138199b.jpg", "https://vocefiscal-poll-tape-uploads.s3.amazonaws.com/us-east-1%3Ae3a74dfb-388e-4fcd-877f-3c1a7c295535/br/ce/caninde/zona-0033/db303b9629b3b2f01bee0b2570a9fbbd.jpg", "https://vocefiscal-poll-tape-uploads.s3.amazonaws.com/us-east-1%3Ae3a74dfb-388e-4fcd-877f-3c1a7c295535/br/ce/caninde/zona-0033/ca3bc853b17262a20786339603b40235.jpg", "https://vocefiscal-poll-tape-uploads.s3.amazonaws.com/us-east-1%3Ae3a74dfb-388e-4fcd-877f-3c1a7c295535/br/ce/caninde/zona-0033/b7878ce7a4017d07ece926a4e17cb94f.jpg", "https://vocefiscal-poll-tape-uploads.s3.amazonaws.com/us-east-1%3Ae3a74dfb-388e-4fcd-877f-3c1a7c295535/br/ce/caninde/zona-0033/5da5a9a44e5eb888b13e1da0c0dac591.jpg", "https://vocefiscal-poll-tape-uploads.s3.amazonaws.com/us-east-1%3Ae3a74dfb-388e-4fcd-877f-3c1a7c295535/br/ce/caninde/zona-0033/a2e1f4e190e19ca3cf7774030dc5a8c3.jpg", "https://vocefiscal-poll-tape-uploads.s3.amazonaws.com/us-east-1%3Ae3a74dfb-388e-4fcd-877f-3c1a7c295535/br/ce/caninde/zona-0033/3ce96488eb11ac5944751a6c6096564d.jpg", "https://vocefiscal-poll-tape-uploads.s3.amazonaws.com/us-east-1%3Ae3a74dfb-388e-4fcd-877f-3c1a7c295535/br/ce/caninde/zona-0033/90cbcb63d34f9eaf403cdefc44a881eb.jpg", "https://vocefiscal-poll-tape-uploads.s3.amazonaws.com/us-east-1%3Ae3a74dfb-388e-4fcd-877f-3c1a7c295535/br/ce/caninde/zona-0033/5412df0610a3d685380db4115c1c1b4a.jpg", "https://vocefiscal-poll-tape-uploads.s3.amazonaws.com/us-east-1%3Ae3a74dfb-388e-4fcd-877f-3c1a7c295535/br/ce/caninde/zona-0033/ecbfa3ddd9404eb57dc07fd31217650e.jpg", "https://vocefiscal-poll-tape-uploads.s3.amazonaws.com/us-east-1%3Ae3a74dfb-388e-4fcd-877f-3c1a7c295535/br/ce/caninde/zona-0033/4d95d51b5d8af063eaccb66f03bde209.jpg", "https://vocefiscal-poll-tape-uploads.s3.amazonaws.com/us-east-1%3Ae3a74dfb-388e-4fcd-877f-3c1a7c295535/br/ce/caninde/zona-0033/ab057cf02786a9d5d67dc5565edbefd5.jpg", "https://vocefiscal-poll-tape-uploads.s3.amazonaws.com/us-east-1%3Ae3a74dfb-388e-4fcd-877f-3c1a7c295535/br/ce/caninde/zona-0033/25bb04206adfca4d54462764cdbd739b.jpg", "https://vocefiscal-poll-tape-uploads.s3.amazonaws.com/us-east-1%3Ae3a74dfb-388e-4fcd-877f-3c1a7c295535/br/ce/caninde/zona-0033/ac51d4cd9eadef6933c4e6712e8dd235.jpg", "https://vocefiscal-poll-tape-uploads.s3.amazonaws.com/us-east-1%3Ae3a74dfb-388e-4fcd-877f-3c1a7c295535/br/ce/caninde/zona-0033/130c824351c780a11ada280f1588ce6f.jpg", "https://vocefiscal-poll-tape-uploads.s3.amazonaws.com/us-east-1%3Ae3a74dfb-388e-4fcd-877f-3c1a7c295535/br/ce/caninde/zona-0033/5bba2d34b4d6375e47ca7667d79b271f.jpg", "https://vocefiscal-poll-tape-uploads.s3.amazonaws.com/us-east-1%3Ae3a74dfb-388e-4fcd-877f-3c1a7c295535/br/ce/caninde/zona-0033/8b0b11ad7606dd12f43eb8e60233c8c1.jpg", "https://vocefiscal-poll-tape-uploads.s3.amazonaws.com/us-east-1%3Ae3a74dfb-388e-4fcd-877f-3c1a7c295535/br/ce/caninde/zona-0033/c4cad72d788b5fca87531cd55df2ef24.jpg", "https://vocefiscal-poll-tape-uploads.s3.amazonaws.com/us-east-1%3Ae3a74dfb-388e-4fcd-877f-3c1a7c295535/br/ce/caninde/zona-0033/c6da8c00ea337528c3bba1edd48644f7.jpg", "https://vocefiscal-poll-tape-uploads.s3.amazonaws.com/us-east-1%3Ae3a74dfb-388e-4fcd-877f-3c1a7c295535/br/ce/caninde/zona-0033/48a14f1074f4f74de0d66e4d260b1194.jpg", "https://vocefiscal-poll-tape-uploads.s3.amazonaws.com/us-east-1%3Ae3a74dfb-388e-4fcd-877f-3c1a7c295535/br/ce/caninde/zona-0033/8f562a2463ea4bfb8f0e1c7fe6b01bf3.jpg", "https://vocefiscal-poll-tape-uploads.s3.amazonaws.com/us-east-1%3Ae3a74dfb-388e-4fcd-877f-3c1a7c295535/br/ce/caninde/zona-0033/faec3ebf757f37d329754c6876553df5.jpg", "https://vocefiscal-poll-tape-uploads.s3.amazonaws.com/us-east-1%3Ae3a74dfb-388e-4fcd-877f-3c1a7c295535/br/ce/caninde/zona-0033/2f5d1a4501346ad0913c14a6d231a40f.jpg", "https://vocefiscal-poll-tape-uploads.s3.amazonaws.com/us-east-1%3Ae3a74dfb-388e-4fcd-877f-3c1a7c295535/br/ce/caninde/zona-0033/3c9510e3ecae05cb67f473effbaeaeb1.jpg", "https://vocefiscal-poll-tape-uploads.s3.amazonaws.com/us-east-1%3Ae3a74dfb-388e-4fcd-877f-3c1a7c295535/br/ce/caninde/zona-0033/d131de765a0549e19cda6cfdf88df6bd.jpg", "https://vocefiscal-poll-tape-uploads.s3.amazonaws.com/us-east-1%3Ae3a74dfb-388e-4fcd-877f-3c1a7c295535/br/ce/caninde/zona-0033/d131de765a0549e19cda6cfdf88df6bd.jpg"], "zonaEleitoral": "0033", "localDaVotacao": "1244"}