{"estado": "CE", "municipio": "IPU", "data": 1412542684232, "secaoEleitoral": "0048", "pictureURLList": ["https://vocefiscal-poll-tape-uploads.s3.amazonaws.com/us-east-1%3A2b46ae3b-4062-4f99-a8f0-39da75310e76/br/ce/ipu/zona-0021/f41c60e6aadb5c71d6446bc70a736e50.jpg", "https://vocefiscal-poll-tape-uploads.s3.amazonaws.com/us-east-1%3A2b46ae3b-4062-4f99-a8f0-39da75310e76/br/ce/ipu/zona-0021/f2a715b96465f859c33b92c6064344ee.jpg", "https://vocefiscal-poll-tape-uploads.s3.amazonaws.com/us-east-1%3A2b46ae3b-4062-4f99-a8f0-39da75310e76/br/ce/ipu/zona-0021/34e8e85ed8d5b706b07519812c2aec8.jpg", "https://vocefiscal-poll-tape-uploads.s3.amazonaws.com/us-east-1%3A2b46ae3b-4062-4f99-a8f0-39da75310e76/br/ce/ipu/zona-0021/97b8e8b89f0ab16b2966f6b5e4b724d2.jpg", "https://vocefiscal-poll-tape-uploads.s3.amazonaws.com/us-east-1%3A2b46ae3b-4062-4f99-a8f0-39da75310e76/br/ce/ipu/zona-0021/f5220b2c9b4a8dc6aca2cf769395feef.jpg", "https://vocefiscal-poll-tape-uploads.s3.amazonaws.com/us-east-1%3A2b46ae3b-4062-4f99-a8f0-39da75310e76/br/ce/ipu/zona-0021/b5555d347e3073461d75251e660c4de8.jpg", "https://vocefiscal-poll-tape-uploads.s3.amazonaws.com/us-east-1%3A2b46ae3b-4062-4f99-a8f0-39da75310e76/br/ce/ipu/zona-0021/e06bf2c91d258260bf8fd764e8196560.jpg", "https://vocefiscal-poll-tape-uploads.s3.amazonaws.com/us-east-1%3A2b46ae3b-4062-4f99-a8f0-39da75310e76/br/ce/ipu/zona-0021/a7ac790cafbd264bdd12b2e0325d7425.jpg", "https://vocefiscal-poll-tape-uploads.s3.amazonaws.com/us-east-1%3A2b46ae3b-4062-4f99-a8f0-39da75310e76/br/ce/ipu/zona-0021/60e6515ba84f63ba8548f91e93d70edf.jpg", "https://vocefiscal-poll-tape-uploads.s3.amazonaws.com/us-east-1%3A2b46ae3b-4062-4f99-a8f0-39da75310e76/br/ce/ipu/zona-0021/98f485f9d5cf187f0f6c30fa7dd476c4.jpg", "https://vocefiscal-poll-tape-uploads.s3.amazonaws.com/us-east-1%3A2b46ae3b-4062-4f99-a8f0-39da75310e76/br/ce/ipu/zona-0021/3f96b85658b344af705ffb35b48a114e.jpg", "https://vocefiscal-poll-tape-uploads.s3.amazonaws.com/us-east-1%3A2b46ae3b-4062-4f99-a8f0-39da75310e76/br/ce/ipu/zona-0021/b6c83a512b2b2dc2a866f7194372bab1.jpg", "https://vocefiscal-poll-tape-uploads.s3.amazonaws.com/us-east-1%3A2b46ae3b-4062-4f99-a8f0-39da75310e76/br/ce/ipu/zona-0021/3a9f3dbd87484f76a4001d13514c172e.jpg", "https://vocefiscal-poll-tape-uploads.s3.amazonaws.com/us-east-1%3A2b46ae3b-4062-4f99-a8f0-39da75310e76/br/ce/ipu/zona-0021/6fd90d4424f20bad85252b6ed90cc0e1.jpg", "https://vocefiscal-poll-tape-uploads.s3.amazonaws.com/us-east-1%3A2b46ae3b-4062-4f99-a8f0-39da75310e76/br/ce/ipu/zona-0021/dab93ec5a301e62b21a17df2bf8e6fa1.jpg", "https://vocefiscal-poll-tape-uploads.s3.amazonaws.com/us-east-1%3A2b46ae3b-4062-4f99-a8f0-39da75310e76/br/ce/ipu/zona-0021/ca2c4b550f3c8bb72c54a7080ad5d9d6.jpg", "https://vocefiscal-poll-tape-uploads.s3.amazonaws.com/us-east-1%3A2b46ae3b-4062-4f99-a8f0-39da75310e76/br/ce/ipu/zona-0021/ade5337d8931d661552bbb4a64862309.jpg", "https://vocefiscal-poll-tape-uploads.s3.amazonaws.com/us-east-1%3A2b46ae3b-4062-4f99-a8f0-39da75310e76/br/ce/ipu/zona-0021/92f2de9875357df1c48c654a8b071ebb.jpg", "https://vocefiscal-poll-tape-uploads.s3.amazonaws.com/us-east-1%3A2b46ae3b-4062-4f99-a8f0-39da75310e76/br/ce/ipu/zona-0021/ddca02a3e2c0ea2a7e8c67b8a6003029.jpg", "https://vocefiscal-poll-tape-uploads.s3.amazonaws.com/us-east-1%3A2b46ae3b-4062-4f99-a8f0-39da75310e76/br/ce/ipu/zona-0021/cb4d11a129cd4732b7a7a622b6370e2c.jpg"], "zonaEleitoral": "0021", "localDaVotacao": "1287"}