{"estado": "CE", "municipio": "GUARACIABA DO NORTE", "data": 1412542147736, "secaoEleitoral": "0109", "pictureURLList": ["https://vocefiscal-poll-tape-uploads.s3.amazonaws.com/us-east-1%3A5c6cbab5-fac5-4de5-ab65-2e75490565c0/br/ce/guaraciaba-do-norte/zona-0074/72126fdfcffaf554517736eb40c2c981.jpg", "https://vocefiscal-poll-tape-uploads.s3.amazonaws.com/us-east-1%3A5c6cbab5-fac5-4de5-ab65-2e75490565c0/br/ce/guaraciaba-do-norte/zona-0074/5497994860f28864b0c2986bbf511937.jpg", "https://vocefiscal-poll-tape-uploads.s3.amazonaws.com/us-east-1%3A5c6cbab5-fac5-4de5-ab65-2e75490565c0/br/ce/guaraciaba-do-norte/zona-0074/26988df861f0ce014c5fd3bc4f888ca2.jpg", "https://vocefiscal-poll-tape-uploads.s3.amazonaws.com/us-east-1%3A5c6cbab5-fac5-4de5-ab65-2e75490565c0/br/ce/guaraciaba-do-norte/zona-0074/eb923099bd3e3cb2915bcaac258b2afb.jpg", "https://vocefiscal-poll-tape-uploads.s3.amazonaws.com/us-east-1%3A5c6cbab5-fac5-4de5-ab65-2e75490565c0/br/ce/guaraciaba-do-norte/zona-0074/bead58a56e5c01305d1fbc1496b11a6a.jpg", "https://vocefiscal-poll-tape-uploads.s3.amazonaws.com/us-east-1%3A5c6cbab5-fac5-4de5-ab65-2e75490565c0/br/ce/guaraciaba-do-norte/zona-0074/5c550b81ac6696f121074006e7ac522b.jpg", "https://vocefiscal-poll-tape-uploads.s3.amazonaws.com/us-east-1%3A5c6cbab5-fac5-4de5-ab65-2e75490565c0/br/ce/guaraciaba-do-norte/zona-0074/1553db8b10f218be134dc15be354084a.jpg", "https://vocefiscal-poll-tape-uploads.s3.amazonaws.com/us-east-1%3A5c6cbab5-fac5-4de5-ab65-2e75490565c0/br/ce/guaraciaba-do-norte/zona-0074/d7ecc2ec47accde9498662605dfcd172.jpg", "https://vocefiscal-poll-tape-uploads.s3.amazonaws.com/us-east-1%3A5c6cbab5-fac5-4de5-ab65-2e75490565c0/br/ce/guaraciaba-do-norte/zona-0074/ed26e6c0377e6190fda15a9e3c8dcb27.jpg", "https://vocefiscal-poll-tape-uploads.s3.amazonaws.com/us-east-1%3A5c6cbab5-fac5-4de5-ab65-2e75490565c0/br/ce/guaraciaba-do-norte/zona-0074/75a6ba56a19c518a284f2a626e171010.jpg", "https://vocefiscal-poll-tape-uploads.s3.amazonaws.com/us-east-1%3A5c6cbab5-fac5-4de5-ab65-2e75490565c0/br/ce/guaraciaba-do-norte/zona-0074/6cc8b753fadbbdbf890d9cf328d9245a.jpg", "https://vocefiscal-poll-tape-uploads.s3.amazonaws.com/us-east-1%3A5c6cbab5-fac5-4de5-ab65-2e75490565c0/br/ce/guaraciaba-do-norte/zona-0074/325af7168c9ff62bad9afc6c28bbd73e.jpg", "https://vocefiscal-poll-tape-uploads.s3.amazonaws.com/us-east-1%3A5c6cbab5-fac5-4de5-ab65-2e75490565c0/br/ce/guaraciaba-do-norte/zona-0074/86cad53b4c8a123ab9c6457143055403.jpg", "https://vocefiscal-poll-tape-uploads.s3.amazonaws.com/us-east-1%3A5c6cbab5-fac5-4de5-ab65-2e75490565c0/br/ce/guaraciaba-do-norte/zona-0074/b0d3e514e49f05f5603bb92eeef76554.jpg", "https://vocefiscal-poll-tape-uploads.s3.amazonaws.com/us-east-1%3A5c6cbab5-fac5-4de5-ab65-2e75490565c0/br/ce/guaraciaba-do-norte/zona-0074/3ba1eb885757445f0d5c6a8a9e562125.jpg", "https://vocefiscal-poll-tape-uploads.s3.amazonaws.com/us-east-1%3A5c6cbab5-fac5-4de5-ab65-2e75490565c0/br/ce/guaraciaba-do-norte/zona-0074/1012ab98d4b07a37ad7679172b06ae7a.jpg", "https://vocefiscal-poll-tape-uploads.s3.amazonaws.com/us-east-1%3A5c6cbab5-fac5-4de5-ab65-2e75490565c0/br/ce/guaraciaba-do-norte/zona-0074/8e9eb6487ba930ce2c88f3cfc91ea4f0.jpg", "https://vocefiscal-poll-tape-uploads.s3.amazonaws.com/us-east-1%3A5c6cbab5-fac5-4de5-ab65-2e75490565c0/br/ce/guaraciaba-do-norte/zona-0074/1ecf7538377e7b8a8c88c07ac98aacf0.jpg", "https://vocefiscal-poll-tape-uploads.s3.amazonaws.com/us-east-1%3A5c6cbab5-fac5-4de5-ab65-2e75490565c0/br/ce/guaraciaba-do-norte/zona-0074/2e4a101ba1489a2d43c3314a93b3c439.jpg", "https://vocefiscal-poll-tape-uploads.s3.amazonaws.com/us-east-1%3A5c6cbab5-fac5-4de5-ab65-2e75490565c0/br/ce/guaraciaba-do-norte/zona-0074/98d7584b8c8e686085fae9db5442280.jpg", "https://vocefiscal-poll-tape-uploads.s3.amazonaws.com/us-east-1%3A5c6cbab5-fac5-4de5-ab65-2e75490565c0/br/ce/guaraciaba-do-norte/zona-0074/d81454f0b59c6fb7d56332219278a50d.jpg", "https://vocefiscal-poll-tape-uploads.s3.amazonaws.com/us-east-1%3A5c6cbab5-fac5-4de5-ab65-2e75490565c0/br/ce/guaraciaba-do-norte/zona-0074/d46cff91dc27414bc8a574c7a86057e9.jpg", "https://vocefiscal-poll-tape-uploads.s3.amazonaws.com/us-east-1%3A5c6cbab5-fac5-4de5-ab65-2e75490565c0/br/ce/guaraciaba-do-norte/zona-0074/e24829222489d60dd44cd78a950dcae1.jpg"], "zonaEleitoral": "0074"}