{"estado": "CE", "municipio": "AQUIRAZ", "data": 1412545253741, "secaoEleitoral": "0151", "pictureURLList": ["https://vocefiscal-poll-tape-uploads.s3.amazonaws.com/us-east-1%3A19c1b9a3-c678-4eb5-838d-134622b85eed/br/ce/aquiraz/zona-0066/6f860ecc7854fb04045f376926aa5d37.jpg", "https://vocefiscal-poll-tape-uploads.s3.amazonaws.com/us-east-1%3A19c1b9a3-c678-4eb5-838d-134622b85eed/br/ce/aquiraz/zona-0066/f118c9b595ced933cf35fc1159b0bc7a.jpg", "https://vocefiscal-poll-tape-uploads.s3.amazonaws.com/us-east-1%3A19c1b9a3-c678-4eb5-838d-134622b85eed/br/ce/aquiraz/zona-0066/c669bec897b3b77fdd40e8d7566d4667.jpg", "https://vocefiscal-poll-tape-uploads.s3.amazonaws.com/us-east-1%3A19c1b9a3-c678-4eb5-838d-134622b85eed/br/ce/aquiraz/zona-0066/89a7517a5f9ccc6aab620de22c061c20.jpg", "https://vocefiscal-poll-tape-uploads.s3.amazonaws.com/us-east-1%3A19c1b9a3-c678-4eb5-838d-134622b85eed/br/ce/aquiraz/zona-0066/9d760dac5b8ba92d16d8ebe9261d4a25.jpg", "https://vocefiscal-poll-tape-uploads.s3.amazonaws.com/us-east-1%3A19c1b9a3-c678-4eb5-838d-134622b85eed/br/ce/aquiraz/zona-0066/a5045c4d686703aea598a16a82e36e16.jpg", "https://vocefiscal-poll-tape-uploads.s3.amazonaws.com/us-east-1%3A19c1b9a3-c678-4eb5-838d-134622b85eed/br/ce/aquiraz/zona-0066/40e61ebe6f59b17cb108ff4f901ac28b.jpg", "https://vocefiscal-poll-tape-uploads.s3.amazonaws.com/us-east-1%3A19c1b9a3-c678-4eb5-838d-134622b85eed/br/ce/aquiraz/zona-0066/eb5a7c9afa96f469f831354d706b4ad0.jpg", "https://vocefiscal-poll-tape-uploads.s3.amazonaws.com/us-east-1%3A19c1b9a3-c678-4eb5-838d-134622b85eed/br/ce/aquiraz/zona-0066/2d46868f95393692311eeba7a533b58c.jpg", "https://vocefiscal-poll-tape-uploads.s3.amazonaws.com/us-east-1%3A19c1b9a3-c678-4eb5-838d-134622b85eed/br/ce/aquiraz/zona-0066/4eedc0555cd8f45cf43062e20e4e67eb.jpg", "https://vocefiscal-poll-tape-uploads.s3.amazonaws.com/us-east-1%3A19c1b9a3-c678-4eb5-838d-134622b85eed/br/ce/aquiraz/zona-0066/84b2729167e981cd1ac25bd7337fd908.jpg", "https://vocefiscal-poll-tape-uploads.s3.amazonaws.com/us-east-1%3A19c1b9a3-c678-4eb5-838d-134622b85eed/br/ce/aquiraz/zona-0066/780d323d7c14c62cff0b66c1f71474b1.jpg", "https://vocefiscal-poll-tape-uploads.s3.amazonaws.com/us-east-1%3A19c1b9a3-c678-4eb5-838d-134622b85eed/br/ce/aquiraz/zona-0066/3856db4c6b146d28b0ae3a49bf47b98a.jpg", "https://vocefiscal-poll-tape-uploads.s3.amazonaws.com/us-east-1%3A19c1b9a3-c678-4eb5-838d-134622b85eed/br/ce/aquiraz/zona-0066/6c95b04ac27b92a3964dc1c642df471.jpg", "https://vocefiscal-poll-tape-uploads.s3.amazonaws.com/us-east-1%3A19c1b9a3-c678-4eb5-838d-134622b85eed/br/ce/aquiraz/zona-0066/a51a1e0627210c75f126368a34cc03e9.jpg", "https://vocefiscal-poll-tape-uploads.s3.amazonaws.com/us-east-1%3A19c1b9a3-c678-4eb5-838d-134622b85eed/br/ce/aquiraz/zona-0066/70f26606274fa6184fa381acae630f80.jpg", "https://vocefiscal-poll-tape-uploads.s3.amazonaws.com/us-east-1%3A19c1b9a3-c678-4eb5-838d-134622b85eed/br/ce/aquiraz/zona-0066/90b4eb77d304a9c0c21b0e7976d79dbd.jpg"], "zonaEleitoral": "0066", "localDaVotacao": "2038"}