{"estado": "CE", "municipio": "PACOTI", "data": 1412542812830, "secaoEleitoral": "0029", "pictureURLList": ["https://vocefiscal-poll-tape-uploads.s3.amazonaws.com/us-east-1%3A98a5ce28-4050-4bea-90c4-ac6c6ed6ba63/br/ce/pacoti/zona-0077/f28105b05c94fc1a276ffda7a9d057ee.jpg", "https://vocefiscal-poll-tape-uploads.s3.amazonaws.com/us-east-1%3A98a5ce28-4050-4bea-90c4-ac6c6ed6ba63/br/ce/pacoti/zona-0077/89187ec05661b6d66f24196eec712ffd.jpg", "https://vocefiscal-poll-tape-uploads.s3.amazonaws.com/us-east-1%3A98a5ce28-4050-4bea-90c4-ac6c6ed6ba63/br/ce/pacoti/zona-0077/53deaf4af6c242c106db37e38154ade3.jpg", "https://vocefiscal-poll-tape-uploads.s3.amazonaws.com/us-east-1%3A98a5ce28-4050-4bea-90c4-ac6c6ed6ba63/br/ce/pacoti/zona-0077/8d56fcf4faf376b1d15644818ad8311d.jpg", "https://vocefiscal-poll-tape-uploads.s3.amazonaws.com/us-east-1%3A98a5ce28-4050-4bea-90c4-ac6c6ed6ba63/br/ce/pacoti/zona-0077/8b7278302ab94f37fe7ab4c4e88d1c66.jpg", "https://vocefiscal-poll-tape-uploads.s3.amazonaws.com/us-east-1%3A98a5ce28-4050-4bea-90c4-ac6c6ed6ba63/br/ce/pacoti/zona-0077/b047f64690d4e491061fad23b7751fb8.jpg", "https://vocefiscal-poll-tape-uploads.s3.amazonaws.com/us-east-1%3A98a5ce28-4050-4bea-90c4-ac6c6ed6ba63/br/ce/pacoti/zona-0077/8371b96c890ed268b2881653e1d76140.jpg", "https://vocefiscal-poll-tape-uploads.s3.amazonaws.com/us-east-1%3A98a5ce28-4050-4bea-90c4-ac6c6ed6ba63/br/ce/pacoti/zona-0077/391765e7b29d745d6f4814610d21299.jpg", "https://vocefiscal-poll-tape-uploads.s3.amazonaws.com/us-east-1%3A98a5ce28-4050-4bea-90c4-ac6c6ed6ba63/br/ce/pacoti/zona-0077/d8d974f6fc92e08d7075fc5eb2561495.jpg", "https://vocefiscal-poll-tape-uploads.s3.amazonaws.com/us-east-1%3A98a5ce28-4050-4bea-90c4-ac6c6ed6ba63/br/ce/pacoti/zona-0077/66fea1a0997a097440ba0fb915dec818.jpg"], "zonaEleitoral": "0077", "localDaVotacao": "1120"}