{"estado": "CE", "municipio": "ITAPI\u00daNA", "data": 1412542435781, "secaoEleitoral": "0038", "pictureURLList": ["https://vocefiscal-poll-tape-uploads.s3.amazonaws.com/us-east-1%3A6a7a4ccc-db38-45a3-a59b-c870b521cc3e/br/ce/itapiuna/zona-0098/7cd30643266808b99640a615428bdcd9.jpg", "https://vocefiscal-poll-tape-uploads.s3.amazonaws.com/us-east-1%3A6a7a4ccc-db38-45a3-a59b-c870b521cc3e/br/ce/itapiuna/zona-0098/236480eb3f35ced3edc690344e8119e3.jpg", "https://vocefiscal-poll-tape-uploads.s3.amazonaws.com/us-east-1%3A6a7a4ccc-db38-45a3-a59b-c870b521cc3e/br/ce/itapiuna/zona-0098/b4489d106012956c82a653628eba5f3c.jpg", "https://vocefiscal-poll-tape-uploads.s3.amazonaws.com/us-east-1%3A6a7a4ccc-db38-45a3-a59b-c870b521cc3e/br/ce/itapiuna/zona-0098/3e6bebced1c5287333ff50268d19f032.jpg", "https://vocefiscal-poll-tape-uploads.s3.amazonaws.com/us-east-1%3A6a7a4ccc-db38-45a3-a59b-c870b521cc3e/br/ce/itapiuna/zona-0098/cf50e29284c9da3e7c36051ebe6263a8.jpg", "https://vocefiscal-poll-tape-uploads.s3.amazonaws.com/us-east-1%3A6a7a4ccc-db38-45a3-a59b-c870b521cc3e/br/ce/itapiuna/zona-0098/91c8849542e9d5f77a9e966a14e96f8a.jpg", "https://vocefiscal-poll-tape-uploads.s3.amazonaws.com/us-east-1%3A6a7a4ccc-db38-45a3-a59b-c870b521cc3e/br/ce/itapiuna/zona-0098/7cf9c0755f8a91f561ddba10ebb09643.jpg", "https://vocefiscal-poll-tape-uploads.s3.amazonaws.com/us-east-1%3A6a7a4ccc-db38-45a3-a59b-c870b521cc3e/br/ce/itapiuna/zona-0098/7bc97bf0ef2bd38da29c317313421bd6.jpg", "https://vocefiscal-poll-tape-uploads.s3.amazonaws.com/us-east-1%3A6a7a4ccc-db38-45a3-a59b-c870b521cc3e/br/ce/itapiuna/zona-0098/3e45bd003abafa1dae10792f9471bb6f.jpg", "https://vocefiscal-poll-tape-uploads.s3.amazonaws.com/us-east-1%3A6a7a4ccc-db38-45a3-a59b-c870b521cc3e/br/ce/itapiuna/zona-0098/8069ef9e0a4ee0dfb52c9b40d77d6de1.jpg", "https://vocefiscal-poll-tape-uploads.s3.amazonaws.com/us-east-1%3A6a7a4ccc-db38-45a3-a59b-c870b521cc3e/br/ce/itapiuna/zona-0098/186de645344ef64e6d6ce1412ad2e681.jpg", "https://vocefiscal-poll-tape-uploads.s3.amazonaws.com/us-east-1%3A6a7a4ccc-db38-45a3-a59b-c870b521cc3e/br/ce/itapiuna/zona-0098/7eefc15cca8d1b4bd3fd1015e1d3d70c.jpg", "https://vocefiscal-poll-tape-uploads.s3.amazonaws.com/us-east-1%3A6a7a4ccc-db38-45a3-a59b-c870b521cc3e/br/ce/itapiuna/zona-0098/375f148b88f9536fc4e955b8fbeeffad.jpg", "https://vocefiscal-poll-tape-uploads.s3.amazonaws.com/us-east-1%3A6a7a4ccc-db38-45a3-a59b-c870b521cc3e/br/ce/itapiuna/zona-0098/8b365544fc2c9379ecdc712fb0e496d8.jpg", "https://vocefiscal-poll-tape-uploads.s3.amazonaws.com/us-east-1%3A6a7a4ccc-db38-45a3-a59b-c870b521cc3e/br/ce/itapiuna/zona-0098/d9fc47b504cae5b8fac3214e762800d2.jpg", "https://vocefiscal-poll-tape-uploads.s3.amazonaws.com/us-east-1%3A6a7a4ccc-db38-45a3-a59b-c870b521cc3e/br/ce/itapiuna/zona-0098/6bd08765778832814ba2d70468029382.jpg", "https://vocefiscal-poll-tape-uploads.s3.amazonaws.com/us-east-1%3A6a7a4ccc-db38-45a3-a59b-c870b521cc3e/br/ce/itapiuna/zona-0098/e38e1e94066588894cab22ae0137b5e7.jpg", "https://vocefiscal-poll-tape-uploads.s3.amazonaws.com/us-east-1%3A6a7a4ccc-db38-45a3-a59b-c870b521cc3e/br/ce/itapiuna/zona-0098/76fdf9ff52f3fb5d0a4c1cc76bc4b1dc.jpg", "https://vocefiscal-poll-tape-uploads.s3.amazonaws.com/us-east-1%3A6a7a4ccc-db38-45a3-a59b-c870b521cc3e/br/ce/itapiuna/zona-0098/95c350cdbdabb80c893da1164ddb3bc2.jpg", "https://vocefiscal-poll-tape-uploads.s3.amazonaws.com/us-east-1%3A6a7a4ccc-db38-45a3-a59b-c870b521cc3e/br/ce/itapiuna/zona-0098/ee9b119a2fd2d8598a839e80db753a0c.jpg", "https://vocefiscal-poll-tape-uploads.s3.amazonaws.com/us-east-1%3A6a7a4ccc-db38-45a3-a59b-c870b521cc3e/br/ce/itapiuna/zona-0098/8abef3c95b13585f65845020ae924ca6.jpg", "https://vocefiscal-poll-tape-uploads.s3.amazonaws.com/us-east-1%3A6a7a4ccc-db38-45a3-a59b-c870b521cc3e/br/ce/itapiuna/zona-0098/883e150faa5d123bcebcee0ab5f802a1.jpg", "https://vocefiscal-poll-tape-uploads.s3.amazonaws.com/us-east-1%3A6a7a4ccc-db38-45a3-a59b-c870b521cc3e/br/ce/itapiuna/zona-0098/a8062f4d3b916a813300790466bfd84.jpg", "https://vocefiscal-poll-tape-uploads.s3.amazonaws.com/us-east-1%3A6a7a4ccc-db38-45a3-a59b-c870b521cc3e/br/ce/itapiuna/zona-0098/5ebbf98334c1d4bfc1c10ca3c3c7e0a5.jpg", "https://vocefiscal-poll-tape-uploads.s3.amazonaws.com/us-east-1%3A6a7a4ccc-db38-45a3-a59b-c870b521cc3e/br/ce/itapiuna/zona-0098/75a59f8408ff583a7d2cd81d2bd67d24.jpg", "https://vocefiscal-poll-tape-uploads.s3.amazonaws.com/us-east-1%3A6a7a4ccc-db38-45a3-a59b-c870b521cc3e/br/ce/itapiuna/zona-0098/f0832a00f2216748e506bbd635eca3d0.jpg", "https://vocefiscal-poll-tape-uploads.s3.amazonaws.com/us-east-1%3A6a7a4ccc-db38-45a3-a59b-c870b521cc3e/br/ce/itapiuna/zona-0098/ed67203e5f6c5fe320da381d00ddf17c.jpg", "https://vocefiscal-poll-tape-uploads.s3.amazonaws.com/us-east-1%3A6a7a4ccc-db38-45a3-a59b-c870b521cc3e/br/ce/itapiuna/zona-0098/ab78974606eb6ca1c764e27648c578d6.jpg", "https://vocefiscal-poll-tape-uploads.s3.amazonaws.com/us-east-1%3A6a7a4ccc-db38-45a3-a59b-c870b521cc3e/br/ce/itapiuna/zona-0098/5065684e8630b095942e7d6c5990a972.jpg", "https://vocefiscal-poll-tape-uploads.s3.amazonaws.com/us-east-1%3A6a7a4ccc-db38-45a3-a59b-c870b521cc3e/br/ce/itapiuna/zona-0098/d482605114d6a04c330c494dc6593813.jpg"], "zonaEleitoral": "0098"}