{"estado": "CE", "municipio": "MORRINHOS", "data": 1412541214670, "secaoEleitoral": "0005", "pictureURLList": ["https://vocefiscal-poll-tape-uploads.s3.amazonaws.com/us-east-1%3Ab2d210e3-f74c-45bd-b083-10284b5ad3d4/br/ce/morrinhos/zona-0044/4d8ac2a8a99cf42f6ce43c8a4fa6c9d3.jpg", "https://vocefiscal-poll-tape-uploads.s3.amazonaws.com/us-east-1%3Ab2d210e3-f74c-45bd-b083-10284b5ad3d4/br/ce/morrinhos/zona-0044/f1c13b562095e13e93eb04cae86ed9aa.jpg", "https://vocefiscal-poll-tape-uploads.s3.amazonaws.com/us-east-1%3Ab2d210e3-f74c-45bd-b083-10284b5ad3d4/br/ce/morrinhos/zona-0044/509049d465a7c2b3e8ff20e6576d4a71.jpg", "https://vocefiscal-poll-tape-uploads.s3.amazonaws.com/us-east-1%3Ab2d210e3-f74c-45bd-b083-10284b5ad3d4/br/ce/morrinhos/zona-0044/74ef7906d26688a10ada99085ddfa685.jpg", "https://vocefiscal-poll-tape-uploads.s3.amazonaws.com/us-east-1%3Ab2d210e3-f74c-45bd-b083-10284b5ad3d4/br/ce/morrinhos/zona-0044/cbe50881a2c39aa24bce75cbbd5ad508.jpg", "https://vocefiscal-poll-tape-uploads.s3.amazonaws.com/us-east-1%3Ab2d210e3-f74c-45bd-b083-10284b5ad3d4/br/ce/morrinhos/zona-0044/1505938845280fedf2e49cda296bd06b.jpg", "https://vocefiscal-poll-tape-uploads.s3.amazonaws.com/us-east-1%3Ab2d210e3-f74c-45bd-b083-10284b5ad3d4/br/ce/morrinhos/zona-0044/33dbdba185ddb4f7a437f6e0d66117c1.jpg", "https://vocefiscal-poll-tape-uploads.s3.amazonaws.com/us-east-1%3Ab2d210e3-f74c-45bd-b083-10284b5ad3d4/br/ce/morrinhos/zona-0044/8d481d85e493f80350ad70bae2886b74.jpg", "https://vocefiscal-poll-tape-uploads.s3.amazonaws.com/us-east-1%3Ab2d210e3-f74c-45bd-b083-10284b5ad3d4/br/ce/morrinhos/zona-0044/1b948a4d5a12b1bdc129362123a3eed8.jpg", "https://vocefiscal-poll-tape-uploads.s3.amazonaws.com/us-east-1%3Ab2d210e3-f74c-45bd-b083-10284b5ad3d4/br/ce/morrinhos/zona-0044/92db42d223e087584794aab833659846.jpg"], "zonaEleitoral": "0044"}