{"estado": "CE", "municipio": "ITAPIPOCA", "data": 1412540839373, "secaoEleitoral": "0006", "pictureURLList": ["https://vocefiscal-poll-tape-uploads.s3.amazonaws.com/us-east-1%3Ac2178ee5-12b1-41db-8bb2-bf6d58ffd4f6/br/ce/itapipoca/zona-0017/dc516f278a1c955c1b68b0aea9291aa0.jpg", "https://vocefiscal-poll-tape-uploads.s3.amazonaws.com/us-east-1%3Ac2178ee5-12b1-41db-8bb2-bf6d58ffd4f6/br/ce/itapipoca/zona-0017/dfa40137975e0293b24aa999d75cc0a8.jpg", "https://vocefiscal-poll-tape-uploads.s3.amazonaws.com/us-east-1%3Ac2178ee5-12b1-41db-8bb2-bf6d58ffd4f6/br/ce/itapipoca/zona-0017/1bac3f77c285a64c341da1b908f80c82.jpg", "https://vocefiscal-poll-tape-uploads.s3.amazonaws.com/us-east-1%3Ac2178ee5-12b1-41db-8bb2-bf6d58ffd4f6/br/ce/itapipoca/zona-0017/394368905bf6a972ca38420df3b47cf0.jpg", "https://vocefiscal-poll-tape-uploads.s3.amazonaws.com/us-east-1%3Ac2178ee5-12b1-41db-8bb2-bf6d58ffd4f6/br/ce/itapipoca/zona-0017/a0d47c1229f0bcaaf599368d326e71a1.jpg", "https://vocefiscal-poll-tape-uploads.s3.amazonaws.com/us-east-1%3Ac2178ee5-12b1-41db-8bb2-bf6d58ffd4f6/br/ce/itapipoca/zona-0017/f08c5b010157328f6b9cbc2f62b3e23f.jpg", "https://vocefiscal-poll-tape-uploads.s3.amazonaws.com/us-east-1%3Ac2178ee5-12b1-41db-8bb2-bf6d58ffd4f6/br/ce/itapipoca/zona-0017/1d85ba6b3aed48eefdf758a4b4bf9d0f.jpg", "https://vocefiscal-poll-tape-uploads.s3.amazonaws.com/us-east-1%3Ac2178ee5-12b1-41db-8bb2-bf6d58ffd4f6/br/ce/itapipoca/zona-0017/8a664c15e312fef3347c36a4388d3126.jpg", "https://vocefiscal-poll-tape-uploads.s3.amazonaws.com/us-east-1%3Ac2178ee5-12b1-41db-8bb2-bf6d58ffd4f6/br/ce/itapipoca/zona-0017/fd3161c413ad98fdadad9c43327a4cfe.jpg", "https://vocefiscal-poll-tape-uploads.s3.amazonaws.com/us-east-1%3Ac2178ee5-12b1-41db-8bb2-bf6d58ffd4f6/br/ce/itapipoca/zona-0017/e7d35c552e67e0f6e23137f7210d8410.jpg", "https://vocefiscal-poll-tape-uploads.s3.amazonaws.com/us-east-1%3Ac2178ee5-12b1-41db-8bb2-bf6d58ffd4f6/br/ce/itapipoca/zona-0017/f0044406ee45ec41e9bd2078c6c2e847.jpg", "https://vocefiscal-poll-tape-uploads.s3.amazonaws.com/us-east-1%3Ac2178ee5-12b1-41db-8bb2-bf6d58ffd4f6/br/ce/itapipoca/zona-0017/17495249bbb7894ea00996d474e7af6a.jpg", "https://vocefiscal-poll-tape-uploads.s3.amazonaws.com/us-east-1%3Ac2178ee5-12b1-41db-8bb2-bf6d58ffd4f6/br/ce/itapipoca/zona-0017/2d77ee019dd493293d905b8a470d167e.jpg", "https://vocefiscal-poll-tape-uploads.s3.amazonaws.com/us-east-1%3Ac2178ee5-12b1-41db-8bb2-bf6d58ffd4f6/br/ce/itapipoca/zona-0017/7d7fcead58e4fd649344e7b410b25acc.jpg", "https://vocefiscal-poll-tape-uploads.s3.amazonaws.com/us-east-1%3Ac2178ee5-12b1-41db-8bb2-bf6d58ffd4f6/br/ce/itapipoca/zona-0017/e18d73b199e96d9526f71bdc41456da8.jpg", "https://vocefiscal-poll-tape-uploads.s3.amazonaws.com/us-east-1%3Ac2178ee5-12b1-41db-8bb2-bf6d58ffd4f6/br/ce/itapipoca/zona-0017/6585d7aa2cea534e00064f19f5b1517a.jpg", "https://vocefiscal-poll-tape-uploads.s3.amazonaws.com/us-east-1%3Ac2178ee5-12b1-41db-8bb2-bf6d58ffd4f6/br/ce/itapipoca/zona-0017/19d912dd85684ab9096ef63945f02197.jpg", "https://vocefiscal-poll-tape-uploads.s3.amazonaws.com/us-east-1%3Ac2178ee5-12b1-41db-8bb2-bf6d58ffd4f6/br/ce/itapipoca/zona-0017/4e5b5d3302d7adb6b3cdd14aa56e272b.jpg", "https://vocefiscal-poll-tape-uploads.s3.amazonaws.com/us-east-1%3Ac2178ee5-12b1-41db-8bb2-bf6d58ffd4f6/br/ce/itapipoca/zona-0017/2046594067190af648dfb84a304a88ba.jpg", "https://vocefiscal-poll-tape-uploads.s3.amazonaws.com/us-east-1%3Ac2178ee5-12b1-41db-8bb2-bf6d58ffd4f6/br/ce/itapipoca/zona-0017/a3b0d23fb81f35d3630aa1e613e2e9f7.jpg"], "zonaEleitoral": "0017"}