{"estado": "CE", "municipio": "FORTALEZA", "data": 1412540722060, "secaoEleitoral": "0268", "pictureURLList": ["https://vocefiscal-poll-tape-uploads.s3.amazonaws.com/us-east-1%3Ae891803f-fa71-421b-9a88-33b1662aa449/br/ce/fortaleza/zona-0112/b00782826cfa1e9c41d2522fe6d2dd55.jpg", "https://vocefiscal-poll-tape-uploads.s3.amazonaws.com/us-east-1%3Ae891803f-fa71-421b-9a88-33b1662aa449/br/ce/fortaleza/zona-0112/b1bceeb25b23b66f1b70bcd5e1e3e4a6.jpg", "https://vocefiscal-poll-tape-uploads.s3.amazonaws.com/us-east-1%3Ae891803f-fa71-421b-9a88-33b1662aa449/br/ce/fortaleza/zona-0112/23480741aa421cf87d4b05ce7f7659fb.jpg", "https://vocefiscal-poll-tape-uploads.s3.amazonaws.com/us-east-1%3Ae891803f-fa71-421b-9a88-33b1662aa449/br/ce/fortaleza/zona-0112/1b479a5fbe1a0ab5a6392547ada07586.jpg", "https://vocefiscal-poll-tape-uploads.s3.amazonaws.com/us-east-1%3Ae891803f-fa71-421b-9a88-33b1662aa449/br/ce/fortaleza/zona-0112/19e78601189c14c85961678318633ae0.jpg", "https://vocefiscal-poll-tape-uploads.s3.amazonaws.com/us-east-1%3Ae891803f-fa71-421b-9a88-33b1662aa449/br/ce/fortaleza/zona-0112/bf15abf7bd77cc306c3bc7ce98034c4f.jpg", "https://vocefiscal-poll-tape-uploads.s3.amazonaws.com/us-east-1%3Ae891803f-fa71-421b-9a88-33b1662aa449/br/ce/fortaleza/zona-0112/794cf64a3bde9812c9161154bd0f94eb.jpg", "https://vocefiscal-poll-tape-uploads.s3.amazonaws.com/us-east-1%3Ae891803f-fa71-421b-9a88-33b1662aa449/br/ce/fortaleza/zona-0112/ccffc903901ff9b263cc3052c45e4e69.jpg", "https://vocefiscal-poll-tape-uploads.s3.amazonaws.com/us-east-1%3Ae891803f-fa71-421b-9a88-33b1662aa449/br/ce/fortaleza/zona-0112/f405833dbd026d1505f0fad2eb16e1c0.jpg", "https://vocefiscal-poll-tape-uploads.s3.amazonaws.com/us-east-1%3Ae891803f-fa71-421b-9a88-33b1662aa449/br/ce/fortaleza/zona-0112/f63bdf02d580499c96a64a5e5b8d934a.jpg", "https://vocefiscal-poll-tape-uploads.s3.amazonaws.com/us-east-1%3Ae891803f-fa71-421b-9a88-33b1662aa449/br/ce/fortaleza/zona-0112/c7c967fa379fe9827a3be9d8eabe4500.jpg", "https://vocefiscal-poll-tape-uploads.s3.amazonaws.com/us-east-1%3Ae891803f-fa71-421b-9a88-33b1662aa449/br/ce/fortaleza/zona-0112/ec9a45cf8b722786745f7c5aa412b1c4.jpg", "https://vocefiscal-poll-tape-uploads.s3.amazonaws.com/us-east-1%3Ae891803f-fa71-421b-9a88-33b1662aa449/br/ce/fortaleza/zona-0112/6cbb708191d1edab4b5b6832854c31c8.jpg", "https://vocefiscal-poll-tape-uploads.s3.amazonaws.com/us-east-1%3Ae891803f-fa71-421b-9a88-33b1662aa449/br/ce/fortaleza/zona-0112/efe8d8e8e2981c9f4a259b99a342a8c2.jpg"], "zonaEleitoral": "0112", "localDaVotacao": "1457"}