{"municipio": "S\u00c3O F\u00c9LIX DO XINGU", "secaoEleitoral": "0046", "zonaEleitoral": "0053", "estado": "PA", "data": 1412540747667, "pictureURLList": ["https://vocefiscal-poll-tape-uploads.s3.amazonaws.com/us-east-1%3Af8d4e29d-947a-494f-b68e-cddf9098dc56/br/pa/sao-felix-do-xingu/zona-0053/2e204ea3d65ae1b6758dd71e019db3c0.jpg", "https://vocefiscal-poll-tape-uploads.s3.amazonaws.com/us-east-1%3Af8d4e29d-947a-494f-b68e-cddf9098dc56/br/pa/sao-felix-do-xingu/zona-0053/2e204ea3d65ae1b6758dd71e019db3c0.jpg", "https://vocefiscal-poll-tape-uploads.s3.amazonaws.com/us-east-1%3Af8d4e29d-947a-494f-b68e-cddf9098dc56/br/pa/sao-felix-do-xingu/zona-0053/7c13467e9bcebaf6dd90ceea82ffe709.jpg", "https://vocefiscal-poll-tape-uploads.s3.amazonaws.com/us-east-1%3Af8d4e29d-947a-494f-b68e-cddf9098dc56/br/pa/sao-felix-do-xingu/zona-0053/76379eee9782c051bfe0a311e21ca5e1.jpg", "https://vocefiscal-poll-tape-uploads.s3.amazonaws.com/us-east-1%3Af8d4e29d-947a-494f-b68e-cddf9098dc56/br/pa/sao-felix-do-xingu/zona-0053/639050400144afa42db03b47c7e367d1.jpg", "https://vocefiscal-poll-tape-uploads.s3.amazonaws.com/us-east-1%3Af8d4e29d-947a-494f-b68e-cddf9098dc56/br/pa/sao-felix-do-xingu/zona-0053/5c5d12e3de66bc1884f96a52eafe10df.jpg", "https://vocefiscal-poll-tape-uploads.s3.amazonaws.com/us-east-1%3Af8d4e29d-947a-494f-b68e-cddf9098dc56/br/pa/sao-felix-do-xingu/zona-0053/4af619de817e6fdef8373b74e9a18573.jpg", "https://vocefiscal-poll-tape-uploads.s3.amazonaws.com/us-east-1%3Af8d4e29d-947a-494f-b68e-cddf9098dc56/br/pa/sao-felix-do-xingu/zona-0053/26d06b825cde2c3609a4c249a77dd70f.jpg", "https://vocefiscal-poll-tape-uploads.s3.amazonaws.com/us-east-1%3Af8d4e29d-947a-494f-b68e-cddf9098dc56/br/pa/sao-felix-do-xingu/zona-0053/aeb47ecb0a7aaef54ab9ce59545907bf.jpg", "https://vocefiscal-poll-tape-uploads.s3.amazonaws.com/us-east-1%3Af8d4e29d-947a-494f-b68e-cddf9098dc56/br/pa/sao-felix-do-xingu/zona-0053/15fdd26837dbdf8d47d237c475e3d94c.jpg", "https://vocefiscal-poll-tape-uploads.s3.amazonaws.com/us-east-1%3Af8d4e29d-947a-494f-b68e-cddf9098dc56/br/pa/sao-felix-do-xingu/zona-0053/ce04cf7bcca3e6eedb612eb74e606ccf.jpg", "https://vocefiscal-poll-tape-uploads.s3.amazonaws.com/us-east-1%3Af8d4e29d-947a-494f-b68e-cddf9098dc56/br/pa/sao-felix-do-xingu/zona-0053/40f3443de93d288f6e2c4dbe6d471096.jpg", "https://vocefiscal-poll-tape-uploads.s3.amazonaws.com/us-east-1%3Af8d4e29d-947a-494f-b68e-cddf9098dc56/br/pa/sao-felix-do-xingu/zona-0053/269ae3f0f046eb34b8ec17b3a23c7339.jpg", "https://vocefiscal-poll-tape-uploads.s3.amazonaws.com/us-east-1%3Af8d4e29d-947a-494f-b68e-cddf9098dc56/br/pa/sao-felix-do-xingu/zona-0053/b3d40e1539f69f4a131813eb763c459f.jpg", "https://vocefiscal-poll-tape-uploads.s3.amazonaws.com/us-east-1%3Af8d4e29d-947a-494f-b68e-cddf9098dc56/br/pa/sao-felix-do-xingu/zona-0053/e24597b76144da5ae6e961f91b2b9d8a.jpg", "https://vocefiscal-poll-tape-uploads.s3.amazonaws.com/us-east-1%3Af8d4e29d-947a-494f-b68e-cddf9098dc56/br/pa/sao-felix-do-xingu/zona-0053/e0ebef7bfeee89ff52e79d48b1e259ba.jpg", "https://vocefiscal-poll-tape-uploads.s3.amazonaws.com/us-east-1%3Af8d4e29d-947a-494f-b68e-cddf9098dc56/br/pa/sao-felix-do-xingu/zona-0053/17941caf845a40496d8883b8785a7dcd.jpg", "https://vocefiscal-poll-tape-uploads.s3.amazonaws.com/us-east-1%3Af8d4e29d-947a-494f-b68e-cddf9098dc56/br/pa/sao-felix-do-xingu/zona-0053/80b58d679556a69d4bfdf39fe59db901.jpg", "https://vocefiscal-poll-tape-uploads.s3.amazonaws.com/us-east-1%3Af8d4e29d-947a-494f-b68e-cddf9098dc56/br/pa/sao-felix-do-xingu/zona-0053/c69b2bbd1cdc4a67b36b798833608f3a.jpg"]}