{"estado": "CE", "municipio": "RUSSAS", "data": 1412559791038, "secaoEleitoral": "0057", "pictureURLList": ["https://vocefiscal-poll-tape-uploads.s3.amazonaws.com/us-east-1%3Aef7f1374-568c-4466-97f6-dd1509252507/br/ce/russas/zona-0009/902bc614e00416de3ce58f8352760c15.jpg", "https://vocefiscal-poll-tape-uploads.s3.amazonaws.com/us-east-1%3Aef7f1374-568c-4466-97f6-dd1509252507/br/ce/russas/zona-0009/ddc65300774626f948e143fe4228990e.jpg", "https://vocefiscal-poll-tape-uploads.s3.amazonaws.com/us-east-1%3Aef7f1374-568c-4466-97f6-dd1509252507/br/ce/russas/zona-0009/16c1c5f6cad1a3de5aa47469d9f90f02.jpg", "https://vocefiscal-poll-tape-uploads.s3.amazonaws.com/us-east-1%3Aef7f1374-568c-4466-97f6-dd1509252507/br/ce/russas/zona-0009/6ee1a5f252eade8baf91622ba53d6808.jpg", "https://vocefiscal-poll-tape-uploads.s3.amazonaws.com/us-east-1%3Aef7f1374-568c-4466-97f6-dd1509252507/br/ce/russas/zona-0009/e92555b19829a5e4ce84b032729ee7a6.jpg", "https://vocefiscal-poll-tape-uploads.s3.amazonaws.com/us-east-1%3Aef7f1374-568c-4466-97f6-dd1509252507/br/ce/russas/zona-0009/bd43e3b2b31a9136733e488eb2602dd7.jpg", "https://vocefiscal-poll-tape-uploads.s3.amazonaws.com/us-east-1%3Aef7f1374-568c-4466-97f6-dd1509252507/br/ce/russas/zona-0009/a5f789c1fe659dedc052987d69228c36.jpg", "https://vocefiscal-poll-tape-uploads.s3.amazonaws.com/us-east-1%3Aef7f1374-568c-4466-97f6-dd1509252507/br/ce/russas/zona-0009/baf6fd4fb574722c6280fe6279cac599.jpg", "https://vocefiscal-poll-tape-uploads.s3.amazonaws.com/us-east-1%3Aef7f1374-568c-4466-97f6-dd1509252507/br/ce/russas/zona-0009/b0edbdd3027e4c59e01fc4579c90d498.jpg", "https://vocefiscal-poll-tape-uploads.s3.amazonaws.com/us-east-1%3Aef7f1374-568c-4466-97f6-dd1509252507/br/ce/russas/zona-0009/a4a6dfa5ed55410a3f22a9d8278b214f.jpg", "https://vocefiscal-poll-tape-uploads.s3.amazonaws.com/us-east-1%3Aef7f1374-568c-4466-97f6-dd1509252507/br/ce/russas/zona-0009/aee9ecc3889ceadd6d8677b33e54d871.jpg", "https://vocefiscal-poll-tape-uploads.s3.amazonaws.com/us-east-1%3Aef7f1374-568c-4466-97f6-dd1509252507/br/ce/russas/zona-0009/e499430747b79f83d3c7625852fa1c03.jpg", "https://vocefiscal-poll-tape-uploads.s3.amazonaws.com/us-east-1%3Aef7f1374-568c-4466-97f6-dd1509252507/br/ce/russas/zona-0009/7bb62f2290f0b06d33dd9cbfebaad07c.jpg", "https://vocefiscal-poll-tape-uploads.s3.amazonaws.com/us-east-1%3Aef7f1374-568c-4466-97f6-dd1509252507/br/ce/russas/zona-0009/e174a84b7c87602ffdd6fe366653d6ea.jpg", "https://vocefiscal-poll-tape-uploads.s3.amazonaws.com/us-east-1%3Aef7f1374-568c-4466-97f6-dd1509252507/br/ce/russas/zona-0009/2afaded7622e13aea2ef742296fff1cd.jpg", "https://vocefiscal-poll-tape-uploads.s3.amazonaws.com/us-east-1%3Aef7f1374-568c-4466-97f6-dd1509252507/br/ce/russas/zona-0009/557b9b85b3764057a6346585d503bc1e.jpg", "https://vocefiscal-poll-tape-uploads.s3.amazonaws.com/us-east-1%3Aef7f1374-568c-4466-97f6-dd1509252507/br/ce/russas/zona-0009/fdfc46c9c806a2cc2e0a7aa544d5bdc7.jpg", "https://vocefiscal-poll-tape-uploads.s3.amazonaws.com/us-east-1%3Aef7f1374-568c-4466-97f6-dd1509252507/br/ce/russas/zona-0009/9c97cfedb7b54fe07539b04e10868383.jpg", "https://vocefiscal-poll-tape-uploads.s3.amazonaws.com/us-east-1%3Aef7f1374-568c-4466-97f6-dd1509252507/br/ce/russas/zona-0009/4f402ed6e311b638362e10f494d972fb.jpg", "https://vocefiscal-poll-tape-uploads.s3.amazonaws.com/us-east-1%3Aef7f1374-568c-4466-97f6-dd1509252507/br/ce/russas/zona-0009/abb13a5df702b0b51ab6643257877940.jpg", "https://vocefiscal-poll-tape-uploads.s3.amazonaws.com/us-east-1%3Aef7f1374-568c-4466-97f6-dd1509252507/br/ce/russas/zona-0009/7c11f8a1babf42bb1149886ab6bc76d1.jpg", "https://vocefiscal-poll-tape-uploads.s3.amazonaws.com/us-east-1%3Aef7f1374-568c-4466-97f6-dd1509252507/br/ce/russas/zona-0009/51f10398ff35e73632c7ca818ac63fa3.jpg", "https://vocefiscal-poll-tape-uploads.s3.amazonaws.com/us-east-1%3Aef7f1374-568c-4466-97f6-dd1509252507/br/ce/russas/zona-0009/180bdeec01eb9683f27bc1057d7f2dce.jpg", "https://vocefiscal-poll-tape-uploads.s3.amazonaws.com/us-east-1%3Aef7f1374-568c-4466-97f6-dd1509252507/br/ce/russas/zona-0009/ebe7e576dace014f67abee75dc819a59.jpg", "https://vocefiscal-poll-tape-uploads.s3.amazonaws.com/us-east-1%3Aef7f1374-568c-4466-97f6-dd1509252507/br/ce/russas/zona-0009/f2a806caf7c9c116677ce4e0b23c7ebe.jpg", "https://vocefiscal-poll-tape-uploads.s3.amazonaws.com/us-east-1%3Aef7f1374-568c-4466-97f6-dd1509252507/br/ce/russas/zona-0009/9a7652e496b4bd079e70e62864885067.jpg"], "zonaEleitoral": "0009", "localDaVotacao": "1066"}