{"data": 1412540927158, "estado": "BA", "secaoEleitoral": "0049", "zonaEleitoral": "0013", "pictureURLList": ["https://vocefiscal-poll-tape-uploads.s3.amazonaws.com/us-east-1%3A6080dd58-f1d3-4cea-9eb7-c893fa137b9e/br/ba/salvador/zona-0013/4c802739a2935f5daf99700411ed4f4b.jpg", "https://vocefiscal-poll-tape-uploads.s3.amazonaws.com/us-east-1%3A6080dd58-f1d3-4cea-9eb7-c893fa137b9e/br/ba/salvador/zona-0013/a4b36832e8f11fca3884b6f576071edf.jpg", "https://vocefiscal-poll-tape-uploads.s3.amazonaws.com/us-east-1%3A6080dd58-f1d3-4cea-9eb7-c893fa137b9e/br/ba/salvador/zona-0013/47e65904ab4acff936b24b36e25114f1.jpg", "https://vocefiscal-poll-tape-uploads.s3.amazonaws.com/us-east-1%3A6080dd58-f1d3-4cea-9eb7-c893fa137b9e/br/ba/salvador/zona-0013/3f81f97441bf29496f3c8ca7df376b87.jpg", "https://vocefiscal-poll-tape-uploads.s3.amazonaws.com/us-east-1%3A6080dd58-f1d3-4cea-9eb7-c893fa137b9e/br/ba/salvador/zona-0013/c8f5aaef76c5fd3aa3bf97c143832979.jpg", "https://vocefiscal-poll-tape-uploads.s3.amazonaws.com/us-east-1%3A6080dd58-f1d3-4cea-9eb7-c893fa137b9e/br/ba/salvador/zona-0013/121f3320c166ac49d94f5d5669db44b5.jpg", "https://vocefiscal-poll-tape-uploads.s3.amazonaws.com/us-east-1%3A6080dd58-f1d3-4cea-9eb7-c893fa137b9e/br/ba/salvador/zona-0013/43b308aab665793d552cffbe8d8c8fa1.jpg", "https://vocefiscal-poll-tape-uploads.s3.amazonaws.com/us-east-1%3A6080dd58-f1d3-4cea-9eb7-c893fa137b9e/br/ba/salvador/zona-0013/a85e464b4c55be7ba8f576e33bc51813.jpg", "https://vocefiscal-poll-tape-uploads.s3.amazonaws.com/us-east-1%3A6080dd58-f1d3-4cea-9eb7-c893fa137b9e/br/ba/salvador/zona-0013/d8f7e99a53ea832a1367eec74e03be25.jpg", "https://vocefiscal-poll-tape-uploads.s3.amazonaws.com/us-east-1%3A6080dd58-f1d3-4cea-9eb7-c893fa137b9e/br/ba/salvador/zona-0013/41af7c061ab14518aa675e5061f4620f.jpg", "https://vocefiscal-poll-tape-uploads.s3.amazonaws.com/us-east-1%3A6080dd58-f1d3-4cea-9eb7-c893fa137b9e/br/ba/salvador/zona-0013/a470d916867ec4c4352817f494d79155.jpg", "https://vocefiscal-poll-tape-uploads.s3.amazonaws.com/us-east-1%3A6080dd58-f1d3-4cea-9eb7-c893fa137b9e/br/ba/salvador/zona-0013/fbc7a0653392b680024d4a55afca6947.jpg", "https://vocefiscal-poll-tape-uploads.s3.amazonaws.com/us-east-1%3A6080dd58-f1d3-4cea-9eb7-c893fa137b9e/br/ba/salvador/zona-0013/64ee2d8b24508c652e2573f4c17b8cd1.jpg", "https://vocefiscal-poll-tape-uploads.s3.amazonaws.com/us-east-1%3A6080dd58-f1d3-4cea-9eb7-c893fa137b9e/br/ba/salvador/zona-0013/659330e09a3b0e5fe7ff7f504ccf485a.jpg", "https://vocefiscal-poll-tape-uploads.s3.amazonaws.com/us-east-1%3A6080dd58-f1d3-4cea-9eb7-c893fa137b9e/br/ba/salvador/zona-0013/e5e5efd04f368e9b04cc64cb49f4d89a.jpg", "https://vocefiscal-poll-tape-uploads.s3.amazonaws.com/us-east-1%3A6080dd58-f1d3-4cea-9eb7-c893fa137b9e/br/ba/salvador/zona-0013/e2654b835798fbc951d4db1c1a1ad20a.jpg"], "municipio": "SALVADOR"}