{"zonaEleitoral": "0070", "municipio": "MANAUS", "estado": "AM", "secaoEleitoral": "0030", "data": 1412544262120, "pictureURLList": ["https://vocefiscal-poll-tape-uploads.s3.amazonaws.com/us-east-1%3Aa4e374da-36be-4f82-884a-4d486f5c7623/br/am/manaus/zona-0070/fd0e9b76f2c1f9ca84adc7dc94506c7a.jpg", "https://vocefiscal-poll-tape-uploads.s3.amazonaws.com/us-east-1%3Aa4e374da-36be-4f82-884a-4d486f5c7623/br/am/manaus/zona-0070/af40a35640f2bd8b77423ab4662665ab.jpg", "https://vocefiscal-poll-tape-uploads.s3.amazonaws.com/us-east-1%3Aa4e374da-36be-4f82-884a-4d486f5c7623/br/am/manaus/zona-0070/3828ac943bf9fbbbb151145c554fe14c.jpg", "https://vocefiscal-poll-tape-uploads.s3.amazonaws.com/us-east-1%3Aa4e374da-36be-4f82-884a-4d486f5c7623/br/am/manaus/zona-0070/9b2652653b9afd1c44faa857a1207cf8.jpg", "https://vocefiscal-poll-tape-uploads.s3.amazonaws.com/us-east-1%3Aa4e374da-36be-4f82-884a-4d486f5c7623/br/am/manaus/zona-0070/16bfdbbb8435ba7fcb17ae35d2387953.jpg", "https://vocefiscal-poll-tape-uploads.s3.amazonaws.com/us-east-1%3Aa4e374da-36be-4f82-884a-4d486f5c7623/br/am/manaus/zona-0070/e4a60a831dcafe6125c074e443151bc1.jpg", "https://vocefiscal-poll-tape-uploads.s3.amazonaws.com/us-east-1%3Aa4e374da-36be-4f82-884a-4d486f5c7623/br/am/manaus/zona-0070/19bed7f632855f5f3880f8719220346b.jpg", "https://vocefiscal-poll-tape-uploads.s3.amazonaws.com/us-east-1%3Aa4e374da-36be-4f82-884a-4d486f5c7623/br/am/manaus/zona-0070/b76b0904828e7fe316c6cc5ed25fe248.jpg", "https://vocefiscal-poll-tape-uploads.s3.amazonaws.com/us-east-1%3Aa4e374da-36be-4f82-884a-4d486f5c7623/br/am/manaus/zona-0070/2911c7df676fa27b245a1fd4ca7d4f85.jpg", "https://vocefiscal-poll-tape-uploads.s3.amazonaws.com/us-east-1%3Aa4e374da-36be-4f82-884a-4d486f5c7623/br/am/manaus/zona-0070/879f879c6222650398ed7be46baa62b8.jpg", "https://vocefiscal-poll-tape-uploads.s3.amazonaws.com/us-east-1%3Aa4e374da-36be-4f82-884a-4d486f5c7623/br/am/manaus/zona-0070/9bda9b97ca71c359c918b067ea3e2a0b.jpg", "https://vocefiscal-poll-tape-uploads.s3.amazonaws.com/us-east-1%3Aa4e374da-36be-4f82-884a-4d486f5c7623/br/am/manaus/zona-0070/c01bc02c6a084dffa97d65e97ba81aaf.jpg", "https://vocefiscal-poll-tape-uploads.s3.amazonaws.com/us-east-1%3Aa4e374da-36be-4f82-884a-4d486f5c7623/br/am/manaus/zona-0070/f46a4b8bf1489a2da9edc36878f36dc8.jpg", "https://vocefiscal-poll-tape-uploads.s3.amazonaws.com/us-east-1%3Aa4e374da-36be-4f82-884a-4d486f5c7623/br/am/manaus/zona-0070/e90183e5d41bfee0897e1165bb4a02cb.jpg", "https://vocefiscal-poll-tape-uploads.s3.amazonaws.com/us-east-1%3Aa4e374da-36be-4f82-884a-4d486f5c7623/br/am/manaus/zona-0070/502f56a951162fc12b55cf27cba71c0e.jpg", "https://vocefiscal-poll-tape-uploads.s3.amazonaws.com/us-east-1%3Aa4e374da-36be-4f82-884a-4d486f5c7623/br/am/manaus/zona-0070/3160dee430f4667f5b286e0f775fe437.jpg", "https://vocefiscal-poll-tape-uploads.s3.amazonaws.com/us-east-1%3Aa4e374da-36be-4f82-884a-4d486f5c7623/br/am/manaus/zona-0070/7da0c7e12e631be0daa0916570a38166.jpg", "https://vocefiscal-poll-tape-uploads.s3.amazonaws.com/us-east-1%3Aa4e374da-36be-4f82-884a-4d486f5c7623/br/am/manaus/zona-0070/d18132ead07966ac4e9bd167cc2c4cda.jpg"]}