{"zonaEleitoral": "0070", "municipio": "MANAUS", "estado": "AM", "secaoEleitoral": "0026", "data": 1412545601740, "pictureURLList": ["https://vocefiscal-poll-tape-uploads.s3.amazonaws.com/us-east-1%3Aa4e374da-36be-4f82-884a-4d486f5c7623/br/am/manaus/zona-0070/55ee45847f709354738c895e449c22c0.jpg", "https://vocefiscal-poll-tape-uploads.s3.amazonaws.com/us-east-1%3Aa4e374da-36be-4f82-884a-4d486f5c7623/br/am/manaus/zona-0070/98b6c4e23ec5fa57dba259200bb51267.jpg", "https://vocefiscal-poll-tape-uploads.s3.amazonaws.com/us-east-1%3Aa4e374da-36be-4f82-884a-4d486f5c7623/br/am/manaus/zona-0070/acc9a203f612ba7e0788c846bbc8586c.jpg", "https://vocefiscal-poll-tape-uploads.s3.amazonaws.com/us-east-1%3Aa4e374da-36be-4f82-884a-4d486f5c7623/br/am/manaus/zona-0070/12daf916e748c8e27293091cb5e26891.jpg", "https://vocefiscal-poll-tape-uploads.s3.amazonaws.com/us-east-1%3Aa4e374da-36be-4f82-884a-4d486f5c7623/br/am/manaus/zona-0070/fc4e9ee2c62afd77a66dd826abe04fd9.jpg", "https://vocefiscal-poll-tape-uploads.s3.amazonaws.com/us-east-1%3Aa4e374da-36be-4f82-884a-4d486f5c7623/br/am/manaus/zona-0070/cfeb9861da8ab59fa5bbba7cfbda1229.jpg", "https://vocefiscal-poll-tape-uploads.s3.amazonaws.com/us-east-1%3Aa4e374da-36be-4f82-884a-4d486f5c7623/br/am/manaus/zona-0070/5594435add2261e609404f4b71330387.jpg", "https://vocefiscal-poll-tape-uploads.s3.amazonaws.com/us-east-1%3Aa4e374da-36be-4f82-884a-4d486f5c7623/br/am/manaus/zona-0070/46cc77df152c893787745b44a63acb86.jpg", "https://vocefiscal-poll-tape-uploads.s3.amazonaws.com/us-east-1%3Aa4e374da-36be-4f82-884a-4d486f5c7623/br/am/manaus/zona-0070/a830b082fa9b5aa5622dc398f838d884.jpg", "https://vocefiscal-poll-tape-uploads.s3.amazonaws.com/us-east-1%3Aa4e374da-36be-4f82-884a-4d486f5c7623/br/am/manaus/zona-0070/c04dbb21c9107d442f140d1691a38b25.jpg", "https://vocefiscal-poll-tape-uploads.s3.amazonaws.com/us-east-1%3Aa4e374da-36be-4f82-884a-4d486f5c7623/br/am/manaus/zona-0070/c647bf4038af7d65c75aa63d05493f9a.jpg", "https://vocefiscal-poll-tape-uploads.s3.amazonaws.com/us-east-1%3Aa4e374da-36be-4f82-884a-4d486f5c7623/br/am/manaus/zona-0070/a89fda2ca80d9fe997df2a1896267709.jpg", "https://vocefiscal-poll-tape-uploads.s3.amazonaws.com/us-east-1%3Aa4e374da-36be-4f82-884a-4d486f5c7623/br/am/manaus/zona-0070/7442d8f01c6d628a9a6e389077f29677.jpg", "https://vocefiscal-poll-tape-uploads.s3.amazonaws.com/us-east-1%3Aa4e374da-36be-4f82-884a-4d486f5c7623/br/am/manaus/zona-0070/53f7e95787df85da62b9296b2c6c3f66.jpg", "https://vocefiscal-poll-tape-uploads.s3.amazonaws.com/us-east-1%3Aa4e374da-36be-4f82-884a-4d486f5c7623/br/am/manaus/zona-0070/917d848922dcf323ec7e7de98db179e9.jpg", "https://vocefiscal-poll-tape-uploads.s3.amazonaws.com/us-east-1%3Aa4e374da-36be-4f82-884a-4d486f5c7623/br/am/manaus/zona-0070/89b3a35b3b988f46c510e0e29872dcfc.jpg", "https://vocefiscal-poll-tape-uploads.s3.amazonaws.com/us-east-1%3Aa4e374da-36be-4f82-884a-4d486f5c7623/br/am/manaus/zona-0070/39ad5c667187757ec1a0072946fe9de6.jpg", "https://vocefiscal-poll-tape-uploads.s3.amazonaws.com/us-east-1%3Aa4e374da-36be-4f82-884a-4d486f5c7623/br/am/manaus/zona-0070/a18cf8cbd964858afe2d5cddc8d56397.jpg", "https://vocefiscal-poll-tape-uploads.s3.amazonaws.com/us-east-1%3Aa4e374da-36be-4f82-884a-4d486f5c7623/br/am/manaus/zona-0070/e4792c1da1a99492381754b34e88a7f3.jpg", "https://vocefiscal-poll-tape-uploads.s3.amazonaws.com/us-east-1%3Aa4e374da-36be-4f82-884a-4d486f5c7623/br/am/manaus/zona-0070/e70a07226825e8587c1e6a1168c0db34.jpg", "https://vocefiscal-poll-tape-uploads.s3.amazonaws.com/us-east-1%3Aa4e374da-36be-4f82-884a-4d486f5c7623/br/am/manaus/zona-0070/55c6669fb20beccb891f59b6bcdc85f8.jpg", "https://vocefiscal-poll-tape-uploads.s3.amazonaws.com/us-east-1%3Aa4e374da-36be-4f82-884a-4d486f5c7623/br/am/manaus/zona-0070/9ee6d314a67d626e0099a97fd7f455be.jpg", "https://vocefiscal-poll-tape-uploads.s3.amazonaws.com/us-east-1%3Aa4e374da-36be-4f82-884a-4d486f5c7623/br/am/manaus/zona-0070/f7e7cb9db3108ea02094fcdda4d43eb4.jpg", "https://vocefiscal-poll-tape-uploads.s3.amazonaws.com/us-east-1%3Aa4e374da-36be-4f82-884a-4d486f5c7623/br/am/manaus/zona-0070/bc0555c94d8ef0e0bb258163dedb06a7.jpg", "https://vocefiscal-poll-tape-uploads.s3.amazonaws.com/us-east-1%3Aa4e374da-36be-4f82-884a-4d486f5c7623/br/am/manaus/zona-0070/7378c849117308e6b2f136bb41e656de.jpg", "https://vocefiscal-poll-tape-uploads.s3.amazonaws.com/us-east-1%3Aa4e374da-36be-4f82-884a-4d486f5c7623/br/am/manaus/zona-0070/6e9656c72742010befc7afb369e95834.jpg", "https://vocefiscal-poll-tape-uploads.s3.amazonaws.com/us-east-1%3Aa4e374da-36be-4f82-884a-4d486f5c7623/br/am/manaus/zona-0070/ec5a96805acd65e06eccea7c5d0720c8.jpg", "https://vocefiscal-poll-tape-uploads.s3.amazonaws.com/us-east-1%3Aa4e374da-36be-4f82-884a-4d486f5c7623/br/am/manaus/zona-0070/dc3167d43df9821ede7ddb964b4486be.jpg", "https://vocefiscal-poll-tape-uploads.s3.amazonaws.com/us-east-1%3Aa4e374da-36be-4f82-884a-4d486f5c7623/br/am/manaus/zona-0070/88bed93983041795a3c03132ea826886.jpg", "https://vocefiscal-poll-tape-uploads.s3.amazonaws.com/us-east-1%3Aa4e374da-36be-4f82-884a-4d486f5c7623/br/am/manaus/zona-0070/e35e984ea32adffefb725b843710de85.jpg"]}