{"pictureURLList": ["https://vocefiscal-poll-tape-uploads.s3.amazonaws.com/us-east-1%3A219ad6e8-7bec-4e65-8eb5-dfb1f0f77c7e/br/am/manaus/zona-0068/5f1e20bd077ffe366fea5d04cd166978.jpg", "https://vocefiscal-poll-tape-uploads.s3.amazonaws.com/us-east-1%3A219ad6e8-7bec-4e65-8eb5-dfb1f0f77c7e/br/am/manaus/zona-0068/fe7035c5bd1e90cff756f6d2926fb28b.jpg", "https://vocefiscal-poll-tape-uploads.s3.amazonaws.com/us-east-1%3A219ad6e8-7bec-4e65-8eb5-dfb1f0f77c7e/br/am/manaus/zona-0068/aa8801114417803f641da5a445d7744a.jpg", "https://vocefiscal-poll-tape-uploads.s3.amazonaws.com/us-east-1%3A219ad6e8-7bec-4e65-8eb5-dfb1f0f77c7e/br/am/manaus/zona-0068/6d61f4cf6258031138b524ea5aedfe4b.jpg", "https://vocefiscal-poll-tape-uploads.s3.amazonaws.com/us-east-1%3A219ad6e8-7bec-4e65-8eb5-dfb1f0f77c7e/br/am/manaus/zona-0068/7bc9edd7f1cbe4822ee6c2aa01421a2f.jpg", "https://vocefiscal-poll-tape-uploads.s3.amazonaws.com/us-east-1%3A219ad6e8-7bec-4e65-8eb5-dfb1f0f77c7e/br/am/manaus/zona-0068/8b993ff20b1f277352f048883faeafdd.jpg", "https://vocefiscal-poll-tape-uploads.s3.amazonaws.com/us-east-1%3A219ad6e8-7bec-4e65-8eb5-dfb1f0f77c7e/br/am/manaus/zona-0068/ff5e68bee2bafce894acc1816bd08d65.jpg", "https://vocefiscal-poll-tape-uploads.s3.amazonaws.com/us-east-1%3A219ad6e8-7bec-4e65-8eb5-dfb1f0f77c7e/br/am/manaus/zona-0068/4bf030d6a07e588c024afb67c941fd41.jpg", "https://vocefiscal-poll-tape-uploads.s3.amazonaws.com/us-east-1%3A219ad6e8-7bec-4e65-8eb5-dfb1f0f77c7e/br/am/manaus/zona-0068/9cb295372fdfdb49098ced2d268a5f23.jpg", "https://vocefiscal-poll-tape-uploads.s3.amazonaws.com/us-east-1%3A219ad6e8-7bec-4e65-8eb5-dfb1f0f77c7e/br/am/manaus/zona-0068/56712a15e6d0d639b5eeba923e2eb54e.jpg", "https://vocefiscal-poll-tape-uploads.s3.amazonaws.com/us-east-1%3A219ad6e8-7bec-4e65-8eb5-dfb1f0f77c7e/br/am/manaus/zona-0068/e38eb9cfe5b94923b7d2bd0eeb013deb.jpg", "https://vocefiscal-poll-tape-uploads.s3.amazonaws.com/us-east-1%3A219ad6e8-7bec-4e65-8eb5-dfb1f0f77c7e/br/am/manaus/zona-0068/da1fcf905dc3815867333b6dd5652282.jpg", "https://vocefiscal-poll-tape-uploads.s3.amazonaws.com/us-east-1%3A219ad6e8-7bec-4e65-8eb5-dfb1f0f77c7e/br/am/manaus/zona-0068/7d79fc055acd5bc2b8dd55029329741e.jpg", "https://vocefiscal-poll-tape-uploads.s3.amazonaws.com/us-east-1%3A219ad6e8-7bec-4e65-8eb5-dfb1f0f77c7e/br/am/manaus/zona-0068/ee1ed4d6ab308360fe24bbafd7d0c6af.jpg", "https://vocefiscal-poll-tape-uploads.s3.amazonaws.com/us-east-1%3A219ad6e8-7bec-4e65-8eb5-dfb1f0f77c7e/br/am/manaus/zona-0068/3a37108181363242d9f64ecea688f39e.jpg", "https://vocefiscal-poll-tape-uploads.s3.amazonaws.com/us-east-1%3A219ad6e8-7bec-4e65-8eb5-dfb1f0f77c7e/br/am/manaus/zona-0068/6c171a0b003fa0a83ce8f5d445cdf8c5.jpg", "https://vocefiscal-poll-tape-uploads.s3.amazonaws.com/us-east-1%3A219ad6e8-7bec-4e65-8eb5-dfb1f0f77c7e/br/am/manaus/zona-0068/959dffe66f4a72b2bd2bfdc21a1612be.jpg", "https://vocefiscal-poll-tape-uploads.s3.amazonaws.com/us-east-1%3A219ad6e8-7bec-4e65-8eb5-dfb1f0f77c7e/br/am/manaus/zona-0068/e99904d71413d4365c951d5db70f7fee.jpg", "https://vocefiscal-poll-tape-uploads.s3.amazonaws.com/us-east-1%3A219ad6e8-7bec-4e65-8eb5-dfb1f0f77c7e/br/am/manaus/zona-0068/b46a2f15491e51a3eb1e29b11f25586.jpg", "https://vocefiscal-poll-tape-uploads.s3.amazonaws.com/us-east-1%3A219ad6e8-7bec-4e65-8eb5-dfb1f0f77c7e/br/am/manaus/zona-0068/630220b3c8215858e89946cfad8fd8fa.jpg", "https://vocefiscal-poll-tape-uploads.s3.amazonaws.com/us-east-1%3A219ad6e8-7bec-4e65-8eb5-dfb1f0f77c7e/br/am/manaus/zona-0068/27771037aced6115d9f37494221d4420.jpg", "https://vocefiscal-poll-tape-uploads.s3.amazonaws.com/us-east-1%3A219ad6e8-7bec-4e65-8eb5-dfb1f0f77c7e/br/am/manaus/zona-0068/fe7b93fc1567c2cf9cb7c1cde937da10.jpg", "https://vocefiscal-poll-tape-uploads.s3.amazonaws.com/us-east-1%3A219ad6e8-7bec-4e65-8eb5-dfb1f0f77c7e/br/am/manaus/zona-0068/21109c26c9ba66a25aebf19573b2549c.jpg", "https://vocefiscal-poll-tape-uploads.s3.amazonaws.com/us-east-1%3A219ad6e8-7bec-4e65-8eb5-dfb1f0f77c7e/br/am/manaus/zona-0068/913a86b040013ea851c819bf6b2ccdce.jpg", "https://vocefiscal-poll-tape-uploads.s3.amazonaws.com/us-east-1%3A219ad6e8-7bec-4e65-8eb5-dfb1f0f77c7e/br/am/manaus/zona-0068/b91098c1a3008ce81a3ab030bd19f86d.jpg", "https://vocefiscal-poll-tape-uploads.s3.amazonaws.com/us-east-1%3A219ad6e8-7bec-4e65-8eb5-dfb1f0f77c7e/br/am/manaus/zona-0068/f705fc5fd5affdf8900109efe0f468e0.jpg", "https://vocefiscal-poll-tape-uploads.s3.amazonaws.com/us-east-1%3A219ad6e8-7bec-4e65-8eb5-dfb1f0f77c7e/br/am/manaus/zona-0068/ca34ce2dfda3539071995cebb0f279ee.jpg", "https://vocefiscal-poll-tape-uploads.s3.amazonaws.com/us-east-1%3A219ad6e8-7bec-4e65-8eb5-dfb1f0f77c7e/br/am/manaus/zona-0068/5e6727bfffe8a8a081fdb21ace684550.jpg", "https://vocefiscal-poll-tape-uploads.s3.amazonaws.com/us-east-1%3A219ad6e8-7bec-4e65-8eb5-dfb1f0f77c7e/br/am/manaus/zona-0068/d17093809643f3d6b2d763558aa4fc8.jpg", "https://vocefiscal-poll-tape-uploads.s3.amazonaws.com/us-east-1%3A219ad6e8-7bec-4e65-8eb5-dfb1f0f77c7e/br/am/manaus/zona-0068/297cdfd09775cb6e01c8e2852538226d.jpg"], "zonaEleitoral": "0068", "municipio": "MANAUS", "secaoEleitoral": "0100", "estado": "AM", "localDaVotacao": "1120", "data": 1412545675975}