{"pictureURLList": ["https://vocefiscal-poll-tape-uploads.s3.amazonaws.com/us-east-1%3A5f08456c-0af8-483b-b299-d935edf78f55/br/ce/maracanau/zona-0104/129e63fa1e6f25d29d14b9825e0aa9d3.jpg", "https://vocefiscal-poll-tape-uploads.s3.amazonaws.com/us-east-1%3A5f08456c-0af8-483b-b299-d935edf78f55/br/ce/maracanau/zona-0104/63ed05ea1aa91621ff4b753ea4bb921d.jpg", "https://vocefiscal-poll-tape-uploads.s3.amazonaws.com/us-east-1%3A5f08456c-0af8-483b-b299-d935edf78f55/br/ce/maracanau/zona-0104/6c4c4203b97e5ac843a4877716d67a4f.jpg"], "data": 1414352984606, "estado": "CE", "municipio": "MARACANA\u00da", "zonaEleitoral": "0104", "localDaVotacao": "1759", "secaoEleitoral": "0351"}