{"municipio": "PARAGOMINAS", "secaoEleitoral": "0154", "zonaEleitoral": "0042", "localDaVotacao": "0154", "estado": "PA", "data": 1412541782786, "pictureURLList": ["https://vocefiscal-poll-tape-uploads.s3.amazonaws.com/us-east-1%3A09f33092-8f95-46fa-a036-36fa21e63b07/br/pa/paragominas/zona-0042/abfe0ad0a9e464fa2a4df1dd0cf83dda.jpg", "https://vocefiscal-poll-tape-uploads.s3.amazonaws.com/us-east-1%3A09f33092-8f95-46fa-a036-36fa21e63b07/br/pa/paragominas/zona-0042/5f5e0d2fa13fb7173070e1e8d711ab22.jpg", "https://vocefiscal-poll-tape-uploads.s3.amazonaws.com/us-east-1%3A09f33092-8f95-46fa-a036-36fa21e63b07/br/pa/paragominas/zona-0042/f28322a72712d8b5ffcee523bea33d80.jpg", "https://vocefiscal-poll-tape-uploads.s3.amazonaws.com/us-east-1%3A09f33092-8f95-46fa-a036-36fa21e63b07/br/pa/paragominas/zona-0042/cb9052cea90bc33498a81a27751094cd.jpg", "https://vocefiscal-poll-tape-uploads.s3.amazonaws.com/us-east-1%3A09f33092-8f95-46fa-a036-36fa21e63b07/br/pa/paragominas/zona-0042/b4aee698b65ffa62e85ca89f9ef2c29.jpg", "https://vocefiscal-poll-tape-uploads.s3.amazonaws.com/us-east-1%3A09f33092-8f95-46fa-a036-36fa21e63b07/br/pa/paragominas/zona-0042/2ca3bc580fe860ff5d6c95bac2fb3b62.jpg", "https://vocefiscal-poll-tape-uploads.s3.amazonaws.com/us-east-1%3A09f33092-8f95-46fa-a036-36fa21e63b07/br/pa/paragominas/zona-0042/7ba820dfd5b27d36222f4f45e6bf9dd6.jpg", "https://vocefiscal-poll-tape-uploads.s3.amazonaws.com/us-east-1%3A09f33092-8f95-46fa-a036-36fa21e63b07/br/pa/paragominas/zona-0042/8e28f9fe5a23f1521a0df5f50550c6c3.jpg", "https://vocefiscal-poll-tape-uploads.s3.amazonaws.com/us-east-1%3A09f33092-8f95-46fa-a036-36fa21e63b07/br/pa/paragominas/zona-0042/3dd05e8689483b5e121ec9a94e04de50.jpg", "https://vocefiscal-poll-tape-uploads.s3.amazonaws.com/us-east-1%3A09f33092-8f95-46fa-a036-36fa21e63b07/br/pa/paragominas/zona-0042/e129ac5856b332c5f283eeaec28aba4c.jpg", "https://vocefiscal-poll-tape-uploads.s3.amazonaws.com/us-east-1%3A09f33092-8f95-46fa-a036-36fa21e63b07/br/pa/paragominas/zona-0042/80b0a04be2bd3574d782b3964ab1fce4.jpg", "https://vocefiscal-poll-tape-uploads.s3.amazonaws.com/us-east-1%3A09f33092-8f95-46fa-a036-36fa21e63b07/br/pa/paragominas/zona-0042/49a42d39b63c7046bf63b2d8bee4c8da.jpg", "https://vocefiscal-poll-tape-uploads.s3.amazonaws.com/us-east-1%3A09f33092-8f95-46fa-a036-36fa21e63b07/br/pa/paragominas/zona-0042/c768dc784eacee9fad749c4ff13234b.jpg", "https://vocefiscal-poll-tape-uploads.s3.amazonaws.com/us-east-1%3A09f33092-8f95-46fa-a036-36fa21e63b07/br/pa/paragominas/zona-0042/1d39ba6ae5978f2eca230d7d874e83f7.jpg", "https://vocefiscal-poll-tape-uploads.s3.amazonaws.com/us-east-1%3A09f33092-8f95-46fa-a036-36fa21e63b07/br/pa/paragominas/zona-0042/8c59afdd861695de6f4ffe7b1f57f388.jpg", "https://vocefiscal-poll-tape-uploads.s3.amazonaws.com/us-east-1%3A09f33092-8f95-46fa-a036-36fa21e63b07/br/pa/paragominas/zona-0042/5bd376da62468dd8b17a406de5303e00.jpg", "https://vocefiscal-poll-tape-uploads.s3.amazonaws.com/us-east-1%3A09f33092-8f95-46fa-a036-36fa21e63b07/br/pa/paragominas/zona-0042/cd92d1f99fb4038a26d2343d87f3bf07.jpg", "https://vocefiscal-poll-tape-uploads.s3.amazonaws.com/us-east-1%3A09f33092-8f95-46fa-a036-36fa21e63b07/br/pa/paragominas/zona-0042/3ad3233e02f4aaa0a77cee1aef6627a6.jpg", "https://vocefiscal-poll-tape-uploads.s3.amazonaws.com/us-east-1%3A09f33092-8f95-46fa-a036-36fa21e63b07/br/pa/paragominas/zona-0042/4e250b638eef6a117e622c3a2b87e3a5.jpg", "https://vocefiscal-poll-tape-uploads.s3.amazonaws.com/us-east-1%3A09f33092-8f95-46fa-a036-36fa21e63b07/br/pa/paragominas/zona-0042/72f4ab5573b9baa10bdf813c6481edc0.jpg", "https://vocefiscal-poll-tape-uploads.s3.amazonaws.com/us-east-1%3A09f33092-8f95-46fa-a036-36fa21e63b07/br/pa/paragominas/zona-0042/1dfd7ffd7c21deb40bc79ff597195eb9.jpg", "https://vocefiscal-poll-tape-uploads.s3.amazonaws.com/us-east-1%3A09f33092-8f95-46fa-a036-36fa21e63b07/br/pa/paragominas/zona-0042/6d7588ef62a575468c1bc52d5503fe31.jpg", "https://vocefiscal-poll-tape-uploads.s3.amazonaws.com/us-east-1%3A09f33092-8f95-46fa-a036-36fa21e63b07/br/pa/paragominas/zona-0042/e4a5c9ecc85a4ccbc21e581bd1858f73.jpg", "https://vocefiscal-poll-tape-uploads.s3.amazonaws.com/us-east-1%3A09f33092-8f95-46fa-a036-36fa21e63b07/br/pa/paragominas/zona-0042/1f831f79f980409da952f6336f7ed0f6.jpg", "https://vocefiscal-poll-tape-uploads.s3.amazonaws.com/us-east-1%3A09f33092-8f95-46fa-a036-36fa21e63b07/br/pa/paragominas/zona-0042/55a22dc10b09cc79072d3bd124fba298.jpg", "https://vocefiscal-poll-tape-uploads.s3.amazonaws.com/us-east-1%3A09f33092-8f95-46fa-a036-36fa21e63b07/br/pa/paragominas/zona-0042/b54465cc5bf52def522193f4e03bac90.jpg", "https://vocefiscal-poll-tape-uploads.s3.amazonaws.com/us-east-1%3A09f33092-8f95-46fa-a036-36fa21e63b07/br/pa/paragominas/zona-0042/cac52d34c8b9003b26d41a18a5b190ff.jpg", "https://vocefiscal-poll-tape-uploads.s3.amazonaws.com/us-east-1%3A09f33092-8f95-46fa-a036-36fa21e63b07/br/pa/paragominas/zona-0042/89a5d2d7a144e745c55cae5bf1c74a56.jpg", "https://vocefiscal-poll-tape-uploads.s3.amazonaws.com/us-east-1%3A09f33092-8f95-46fa-a036-36fa21e63b07/br/pa/paragominas/zona-0042/fde5130905b66e74ae162d8cd6cfdbfa.jpg", "https://vocefiscal-poll-tape-uploads.s3.amazonaws.com/us-east-1%3A09f33092-8f95-46fa-a036-36fa21e63b07/br/pa/paragominas/zona-0042/e179a3b01a08c254b592582578b1f647.jpg"]}