{"municipio": "OURIL\u00c2NDIA DO NORTE", "secaoEleitoral": "0147", "zonaEleitoral": "0074", "localDaVotacao": "1155", "estado": "PA", "data": 1412544639289, "pictureURLList": ["https://vocefiscal-poll-tape-uploads.s3.amazonaws.com/us-east-1%3Ae364275f-0161-4d10-96bb-c44f55cbc7c5/br/pa/ourilandia-do-norte/zona-0074/141aec5e63f099a6cc3500945f631012.jpg", "https://vocefiscal-poll-tape-uploads.s3.amazonaws.com/us-east-1%3Ae364275f-0161-4d10-96bb-c44f55cbc7c5/br/pa/ourilandia-do-norte/zona-0074/66ef828e0c742b6c34824ac143e56a9f.jpg", "https://vocefiscal-poll-tape-uploads.s3.amazonaws.com/us-east-1%3Ae364275f-0161-4d10-96bb-c44f55cbc7c5/br/pa/ourilandia-do-norte/zona-0074/ea768db2bf4e409c6743fc5b600b2dbc.jpg", "https://vocefiscal-poll-tape-uploads.s3.amazonaws.com/us-east-1%3Ae364275f-0161-4d10-96bb-c44f55cbc7c5/br/pa/ourilandia-do-norte/zona-0074/f3e85ec9af5ab3adbdfdcfb527f2ff86.jpg", "https://vocefiscal-poll-tape-uploads.s3.amazonaws.com/us-east-1%3Ae364275f-0161-4d10-96bb-c44f55cbc7c5/br/pa/ourilandia-do-norte/zona-0074/ca406828abe35e7adc8ae381a0d776a1.jpg", "https://vocefiscal-poll-tape-uploads.s3.amazonaws.com/us-east-1%3Ae364275f-0161-4d10-96bb-c44f55cbc7c5/br/pa/ourilandia-do-norte/zona-0074/d9c1698e82d45735d01bdfa89cc7ac4d.jpg", "https://vocefiscal-poll-tape-uploads.s3.amazonaws.com/us-east-1%3Ae364275f-0161-4d10-96bb-c44f55cbc7c5/br/pa/ourilandia-do-norte/zona-0074/9a25babc5614608a8237564fc124d098.jpg", "https://vocefiscal-poll-tape-uploads.s3.amazonaws.com/us-east-1%3Ae364275f-0161-4d10-96bb-c44f55cbc7c5/br/pa/ourilandia-do-norte/zona-0074/ebbc619a8073db9c3804b995af312294.jpg", "https://vocefiscal-poll-tape-uploads.s3.amazonaws.com/us-east-1%3Ae364275f-0161-4d10-96bb-c44f55cbc7c5/br/pa/ourilandia-do-norte/zona-0074/eee287ce173df5e276f3987ec536b504.jpg", "https://vocefiscal-poll-tape-uploads.s3.amazonaws.com/us-east-1%3Ae364275f-0161-4d10-96bb-c44f55cbc7c5/br/pa/ourilandia-do-norte/zona-0074/5ab9b70785d97a338b983554f3c605cc.jpg", "https://vocefiscal-poll-tape-uploads.s3.amazonaws.com/us-east-1%3Ae364275f-0161-4d10-96bb-c44f55cbc7c5/br/pa/ourilandia-do-norte/zona-0074/1f615b345b29cbedb0c6345b8b282ad5.jpg", "https://vocefiscal-poll-tape-uploads.s3.amazonaws.com/us-east-1%3Ae364275f-0161-4d10-96bb-c44f55cbc7c5/br/pa/ourilandia-do-norte/zona-0074/d536e224ee0f3b6ec3d9d6f1a3517385.jpg", "https://vocefiscal-poll-tape-uploads.s3.amazonaws.com/us-east-1%3Ae364275f-0161-4d10-96bb-c44f55cbc7c5/br/pa/ourilandia-do-norte/zona-0074/f9fecdadaec6798b98990152b530807e.jpg", "https://vocefiscal-poll-tape-uploads.s3.amazonaws.com/us-east-1%3Ae364275f-0161-4d10-96bb-c44f55cbc7c5/br/pa/ourilandia-do-norte/zona-0074/aa8ad4ebce14aa337dc0cf6cf657b4a3.jpg", "https://vocefiscal-poll-tape-uploads.s3.amazonaws.com/us-east-1%3Ae364275f-0161-4d10-96bb-c44f55cbc7c5/br/pa/ourilandia-do-norte/zona-0074/dbea7d9b344cae38ae023812881cdb05.jpg", "https://vocefiscal-poll-tape-uploads.s3.amazonaws.com/us-east-1%3Ae364275f-0161-4d10-96bb-c44f55cbc7c5/br/pa/ourilandia-do-norte/zona-0074/9f8d7578a5c7f2904527a3a5c6998b86.jpg", "https://vocefiscal-poll-tape-uploads.s3.amazonaws.com/us-east-1%3Ae364275f-0161-4d10-96bb-c44f55cbc7c5/br/pa/ourilandia-do-norte/zona-0074/e12a4431319bfa37ef0964ef33ad0fd9.jpg", "https://vocefiscal-poll-tape-uploads.s3.amazonaws.com/us-east-1%3Ae364275f-0161-4d10-96bb-c44f55cbc7c5/br/pa/ourilandia-do-norte/zona-0074/525f1914ec3487b6fd36e2911f6f80c6.jpg", "https://vocefiscal-poll-tape-uploads.s3.amazonaws.com/us-east-1%3Ae364275f-0161-4d10-96bb-c44f55cbc7c5/br/pa/ourilandia-do-norte/zona-0074/87adfacf6794e924430689f358a2a21b.jpg", "https://vocefiscal-poll-tape-uploads.s3.amazonaws.com/us-east-1%3Ae364275f-0161-4d10-96bb-c44f55cbc7c5/br/pa/ourilandia-do-norte/zona-0074/cace7a1b72d09d7cd1a8ca46f6f04ff2.jpg"]}