{"municipio": "BEL\u00c9M", "secaoEleitoral": "0300", "zonaEleitoral": "0001", "localDaVotacao": "1619", "estado": "PA", "data": 1412544603725, "pictureURLList": ["https://vocefiscal-poll-tape-uploads.s3.amazonaws.com/us-east-1%3A4bbdf0fc-b2be-478f-b561-143b6c6d9716/br/pa/belem/zona-0001/4b5aad3b73b21562e83172a54d1d52ff.jpg", "https://vocefiscal-poll-tape-uploads.s3.amazonaws.com/us-east-1%3A4bbdf0fc-b2be-478f-b561-143b6c6d9716/br/pa/belem/zona-0001/97723a67725470bf30c85078a82822b9.jpg", "https://vocefiscal-poll-tape-uploads.s3.amazonaws.com/us-east-1%3A4bbdf0fc-b2be-478f-b561-143b6c6d9716/br/pa/belem/zona-0001/cbd9d37d8fa6aee14cf4866fedab609.jpg", "https://vocefiscal-poll-tape-uploads.s3.amazonaws.com/us-east-1%3A4bbdf0fc-b2be-478f-b561-143b6c6d9716/br/pa/belem/zona-0001/e053175593a3f872e754c65a693f82bb.jpg", "https://vocefiscal-poll-tape-uploads.s3.amazonaws.com/us-east-1%3A4bbdf0fc-b2be-478f-b561-143b6c6d9716/br/pa/belem/zona-0001/b93105334f1ffb34a8053c451228d2ef.jpg", "https://vocefiscal-poll-tape-uploads.s3.amazonaws.com/us-east-1%3A4bbdf0fc-b2be-478f-b561-143b6c6d9716/br/pa/belem/zona-0001/4168b7ad2605850868402c3992536e77.jpg", "https://vocefiscal-poll-tape-uploads.s3.amazonaws.com/us-east-1%3A4bbdf0fc-b2be-478f-b561-143b6c6d9716/br/pa/belem/zona-0001/85d77b6750fd18687c34941ff195c736.jpg", "https://vocefiscal-poll-tape-uploads.s3.amazonaws.com/us-east-1%3A4bbdf0fc-b2be-478f-b561-143b6c6d9716/br/pa/belem/zona-0001/12f8d0a34ea97dee6d454e60c2e76943.jpg", "https://vocefiscal-poll-tape-uploads.s3.amazonaws.com/us-east-1%3A4bbdf0fc-b2be-478f-b561-143b6c6d9716/br/pa/belem/zona-0001/5545f6528040af32378ff8a8a4cd8e8c.jpg", "https://vocefiscal-poll-tape-uploads.s3.amazonaws.com/us-east-1%3A4bbdf0fc-b2be-478f-b561-143b6c6d9716/br/pa/belem/zona-0001/a9ceb63c2425372636bde9e229fc7cb4.jpg", "https://vocefiscal-poll-tape-uploads.s3.amazonaws.com/us-east-1%3A4bbdf0fc-b2be-478f-b561-143b6c6d9716/br/pa/belem/zona-0001/208db799a73333e2851dc16757b115d9.jpg", "https://vocefiscal-poll-tape-uploads.s3.amazonaws.com/us-east-1%3A4bbdf0fc-b2be-478f-b561-143b6c6d9716/br/pa/belem/zona-0001/d126f517085b36ba3437f245dd54a8cf.jpg", "https://vocefiscal-poll-tape-uploads.s3.amazonaws.com/us-east-1%3A4bbdf0fc-b2be-478f-b561-143b6c6d9716/br/pa/belem/zona-0001/d164efe2df5398af9a5d638a14065302.jpg", "https://vocefiscal-poll-tape-uploads.s3.amazonaws.com/us-east-1%3A4bbdf0fc-b2be-478f-b561-143b6c6d9716/br/pa/belem/zona-0001/861116d55506ddcfec9ed0cea0fbf73f.jpg", "https://vocefiscal-poll-tape-uploads.s3.amazonaws.com/us-east-1%3A4bbdf0fc-b2be-478f-b561-143b6c6d9716/br/pa/belem/zona-0001/65bcd6c473c2bd6bff89871e4b50feb1.jpg", "https://vocefiscal-poll-tape-uploads.s3.amazonaws.com/us-east-1%3A4bbdf0fc-b2be-478f-b561-143b6c6d9716/br/pa/belem/zona-0001/ae6a7bfe29f4d7b2f8f2a213eb71ccd2.jpg", "https://vocefiscal-poll-tape-uploads.s3.amazonaws.com/us-east-1%3A4bbdf0fc-b2be-478f-b561-143b6c6d9716/br/pa/belem/zona-0001/f674c7cf6b34e0932fafd44bf0d4fff5.jpg", "https://vocefiscal-poll-tape-uploads.s3.amazonaws.com/us-east-1%3A4bbdf0fc-b2be-478f-b561-143b6c6d9716/br/pa/belem/zona-0001/e03435a014ee13fc19a5803591d12636.jpg", "https://vocefiscal-poll-tape-uploads.s3.amazonaws.com/us-east-1%3A4bbdf0fc-b2be-478f-b561-143b6c6d9716/br/pa/belem/zona-0001/768bd17f292bb2d00b559be14c46eb95.jpg", "https://vocefiscal-poll-tape-uploads.s3.amazonaws.com/us-east-1%3A4bbdf0fc-b2be-478f-b561-143b6c6d9716/br/pa/belem/zona-0001/d3c0544ff5b84a59527b806ea9778a5b.jpg"]}