{"municipio": "BEL\u00c9M", "secaoEleitoral": "0035", "zonaEleitoral": "0077", "estado": "PA", "data": 1412541097796, "pictureURLList": ["https://vocefiscal-poll-tape-uploads.s3.amazonaws.com/us-east-1%3Af1b59d6d-e6eb-4dda-b40f-d0ca2ca73416/br/pa/belem/zona-0077/b25e9d506967fe919844f90c1671bf90.jpg", "https://vocefiscal-poll-tape-uploads.s3.amazonaws.com/us-east-1%3Af1b59d6d-e6eb-4dda-b40f-d0ca2ca73416/br/pa/belem/zona-0077/fe93c124d3f1c6814da99c15c43bcc5f.jpg", "https://vocefiscal-poll-tape-uploads.s3.amazonaws.com/us-east-1%3Af1b59d6d-e6eb-4dda-b40f-d0ca2ca73416/br/pa/belem/zona-0077/c717c01bcc843028d0a84edf9a0b5a73.jpg", "https://vocefiscal-poll-tape-uploads.s3.amazonaws.com/us-east-1%3Af1b59d6d-e6eb-4dda-b40f-d0ca2ca73416/br/pa/belem/zona-0077/633f0a23ae27b6521545d808ac08247d.jpg", "https://vocefiscal-poll-tape-uploads.s3.amazonaws.com/us-east-1%3Af1b59d6d-e6eb-4dda-b40f-d0ca2ca73416/br/pa/belem/zona-0077/5c656f45576096dfe86a4e2108852561.jpg", "https://vocefiscal-poll-tape-uploads.s3.amazonaws.com/us-east-1%3Af1b59d6d-e6eb-4dda-b40f-d0ca2ca73416/br/pa/belem/zona-0077/5af09bc2498ad62d372c8b057c2f4439.jpg", "https://vocefiscal-poll-tape-uploads.s3.amazonaws.com/us-east-1%3Af1b59d6d-e6eb-4dda-b40f-d0ca2ca73416/br/pa/belem/zona-0077/b5fe19f41e83ee844c1cbe6a6fa412cb.jpg", "https://vocefiscal-poll-tape-uploads.s3.amazonaws.com/us-east-1%3Af1b59d6d-e6eb-4dda-b40f-d0ca2ca73416/br/pa/belem/zona-0077/59742006784698bb26c7f266adc636a9.jpg", "https://vocefiscal-poll-tape-uploads.s3.amazonaws.com/us-east-1%3Af1b59d6d-e6eb-4dda-b40f-d0ca2ca73416/br/pa/belem/zona-0077/68d935d4e401b5ff7122ccf57d5906da.jpg", "https://vocefiscal-poll-tape-uploads.s3.amazonaws.com/us-east-1%3Af1b59d6d-e6eb-4dda-b40f-d0ca2ca73416/br/pa/belem/zona-0077/645560784a8371950c5796d86ed8848c.jpg", "https://vocefiscal-poll-tape-uploads.s3.amazonaws.com/us-east-1%3Af1b59d6d-e6eb-4dda-b40f-d0ca2ca73416/br/pa/belem/zona-0077/759b575370db742d4f650f3ece93519d.jpg", "https://vocefiscal-poll-tape-uploads.s3.amazonaws.com/us-east-1%3Af1b59d6d-e6eb-4dda-b40f-d0ca2ca73416/br/pa/belem/zona-0077/2ad95f406e797926e54cebab89f8c6b8.jpg", "https://vocefiscal-poll-tape-uploads.s3.amazonaws.com/us-east-1%3Af1b59d6d-e6eb-4dda-b40f-d0ca2ca73416/br/pa/belem/zona-0077/8ad3c9fa4f0c1058d57b257b5ffcb751.jpg", "https://vocefiscal-poll-tape-uploads.s3.amazonaws.com/us-east-1%3Af1b59d6d-e6eb-4dda-b40f-d0ca2ca73416/br/pa/belem/zona-0077/7d0efa94fe25090c35dcbd0afaf76f74.jpg", "https://vocefiscal-poll-tape-uploads.s3.amazonaws.com/us-east-1%3Af1b59d6d-e6eb-4dda-b40f-d0ca2ca73416/br/pa/belem/zona-0077/7e6db53898ec68568f4f1a3036be3d36.jpg", "https://vocefiscal-poll-tape-uploads.s3.amazonaws.com/us-east-1%3Af1b59d6d-e6eb-4dda-b40f-d0ca2ca73416/br/pa/belem/zona-0077/7497a1bf41972265d9412b17cc7b8308.jpg", "https://vocefiscal-poll-tape-uploads.s3.amazonaws.com/us-east-1%3Af1b59d6d-e6eb-4dda-b40f-d0ca2ca73416/br/pa/belem/zona-0077/a206d3a867e63ae294bfc033861b85df.jpg", "https://vocefiscal-poll-tape-uploads.s3.amazonaws.com/us-east-1%3Af1b59d6d-e6eb-4dda-b40f-d0ca2ca73416/br/pa/belem/zona-0077/d001c8e844da3d9cfd6ee399d19d8f96.jpg", "https://vocefiscal-poll-tape-uploads.s3.amazonaws.com/us-east-1%3Af1b59d6d-e6eb-4dda-b40f-d0ca2ca73416/br/pa/belem/zona-0077/eedc5b3da4c667b38aaa85765a628aee.jpg", "https://vocefiscal-poll-tape-uploads.s3.amazonaws.com/us-east-1%3Af1b59d6d-e6eb-4dda-b40f-d0ca2ca73416/br/pa/belem/zona-0077/6d19e7b50fef08583300ed3b13a628e2.jpg", "https://vocefiscal-poll-tape-uploads.s3.amazonaws.com/us-east-1%3Af1b59d6d-e6eb-4dda-b40f-d0ca2ca73416/br/pa/belem/zona-0077/d992abc8f03b3c6721137df992333fc5.jpg", "https://vocefiscal-poll-tape-uploads.s3.amazonaws.com/us-east-1%3Af1b59d6d-e6eb-4dda-b40f-d0ca2ca73416/br/pa/belem/zona-0077/644fa770da2f774a3423b70cbd95d573.jpg", "https://vocefiscal-poll-tape-uploads.s3.amazonaws.com/us-east-1%3Af1b59d6d-e6eb-4dda-b40f-d0ca2ca73416/br/pa/belem/zona-0077/b5dc89ceb7690726e8cb4f1f380cb3e8.jpg", "https://vocefiscal-poll-tape-uploads.s3.amazonaws.com/us-east-1%3Af1b59d6d-e6eb-4dda-b40f-d0ca2ca73416/br/pa/belem/zona-0077/c8c498efc350fd504783f0c2df35511a.jpg", "https://vocefiscal-poll-tape-uploads.s3.amazonaws.com/us-east-1%3Af1b59d6d-e6eb-4dda-b40f-d0ca2ca73416/br/pa/belem/zona-0077/b6cef5f62985e26ef4130e14994edfd5.jpg", "https://vocefiscal-poll-tape-uploads.s3.amazonaws.com/us-east-1%3Af1b59d6d-e6eb-4dda-b40f-d0ca2ca73416/br/pa/belem/zona-0077/bd236d0ef9015d860c639afe3338d4b0.jpg", "https://vocefiscal-poll-tape-uploads.s3.amazonaws.com/us-east-1%3Af1b59d6d-e6eb-4dda-b40f-d0ca2ca73416/br/pa/belem/zona-0077/da31607f1095182e9ae6db6f78b98474.jpg"]}