{"municipio": "MARITUBA", "secaoEleitoral": "0477", "zonaEleitoral": "0043", "estado": "PA", "data": 1412539924765, "pictureURLList": ["https://vocefiscal-poll-tape-uploads.s3.amazonaws.com/us-east-1%3A176804fd-5434-4d60-a8f0-dff2abdb6fbd/br/pa/marituba/zona-0043/8daa7ac57df27b81aa3474df1201e01e.jpg", "https://vocefiscal-poll-tape-uploads.s3.amazonaws.com/us-east-1%3A176804fd-5434-4d60-a8f0-dff2abdb6fbd/br/pa/marituba/zona-0043/af5f535497986d779ccf47020552a4ab.jpg", "https://vocefiscal-poll-tape-uploads.s3.amazonaws.com/us-east-1%3A176804fd-5434-4d60-a8f0-dff2abdb6fbd/br/pa/marituba/zona-0043/a8c8b5b5d78901c326990081f62cc996.jpg", "https://vocefiscal-poll-tape-uploads.s3.amazonaws.com/us-east-1%3A176804fd-5434-4d60-a8f0-dff2abdb6fbd/br/pa/marituba/zona-0043/5edfe888a98d0dd2bbc5b2fa20f3e310.jpg", "https://vocefiscal-poll-tape-uploads.s3.amazonaws.com/us-east-1%3A176804fd-5434-4d60-a8f0-dff2abdb6fbd/br/pa/marituba/zona-0043/736151d87658c60573447f1e90e83783.jpg", "https://vocefiscal-poll-tape-uploads.s3.amazonaws.com/us-east-1%3A176804fd-5434-4d60-a8f0-dff2abdb6fbd/br/pa/marituba/zona-0043/e7dbd62e50a2fe832e0b9b37539aecea.jpg", "https://vocefiscal-poll-tape-uploads.s3.amazonaws.com/us-east-1%3A176804fd-5434-4d60-a8f0-dff2abdb6fbd/br/pa/marituba/zona-0043/8fb262c9276241f9ec28d76ec5a4a35c.jpg", "https://vocefiscal-poll-tape-uploads.s3.amazonaws.com/us-east-1%3A176804fd-5434-4d60-a8f0-dff2abdb6fbd/br/pa/marituba/zona-0043/5edfe888a98d0dd2bbc5b2fa20f3e310.jpg", "https://vocefiscal-poll-tape-uploads.s3.amazonaws.com/us-east-1%3A176804fd-5434-4d60-a8f0-dff2abdb6fbd/br/pa/marituba/zona-0043/c9f4c23710ee894a3e047c0261a38bfb.jpg", "https://vocefiscal-poll-tape-uploads.s3.amazonaws.com/us-east-1%3A176804fd-5434-4d60-a8f0-dff2abdb6fbd/br/pa/marituba/zona-0043/917de98862b71f0950c4c0eacf28cdd8.jpg", "https://vocefiscal-poll-tape-uploads.s3.amazonaws.com/us-east-1%3A176804fd-5434-4d60-a8f0-dff2abdb6fbd/br/pa/marituba/zona-0043/736151d87658c60573447f1e90e83783.jpg", "https://vocefiscal-poll-tape-uploads.s3.amazonaws.com/us-east-1%3A176804fd-5434-4d60-a8f0-dff2abdb6fbd/br/pa/marituba/zona-0043/92d78c50d39d7b4bb25d2e61be3edbb0.jpg", "https://vocefiscal-poll-tape-uploads.s3.amazonaws.com/us-east-1%3A176804fd-5434-4d60-a8f0-dff2abdb6fbd/br/pa/marituba/zona-0043/8b64aa50430ac57ad185df99698ca026.jpg", "https://vocefiscal-poll-tape-uploads.s3.amazonaws.com/us-east-1%3A176804fd-5434-4d60-a8f0-dff2abdb6fbd/br/pa/marituba/zona-0043/e7dbd62e50a2fe832e0b9b37539aecea.jpg", "https://vocefiscal-poll-tape-uploads.s3.amazonaws.com/us-east-1%3A176804fd-5434-4d60-a8f0-dff2abdb6fbd/br/pa/marituba/zona-0043/d0cbd6ea80081be80647d9fff871081d.jpg", "https://vocefiscal-poll-tape-uploads.s3.amazonaws.com/us-east-1%3A176804fd-5434-4d60-a8f0-dff2abdb6fbd/br/pa/marituba/zona-0043/95e5c0e760a0a61964ba054600c9f1d9.jpg", "https://vocefiscal-poll-tape-uploads.s3.amazonaws.com/us-east-1%3A176804fd-5434-4d60-a8f0-dff2abdb6fbd/br/pa/marituba/zona-0043/8fb262c9276241f9ec28d76ec5a4a35c.jpg", "https://vocefiscal-poll-tape-uploads.s3.amazonaws.com/us-east-1%3A176804fd-5434-4d60-a8f0-dff2abdb6fbd/br/pa/marituba/zona-0043/3a26be18da1656dd6d65ae33368d8d70.jpg", "https://vocefiscal-poll-tape-uploads.s3.amazonaws.com/us-east-1%3A176804fd-5434-4d60-a8f0-dff2abdb6fbd/br/pa/marituba/zona-0043/4542d881b64b6fa5d2caae8c7d489f51.jpg", "https://vocefiscal-poll-tape-uploads.s3.amazonaws.com/us-east-1%3A176804fd-5434-4d60-a8f0-dff2abdb6fbd/br/pa/marituba/zona-0043/c1c6c0afcbbfd42faa41a1a765a41f99.jpg", "https://vocefiscal-poll-tape-uploads.s3.amazonaws.com/us-east-1%3A176804fd-5434-4d60-a8f0-dff2abdb6fbd/br/pa/marituba/zona-0043/c9f4c23710ee894a3e047c0261a38bfb.jpg", "https://vocefiscal-poll-tape-uploads.s3.amazonaws.com/us-east-1%3A176804fd-5434-4d60-a8f0-dff2abdb6fbd/br/pa/marituba/zona-0043/bd2da6816adc7e6c3e07db352276ac96.jpg", "https://vocefiscal-poll-tape-uploads.s3.amazonaws.com/us-east-1%3A176804fd-5434-4d60-a8f0-dff2abdb6fbd/br/pa/marituba/zona-0043/8161fa951590ab13dd694cc9500b3094.jpg", "https://vocefiscal-poll-tape-uploads.s3.amazonaws.com/us-east-1%3A176804fd-5434-4d60-a8f0-dff2abdb6fbd/br/pa/marituba/zona-0043/917de98862b71f0950c4c0eacf28cdd8.jpg", "https://vocefiscal-poll-tape-uploads.s3.amazonaws.com/us-east-1%3A176804fd-5434-4d60-a8f0-dff2abdb6fbd/br/pa/marituba/zona-0043/6d7d9cce94afb490640c10568758b680.jpg", "https://vocefiscal-poll-tape-uploads.s3.amazonaws.com/us-east-1%3A176804fd-5434-4d60-a8f0-dff2abdb6fbd/br/pa/marituba/zona-0043/2c35771e0ecbd5ad41dad1993b1af3bd.jpg", "https://vocefiscal-poll-tape-uploads.s3.amazonaws.com/us-east-1%3A176804fd-5434-4d60-a8f0-dff2abdb6fbd/br/pa/marituba/zona-0043/92d78c50d39d7b4bb25d2e61be3edbb0.jpg", "https://vocefiscal-poll-tape-uploads.s3.amazonaws.com/us-east-1%3A176804fd-5434-4d60-a8f0-dff2abdb6fbd/br/pa/marituba/zona-0043/ac5eb66de62946b396f6ac691b8bb0e1.jpg"]}