{"municipio": "ABAETETUBA", "secaoEleitoral": "0042", "zonaEleitoral": "0096", "localDaVotacao": "1066", "estado": "PA", "data": 1412539938889, "pictureURLList": ["https://vocefiscal-poll-tape-uploads.s3.amazonaws.com/us-east-1%3A582b0998-f2a5-4613-a62a-f0e1d13fd4f4/br/pa/abaetetuba/zona-0096/62690806afc54c65579739d7d21d7624.jpg", "https://vocefiscal-poll-tape-uploads.s3.amazonaws.com/us-east-1%3A582b0998-f2a5-4613-a62a-f0e1d13fd4f4/br/pa/abaetetuba/zona-0096/3b43b51e9be2410bb8a78a230fa5165f.jpg", "https://vocefiscal-poll-tape-uploads.s3.amazonaws.com/us-east-1%3A582b0998-f2a5-4613-a62a-f0e1d13fd4f4/br/pa/abaetetuba/zona-0096/62444c9017fd534d2f73dedbb244fd50.jpg", "https://vocefiscal-poll-tape-uploads.s3.amazonaws.com/us-east-1%3A582b0998-f2a5-4613-a62a-f0e1d13fd4f4/br/pa/abaetetuba/zona-0096/d6e18b8b39d383dcc3a70f256dd770f4.jpg", "https://vocefiscal-poll-tape-uploads.s3.amazonaws.com/us-east-1%3A582b0998-f2a5-4613-a62a-f0e1d13fd4f4/br/pa/abaetetuba/zona-0096/4a72db9fa518d2d3eb4a53a5b5f8fe37.jpg", "https://vocefiscal-poll-tape-uploads.s3.amazonaws.com/us-east-1%3A582b0998-f2a5-4613-a62a-f0e1d13fd4f4/br/pa/abaetetuba/zona-0096/c6d1b31ef44c2a02dcda80f8562cfb6f.jpg", "https://vocefiscal-poll-tape-uploads.s3.amazonaws.com/us-east-1%3A582b0998-f2a5-4613-a62a-f0e1d13fd4f4/br/pa/abaetetuba/zona-0096/f2a2896392bba419c41cccd4b11013db.jpg", "https://vocefiscal-poll-tape-uploads.s3.amazonaws.com/us-east-1%3A582b0998-f2a5-4613-a62a-f0e1d13fd4f4/br/pa/abaetetuba/zona-0096/cfcae6ac434e112af9eb6635a41b2d50.jpg", "https://vocefiscal-poll-tape-uploads.s3.amazonaws.com/us-east-1%3A582b0998-f2a5-4613-a62a-f0e1d13fd4f4/br/pa/abaetetuba/zona-0096/4c55cb4afebd94b8f42b559f6849ff93.jpg", "https://vocefiscal-poll-tape-uploads.s3.amazonaws.com/us-east-1%3A582b0998-f2a5-4613-a62a-f0e1d13fd4f4/br/pa/abaetetuba/zona-0096/6633d7dca70101f3490d5b8a5ab208dc.jpg", "https://vocefiscal-poll-tape-uploads.s3.amazonaws.com/us-east-1%3A582b0998-f2a5-4613-a62a-f0e1d13fd4f4/br/pa/abaetetuba/zona-0096/dfbe2ab2c7931d4d02923695145debf.jpg", "https://vocefiscal-poll-tape-uploads.s3.amazonaws.com/us-east-1%3A582b0998-f2a5-4613-a62a-f0e1d13fd4f4/br/pa/abaetetuba/zona-0096/547256979d4935b3c58c84cb70acedb.jpg", "https://vocefiscal-poll-tape-uploads.s3.amazonaws.com/us-east-1%3A582b0998-f2a5-4613-a62a-f0e1d13fd4f4/br/pa/abaetetuba/zona-0096/a9c2400f1d55ddbfc20085bee9ed1c1c.jpg", "https://vocefiscal-poll-tape-uploads.s3.amazonaws.com/us-east-1%3A582b0998-f2a5-4613-a62a-f0e1d13fd4f4/br/pa/abaetetuba/zona-0096/410c6c04a5b1f2fa816012f0be28cc6a.jpg", "https://vocefiscal-poll-tape-uploads.s3.amazonaws.com/us-east-1%3A582b0998-f2a5-4613-a62a-f0e1d13fd4f4/br/pa/abaetetuba/zona-0096/2e537b7a750289d11322f9966d4d37eb.jpg", "https://vocefiscal-poll-tape-uploads.s3.amazonaws.com/us-east-1%3A582b0998-f2a5-4613-a62a-f0e1d13fd4f4/br/pa/abaetetuba/zona-0096/cf2b574aba8e0b0e21844b603c992850.jpg", "https://vocefiscal-poll-tape-uploads.s3.amazonaws.com/us-east-1%3A582b0998-f2a5-4613-a62a-f0e1d13fd4f4/br/pa/abaetetuba/zona-0096/277fb6dd5284c0cc4a37182b3a8a34de.jpg", "https://vocefiscal-poll-tape-uploads.s3.amazonaws.com/us-east-1%3A582b0998-f2a5-4613-a62a-f0e1d13fd4f4/br/pa/abaetetuba/zona-0096/bdf571ecb0735dd494ae5e6c5d7e533a.jpg", "https://vocefiscal-poll-tape-uploads.s3.amazonaws.com/us-east-1%3A582b0998-f2a5-4613-a62a-f0e1d13fd4f4/br/pa/abaetetuba/zona-0096/f3ad3f501f2a0e5aee7a287ab18d3d76.jpg", "https://vocefiscal-poll-tape-uploads.s3.amazonaws.com/us-east-1%3A582b0998-f2a5-4613-a62a-f0e1d13fd4f4/br/pa/abaetetuba/zona-0096/7a8dcb8c9aee567b6c3335486f9c5301.jpg", "https://vocefiscal-poll-tape-uploads.s3.amazonaws.com/us-east-1%3A582b0998-f2a5-4613-a62a-f0e1d13fd4f4/br/pa/abaetetuba/zona-0096/d4ff8df0da155f7f29fec1ae8dc0130c.jpg", "https://vocefiscal-poll-tape-uploads.s3.amazonaws.com/us-east-1%3A582b0998-f2a5-4613-a62a-f0e1d13fd4f4/br/pa/abaetetuba/zona-0096/12b70ed58b21c07e26a48c4d084cd55.jpg", "https://vocefiscal-poll-tape-uploads.s3.amazonaws.com/us-east-1%3A582b0998-f2a5-4613-a62a-f0e1d13fd4f4/br/pa/abaetetuba/zona-0096/c46c57fb494fc493d24b5869f7820445.jpg", "https://vocefiscal-poll-tape-uploads.s3.amazonaws.com/us-east-1%3A582b0998-f2a5-4613-a62a-f0e1d13fd4f4/br/pa/abaetetuba/zona-0096/dc851cd0e70705361f362504c38127be.jpg", "https://vocefiscal-poll-tape-uploads.s3.amazonaws.com/us-east-1%3A582b0998-f2a5-4613-a62a-f0e1d13fd4f4/br/pa/abaetetuba/zona-0096/dfa2e522dce40629658b49ffe5b9608b.jpg", "https://vocefiscal-poll-tape-uploads.s3.amazonaws.com/us-east-1%3A582b0998-f2a5-4613-a62a-f0e1d13fd4f4/br/pa/abaetetuba/zona-0096/953cd3fa12ec098ae1bb0fa1df2e4bd5.jpg", "https://vocefiscal-poll-tape-uploads.s3.amazonaws.com/us-east-1%3A582b0998-f2a5-4613-a62a-f0e1d13fd4f4/br/pa/abaetetuba/zona-0096/18c0bb46b8fa558354a256399fb274f6.jpg", "https://vocefiscal-poll-tape-uploads.s3.amazonaws.com/us-east-1%3A582b0998-f2a5-4613-a62a-f0e1d13fd4f4/br/pa/abaetetuba/zona-0096/d96e21e5e49730e16e1e0154c1276258.jpg", "https://vocefiscal-poll-tape-uploads.s3.amazonaws.com/us-east-1%3A582b0998-f2a5-4613-a62a-f0e1d13fd4f4/br/pa/abaetetuba/zona-0096/94eccdb2b15c4bbe98607f7a18ecc493.jpg", "https://vocefiscal-poll-tape-uploads.s3.amazonaws.com/us-east-1%3A582b0998-f2a5-4613-a62a-f0e1d13fd4f4/br/pa/abaetetuba/zona-0096/957474a4a56cb620fa2a14433c5389de.jpg", "https://vocefiscal-poll-tape-uploads.s3.amazonaws.com/us-east-1%3A582b0998-f2a5-4613-a62a-f0e1d13fd4f4/br/pa/abaetetuba/zona-0096/e450b743d006a389eccd725aa7edb1fa.jpg", "https://vocefiscal-poll-tape-uploads.s3.amazonaws.com/us-east-1%3A582b0998-f2a5-4613-a62a-f0e1d13fd4f4/br/pa/abaetetuba/zona-0096/1812e2e77d9266819db815bda3acb289.jpg", "https://vocefiscal-poll-tape-uploads.s3.amazonaws.com/us-east-1%3A582b0998-f2a5-4613-a62a-f0e1d13fd4f4/br/pa/abaetetuba/zona-0096/c85be3f731a185a8abbdc883f90614fa.jpg", "https://vocefiscal-poll-tape-uploads.s3.amazonaws.com/us-east-1%3A582b0998-f2a5-4613-a62a-f0e1d13fd4f4/br/pa/abaetetuba/zona-0096/3a5b6826a972a9247b00fa2e11d298fb.jpg", "https://vocefiscal-poll-tape-uploads.s3.amazonaws.com/us-east-1%3A582b0998-f2a5-4613-a62a-f0e1d13fd4f4/br/pa/abaetetuba/zona-0096/74148fdcfc0e467b882e2aa6cb61e364.jpg", "https://vocefiscal-poll-tape-uploads.s3.amazonaws.com/us-east-1%3A582b0998-f2a5-4613-a62a-f0e1d13fd4f4/br/pa/abaetetuba/zona-0096/40b2bef9ddd9be0c223caed9cbb22fad.jpg", "https://vocefiscal-poll-tape-uploads.s3.amazonaws.com/us-east-1%3A582b0998-f2a5-4613-a62a-f0e1d13fd4f4/br/pa/abaetetuba/zona-0096/1ef479257378e76bda97b3ef96619956.jpg", "https://vocefiscal-poll-tape-uploads.s3.amazonaws.com/us-east-1%3A582b0998-f2a5-4613-a62a-f0e1d13fd4f4/br/pa/abaetetuba/zona-0096/4df8155ba0071ec64ef4b5a4b877d104.jpg", "https://vocefiscal-poll-tape-uploads.s3.amazonaws.com/us-east-1%3A582b0998-f2a5-4613-a62a-f0e1d13fd4f4/br/pa/abaetetuba/zona-0096/d9a2f6ee28717ff5c4170003eb1f03f9.jpg", "https://vocefiscal-poll-tape-uploads.s3.amazonaws.com/us-east-1%3A582b0998-f2a5-4613-a62a-f0e1d13fd4f4/br/pa/abaetetuba/zona-0096/d05a20c74322e3051671a98f61c4d17f.jpg"]}