{"municipio": "S\u00c3O F\u00c9LIX DO XINGU", "secaoEleitoral": "0045", "zonaEleitoral": "0053", "estado": "PA", "data": 1412542190102, "pictureURLList": ["https://vocefiscal-poll-tape-uploads.s3.amazonaws.com/us-east-1%3Af8d4e29d-947a-494f-b68e-cddf9098dc56/br/pa/sao-felix-do-xingu/zona-0053/d258389b1584c78003d84c3da584017a.jpg", "https://vocefiscal-poll-tape-uploads.s3.amazonaws.com/us-east-1%3Af8d4e29d-947a-494f-b68e-cddf9098dc56/br/pa/sao-felix-do-xingu/zona-0053/7357fe006e6ec69e39e390ce3407f7f1.jpg", "https://vocefiscal-poll-tape-uploads.s3.amazonaws.com/us-east-1%3Af8d4e29d-947a-494f-b68e-cddf9098dc56/br/pa/sao-felix-do-xingu/zona-0053/e7be31e292c17381b8beee096bc60f04.jpg", "https://vocefiscal-poll-tape-uploads.s3.amazonaws.com/us-east-1%3Af8d4e29d-947a-494f-b68e-cddf9098dc56/br/pa/sao-felix-do-xingu/zona-0053/1629a6f13377281ae03749cf4e99b97c.jpg", "https://vocefiscal-poll-tape-uploads.s3.amazonaws.com/us-east-1%3Af8d4e29d-947a-494f-b68e-cddf9098dc56/br/pa/sao-felix-do-xingu/zona-0053/b7263a92e203e9191caec60cf94f0d08.jpg", "https://vocefiscal-poll-tape-uploads.s3.amazonaws.com/us-east-1%3Af8d4e29d-947a-494f-b68e-cddf9098dc56/br/pa/sao-felix-do-xingu/zona-0053/ea2dab977d2aad684bf7aca17bf69be.jpg", "https://vocefiscal-poll-tape-uploads.s3.amazonaws.com/us-east-1%3Af8d4e29d-947a-494f-b68e-cddf9098dc56/br/pa/sao-felix-do-xingu/zona-0053/3ef0dac654e414dc0730c2de7fc2aea5.jpg", "https://vocefiscal-poll-tape-uploads.s3.amazonaws.com/us-east-1%3Af8d4e29d-947a-494f-b68e-cddf9098dc56/br/pa/sao-felix-do-xingu/zona-0053/7e517be44b6378ddcf6c39926742b310.jpg", "https://vocefiscal-poll-tape-uploads.s3.amazonaws.com/us-east-1%3Af8d4e29d-947a-494f-b68e-cddf9098dc56/br/pa/sao-felix-do-xingu/zona-0053/8a45fd7ad85e5d6f2347b019741b66d5.jpg", "https://vocefiscal-poll-tape-uploads.s3.amazonaws.com/us-east-1%3Af8d4e29d-947a-494f-b68e-cddf9098dc56/br/pa/sao-felix-do-xingu/zona-0053/bf9c726fc0d8d5aaa3d841875b2c35cb.jpg", "https://vocefiscal-poll-tape-uploads.s3.amazonaws.com/us-east-1%3Af8d4e29d-947a-494f-b68e-cddf9098dc56/br/pa/sao-felix-do-xingu/zona-0053/6de2d8427358f03d2a977f04542c8fa.jpg", "https://vocefiscal-poll-tape-uploads.s3.amazonaws.com/us-east-1%3Af8d4e29d-947a-494f-b68e-cddf9098dc56/br/pa/sao-felix-do-xingu/zona-0053/a22fcb3e10f4ee16cb9cd23707bc1ca3.jpg", "https://vocefiscal-poll-tape-uploads.s3.amazonaws.com/us-east-1%3Af8d4e29d-947a-494f-b68e-cddf9098dc56/br/pa/sao-felix-do-xingu/zona-0053/4353e67b82a9dbdc88d5842b4dd11c56.jpg", "https://vocefiscal-poll-tape-uploads.s3.amazonaws.com/us-east-1%3Af8d4e29d-947a-494f-b68e-cddf9098dc56/br/pa/sao-felix-do-xingu/zona-0053/46566e6c64666c068c72ed1434396805.jpg", "https://vocefiscal-poll-tape-uploads.s3.amazonaws.com/us-east-1%3Af8d4e29d-947a-494f-b68e-cddf9098dc56/br/pa/sao-felix-do-xingu/zona-0053/2e8857073b0e07f43299783168823cc3.jpg", "https://vocefiscal-poll-tape-uploads.s3.amazonaws.com/us-east-1%3Af8d4e29d-947a-494f-b68e-cddf9098dc56/br/pa/sao-felix-do-xingu/zona-0053/31bcace7e7e451529114cbb791c2f528.jpg", "https://vocefiscal-poll-tape-uploads.s3.amazonaws.com/us-east-1%3Af8d4e29d-947a-494f-b68e-cddf9098dc56/br/pa/sao-felix-do-xingu/zona-0053/709aae87b903a5f80f7c46879a0fa604.jpg", "https://vocefiscal-poll-tape-uploads.s3.amazonaws.com/us-east-1%3Af8d4e29d-947a-494f-b68e-cddf9098dc56/br/pa/sao-felix-do-xingu/zona-0053/a2e1a1d0b14b26dc89575661334fdc8c.jpg", "https://vocefiscal-poll-tape-uploads.s3.amazonaws.com/us-east-1%3Af8d4e29d-947a-494f-b68e-cddf9098dc56/br/pa/sao-felix-do-xingu/zona-0053/88643eb2d6d48c9b7391da51528f6e55.jpg", "https://vocefiscal-poll-tape-uploads.s3.amazonaws.com/us-east-1%3Af8d4e29d-947a-494f-b68e-cddf9098dc56/br/pa/sao-felix-do-xingu/zona-0053/d2ba44e1e40ddc9a24c73edfe6517fa8.jpg"]}