{"municipio": "BEL\u00c9M", "secaoEleitoral": "0057", "zonaEleitoral": "0095", "estado": "PA", "data": 1412541943065, "pictureURLList": ["https://vocefiscal-poll-tape-uploads.s3.amazonaws.com/us-east-1%3A106313e7-bf6e-4ed2-9728-2ae2518cbe6b/br/pa/belem/zona-0095/da65d9bb33dd6408d87a2eaba496e6ea.jpg", "https://vocefiscal-poll-tape-uploads.s3.amazonaws.com/us-east-1%3A106313e7-bf6e-4ed2-9728-2ae2518cbe6b/br/pa/belem/zona-0095/4cd19109fc1db26612f8a31fd38aa140.jpg", "https://vocefiscal-poll-tape-uploads.s3.amazonaws.com/us-east-1%3A106313e7-bf6e-4ed2-9728-2ae2518cbe6b/br/pa/belem/zona-0095/3c49d3f7fb2c1611e40d3442d75e5fc2.jpg", "https://vocefiscal-poll-tape-uploads.s3.amazonaws.com/us-east-1%3A106313e7-bf6e-4ed2-9728-2ae2518cbe6b/br/pa/belem/zona-0095/92acfbb2dd21e0d3b4d271b75dfeaadb.jpg", "https://vocefiscal-poll-tape-uploads.s3.amazonaws.com/us-east-1%3A106313e7-bf6e-4ed2-9728-2ae2518cbe6b/br/pa/belem/zona-0095/b13fb95a31a19862958ff0319ccd2ced.jpg", "https://vocefiscal-poll-tape-uploads.s3.amazonaws.com/us-east-1%3A106313e7-bf6e-4ed2-9728-2ae2518cbe6b/br/pa/belem/zona-0095/be65b150cd66dadfabb279bc39b8991a.jpg", "https://vocefiscal-poll-tape-uploads.s3.amazonaws.com/us-east-1%3A106313e7-bf6e-4ed2-9728-2ae2518cbe6b/br/pa/belem/zona-0095/25f60e8471fea7d560ec4cf4e76a6983.jpg", "https://vocefiscal-poll-tape-uploads.s3.amazonaws.com/us-east-1%3A106313e7-bf6e-4ed2-9728-2ae2518cbe6b/br/pa/belem/zona-0095/aa917d34f83f1e7124e98ade9d3584f1.jpg", "https://vocefiscal-poll-tape-uploads.s3.amazonaws.com/us-east-1%3A106313e7-bf6e-4ed2-9728-2ae2518cbe6b/br/pa/belem/zona-0095/ca159da3aeb5829028d002f222ddac5d.jpg", "https://vocefiscal-poll-tape-uploads.s3.amazonaws.com/us-east-1%3A106313e7-bf6e-4ed2-9728-2ae2518cbe6b/br/pa/belem/zona-0095/e4347da3728142f9abfdb0b833dfbc33.jpg", "https://vocefiscal-poll-tape-uploads.s3.amazonaws.com/us-east-1%3A106313e7-bf6e-4ed2-9728-2ae2518cbe6b/br/pa/belem/zona-0095/ad6d6e5b0f765e82a180fa15da1b1a6c.jpg", "https://vocefiscal-poll-tape-uploads.s3.amazonaws.com/us-east-1%3A106313e7-bf6e-4ed2-9728-2ae2518cbe6b/br/pa/belem/zona-0095/57fd3cc824e9ba37b747fcf9d97964e1.jpg", "https://vocefiscal-poll-tape-uploads.s3.amazonaws.com/us-east-1%3A106313e7-bf6e-4ed2-9728-2ae2518cbe6b/br/pa/belem/zona-0095/3e20467a558683e064b110e137201b4a.jpg", "https://vocefiscal-poll-tape-uploads.s3.amazonaws.com/us-east-1%3A106313e7-bf6e-4ed2-9728-2ae2518cbe6b/br/pa/belem/zona-0095/5872a53566d42c77039e090ad28e0f08.jpg", "https://vocefiscal-poll-tape-uploads.s3.amazonaws.com/us-east-1%3A106313e7-bf6e-4ed2-9728-2ae2518cbe6b/br/pa/belem/zona-0095/64603047d55676069d12f52ea801189b.jpg", "https://vocefiscal-poll-tape-uploads.s3.amazonaws.com/us-east-1%3A106313e7-bf6e-4ed2-9728-2ae2518cbe6b/br/pa/belem/zona-0095/b69ee99064154c4f62265e4bb61dcb86.jpg"]}