{"municipio": "PARAGOMINAS", "secaoEleitoral": "0022", "zonaEleitoral": "0042", "estado": "PA", "data": 1412542346435, "pictureURLList": ["https://vocefiscal-poll-tape-uploads.s3.amazonaws.com/us-east-1%3A09f33092-8f95-46fa-a036-36fa21e63b07/br/pa/paragominas/zona-0042/ef3a250ecdfaa354e8ca7c70772b2289.jpg", "https://vocefiscal-poll-tape-uploads.s3.amazonaws.com/us-east-1%3A09f33092-8f95-46fa-a036-36fa21e63b07/br/pa/paragominas/zona-0042/fd3d2bae90d9f3a0bf5dcb999d335ead.jpg", "https://vocefiscal-poll-tape-uploads.s3.amazonaws.com/us-east-1%3A09f33092-8f95-46fa-a036-36fa21e63b07/br/pa/paragominas/zona-0042/d6b4c034c6785d7331ac5725503c39fb.jpg", "https://vocefiscal-poll-tape-uploads.s3.amazonaws.com/us-east-1%3A09f33092-8f95-46fa-a036-36fa21e63b07/br/pa/paragominas/zona-0042/b7a7892b1bcd0cfbba461508226591c3.jpg", "https://vocefiscal-poll-tape-uploads.s3.amazonaws.com/us-east-1%3A09f33092-8f95-46fa-a036-36fa21e63b07/br/pa/paragominas/zona-0042/3bf2a60d26eefd4ee1afea9e1da3fd39.jpg", "https://vocefiscal-poll-tape-uploads.s3.amazonaws.com/us-east-1%3A09f33092-8f95-46fa-a036-36fa21e63b07/br/pa/paragominas/zona-0042/da005932e975a977fa150928112c2765.jpg", "https://vocefiscal-poll-tape-uploads.s3.amazonaws.com/us-east-1%3A09f33092-8f95-46fa-a036-36fa21e63b07/br/pa/paragominas/zona-0042/77a2825559abaf88b8fe6fe574b3fc04.jpg", "https://vocefiscal-poll-tape-uploads.s3.amazonaws.com/us-east-1%3A09f33092-8f95-46fa-a036-36fa21e63b07/br/pa/paragominas/zona-0042/dbaa4819bb14433b342f2b261847521c.jpg", "https://vocefiscal-poll-tape-uploads.s3.amazonaws.com/us-east-1%3A09f33092-8f95-46fa-a036-36fa21e63b07/br/pa/paragominas/zona-0042/b58819452bcf9c9327b531108430aa58.jpg", "https://vocefiscal-poll-tape-uploads.s3.amazonaws.com/us-east-1%3A09f33092-8f95-46fa-a036-36fa21e63b07/br/pa/paragominas/zona-0042/e0feb0d338c81f1e0c367674e2c1e4f0.jpg", "https://vocefiscal-poll-tape-uploads.s3.amazonaws.com/us-east-1%3A09f33092-8f95-46fa-a036-36fa21e63b07/br/pa/paragominas/zona-0042/c75a14595db9cd2e7fec742cc522419c.jpg", "https://vocefiscal-poll-tape-uploads.s3.amazonaws.com/us-east-1%3A09f33092-8f95-46fa-a036-36fa21e63b07/br/pa/paragominas/zona-0042/f8d65873f31b50db7dbc097090880da.jpg", "https://vocefiscal-poll-tape-uploads.s3.amazonaws.com/us-east-1%3A09f33092-8f95-46fa-a036-36fa21e63b07/br/pa/paragominas/zona-0042/8a5cb972037d0d237fe1bda208869d3c.jpg", "https://vocefiscal-poll-tape-uploads.s3.amazonaws.com/us-east-1%3A09f33092-8f95-46fa-a036-36fa21e63b07/br/pa/paragominas/zona-0042/179e8765f1cef6a2903539776d83bc93.jpg", "https://vocefiscal-poll-tape-uploads.s3.amazonaws.com/us-east-1%3A09f33092-8f95-46fa-a036-36fa21e63b07/br/pa/paragominas/zona-0042/6bde435ddb17076af7278abf5d92a9f7.jpg", "https://vocefiscal-poll-tape-uploads.s3.amazonaws.com/us-east-1%3A09f33092-8f95-46fa-a036-36fa21e63b07/br/pa/paragominas/zona-0042/f2214b7cf98a226e1582d4b5a3d36318.jpg", "https://vocefiscal-poll-tape-uploads.s3.amazonaws.com/us-east-1%3A09f33092-8f95-46fa-a036-36fa21e63b07/br/pa/paragominas/zona-0042/a7ca92723a38b75bb99056bf01d949df.jpg", "https://vocefiscal-poll-tape-uploads.s3.amazonaws.com/us-east-1%3A09f33092-8f95-46fa-a036-36fa21e63b07/br/pa/paragominas/zona-0042/65233fd3500908c7f1a57a1553238ce3.jpg", "https://vocefiscal-poll-tape-uploads.s3.amazonaws.com/us-east-1%3A09f33092-8f95-46fa-a036-36fa21e63b07/br/pa/paragominas/zona-0042/bf5e4d12d7fc4fb3191ed928bdd51f9e.jpg", "https://vocefiscal-poll-tape-uploads.s3.amazonaws.com/us-east-1%3A09f33092-8f95-46fa-a036-36fa21e63b07/br/pa/paragominas/zona-0042/9a0ed7ac77e541cbf71024201c0fbc4f.jpg", "https://vocefiscal-poll-tape-uploads.s3.amazonaws.com/us-east-1%3A09f33092-8f95-46fa-a036-36fa21e63b07/br/pa/paragominas/zona-0042/7192cfe8be9104470f32eab64afce5f8.jpg", "https://vocefiscal-poll-tape-uploads.s3.amazonaws.com/us-east-1%3A09f33092-8f95-46fa-a036-36fa21e63b07/br/pa/paragominas/zona-0042/a9572d805cf16386d6e2567f87355401.jpg", "https://vocefiscal-poll-tape-uploads.s3.amazonaws.com/us-east-1%3A09f33092-8f95-46fa-a036-36fa21e63b07/br/pa/paragominas/zona-0042/b0876d70bcd8a3c768ac76d2b1fbc997.jpg", "https://vocefiscal-poll-tape-uploads.s3.amazonaws.com/us-east-1%3A09f33092-8f95-46fa-a036-36fa21e63b07/br/pa/paragominas/zona-0042/49ecdadcb4042edfc4651a92cdcc8ebb.jpg", "https://vocefiscal-poll-tape-uploads.s3.amazonaws.com/us-east-1%3A09f33092-8f95-46fa-a036-36fa21e63b07/br/pa/paragominas/zona-0042/d6476bc868389a88917261ccfbc80fd7.jpg", "https://vocefiscal-poll-tape-uploads.s3.amazonaws.com/us-east-1%3A09f33092-8f95-46fa-a036-36fa21e63b07/br/pa/paragominas/zona-0042/65dbf7da9d73c22e8467667afde3ddf5.jpg", "https://vocefiscal-poll-tape-uploads.s3.amazonaws.com/us-east-1%3A09f33092-8f95-46fa-a036-36fa21e63b07/br/pa/paragominas/zona-0042/b1fc1b3b33183e903415f39e399603c3.jpg", "https://vocefiscal-poll-tape-uploads.s3.amazonaws.com/us-east-1%3A09f33092-8f95-46fa-a036-36fa21e63b07/br/pa/paragominas/zona-0042/a4f7522f2f0a6795afc25389df260873.jpg", "https://vocefiscal-poll-tape-uploads.s3.amazonaws.com/us-east-1%3A09f33092-8f95-46fa-a036-36fa21e63b07/br/pa/paragominas/zona-0042/11a0d1c4f703240b1f6545c64af26dd1.jpg", "https://vocefiscal-poll-tape-uploads.s3.amazonaws.com/us-east-1%3A09f33092-8f95-46fa-a036-36fa21e63b07/br/pa/paragominas/zona-0042/ef888bbd90093b399914c7fec1cb9938.jpg", "https://vocefiscal-poll-tape-uploads.s3.amazonaws.com/us-east-1%3A09f33092-8f95-46fa-a036-36fa21e63b07/br/pa/paragominas/zona-0042/8a923697e50be22dd2602b6178da5b8.jpg", "https://vocefiscal-poll-tape-uploads.s3.amazonaws.com/us-east-1%3A09f33092-8f95-46fa-a036-36fa21e63b07/br/pa/paragominas/zona-0042/89981b57352964f04c855e51f48ea955.jpg", "https://vocefiscal-poll-tape-uploads.s3.amazonaws.com/us-east-1%3A09f33092-8f95-46fa-a036-36fa21e63b07/br/pa/paragominas/zona-0042/277481858769828f3204dafac66dada5.jpg", "https://vocefiscal-poll-tape-uploads.s3.amazonaws.com/us-east-1%3A09f33092-8f95-46fa-a036-36fa21e63b07/br/pa/paragominas/zona-0042/b241b5a644ff9527499ef51fb95233a.jpg", "https://vocefiscal-poll-tape-uploads.s3.amazonaws.com/us-east-1%3A09f33092-8f95-46fa-a036-36fa21e63b07/br/pa/paragominas/zona-0042/73919a8cabf73b5421a0705153fb8ebe.jpg", "https://vocefiscal-poll-tape-uploads.s3.amazonaws.com/us-east-1%3A09f33092-8f95-46fa-a036-36fa21e63b07/br/pa/paragominas/zona-0042/d179524187f3821fcb6991d436f5d526.jpg", "https://vocefiscal-poll-tape-uploads.s3.amazonaws.com/us-east-1%3A09f33092-8f95-46fa-a036-36fa21e63b07/br/pa/paragominas/zona-0042/cfd07e60a6e8a47ae6dd6444cfa65a49.jpg", "https://vocefiscal-poll-tape-uploads.s3.amazonaws.com/us-east-1%3A09f33092-8f95-46fa-a036-36fa21e63b07/br/pa/paragominas/zona-0042/d8cc90218bc551dfa1e4ed8e23f92ad2.jpg"]}