{"municipio": "SANTAR\u00c9M", "secaoEleitoral": "0367", "zonaEleitoral": "0083", "estado": "PA", "data": 1412540379834, "pictureURLList": ["https://vocefiscal-poll-tape-uploads.s3.amazonaws.com/us-east-1%3A41e0b196-eeea-4dd4-84ff-1749f8b790c5/br/pa/santarem/zona-0083/9d23232f22ca996fd446b6e1187015f8.jpg", "https://vocefiscal-poll-tape-uploads.s3.amazonaws.com/us-east-1%3A41e0b196-eeea-4dd4-84ff-1749f8b790c5/br/pa/santarem/zona-0083/3b252e87c8d60e42009ba819ae05e827.jpg", "https://vocefiscal-poll-tape-uploads.s3.amazonaws.com/us-east-1%3A41e0b196-eeea-4dd4-84ff-1749f8b790c5/br/pa/santarem/zona-0083/f891f4a6e328431f333113b8ebf43aca.jpg", "https://vocefiscal-poll-tape-uploads.s3.amazonaws.com/us-east-1%3A41e0b196-eeea-4dd4-84ff-1749f8b790c5/br/pa/santarem/zona-0083/f41f98f535a0def5bbd766dfe312069d.jpg", "https://vocefiscal-poll-tape-uploads.s3.amazonaws.com/us-east-1%3A41e0b196-eeea-4dd4-84ff-1749f8b790c5/br/pa/santarem/zona-0083/75c837038a7cc31c69216fbf492744dc.jpg", "https://vocefiscal-poll-tape-uploads.s3.amazonaws.com/us-east-1%3A41e0b196-eeea-4dd4-84ff-1749f8b790c5/br/pa/santarem/zona-0083/e6389978141f79c9e829818e8264520e.jpg", "https://vocefiscal-poll-tape-uploads.s3.amazonaws.com/us-east-1%3A41e0b196-eeea-4dd4-84ff-1749f8b790c5/br/pa/santarem/zona-0083/bffeb5b257e8426444ec55c53d24cc80.jpg", "https://vocefiscal-poll-tape-uploads.s3.amazonaws.com/us-east-1%3A41e0b196-eeea-4dd4-84ff-1749f8b790c5/br/pa/santarem/zona-0083/75758696deab441b37202a1fdd0df021.jpg", "https://vocefiscal-poll-tape-uploads.s3.amazonaws.com/us-east-1%3A41e0b196-eeea-4dd4-84ff-1749f8b790c5/br/pa/santarem/zona-0083/f1315aaf2bf4ff046a1f50386f7c95d3.jpg", "https://vocefiscal-poll-tape-uploads.s3.amazonaws.com/us-east-1%3A41e0b196-eeea-4dd4-84ff-1749f8b790c5/br/pa/santarem/zona-0083/178e53ef6e09b886f44cc88f518a20ac.jpg", "https://vocefiscal-poll-tape-uploads.s3.amazonaws.com/us-east-1%3A41e0b196-eeea-4dd4-84ff-1749f8b790c5/br/pa/santarem/zona-0083/3f1948d61e4224d8fd0222362ca6a63b.jpg", "https://vocefiscal-poll-tape-uploads.s3.amazonaws.com/us-east-1%3A41e0b196-eeea-4dd4-84ff-1749f8b790c5/br/pa/santarem/zona-0083/6dff9d82c6074759700cf85e25766c6e.jpg", "https://vocefiscal-poll-tape-uploads.s3.amazonaws.com/us-east-1%3A41e0b196-eeea-4dd4-84ff-1749f8b790c5/br/pa/santarem/zona-0083/7e7680e91d4783e728fd49edd09cc150.jpg", "https://vocefiscal-poll-tape-uploads.s3.amazonaws.com/us-east-1%3A41e0b196-eeea-4dd4-84ff-1749f8b790c5/br/pa/santarem/zona-0083/55f7b99f7b6617079d4a2433f13bb8f3.jpg", "https://vocefiscal-poll-tape-uploads.s3.amazonaws.com/us-east-1%3A41e0b196-eeea-4dd4-84ff-1749f8b790c5/br/pa/santarem/zona-0083/d704770667a3c81451aef397d3c37376.jpg", "https://vocefiscal-poll-tape-uploads.s3.amazonaws.com/us-east-1%3A41e0b196-eeea-4dd4-84ff-1749f8b790c5/br/pa/santarem/zona-0083/eca589d5de2da5d093db26d0509d718b.jpg", "https://vocefiscal-poll-tape-uploads.s3.amazonaws.com/us-east-1%3A41e0b196-eeea-4dd4-84ff-1749f8b790c5/br/pa/santarem/zona-0083/8ce5400d4eae770082111c460d68f282.jpg", "https://vocefiscal-poll-tape-uploads.s3.amazonaws.com/us-east-1%3A41e0b196-eeea-4dd4-84ff-1749f8b790c5/br/pa/santarem/zona-0083/fa32f4a6e4403321d3579cf76c2ebb9.jpg", "https://vocefiscal-poll-tape-uploads.s3.amazonaws.com/us-east-1%3A41e0b196-eeea-4dd4-84ff-1749f8b790c5/br/pa/santarem/zona-0083/d972951ad25ce67e8d3bf96bbdf3bb61.jpg", "https://vocefiscal-poll-tape-uploads.s3.amazonaws.com/us-east-1%3A41e0b196-eeea-4dd4-84ff-1749f8b790c5/br/pa/santarem/zona-0083/e706adc4ded15d188cc7e2b20ccebe6f.jpg", "https://vocefiscal-poll-tape-uploads.s3.amazonaws.com/us-east-1%3A41e0b196-eeea-4dd4-84ff-1749f8b790c5/br/pa/santarem/zona-0083/a34affc03e2203f57c93030252a3eac5.jpg", "https://vocefiscal-poll-tape-uploads.s3.amazonaws.com/us-east-1%3A41e0b196-eeea-4dd4-84ff-1749f8b790c5/br/pa/santarem/zona-0083/ceb94a4b182cc9ea85d24d8761a62b61.jpg", "https://vocefiscal-poll-tape-uploads.s3.amazonaws.com/us-east-1%3A41e0b196-eeea-4dd4-84ff-1749f8b790c5/br/pa/santarem/zona-0083/a193f861ff381356b7f0d326dbfc6b6f.jpg", "https://vocefiscal-poll-tape-uploads.s3.amazonaws.com/us-east-1%3A41e0b196-eeea-4dd4-84ff-1749f8b790c5/br/pa/santarem/zona-0083/2816be0d3ab05d93db78373e9e34f48b.jpg", "https://vocefiscal-poll-tape-uploads.s3.amazonaws.com/us-east-1%3A41e0b196-eeea-4dd4-84ff-1749f8b790c5/br/pa/santarem/zona-0083/b7d3ac96e1765f7fc700a07b4eac1966.jpg", "https://vocefiscal-poll-tape-uploads.s3.amazonaws.com/us-east-1%3A41e0b196-eeea-4dd4-84ff-1749f8b790c5/br/pa/santarem/zona-0083/af4542fc8e53cf4f2289c906dcee8563.jpg"]}