{"municipio": "REDEN\u00c7\u00c3O", "secaoEleitoral": "0036", "zonaEleitoral": "0059", "localDaVotacao": "1252", "estado": "PA", "data": 1412544315006, "pictureURLList": ["https://vocefiscal-poll-tape-uploads.s3.amazonaws.com/us-east-1%3A6b0d21b1-bdaa-4f09-b393-1d94b2a6f97e/br/pa/redencao/zona-0059/ad0f56b839e7afc7449bfd8fe6494293.jpg", "https://vocefiscal-poll-tape-uploads.s3.amazonaws.com/us-east-1%3A6b0d21b1-bdaa-4f09-b393-1d94b2a6f97e/br/pa/redencao/zona-0059/5e3bf3214c511df8b04f4d9ceadbf670.jpg", "https://vocefiscal-poll-tape-uploads.s3.amazonaws.com/us-east-1%3A6b0d21b1-bdaa-4f09-b393-1d94b2a6f97e/br/pa/redencao/zona-0059/c3ef42df4ef6a50670f5b2fe9e8730e8.jpg", "https://vocefiscal-poll-tape-uploads.s3.amazonaws.com/us-east-1%3A6b0d21b1-bdaa-4f09-b393-1d94b2a6f97e/br/pa/redencao/zona-0059/8ce55d34b8369fbcdc16726b9369c001.jpg", "https://vocefiscal-poll-tape-uploads.s3.amazonaws.com/us-east-1%3A6b0d21b1-bdaa-4f09-b393-1d94b2a6f97e/br/pa/redencao/zona-0059/aac4195c23ea7d309797aee806434ce5.jpg", "https://vocefiscal-poll-tape-uploads.s3.amazonaws.com/us-east-1%3A6b0d21b1-bdaa-4f09-b393-1d94b2a6f97e/br/pa/redencao/zona-0059/c60d2478ef2a1024f433622fed1ad92d.jpg", "https://vocefiscal-poll-tape-uploads.s3.amazonaws.com/us-east-1%3A6b0d21b1-bdaa-4f09-b393-1d94b2a6f97e/br/pa/redencao/zona-0059/3e6b558d7145e24c5d1654a698977f56.jpg", "https://vocefiscal-poll-tape-uploads.s3.amazonaws.com/us-east-1%3A6b0d21b1-bdaa-4f09-b393-1d94b2a6f97e/br/pa/redencao/zona-0059/4f3ce1563a11b10414efac665aade8a9.jpg", "https://vocefiscal-poll-tape-uploads.s3.amazonaws.com/us-east-1%3A6b0d21b1-bdaa-4f09-b393-1d94b2a6f97e/br/pa/redencao/zona-0059/16ff59fbed359f5e36877234ecc27cc2.jpg", "https://vocefiscal-poll-tape-uploads.s3.amazonaws.com/us-east-1%3A6b0d21b1-bdaa-4f09-b393-1d94b2a6f97e/br/pa/redencao/zona-0059/e20d14977bdc92bd1ef39dc870a7511e.jpg", "https://vocefiscal-poll-tape-uploads.s3.amazonaws.com/us-east-1%3A6b0d21b1-bdaa-4f09-b393-1d94b2a6f97e/br/pa/redencao/zona-0059/ec1e3cb1c3c483a3cfeb697f27e1176b.jpg", "https://vocefiscal-poll-tape-uploads.s3.amazonaws.com/us-east-1%3A6b0d21b1-bdaa-4f09-b393-1d94b2a6f97e/br/pa/redencao/zona-0059/b9ac17e086a22369b7f60cee8eedc867.jpg", "https://vocefiscal-poll-tape-uploads.s3.amazonaws.com/us-east-1%3A6b0d21b1-bdaa-4f09-b393-1d94b2a6f97e/br/pa/redencao/zona-0059/7b6f1f8613ea4fb9a33dbbd20033701e.jpg", "https://vocefiscal-poll-tape-uploads.s3.amazonaws.com/us-east-1%3A6b0d21b1-bdaa-4f09-b393-1d94b2a6f97e/br/pa/redencao/zona-0059/8e14146f13be8fa778dfed24c0cdccf3.jpg", "https://vocefiscal-poll-tape-uploads.s3.amazonaws.com/us-east-1%3A6b0d21b1-bdaa-4f09-b393-1d94b2a6f97e/br/pa/redencao/zona-0059/61ee90eb942dc7fc6fdad8fdfbe47b74.jpg", "https://vocefiscal-poll-tape-uploads.s3.amazonaws.com/us-east-1%3A6b0d21b1-bdaa-4f09-b393-1d94b2a6f97e/br/pa/redencao/zona-0059/8a841e1aaafeefabc98a04cb817bdfb0.jpg", "https://vocefiscal-poll-tape-uploads.s3.amazonaws.com/us-east-1%3A6b0d21b1-bdaa-4f09-b393-1d94b2a6f97e/br/pa/redencao/zona-0059/5055cc7cb8e3c0033e578f11fb869808.jpg", "https://vocefiscal-poll-tape-uploads.s3.amazonaws.com/us-east-1%3A6b0d21b1-bdaa-4f09-b393-1d94b2a6f97e/br/pa/redencao/zona-0059/521a9716d9d80ad28bf989593e68aaa4.jpg", "https://vocefiscal-poll-tape-uploads.s3.amazonaws.com/us-east-1%3A6b0d21b1-bdaa-4f09-b393-1d94b2a6f97e/br/pa/redencao/zona-0059/c8328bd1217a6303b26c1459ded2d2bc.jpg", "https://vocefiscal-poll-tape-uploads.s3.amazonaws.com/us-east-1%3A6b0d21b1-bdaa-4f09-b393-1d94b2a6f97e/br/pa/redencao/zona-0059/d511a92941c5a63164ee47c4bdbc59bc.jpg", "https://vocefiscal-poll-tape-uploads.s3.amazonaws.com/us-east-1%3A6b0d21b1-bdaa-4f09-b393-1d94b2a6f97e/br/pa/redencao/zona-0059/2b09e362de1f85964aa3185917d13a80.jpg", "https://vocefiscal-poll-tape-uploads.s3.amazonaws.com/us-east-1%3A6b0d21b1-bdaa-4f09-b393-1d94b2a6f97e/br/pa/redencao/zona-0059/38e8b452146e35f37f81485d67006296.jpg", "https://vocefiscal-poll-tape-uploads.s3.amazonaws.com/us-east-1%3A6b0d21b1-bdaa-4f09-b393-1d94b2a6f97e/br/pa/redencao/zona-0059/338708764895ca3e2c9742285a1a5002.jpg", "https://vocefiscal-poll-tape-uploads.s3.amazonaws.com/us-east-1%3A6b0d21b1-bdaa-4f09-b393-1d94b2a6f97e/br/pa/redencao/zona-0059/7d1a60d59e8769c947b5273d3ddd227e.jpg", "https://vocefiscal-poll-tape-uploads.s3.amazonaws.com/us-east-1%3A6b0d21b1-bdaa-4f09-b393-1d94b2a6f97e/br/pa/redencao/zona-0059/529e09cec6ec466036845edbe2c2008b.jpg"]}