{"municipio": "BEL\u00c9M", "secaoEleitoral": "0045", "zonaEleitoral": "0028", "estado": "PA", "data": 1412540747590, "pictureURLList": ["https://vocefiscal-poll-tape-uploads.s3.amazonaws.com/us-east-1%3A65cf7772-0726-4d69-8acf-da0285c97f9c/br/pa/belem/zona-0028/db35571ae4cfbe884fee1879144b3163.jpg", "https://vocefiscal-poll-tape-uploads.s3.amazonaws.com/us-east-1%3A65cf7772-0726-4d69-8acf-da0285c97f9c/br/pa/belem/zona-0028/f995227b3ddb36cbf73f12938ae4365f.jpg", "https://vocefiscal-poll-tape-uploads.s3.amazonaws.com/us-east-1%3A65cf7772-0726-4d69-8acf-da0285c97f9c/br/pa/belem/zona-0028/e7c672aaffeee30dc9023df69cf0ac8b.jpg", "https://vocefiscal-poll-tape-uploads.s3.amazonaws.com/us-east-1%3A65cf7772-0726-4d69-8acf-da0285c97f9c/br/pa/belem/zona-0028/cb1f3e805ebb9dce8d8f16b3981a122f.jpg", "https://vocefiscal-poll-tape-uploads.s3.amazonaws.com/us-east-1%3A65cf7772-0726-4d69-8acf-da0285c97f9c/br/pa/belem/zona-0028/526829d58eb1b107842985fcd2a2f8a0.jpg", "https://vocefiscal-poll-tape-uploads.s3.amazonaws.com/us-east-1%3A65cf7772-0726-4d69-8acf-da0285c97f9c/br/pa/belem/zona-0028/8a89839420b512df780889568419d2e8.jpg", "https://vocefiscal-poll-tape-uploads.s3.amazonaws.com/us-east-1%3A65cf7772-0726-4d69-8acf-da0285c97f9c/br/pa/belem/zona-0028/4d80380653bdc9d9b9999b574a6f1c52.jpg", "https://vocefiscal-poll-tape-uploads.s3.amazonaws.com/us-east-1%3A65cf7772-0726-4d69-8acf-da0285c97f9c/br/pa/belem/zona-0028/459db57085199f0bccd59245246b43cc.jpg", "https://vocefiscal-poll-tape-uploads.s3.amazonaws.com/us-east-1%3A65cf7772-0726-4d69-8acf-da0285c97f9c/br/pa/belem/zona-0028/14935223466050e0d007040c8d792772.jpg", "https://vocefiscal-poll-tape-uploads.s3.amazonaws.com/us-east-1%3A65cf7772-0726-4d69-8acf-da0285c97f9c/br/pa/belem/zona-0028/20cd886b9302882211e3c31bb4ab9f73.jpg", "https://vocefiscal-poll-tape-uploads.s3.amazonaws.com/us-east-1%3A65cf7772-0726-4d69-8acf-da0285c97f9c/br/pa/belem/zona-0028/20a80c0de2de8915b190ed6ae8935261.jpg", "https://vocefiscal-poll-tape-uploads.s3.amazonaws.com/us-east-1%3A65cf7772-0726-4d69-8acf-da0285c97f9c/br/pa/belem/zona-0028/370fbb17a82fa11339b6e4e955bd55c3.jpg", "https://vocefiscal-poll-tape-uploads.s3.amazonaws.com/us-east-1%3A65cf7772-0726-4d69-8acf-da0285c97f9c/br/pa/belem/zona-0028/63ffe713592668f9d1eec3bbef8e7a56.jpg", "https://vocefiscal-poll-tape-uploads.s3.amazonaws.com/us-east-1%3A65cf7772-0726-4d69-8acf-da0285c97f9c/br/pa/belem/zona-0028/cacc5ac5f413803064b169d0d20f7204.jpg", "https://vocefiscal-poll-tape-uploads.s3.amazonaws.com/us-east-1%3A65cf7772-0726-4d69-8acf-da0285c97f9c/br/pa/belem/zona-0028/e796dce5890d17019fd09fed5ce682a0.jpg", "https://vocefiscal-poll-tape-uploads.s3.amazonaws.com/us-east-1%3A65cf7772-0726-4d69-8acf-da0285c97f9c/br/pa/belem/zona-0028/b3e50803d7f411c71b098b7428c9e878.jpg", "https://vocefiscal-poll-tape-uploads.s3.amazonaws.com/us-east-1%3A65cf7772-0726-4d69-8acf-da0285c97f9c/br/pa/belem/zona-0028/adfa2acd46744c6de676a3ca7509342d.jpg", "https://vocefiscal-poll-tape-uploads.s3.amazonaws.com/us-east-1%3A65cf7772-0726-4d69-8acf-da0285c97f9c/br/pa/belem/zona-0028/9f235afa7d95480c18a79b78064b7bdf.jpg", "https://vocefiscal-poll-tape-uploads.s3.amazonaws.com/us-east-1%3A65cf7772-0726-4d69-8acf-da0285c97f9c/br/pa/belem/zona-0028/5f01c35013c10538258b6f383ff52601.jpg", "https://vocefiscal-poll-tape-uploads.s3.amazonaws.com/us-east-1%3A65cf7772-0726-4d69-8acf-da0285c97f9c/br/pa/belem/zona-0028/7e637c7cf0f197930649941f0674ccb7.jpg", "https://vocefiscal-poll-tape-uploads.s3.amazonaws.com/us-east-1%3A65cf7772-0726-4d69-8acf-da0285c97f9c/br/pa/belem/zona-0028/e9cd28a3b22fa8778955b68a991250ea.jpg", "https://vocefiscal-poll-tape-uploads.s3.amazonaws.com/us-east-1%3A65cf7772-0726-4d69-8acf-da0285c97f9c/br/pa/belem/zona-0028/cf3ae5663c62a348f4c77aa613388ff4.jpg", "https://vocefiscal-poll-tape-uploads.s3.amazonaws.com/us-east-1%3A65cf7772-0726-4d69-8acf-da0285c97f9c/br/pa/belem/zona-0028/3c7431ce9b32110c115ed2d4272b89ec.jpg", "https://vocefiscal-poll-tape-uploads.s3.amazonaws.com/us-east-1%3A65cf7772-0726-4d69-8acf-da0285c97f9c/br/pa/belem/zona-0028/2216389b4bd1ec43caafbf1d6bbec61f.jpg", "https://vocefiscal-poll-tape-uploads.s3.amazonaws.com/us-east-1%3A65cf7772-0726-4d69-8acf-da0285c97f9c/br/pa/belem/zona-0028/d2c65092a74b5448de9c501726f7cd0d.jpg", "https://vocefiscal-poll-tape-uploads.s3.amazonaws.com/us-east-1%3A65cf7772-0726-4d69-8acf-da0285c97f9c/br/pa/belem/zona-0028/b94d9fa601b59a0b2d343e721faba469.jpg", "https://vocefiscal-poll-tape-uploads.s3.amazonaws.com/us-east-1%3A65cf7772-0726-4d69-8acf-da0285c97f9c/br/pa/belem/zona-0028/211e29d979db0f5fd069967383d65c2e.jpg", "https://vocefiscal-poll-tape-uploads.s3.amazonaws.com/us-east-1%3A65cf7772-0726-4d69-8acf-da0285c97f9c/br/pa/belem/zona-0028/c068714cefb52f0b672ca9a3fc2b44e4.jpg", "https://vocefiscal-poll-tape-uploads.s3.amazonaws.com/us-east-1%3A65cf7772-0726-4d69-8acf-da0285c97f9c/br/pa/belem/zona-0028/eaedfb2659c132684e5a8e0812455838.jpg", "https://vocefiscal-poll-tape-uploads.s3.amazonaws.com/us-east-1%3A65cf7772-0726-4d69-8acf-da0285c97f9c/br/pa/belem/zona-0028/fcf7c08a2de814d7b80fb9c3b752ce9f.jpg", "https://vocefiscal-poll-tape-uploads.s3.amazonaws.com/us-east-1%3A65cf7772-0726-4d69-8acf-da0285c97f9c/br/pa/belem/zona-0028/439427d5dffa904bcd79dfe129b9bb36.jpg"]}