{"municipio": "BEL\u00c9M", "secaoEleitoral": "0209", "zonaEleitoral": "0097", "localDaVotacao": "1198", "estado": "PA", "data": 1412617543123, "pictureURLList": ["https://vocefiscal-poll-tape-uploads.s3.amazonaws.com/us-east-1%3A5f310f69-5dba-4d09-8ea6-0d11245a1600/br/pa/belem/zona-0097/483469e8d6a428659c130551ef31241d.jpg", "https://vocefiscal-poll-tape-uploads.s3.amazonaws.com/us-east-1%3A5f310f69-5dba-4d09-8ea6-0d11245a1600/br/pa/belem/zona-0097/88953d683aac4cccc479ea325c997879.jpg", "https://vocefiscal-poll-tape-uploads.s3.amazonaws.com/us-east-1%3A5f310f69-5dba-4d09-8ea6-0d11245a1600/br/pa/belem/zona-0097/a664ad88e2f1183d1b45edb9ba85bc56.jpg", "https://vocefiscal-poll-tape-uploads.s3.amazonaws.com/us-east-1%3A5f310f69-5dba-4d09-8ea6-0d11245a1600/br/pa/belem/zona-0097/33cd4b4339ebc8fc549656e78dfc815e.jpg", "https://vocefiscal-poll-tape-uploads.s3.amazonaws.com/us-east-1%3A5f310f69-5dba-4d09-8ea6-0d11245a1600/br/pa/belem/zona-0097/30c11dbaa5d5dd7c0bbbd525f1c75f40.jpg", "https://vocefiscal-poll-tape-uploads.s3.amazonaws.com/us-east-1%3A5f310f69-5dba-4d09-8ea6-0d11245a1600/br/pa/belem/zona-0097/cdb43d75f945228ce0bb6bec34f15bf4.jpg", "https://vocefiscal-poll-tape-uploads.s3.amazonaws.com/us-east-1%3A5f310f69-5dba-4d09-8ea6-0d11245a1600/br/pa/belem/zona-0097/5e72213427cfcb80722da5838b77d01e.jpg", "https://vocefiscal-poll-tape-uploads.s3.amazonaws.com/us-east-1%3A5f310f69-5dba-4d09-8ea6-0d11245a1600/br/pa/belem/zona-0097/2b2a4c14d07d431583f4d2f42899f495.jpg", "https://vocefiscal-poll-tape-uploads.s3.amazonaws.com/us-east-1%3A5f310f69-5dba-4d09-8ea6-0d11245a1600/br/pa/belem/zona-0097/8b93a797fd3ffbefdf5590939e70be62.jpg", "https://vocefiscal-poll-tape-uploads.s3.amazonaws.com/us-east-1%3A5f310f69-5dba-4d09-8ea6-0d11245a1600/br/pa/belem/zona-0097/8a19aa607224f51a5e211f77cdd080e0.jpg", "https://vocefiscal-poll-tape-uploads.s3.amazonaws.com/us-east-1%3A5f310f69-5dba-4d09-8ea6-0d11245a1600/br/pa/belem/zona-0097/d55ff6ee082423ec18749d553a9e4436.jpg", "https://vocefiscal-poll-tape-uploads.s3.amazonaws.com/us-east-1%3A5f310f69-5dba-4d09-8ea6-0d11245a1600/br/pa/belem/zona-0097/35f956634b6b51a2ce6f144360f0d244.jpg", "https://vocefiscal-poll-tape-uploads.s3.amazonaws.com/us-east-1%3A5f310f69-5dba-4d09-8ea6-0d11245a1600/br/pa/belem/zona-0097/fad415abad3c4c958e6977f9bb85dced.jpg", "https://vocefiscal-poll-tape-uploads.s3.amazonaws.com/us-east-1%3A5f310f69-5dba-4d09-8ea6-0d11245a1600/br/pa/belem/zona-0097/7305ccfbd8eb4f69ceacf43f3c83bbe9.jpg", "https://vocefiscal-poll-tape-uploads.s3.amazonaws.com/us-east-1%3A5f310f69-5dba-4d09-8ea6-0d11245a1600/br/pa/belem/zona-0097/bb2ee75561a6eba456c241e99dab7277.jpg", "https://vocefiscal-poll-tape-uploads.s3.amazonaws.com/us-east-1%3A5f310f69-5dba-4d09-8ea6-0d11245a1600/br/pa/belem/zona-0097/4d4d7efbb72d0fee93995cf52d3c1858.jpg", "https://vocefiscal-poll-tape-uploads.s3.amazonaws.com/us-east-1%3A5f310f69-5dba-4d09-8ea6-0d11245a1600/br/pa/belem/zona-0097/f25174d9e127f659f1ffa6cf7fa9ec37.jpg", "https://vocefiscal-poll-tape-uploads.s3.amazonaws.com/us-east-1%3A5f310f69-5dba-4d09-8ea6-0d11245a1600/br/pa/belem/zona-0097/b15ba79fc83a55d1b944903bdb31ca7c.jpg", "https://vocefiscal-poll-tape-uploads.s3.amazonaws.com/us-east-1%3A5f310f69-5dba-4d09-8ea6-0d11245a1600/br/pa/belem/zona-0097/69475888110d4adf74ac7d63ad6d39af.jpg", "https://vocefiscal-poll-tape-uploads.s3.amazonaws.com/us-east-1%3A5f310f69-5dba-4d09-8ea6-0d11245a1600/br/pa/belem/zona-0097/daf271f80d79dcbf70ac0507a6bd2d74.jpg", "https://vocefiscal-poll-tape-uploads.s3.amazonaws.com/us-east-1%3A5f310f69-5dba-4d09-8ea6-0d11245a1600/br/pa/belem/zona-0097/769d316fb3fdeb7d247f173e659440ca.jpg", "https://vocefiscal-poll-tape-uploads.s3.amazonaws.com/us-east-1%3A5f310f69-5dba-4d09-8ea6-0d11245a1600/br/pa/belem/zona-0097/db976395d694dab83bc7c17a0a769f7a.jpg", "https://vocefiscal-poll-tape-uploads.s3.amazonaws.com/us-east-1%3A5f310f69-5dba-4d09-8ea6-0d11245a1600/br/pa/belem/zona-0097/862d665adbfcd591ee77ca259f316e17.jpg", "https://vocefiscal-poll-tape-uploads.s3.amazonaws.com/us-east-1%3A5f310f69-5dba-4d09-8ea6-0d11245a1600/br/pa/belem/zona-0097/4e606fac74317a5812178e6a79d57b68.jpg", "https://vocefiscal-poll-tape-uploads.s3.amazonaws.com/us-east-1%3A5f310f69-5dba-4d09-8ea6-0d11245a1600/br/pa/belem/zona-0097/6724f9771772264b4d269db1049e94f9.jpg", "https://vocefiscal-poll-tape-uploads.s3.amazonaws.com/us-east-1%3A5f310f69-5dba-4d09-8ea6-0d11245a1600/br/pa/belem/zona-0097/edc50264806c8d3afc9924acf0f48206.jpg", "https://vocefiscal-poll-tape-uploads.s3.amazonaws.com/us-east-1%3A5f310f69-5dba-4d09-8ea6-0d11245a1600/br/pa/belem/zona-0097/9ee96b6b7665cd3691fc7e9520add6d5.jpg"]}