{"municipio": "BEL\u00c9M", "secaoEleitoral": "0272", "zonaEleitoral": "0097", "localDaVotacao": "1198", "estado": "PA", "data": 1412564380099, "pictureURLList": ["https://vocefiscal-poll-tape-uploads.s3.amazonaws.com/us-east-1%3A5f310f69-5dba-4d09-8ea6-0d11245a1600/br/pa/belem/zona-0097/e2f1c33e3666b5c8e43c8e90eda3cb6c.jpg", "https://vocefiscal-poll-tape-uploads.s3.amazonaws.com/us-east-1%3A5f310f69-5dba-4d09-8ea6-0d11245a1600/br/pa/belem/zona-0097/c2ebb8d3fd7aa2bc338a5e44d532101a.jpg", "https://vocefiscal-poll-tape-uploads.s3.amazonaws.com/us-east-1%3A5f310f69-5dba-4d09-8ea6-0d11245a1600/br/pa/belem/zona-0097/98299e433b7a0a332f7ae2e812a81012.jpg", "https://vocefiscal-poll-tape-uploads.s3.amazonaws.com/us-east-1%3A5f310f69-5dba-4d09-8ea6-0d11245a1600/br/pa/belem/zona-0097/3dda1b5436a2821e62c38c51934d43e8.jpg", "https://vocefiscal-poll-tape-uploads.s3.amazonaws.com/us-east-1%3A5f310f69-5dba-4d09-8ea6-0d11245a1600/br/pa/belem/zona-0097/aeab3f6991ab4e014848617f945ccdea.jpg", "https://vocefiscal-poll-tape-uploads.s3.amazonaws.com/us-east-1%3A5f310f69-5dba-4d09-8ea6-0d11245a1600/br/pa/belem/zona-0097/f91c99680d490fa686dc893bbd67e986.jpg", "https://vocefiscal-poll-tape-uploads.s3.amazonaws.com/us-east-1%3A5f310f69-5dba-4d09-8ea6-0d11245a1600/br/pa/belem/zona-0097/33be996e14c6f505a0b9eecb04d900d6.jpg", "https://vocefiscal-poll-tape-uploads.s3.amazonaws.com/us-east-1%3A5f310f69-5dba-4d09-8ea6-0d11245a1600/br/pa/belem/zona-0097/5a64ad9d5c016b486a1400e000b6ea7.jpg", "https://vocefiscal-poll-tape-uploads.s3.amazonaws.com/us-east-1%3A5f310f69-5dba-4d09-8ea6-0d11245a1600/br/pa/belem/zona-0097/e50461a85fdd9f3c66f9214b3c24e1f9.jpg", "https://vocefiscal-poll-tape-uploads.s3.amazonaws.com/us-east-1%3A5f310f69-5dba-4d09-8ea6-0d11245a1600/br/pa/belem/zona-0097/99329f5191b65cb265023203396a1c1b.jpg", "https://vocefiscal-poll-tape-uploads.s3.amazonaws.com/us-east-1%3A5f310f69-5dba-4d09-8ea6-0d11245a1600/br/pa/belem/zona-0097/f34f85099b4bed050fa9e9c865542df9.jpg", "https://vocefiscal-poll-tape-uploads.s3.amazonaws.com/us-east-1%3A5f310f69-5dba-4d09-8ea6-0d11245a1600/br/pa/belem/zona-0097/1eba778f0b7f205b05ad2b0762188f6a.jpg", "https://vocefiscal-poll-tape-uploads.s3.amazonaws.com/us-east-1%3A5f310f69-5dba-4d09-8ea6-0d11245a1600/br/pa/belem/zona-0097/4c7691b7d728cc72b266d7fd968325d7.jpg", "https://vocefiscal-poll-tape-uploads.s3.amazonaws.com/us-east-1%3A5f310f69-5dba-4d09-8ea6-0d11245a1600/br/pa/belem/zona-0097/e9531b9fd2cf691d63b44420c2d8d795.jpg", "https://vocefiscal-poll-tape-uploads.s3.amazonaws.com/us-east-1%3A5f310f69-5dba-4d09-8ea6-0d11245a1600/br/pa/belem/zona-0097/49cb92430aeef71642df2ef8f91ff645.jpg", "https://vocefiscal-poll-tape-uploads.s3.amazonaws.com/us-east-1%3A5f310f69-5dba-4d09-8ea6-0d11245a1600/br/pa/belem/zona-0097/c6dfda688a01092782b26665ef8f5682.jpg", "https://vocefiscal-poll-tape-uploads.s3.amazonaws.com/us-east-1%3A5f310f69-5dba-4d09-8ea6-0d11245a1600/br/pa/belem/zona-0097/10b4f68c6db1a6aaa3b6a3bf46f55c41.jpg", "https://vocefiscal-poll-tape-uploads.s3.amazonaws.com/us-east-1%3A5f310f69-5dba-4d09-8ea6-0d11245a1600/br/pa/belem/zona-0097/9eb614dfd66d363488ce76f6c24f8c32.jpg"]}