{"municipio": "BEL\u00c9M", "secaoEleitoral": "0015", "zonaEleitoral": "0073", "localDaVotacao": "1317", "estado": "PA", "data": 1412543209360, "pictureURLList": ["https://vocefiscal-poll-tape-uploads.s3.amazonaws.com/us-east-1%3Ab7a9dff1-7879-48e5-a084-371027c6498a/br/pa/belem/zona-0073/d37b559e8d8c69eba4c63898f19ffb7f.jpg", "https://vocefiscal-poll-tape-uploads.s3.amazonaws.com/us-east-1%3Ab7a9dff1-7879-48e5-a084-371027c6498a/br/pa/belem/zona-0073/17e8be4c04d61c22dc71f8e1d3b67afe.jpg", "https://vocefiscal-poll-tape-uploads.s3.amazonaws.com/us-east-1%3Ab7a9dff1-7879-48e5-a084-371027c6498a/br/pa/belem/zona-0073/70000ec873af0edd1497929327ff46ba.jpg", "https://vocefiscal-poll-tape-uploads.s3.amazonaws.com/us-east-1%3Ab7a9dff1-7879-48e5-a084-371027c6498a/br/pa/belem/zona-0073/c1bf7d29c0e1fc16a2adb9c2c965a03c.jpg", "https://vocefiscal-poll-tape-uploads.s3.amazonaws.com/us-east-1%3Ab7a9dff1-7879-48e5-a084-371027c6498a/br/pa/belem/zona-0073/d15fd99410e6cd72cc6208dab282618a.jpg", "https://vocefiscal-poll-tape-uploads.s3.amazonaws.com/us-east-1%3Ab7a9dff1-7879-48e5-a084-371027c6498a/br/pa/belem/zona-0073/2d129386460411675caf2e7a92b50976.jpg", "https://vocefiscal-poll-tape-uploads.s3.amazonaws.com/us-east-1%3Ab7a9dff1-7879-48e5-a084-371027c6498a/br/pa/belem/zona-0073/91a9aebd567131c70227ab121d5e9d78.jpg", "https://vocefiscal-poll-tape-uploads.s3.amazonaws.com/us-east-1%3Ab7a9dff1-7879-48e5-a084-371027c6498a/br/pa/belem/zona-0073/a1794e9ec0193df366e1c6a93d8fec43.jpg", "https://vocefiscal-poll-tape-uploads.s3.amazonaws.com/us-east-1%3Ab7a9dff1-7879-48e5-a084-371027c6498a/br/pa/belem/zona-0073/fb427d49d937895ea5f807884da3a37f.jpg", "https://vocefiscal-poll-tape-uploads.s3.amazonaws.com/us-east-1%3Ab7a9dff1-7879-48e5-a084-371027c6498a/br/pa/belem/zona-0073/895da80acb8fd21c57af6f10e5bf2c6b.jpg", "https://vocefiscal-poll-tape-uploads.s3.amazonaws.com/us-east-1%3Ab7a9dff1-7879-48e5-a084-371027c6498a/br/pa/belem/zona-0073/f40aed0fc07b190191a5ab80626aad52.jpg", "https://vocefiscal-poll-tape-uploads.s3.amazonaws.com/us-east-1%3Ab7a9dff1-7879-48e5-a084-371027c6498a/br/pa/belem/zona-0073/18cddad131417c35914fa8cf24009b93.jpg", "https://vocefiscal-poll-tape-uploads.s3.amazonaws.com/us-east-1%3Ab7a9dff1-7879-48e5-a084-371027c6498a/br/pa/belem/zona-0073/49556ad514fbe2b86395ee3bbd542442.jpg", "https://vocefiscal-poll-tape-uploads.s3.amazonaws.com/us-east-1%3Ab7a9dff1-7879-48e5-a084-371027c6498a/br/pa/belem/zona-0073/875ed93a5061c97498f6ac22c0d470c5.jpg", "https://vocefiscal-poll-tape-uploads.s3.amazonaws.com/us-east-1%3Ab7a9dff1-7879-48e5-a084-371027c6498a/br/pa/belem/zona-0073/8eb0f76ebde716cb2b947e30fe1802f6.jpg", "https://vocefiscal-poll-tape-uploads.s3.amazonaws.com/us-east-1%3Ab7a9dff1-7879-48e5-a084-371027c6498a/br/pa/belem/zona-0073/cbbd93ab5d62024d6ecbfb54fba9c9fb.jpg", "https://vocefiscal-poll-tape-uploads.s3.amazonaws.com/us-east-1%3Ab7a9dff1-7879-48e5-a084-371027c6498a/br/pa/belem/zona-0073/f7e1591ac0e7000dc37ff736e6f0eb8d.jpg", "https://vocefiscal-poll-tape-uploads.s3.amazonaws.com/us-east-1%3Ab7a9dff1-7879-48e5-a084-371027c6498a/br/pa/belem/zona-0073/c42e384a905a0982c8f490dd26df262f.jpg", "https://vocefiscal-poll-tape-uploads.s3.amazonaws.com/us-east-1%3Ab7a9dff1-7879-48e5-a084-371027c6498a/br/pa/belem/zona-0073/c4bc67e2c8d79d24501ed4f27acd93f5.jpg", "https://vocefiscal-poll-tape-uploads.s3.amazonaws.com/us-east-1%3Ab7a9dff1-7879-48e5-a084-371027c6498a/br/pa/belem/zona-0073/2900aaa948a7270459aaccb7dd9ff412.jpg", "https://vocefiscal-poll-tape-uploads.s3.amazonaws.com/us-east-1%3Ab7a9dff1-7879-48e5-a084-371027c6498a/br/pa/belem/zona-0073/35eebe146b9a831a604d44f475488ab1.jpg", "https://vocefiscal-poll-tape-uploads.s3.amazonaws.com/us-east-1%3Ab7a9dff1-7879-48e5-a084-371027c6498a/br/pa/belem/zona-0073/c2252308b059b1beeb7e4a6a977f10e5.jpg", "https://vocefiscal-poll-tape-uploads.s3.amazonaws.com/us-east-1%3Ab7a9dff1-7879-48e5-a084-371027c6498a/br/pa/belem/zona-0073/419685d0bfcff3b93746f3bd85d74916.jpg", "https://vocefiscal-poll-tape-uploads.s3.amazonaws.com/us-east-1%3Ab7a9dff1-7879-48e5-a084-371027c6498a/br/pa/belem/zona-0073/77645e70fe8c6e063816604a78979ef9.jpg", "https://vocefiscal-poll-tape-uploads.s3.amazonaws.com/us-east-1%3Ab7a9dff1-7879-48e5-a084-371027c6498a/br/pa/belem/zona-0073/510d60cb02622921f7d7bf1faa8c364a.jpg", "https://vocefiscal-poll-tape-uploads.s3.amazonaws.com/us-east-1%3Ab7a9dff1-7879-48e5-a084-371027c6498a/br/pa/belem/zona-0073/70e2e874bdc1de8d64d417f98314131f.jpg", "https://vocefiscal-poll-tape-uploads.s3.amazonaws.com/us-east-1%3Ab7a9dff1-7879-48e5-a084-371027c6498a/br/pa/belem/zona-0073/84bbe09690a8307eed7d2b529e97c51d.jpg", "https://vocefiscal-poll-tape-uploads.s3.amazonaws.com/us-east-1%3Ab7a9dff1-7879-48e5-a084-371027c6498a/br/pa/belem/zona-0073/9fb340af62f199485b548c795e863ebb.jpg", "https://vocefiscal-poll-tape-uploads.s3.amazonaws.com/us-east-1%3Ab7a9dff1-7879-48e5-a084-371027c6498a/br/pa/belem/zona-0073/4fb80e209377fa8750763df296d62c20.jpg", "https://vocefiscal-poll-tape-uploads.s3.amazonaws.com/us-east-1%3Ab7a9dff1-7879-48e5-a084-371027c6498a/br/pa/belem/zona-0073/477cd74491f00e34ef89b0a4dbe15eb9.jpg", "https://vocefiscal-poll-tape-uploads.s3.amazonaws.com/us-east-1%3Ab7a9dff1-7879-48e5-a084-371027c6498a/br/pa/belem/zona-0073/ab3a3fb3d51b1b79c30e703abf962d2e.jpg", "https://vocefiscal-poll-tape-uploads.s3.amazonaws.com/us-east-1%3Ab7a9dff1-7879-48e5-a084-371027c6498a/br/pa/belem/zona-0073/5776a24493fe0e75b53cab3cf26a4089.jpg", "https://vocefiscal-poll-tape-uploads.s3.amazonaws.com/us-east-1%3Ab7a9dff1-7879-48e5-a084-371027c6498a/br/pa/belem/zona-0073/39da64fc83c8f12af7abdceca3598f64.jpg", "https://vocefiscal-poll-tape-uploads.s3.amazonaws.com/us-east-1%3Ab7a9dff1-7879-48e5-a084-371027c6498a/br/pa/belem/zona-0073/f55b257df0adc4fcaef8773b296cef87.jpg"]}