{"municipio": "MARAB\u00c1", "secaoEleitoral": "0779", "zonaEleitoral": "0023", "localDaVotacao": "1520", "estado": "PA", "data": 1412542255488, "pictureURLList": ["https://vocefiscal-poll-tape-uploads.s3.amazonaws.com/us-east-1%3Ae05fad09-b221-436f-8a6e-6e19778d9632/br/pa/maraba/zona-0023/1bde904b3ea9f1f4a612c7c7c352e6af.jpg", "https://vocefiscal-poll-tape-uploads.s3.amazonaws.com/us-east-1%3Ae05fad09-b221-436f-8a6e-6e19778d9632/br/pa/maraba/zona-0023/347d0901f5805ec72d98253bb14045a.jpg", "https://vocefiscal-poll-tape-uploads.s3.amazonaws.com/us-east-1%3Ae05fad09-b221-436f-8a6e-6e19778d9632/br/pa/maraba/zona-0023/72bde7c25f74ac00e5b68ec290c90c22.jpg", "https://vocefiscal-poll-tape-uploads.s3.amazonaws.com/us-east-1%3Ae05fad09-b221-436f-8a6e-6e19778d9632/br/pa/maraba/zona-0023/9457cfefef05bf357ac3dc5df600cffe.jpg", "https://vocefiscal-poll-tape-uploads.s3.amazonaws.com/us-east-1%3Ae05fad09-b221-436f-8a6e-6e19778d9632/br/pa/maraba/zona-0023/9fd7b4573ff8264fc86761c3f895a9be.jpg", "https://vocefiscal-poll-tape-uploads.s3.amazonaws.com/us-east-1%3Ae05fad09-b221-436f-8a6e-6e19778d9632/br/pa/maraba/zona-0023/7e112d456c315a821b73595e739646fc.jpg", "https://vocefiscal-poll-tape-uploads.s3.amazonaws.com/us-east-1%3Ae05fad09-b221-436f-8a6e-6e19778d9632/br/pa/maraba/zona-0023/66c3b3b3533797989526e2a17d8b3edf.jpg", "https://vocefiscal-poll-tape-uploads.s3.amazonaws.com/us-east-1%3Ae05fad09-b221-436f-8a6e-6e19778d9632/br/pa/maraba/zona-0023/9455224392efcb05a29300a2d76335ad.jpg", "https://vocefiscal-poll-tape-uploads.s3.amazonaws.com/us-east-1%3Ae05fad09-b221-436f-8a6e-6e19778d9632/br/pa/maraba/zona-0023/97573d1ebc986299eba2808d1952ec3b.jpg", "https://vocefiscal-poll-tape-uploads.s3.amazonaws.com/us-east-1%3Ae05fad09-b221-436f-8a6e-6e19778d9632/br/pa/maraba/zona-0023/175fa424d46bb706a863f83932be692a.jpg", "https://vocefiscal-poll-tape-uploads.s3.amazonaws.com/us-east-1%3Ae05fad09-b221-436f-8a6e-6e19778d9632/br/pa/maraba/zona-0023/c2e87d49051d7acfb9c7d425ee8686a.jpg", "https://vocefiscal-poll-tape-uploads.s3.amazonaws.com/us-east-1%3Ae05fad09-b221-436f-8a6e-6e19778d9632/br/pa/maraba/zona-0023/d97b39d45ed310476e5f6a45469b1212.jpg", "https://vocefiscal-poll-tape-uploads.s3.amazonaws.com/us-east-1%3Ae05fad09-b221-436f-8a6e-6e19778d9632/br/pa/maraba/zona-0023/4d759ab902154a325ea43ba79d99094c.jpg", "https://vocefiscal-poll-tape-uploads.s3.amazonaws.com/us-east-1%3Ae05fad09-b221-436f-8a6e-6e19778d9632/br/pa/maraba/zona-0023/81192c73e1cf653862029513da3ec4e6.jpg", "https://vocefiscal-poll-tape-uploads.s3.amazonaws.com/us-east-1%3Ae05fad09-b221-436f-8a6e-6e19778d9632/br/pa/maraba/zona-0023/baa1c4a14d1e1355573337f64b667362.jpg", "https://vocefiscal-poll-tape-uploads.s3.amazonaws.com/us-east-1%3Ae05fad09-b221-436f-8a6e-6e19778d9632/br/pa/maraba/zona-0023/7fe58b4d6198d401d30aa7db2b4dca20.jpg", "https://vocefiscal-poll-tape-uploads.s3.amazonaws.com/us-east-1%3Ae05fad09-b221-436f-8a6e-6e19778d9632/br/pa/maraba/zona-0023/1e0efe1174ae22d593eb5bcbe14233f5.jpg", "https://vocefiscal-poll-tape-uploads.s3.amazonaws.com/us-east-1%3Ae05fad09-b221-436f-8a6e-6e19778d9632/br/pa/maraba/zona-0023/25a8a575c266783eed7faf75057893e7.jpg", "https://vocefiscal-poll-tape-uploads.s3.amazonaws.com/us-east-1%3Ae05fad09-b221-436f-8a6e-6e19778d9632/br/pa/maraba/zona-0023/db8e2c8ecfd82e2319d0d5c0115a3239.jpg", "https://vocefiscal-poll-tape-uploads.s3.amazonaws.com/us-east-1%3Ae05fad09-b221-436f-8a6e-6e19778d9632/br/pa/maraba/zona-0023/d2ed20c71adf5de8594811b250e5bce5.jpg"]}