{"municipio": "BEL\u00c9M", "secaoEleitoral": "0013", "zonaEleitoral": "0028", "estado": "PA", "data": 1412542336783, "pictureURLList": ["https://vocefiscal-poll-tape-uploads.s3.amazonaws.com/us-east-1%3A65cf7772-0726-4d69-8acf-da0285c97f9c/br/pa/belem/zona-0028/fa13dd60c340dfe6e4daea91752eeaec.jpg", "https://vocefiscal-poll-tape-uploads.s3.amazonaws.com/us-east-1%3A65cf7772-0726-4d69-8acf-da0285c97f9c/br/pa/belem/zona-0028/ffc590f6787dacad5b97efb2a51b5bc9.jpg", "https://vocefiscal-poll-tape-uploads.s3.amazonaws.com/us-east-1%3A65cf7772-0726-4d69-8acf-da0285c97f9c/br/pa/belem/zona-0028/fd849b3f933282bb44fb353532188496.jpg", "https://vocefiscal-poll-tape-uploads.s3.amazonaws.com/us-east-1%3A65cf7772-0726-4d69-8acf-da0285c97f9c/br/pa/belem/zona-0028/c5e654e2b8dfbecae140d20051f4ec28.jpg", "https://vocefiscal-poll-tape-uploads.s3.amazonaws.com/us-east-1%3A65cf7772-0726-4d69-8acf-da0285c97f9c/br/pa/belem/zona-0028/1fbeca7917fd86c889642a1cbbf63a49.jpg", "https://vocefiscal-poll-tape-uploads.s3.amazonaws.com/us-east-1%3A65cf7772-0726-4d69-8acf-da0285c97f9c/br/pa/belem/zona-0028/72f2579e9921a1fda6c4c99285417df8.jpg", "https://vocefiscal-poll-tape-uploads.s3.amazonaws.com/us-east-1%3A65cf7772-0726-4d69-8acf-da0285c97f9c/br/pa/belem/zona-0028/59b5562eb508b4c8544f5d7311255150.jpg", "https://vocefiscal-poll-tape-uploads.s3.amazonaws.com/us-east-1%3A65cf7772-0726-4d69-8acf-da0285c97f9c/br/pa/belem/zona-0028/782849abb56afd301bc4a2015fc64533.jpg", "https://vocefiscal-poll-tape-uploads.s3.amazonaws.com/us-east-1%3A65cf7772-0726-4d69-8acf-da0285c97f9c/br/pa/belem/zona-0028/3f5c322bf4e4ce6c76491c04351d0c9e.jpg", "https://vocefiscal-poll-tape-uploads.s3.amazonaws.com/us-east-1%3A65cf7772-0726-4d69-8acf-da0285c97f9c/br/pa/belem/zona-0028/fa1270bc4604730d22b23e77a03172a7.jpg", "https://vocefiscal-poll-tape-uploads.s3.amazonaws.com/us-east-1%3A65cf7772-0726-4d69-8acf-da0285c97f9c/br/pa/belem/zona-0028/4b740252e2941046464c8f6ef289e349.jpg", "https://vocefiscal-poll-tape-uploads.s3.amazonaws.com/us-east-1%3A65cf7772-0726-4d69-8acf-da0285c97f9c/br/pa/belem/zona-0028/b97c4a06b34d75612f3d4439e906e4c8.jpg", "https://vocefiscal-poll-tape-uploads.s3.amazonaws.com/us-east-1%3A65cf7772-0726-4d69-8acf-da0285c97f9c/br/pa/belem/zona-0028/c2ea871932de85ed25c2079ff689523b.jpg", "https://vocefiscal-poll-tape-uploads.s3.amazonaws.com/us-east-1%3A65cf7772-0726-4d69-8acf-da0285c97f9c/br/pa/belem/zona-0028/a2bde2b1418ac97b4861f80ba527b0d3.jpg", "https://vocefiscal-poll-tape-uploads.s3.amazonaws.com/us-east-1%3A65cf7772-0726-4d69-8acf-da0285c97f9c/br/pa/belem/zona-0028/e76903a04645717207fcae40001e5819.jpg", "https://vocefiscal-poll-tape-uploads.s3.amazonaws.com/us-east-1%3A65cf7772-0726-4d69-8acf-da0285c97f9c/br/pa/belem/zona-0028/939a4e3f31ad4e6ffa1161699915c0f4.jpg", "https://vocefiscal-poll-tape-uploads.s3.amazonaws.com/us-east-1%3A65cf7772-0726-4d69-8acf-da0285c97f9c/br/pa/belem/zona-0028/f91abf725a312c744fe5a4ac0c03bff6.jpg", "https://vocefiscal-poll-tape-uploads.s3.amazonaws.com/us-east-1%3A65cf7772-0726-4d69-8acf-da0285c97f9c/br/pa/belem/zona-0028/eccfc5b944e9b0526f0f8c69422a1e4a.jpg", "https://vocefiscal-poll-tape-uploads.s3.amazonaws.com/us-east-1%3A65cf7772-0726-4d69-8acf-da0285c97f9c/br/pa/belem/zona-0028/5a2665d7487a901ed65b77ee18ac1a0b.jpg", "https://vocefiscal-poll-tape-uploads.s3.amazonaws.com/us-east-1%3A65cf7772-0726-4d69-8acf-da0285c97f9c/br/pa/belem/zona-0028/5130ec4657c0528bc8d53051bade9060.jpg", "https://vocefiscal-poll-tape-uploads.s3.amazonaws.com/us-east-1%3A65cf7772-0726-4d69-8acf-da0285c97f9c/br/pa/belem/zona-0028/d4aa4917bc97f64dc4b9c08826833807.jpg", "https://vocefiscal-poll-tape-uploads.s3.amazonaws.com/us-east-1%3A65cf7772-0726-4d69-8acf-da0285c97f9c/br/pa/belem/zona-0028/a59e55872e1d656caef32990e17ce301.jpg", "https://vocefiscal-poll-tape-uploads.s3.amazonaws.com/us-east-1%3A65cf7772-0726-4d69-8acf-da0285c97f9c/br/pa/belem/zona-0028/ad78bf2d24b361b951c0049118d19555.jpg", "https://vocefiscal-poll-tape-uploads.s3.amazonaws.com/us-east-1%3A65cf7772-0726-4d69-8acf-da0285c97f9c/br/pa/belem/zona-0028/6c31facaadc1deed8a898eda863dec92.jpg", "https://vocefiscal-poll-tape-uploads.s3.amazonaws.com/us-east-1%3A65cf7772-0726-4d69-8acf-da0285c97f9c/br/pa/belem/zona-0028/139f139994fcd9665a2d9e21d66ad967.jpg", "https://vocefiscal-poll-tape-uploads.s3.amazonaws.com/us-east-1%3A65cf7772-0726-4d69-8acf-da0285c97f9c/br/pa/belem/zona-0028/80b9d26ee6ee6aba21c547b1a563948.jpg", "https://vocefiscal-poll-tape-uploads.s3.amazonaws.com/us-east-1%3A65cf7772-0726-4d69-8acf-da0285c97f9c/br/pa/belem/zona-0028/ab4c074b8ed18549ca9a98cf186e39a6.jpg", "https://vocefiscal-poll-tape-uploads.s3.amazonaws.com/us-east-1%3A65cf7772-0726-4d69-8acf-da0285c97f9c/br/pa/belem/zona-0028/444a53806f0b92713cdf21b4fb3f4254.jpg", "https://vocefiscal-poll-tape-uploads.s3.amazonaws.com/us-east-1%3A65cf7772-0726-4d69-8acf-da0285c97f9c/br/pa/belem/zona-0028/3a0d87da47d522e97e723928f31f4f4f.jpg", "https://vocefiscal-poll-tape-uploads.s3.amazonaws.com/us-east-1%3A65cf7772-0726-4d69-8acf-da0285c97f9c/br/pa/belem/zona-0028/c63db88aa9f38641cccc6495dd577c8b.jpg", "https://vocefiscal-poll-tape-uploads.s3.amazonaws.com/us-east-1%3A65cf7772-0726-4d69-8acf-da0285c97f9c/br/pa/belem/zona-0028/73656ebcfaade4386a20418b10008b8d.jpg", "https://vocefiscal-poll-tape-uploads.s3.amazonaws.com/us-east-1%3A65cf7772-0726-4d69-8acf-da0285c97f9c/br/pa/belem/zona-0028/20af68d8d417df5321da5e715ed561a.jpg", "https://vocefiscal-poll-tape-uploads.s3.amazonaws.com/us-east-1%3A65cf7772-0726-4d69-8acf-da0285c97f9c/br/pa/belem/zona-0028/245577fb95aa984a94a01d42d28d9175.jpg", "https://vocefiscal-poll-tape-uploads.s3.amazonaws.com/us-east-1%3A65cf7772-0726-4d69-8acf-da0285c97f9c/br/pa/belem/zona-0028/80a2de1057e98dfd6bda2e188195d3ef.jpg", "https://vocefiscal-poll-tape-uploads.s3.amazonaws.com/us-east-1%3A65cf7772-0726-4d69-8acf-da0285c97f9c/br/pa/belem/zona-0028/8a7b22d101f5a00c78a52538d182f475.jpg", "https://vocefiscal-poll-tape-uploads.s3.amazonaws.com/us-east-1%3A65cf7772-0726-4d69-8acf-da0285c97f9c/br/pa/belem/zona-0028/8f75b50a8a12c97be42ff624f802186f.jpg", "https://vocefiscal-poll-tape-uploads.s3.amazonaws.com/us-east-1%3A65cf7772-0726-4d69-8acf-da0285c97f9c/br/pa/belem/zona-0028/51d8d2a403d84249aea14bdab33d1b76.jpg", "https://vocefiscal-poll-tape-uploads.s3.amazonaws.com/us-east-1%3A65cf7772-0726-4d69-8acf-da0285c97f9c/br/pa/belem/zona-0028/d4416d71be5147382f22ece2d8174e71.jpg", "https://vocefiscal-poll-tape-uploads.s3.amazonaws.com/us-east-1%3A65cf7772-0726-4d69-8acf-da0285c97f9c/br/pa/belem/zona-0028/b468635682b590638a95310fafff2783.jpg", "https://vocefiscal-poll-tape-uploads.s3.amazonaws.com/us-east-1%3A65cf7772-0726-4d69-8acf-da0285c97f9c/br/pa/belem/zona-0028/d87381f38002f53336f6218a85143ccb.jpg", "https://vocefiscal-poll-tape-uploads.s3.amazonaws.com/us-east-1%3A65cf7772-0726-4d69-8acf-da0285c97f9c/br/pa/belem/zona-0028/f2dcadc4c94b4508714e4fc0eec38fda.jpg"]}