{"municipio": "PARAUAPEBAS", "secaoEleitoral": "0054", "zonaEleitoral": "0075", "localDaVotacao": "1040", "estado": "PA", "data": 1412541246671, "pictureURLList": ["https://vocefiscal-poll-tape-uploads.s3.amazonaws.com/us-east-1%3Ad15812b7-3bc5-44d1-baca-60f6241c641c/br/pa/parauapebas/zona-0075/52c746f88690d7735f789138dd2721a3.jpg", "https://vocefiscal-poll-tape-uploads.s3.amazonaws.com/us-east-1%3Ad15812b7-3bc5-44d1-baca-60f6241c641c/br/pa/parauapebas/zona-0075/36b30c4d0ef8d23839f4c40c70b82f24.jpg", "https://vocefiscal-poll-tape-uploads.s3.amazonaws.com/us-east-1%3Ad15812b7-3bc5-44d1-baca-60f6241c641c/br/pa/parauapebas/zona-0075/9a3ce29c15c98af86b67e5f0b2233a37.jpg", "https://vocefiscal-poll-tape-uploads.s3.amazonaws.com/us-east-1%3Ad15812b7-3bc5-44d1-baca-60f6241c641c/br/pa/parauapebas/zona-0075/70cbd88a5b3d4b0357730f6bd9b51f2d.jpg", "https://vocefiscal-poll-tape-uploads.s3.amazonaws.com/us-east-1%3Ad15812b7-3bc5-44d1-baca-60f6241c641c/br/pa/parauapebas/zona-0075/4eaa3b89ef6ac19a0cfcb4fa44ed464b.jpg"]}