{"municipio": "ANANINDEUA", "secaoEleitoral": "0278", "zonaEleitoral": "0072", "estado": "PA", "data": 1412542448495, "pictureURLList": ["https://vocefiscal-poll-tape-uploads.s3.amazonaws.com/us-east-1%3A19f0ae70-dbf7-4b91-905a-74dde5073a3e/br/pa/ananindeua/zona-0072/538b992e2edec3fdfe5e4bf245f828bd.jpg", "https://vocefiscal-poll-tape-uploads.s3.amazonaws.com/us-east-1%3A19f0ae70-dbf7-4b91-905a-74dde5073a3e/br/pa/ananindeua/zona-0072/4b19662d169d9f709f462c31389e1e91.jpg", "https://vocefiscal-poll-tape-uploads.s3.amazonaws.com/us-east-1%3A19f0ae70-dbf7-4b91-905a-74dde5073a3e/br/pa/ananindeua/zona-0072/47dede8c150430f4e151d8ad121f1caf.jpg", "https://vocefiscal-poll-tape-uploads.s3.amazonaws.com/us-east-1%3A19f0ae70-dbf7-4b91-905a-74dde5073a3e/br/pa/ananindeua/zona-0072/7817853b00c334de0ac10b94c8a54054.jpg", "https://vocefiscal-poll-tape-uploads.s3.amazonaws.com/us-east-1%3A19f0ae70-dbf7-4b91-905a-74dde5073a3e/br/pa/ananindeua/zona-0072/ae6629d047e14d3f438622b2c4c860bf.jpg", "https://vocefiscal-poll-tape-uploads.s3.amazonaws.com/us-east-1%3A19f0ae70-dbf7-4b91-905a-74dde5073a3e/br/pa/ananindeua/zona-0072/97368e6f1b6fa8a3d75d0106e902d228.jpg", "https://vocefiscal-poll-tape-uploads.s3.amazonaws.com/us-east-1%3A19f0ae70-dbf7-4b91-905a-74dde5073a3e/br/pa/ananindeua/zona-0072/b1a2c75a5be94295f6c0c78aede625ef.jpg", "https://vocefiscal-poll-tape-uploads.s3.amazonaws.com/us-east-1%3A19f0ae70-dbf7-4b91-905a-74dde5073a3e/br/pa/ananindeua/zona-0072/cd6df27dccaec548e6d8e2daa963f823.jpg", "https://vocefiscal-poll-tape-uploads.s3.amazonaws.com/us-east-1%3A19f0ae70-dbf7-4b91-905a-74dde5073a3e/br/pa/ananindeua/zona-0072/a4cf4f9149e45ae123ab343a6eac9c53.jpg", "https://vocefiscal-poll-tape-uploads.s3.amazonaws.com/us-east-1%3A19f0ae70-dbf7-4b91-905a-74dde5073a3e/br/pa/ananindeua/zona-0072/644e561ef713719c9a435a41aaf5c9f9.jpg", "https://vocefiscal-poll-tape-uploads.s3.amazonaws.com/us-east-1%3A19f0ae70-dbf7-4b91-905a-74dde5073a3e/br/pa/ananindeua/zona-0072/cbd865ec154699bdc4f7cd629d80ac80.jpg", "https://vocefiscal-poll-tape-uploads.s3.amazonaws.com/us-east-1%3A19f0ae70-dbf7-4b91-905a-74dde5073a3e/br/pa/ananindeua/zona-0072/777773101187554da5db470f30243e89.jpg", "https://vocefiscal-poll-tape-uploads.s3.amazonaws.com/us-east-1%3A19f0ae70-dbf7-4b91-905a-74dde5073a3e/br/pa/ananindeua/zona-0072/8f37fd414610642740b0d8779d2d1808.jpg", "https://vocefiscal-poll-tape-uploads.s3.amazonaws.com/us-east-1%3A19f0ae70-dbf7-4b91-905a-74dde5073a3e/br/pa/ananindeua/zona-0072/eaef024c1f6388e2434880cd14422d79.jpg", "https://vocefiscal-poll-tape-uploads.s3.amazonaws.com/us-east-1%3A19f0ae70-dbf7-4b91-905a-74dde5073a3e/br/pa/ananindeua/zona-0072/91d21e984999d8d681a006f56b8e8fea.jpg", "https://vocefiscal-poll-tape-uploads.s3.amazonaws.com/us-east-1%3A19f0ae70-dbf7-4b91-905a-74dde5073a3e/br/pa/ananindeua/zona-0072/4b2f9b472b7fa01a54f548d564c2285f.jpg", "https://vocefiscal-poll-tape-uploads.s3.amazonaws.com/us-east-1%3A19f0ae70-dbf7-4b91-905a-74dde5073a3e/br/pa/ananindeua/zona-0072/16d9fa71a5445c76a1a4b7dc24b50f7.jpg", "https://vocefiscal-poll-tape-uploads.s3.amazonaws.com/us-east-1%3A19f0ae70-dbf7-4b91-905a-74dde5073a3e/br/pa/ananindeua/zona-0072/2484489df0d2921a6d0d8132edc3509c.jpg"]}