{"municipio": "BEL\u00c9M", "secaoEleitoral": "0092", "zonaEleitoral": "0097", "localDaVotacao": "1201", "estado": "PA", "data": 1412543577765, "pictureURLList": ["https://vocefiscal-poll-tape-uploads.s3.amazonaws.com/us-east-1%3A927f382e-9bd7-46fa-89e1-2ecd3a6192ce/br/pa/belem/zona-0097/82a7b17c676b3eb8ef00bf6cae5a7eaa.jpg", "https://vocefiscal-poll-tape-uploads.s3.amazonaws.com/us-east-1%3A927f382e-9bd7-46fa-89e1-2ecd3a6192ce/br/pa/belem/zona-0097/28590c8c97f29608b24173961a76030e.jpg", "https://vocefiscal-poll-tape-uploads.s3.amazonaws.com/us-east-1%3A927f382e-9bd7-46fa-89e1-2ecd3a6192ce/br/pa/belem/zona-0097/1b490d7e4778cc6c661263abb69aa3a4.jpg", "https://vocefiscal-poll-tape-uploads.s3.amazonaws.com/us-east-1%3A927f382e-9bd7-46fa-89e1-2ecd3a6192ce/br/pa/belem/zona-0097/24ff9902a1349fc7d74417a84a22cac4.jpg", "https://vocefiscal-poll-tape-uploads.s3.amazonaws.com/us-east-1%3A927f382e-9bd7-46fa-89e1-2ecd3a6192ce/br/pa/belem/zona-0097/c71296b2a9be2c6b86e8ed0e4958f601.jpg", "https://vocefiscal-poll-tape-uploads.s3.amazonaws.com/us-east-1%3A927f382e-9bd7-46fa-89e1-2ecd3a6192ce/br/pa/belem/zona-0097/6b701c4e05feaabe066b8b9ffee329b0.jpg", "https://vocefiscal-poll-tape-uploads.s3.amazonaws.com/us-east-1%3A927f382e-9bd7-46fa-89e1-2ecd3a6192ce/br/pa/belem/zona-0097/e579100389b5dd37264f40578b96ccf.jpg", "https://vocefiscal-poll-tape-uploads.s3.amazonaws.com/us-east-1%3A927f382e-9bd7-46fa-89e1-2ecd3a6192ce/br/pa/belem/zona-0097/2557dcc0267c6feead75a574b72132ae.jpg", "https://vocefiscal-poll-tape-uploads.s3.amazonaws.com/us-east-1%3A927f382e-9bd7-46fa-89e1-2ecd3a6192ce/br/pa/belem/zona-0097/f2d7b77cb2cc27c912d73f56c031acb3.jpg", "https://vocefiscal-poll-tape-uploads.s3.amazonaws.com/us-east-1%3A927f382e-9bd7-46fa-89e1-2ecd3a6192ce/br/pa/belem/zona-0097/6fb38cd6d69967c2f34662feb14cb35d.jpg", "https://vocefiscal-poll-tape-uploads.s3.amazonaws.com/us-east-1%3A927f382e-9bd7-46fa-89e1-2ecd3a6192ce/br/pa/belem/zona-0097/164707ce55b67b8f1e976afe227e9689.jpg", "https://vocefiscal-poll-tape-uploads.s3.amazonaws.com/us-east-1%3A927f382e-9bd7-46fa-89e1-2ecd3a6192ce/br/pa/belem/zona-0097/a2439564ed4917fe339cb13b8efec1db.jpg", "https://vocefiscal-poll-tape-uploads.s3.amazonaws.com/us-east-1%3A927f382e-9bd7-46fa-89e1-2ecd3a6192ce/br/pa/belem/zona-0097/7414c5d7cbd7978d502b1c6d1f7e70f5.jpg", "https://vocefiscal-poll-tape-uploads.s3.amazonaws.com/us-east-1%3A927f382e-9bd7-46fa-89e1-2ecd3a6192ce/br/pa/belem/zona-0097/cd643827e02de6e77a7ce85d51656b94.jpg", "https://vocefiscal-poll-tape-uploads.s3.amazonaws.com/us-east-1%3A927f382e-9bd7-46fa-89e1-2ecd3a6192ce/br/pa/belem/zona-0097/4383d445d286c88414d32cd6dead210b.jpg", "https://vocefiscal-poll-tape-uploads.s3.amazonaws.com/us-east-1%3A927f382e-9bd7-46fa-89e1-2ecd3a6192ce/br/pa/belem/zona-0097/f9c17fed82ac5b75338cd6bfa87feb43.jpg", "https://vocefiscal-poll-tape-uploads.s3.amazonaws.com/us-east-1%3A927f382e-9bd7-46fa-89e1-2ecd3a6192ce/br/pa/belem/zona-0097/b738a87dda70d82c5de80bd928acb207.jpg", "https://vocefiscal-poll-tape-uploads.s3.amazonaws.com/us-east-1%3A927f382e-9bd7-46fa-89e1-2ecd3a6192ce/br/pa/belem/zona-0097/8d1554d00d3123d09175bf7a09cc2fa3.jpg", "https://vocefiscal-poll-tape-uploads.s3.amazonaws.com/us-east-1%3A927f382e-9bd7-46fa-89e1-2ecd3a6192ce/br/pa/belem/zona-0097/8fbf69fa6bb2b4c543980292fab6fa0c.jpg", "https://vocefiscal-poll-tape-uploads.s3.amazonaws.com/us-east-1%3A927f382e-9bd7-46fa-89e1-2ecd3a6192ce/br/pa/belem/zona-0097/aae8ec4442667dd452f4abddf33ec0d7.jpg", "https://vocefiscal-poll-tape-uploads.s3.amazonaws.com/us-east-1%3A927f382e-9bd7-46fa-89e1-2ecd3a6192ce/br/pa/belem/zona-0097/16305f88fce8912f2d84751737d6d6e8.jpg"]}