{"data": 1412608921574, "pictureURLList": ["https://vocefiscal-poll-tape-uploads.s3.amazonaws.com/us-east-1%3Aaaebad3b-933a-4097-a8eb-f760761ba607/br/ba/ilheus/zona-0026/3ae3049e593c8cfb3da2c8fb88972578.jpg", "https://vocefiscal-poll-tape-uploads.s3.amazonaws.com/us-east-1%3Aaaebad3b-933a-4097-a8eb-f760761ba607/br/ba/ilheus/zona-0026/ee23877777c36e55d9913b687d8036e6.jpg", "https://vocefiscal-poll-tape-uploads.s3.amazonaws.com/us-east-1%3Aaaebad3b-933a-4097-a8eb-f760761ba607/br/ba/ilheus/zona-0026/4e8ce4362e3cb7b771b300daab949db7.jpg", "https://vocefiscal-poll-tape-uploads.s3.amazonaws.com/us-east-1%3Aaaebad3b-933a-4097-a8eb-f760761ba607/br/ba/ilheus/zona-0026/6ab7097706cabf1bd5c51100e6b9f4b9.jpg", "https://vocefiscal-poll-tape-uploads.s3.amazonaws.com/us-east-1%3Aaaebad3b-933a-4097-a8eb-f760761ba607/br/ba/ilheus/zona-0026/f74642e36e0b8018be35d05d627524f2.jpg", "https://vocefiscal-poll-tape-uploads.s3.amazonaws.com/us-east-1%3Aaaebad3b-933a-4097-a8eb-f760761ba607/br/ba/ilheus/zona-0026/2a915bdcd1111d271af3700a723caef2.jpg", "https://vocefiscal-poll-tape-uploads.s3.amazonaws.com/us-east-1%3Aaaebad3b-933a-4097-a8eb-f760761ba607/br/ba/ilheus/zona-0026/9d02372460218f7e163488f4c61e6e74.jpg", "https://vocefiscal-poll-tape-uploads.s3.amazonaws.com/us-east-1%3Aaaebad3b-933a-4097-a8eb-f760761ba607/br/ba/ilheus/zona-0026/926c19d14d9076550cce864f51b9abff.jpg", "https://vocefiscal-poll-tape-uploads.s3.amazonaws.com/us-east-1%3Aaaebad3b-933a-4097-a8eb-f760761ba607/br/ba/ilheus/zona-0026/b5989fa37a8b052012398bd53f624262.jpg", "https://vocefiscal-poll-tape-uploads.s3.amazonaws.com/us-east-1%3Aaaebad3b-933a-4097-a8eb-f760761ba607/br/ba/ilheus/zona-0026/c15edc019dd179ac0a0ec1b76fd87422.jpg", "https://vocefiscal-poll-tape-uploads.s3.amazonaws.com/us-east-1%3Aaaebad3b-933a-4097-a8eb-f760761ba607/br/ba/ilheus/zona-0026/d9004e3992b8d165e74b0cc17bb3d3f3.jpg", "https://vocefiscal-poll-tape-uploads.s3.amazonaws.com/us-east-1%3Aaaebad3b-933a-4097-a8eb-f760761ba607/br/ba/ilheus/zona-0026/b17a00359f068cb8841251e1e75dec28.jpg", "https://vocefiscal-poll-tape-uploads.s3.amazonaws.com/us-east-1%3Aaaebad3b-933a-4097-a8eb-f760761ba607/br/ba/ilheus/zona-0026/d7f8c77f17cb90f00407ea0d7df5cc23.jpg", "https://vocefiscal-poll-tape-uploads.s3.amazonaws.com/us-east-1%3Aaaebad3b-933a-4097-a8eb-f760761ba607/br/ba/ilheus/zona-0026/4af6be9dc9fcb7f27edecd9c76e69f5.jpg", "https://vocefiscal-poll-tape-uploads.s3.amazonaws.com/us-east-1%3Aaaebad3b-933a-4097-a8eb-f760761ba607/br/ba/ilheus/zona-0026/b32e186c7fd028227c07b7f468e9a475.jpg", "https://vocefiscal-poll-tape-uploads.s3.amazonaws.com/us-east-1%3Aaaebad3b-933a-4097-a8eb-f760761ba607/br/ba/ilheus/zona-0026/67fd71d619d89b27f927bd1ae5ecaad.jpg", "https://vocefiscal-poll-tape-uploads.s3.amazonaws.com/us-east-1%3Aaaebad3b-933a-4097-a8eb-f760761ba607/br/ba/ilheus/zona-0026/8f836db5eeb98d6d91779ff5ecc5396a.jpg", "https://vocefiscal-poll-tape-uploads.s3.amazonaws.com/us-east-1%3Aaaebad3b-933a-4097-a8eb-f760761ba607/br/ba/ilheus/zona-0026/5d3cb31193f69e650d8bae518e50ab21.jpg"], "estado": "BA", "localDaVotacao": "1252", "zonaEleitoral": "0026", "secaoEleitoral": "0097", "municipio": "ILH\u00c9US"}