{"estado": "CE", "municipio": "CANIND\u00c9", "data": 1412544636833, "secaoEleitoral": "0153", "pictureURLList": ["https://vocefiscal-poll-tape-uploads.s3.amazonaws.com/us-east-1%3A280e2633-4c1b-4632-a182-8830143c0725/br/ce/caninde/zona-0033/7f86cc3d07f34a3fd38256eb3b6cd13d.jpg", "https://vocefiscal-poll-tape-uploads.s3.amazonaws.com/us-east-1%3A280e2633-4c1b-4632-a182-8830143c0725/br/ce/caninde/zona-0033/ef7211ad038988b1d51fad4f9ea5f005.jpg", "https://vocefiscal-poll-tape-uploads.s3.amazonaws.com/us-east-1%3A280e2633-4c1b-4632-a182-8830143c0725/br/ce/caninde/zona-0033/92054488293e0cc7b22f2720dec403b4.jpg", "https://vocefiscal-poll-tape-uploads.s3.amazonaws.com/us-east-1%3A280e2633-4c1b-4632-a182-8830143c0725/br/ce/caninde/zona-0033/6dca2b7ac15224c49848f511f22d1af5.jpg", "https://vocefiscal-poll-tape-uploads.s3.amazonaws.com/us-east-1%3A280e2633-4c1b-4632-a182-8830143c0725/br/ce/caninde/zona-0033/b5b6e72c56868ed5f450e232d6682a7e.jpg", "https://vocefiscal-poll-tape-uploads.s3.amazonaws.com/us-east-1%3A280e2633-4c1b-4632-a182-8830143c0725/br/ce/caninde/zona-0033/1bcdc178235d46e611ee008cb54aae6f.jpg", "https://vocefiscal-poll-tape-uploads.s3.amazonaws.com/us-east-1%3A280e2633-4c1b-4632-a182-8830143c0725/br/ce/caninde/zona-0033/d1ff25afd8ad0f8900a52346fe84e53f.jpg", "https://vocefiscal-poll-tape-uploads.s3.amazonaws.com/us-east-1%3A280e2633-4c1b-4632-a182-8830143c0725/br/ce/caninde/zona-0033/c49711ae87bee8b6a389a9533ff65dd8.jpg", "https://vocefiscal-poll-tape-uploads.s3.amazonaws.com/us-east-1%3A280e2633-4c1b-4632-a182-8830143c0725/br/ce/caninde/zona-0033/55be4ea87fe64644601a46f5917541a6.jpg", "https://vocefiscal-poll-tape-uploads.s3.amazonaws.com/us-east-1%3A280e2633-4c1b-4632-a182-8830143c0725/br/ce/caninde/zona-0033/54ffd0aeb2fb530b14d6331c46bf399e.jpg", "https://vocefiscal-poll-tape-uploads.s3.amazonaws.com/us-east-1%3A280e2633-4c1b-4632-a182-8830143c0725/br/ce/caninde/zona-0033/8fe54e75c2a7fd0a0f3b3c188a0d5b8.jpg", "https://vocefiscal-poll-tape-uploads.s3.amazonaws.com/us-east-1%3A280e2633-4c1b-4632-a182-8830143c0725/br/ce/caninde/zona-0033/f2b3ce800798acf1e8fbc7bce703ae6e.jpg", "https://vocefiscal-poll-tape-uploads.s3.amazonaws.com/us-east-1%3A280e2633-4c1b-4632-a182-8830143c0725/br/ce/caninde/zona-0033/9d4fadd79ece20bb3e725356b6b1cfbb.jpg", "https://vocefiscal-poll-tape-uploads.s3.amazonaws.com/us-east-1%3A280e2633-4c1b-4632-a182-8830143c0725/br/ce/caninde/zona-0033/10a9e5cec68bdc8050af4e9d84efe328.jpg", "https://vocefiscal-poll-tape-uploads.s3.amazonaws.com/us-east-1%3A280e2633-4c1b-4632-a182-8830143c0725/br/ce/caninde/zona-0033/fe1fe90aedcb6644a6d7684500b0c73.jpg", "https://vocefiscal-poll-tape-uploads.s3.amazonaws.com/us-east-1%3A280e2633-4c1b-4632-a182-8830143c0725/br/ce/caninde/zona-0033/d10f5ca0322c71da7fcca351bbbc9ad0.jpg", "https://vocefiscal-poll-tape-uploads.s3.amazonaws.com/us-east-1%3A280e2633-4c1b-4632-a182-8830143c0725/br/ce/caninde/zona-0033/b9dc7ccdc11281b34dbc71960a475179.jpg", "https://vocefiscal-poll-tape-uploads.s3.amazonaws.com/us-east-1%3A280e2633-4c1b-4632-a182-8830143c0725/br/ce/caninde/zona-0033/9656fc8ab5da723709cedf1a0d224231.jpg", "https://vocefiscal-poll-tape-uploads.s3.amazonaws.com/us-east-1%3A280e2633-4c1b-4632-a182-8830143c0725/br/ce/caninde/zona-0033/20efdf795388483d0e4abc1d28c51836.jpg", "https://vocefiscal-poll-tape-uploads.s3.amazonaws.com/us-east-1%3A280e2633-4c1b-4632-a182-8830143c0725/br/ce/caninde/zona-0033/752f550671e2f45c879fc62bb387b10f.jpg", "https://vocefiscal-poll-tape-uploads.s3.amazonaws.com/us-east-1%3A280e2633-4c1b-4632-a182-8830143c0725/br/ce/caninde/zona-0033/d6fd702ee71fca9ed71240f9f00e1a1f.jpg"], "zonaEleitoral": "0033", "localDaVotacao": "1449"}