{"municipio": "MANAUS", "estado": "AM", "data": 1414358328346, "pictureURLList": ["https://vocefiscal-poll-tape-uploads.s3.amazonaws.com/us-east-1%3Aae63034d-fdb2-4754-a6c6-8af1e4d79b2f/br/am/manaus/zona-0001/b975514ac592b6dc9b78c5be3e2f2c9c.jpg", "https://vocefiscal-poll-tape-uploads.s3.amazonaws.com/us-east-1%3Aae63034d-fdb2-4754-a6c6-8af1e4d79b2f/br/am/manaus/zona-0001/86dd7d8bcb7ffae939e7783c71ee0304.jpg", "https://vocefiscal-poll-tape-uploads.s3.amazonaws.com/us-east-1%3Aae63034d-fdb2-4754-a6c6-8af1e4d79b2f/br/am/manaus/zona-0001/1976f865494764b906e3eb584eb15ac8.jpg"], "secaoEleitoral": "0145", "zonaEleitoral": "0001"}