{"pictureURLList": ["https://vocefiscal-poll-tape-uploads.s3.amazonaws.com/us-east-1%3A9871ec69-a0d8-4759-ac6d-363509d3851a/br/ce/fortaleza/zona-0003/ff4d2c1966640db72ba19bf0fffd0297.jpg", "https://vocefiscal-poll-tape-uploads.s3.amazonaws.com/us-east-1%3A9871ec69-a0d8-4759-ac6d-363509d3851a/br/ce/fortaleza/zona-0003/7d45ed0ba23a1ee06fa495bc880c1e78.jpg", "https://vocefiscal-poll-tape-uploads.s3.amazonaws.com/us-east-1%3A9871ec69-a0d8-4759-ac6d-363509d3851a/br/ce/fortaleza/zona-0003/ec04bced74345918f21c0a76eceb79f4.jpg", "https://vocefiscal-poll-tape-uploads.s3.amazonaws.com/us-east-1%3A9871ec69-a0d8-4759-ac6d-363509d3851a/br/ce/fortaleza/zona-0003/e3286da730404157f26a46e022f1ed1f.jpg", "https://vocefiscal-poll-tape-uploads.s3.amazonaws.com/us-east-1%3A9871ec69-a0d8-4759-ac6d-363509d3851a/br/ce/fortaleza/zona-0003/53b90933c99f72f93424a77452cda6e4.jpg"], "data": 1414354426296, "estado": "CE", "municipio": "FORTALEZA", "zonaEleitoral": "0003", "localDaVotacao": "1660", "secaoEleitoral": "0035"}