{"data": 1412540574970, "estado": "BA", "secaoEleitoral": "0045", "zonaEleitoral": "0131", "pictureURLList": ["https://vocefiscal-poll-tape-uploads.s3.amazonaws.com/us-east-1%3Ac52f038c-3372-48ae-8d0f-640164bca395/br/ba/muritiba/zona-0131/894dfd22fdc220668a3fe3fc9f1cb5b3.jpg", "https://vocefiscal-poll-tape-uploads.s3.amazonaws.com/us-east-1%3Ac52f038c-3372-48ae-8d0f-640164bca395/br/ba/muritiba/zona-0131/74cd10a1df21c12a2a3084b7142bd011.jpg", "https://vocefiscal-poll-tape-uploads.s3.amazonaws.com/us-east-1%3Ac52f038c-3372-48ae-8d0f-640164bca395/br/ba/muritiba/zona-0131/c8d74cbf0d0b685b79cfca1862dc8776.jpg", "https://vocefiscal-poll-tape-uploads.s3.amazonaws.com/us-east-1%3Ac52f038c-3372-48ae-8d0f-640164bca395/br/ba/muritiba/zona-0131/c13fde3b4f90a1f8bb367ea4f8398319.jpg", "https://vocefiscal-poll-tape-uploads.s3.amazonaws.com/us-east-1%3Ac52f038c-3372-48ae-8d0f-640164bca395/br/ba/muritiba/zona-0131/ed2372148fab544709053a8bac022be9.jpg", "https://vocefiscal-poll-tape-uploads.s3.amazonaws.com/us-east-1%3Ac52f038c-3372-48ae-8d0f-640164bca395/br/ba/muritiba/zona-0131/d84a99d5550b5f559f3fba9aacd64a8f.jpg", "https://vocefiscal-poll-tape-uploads.s3.amazonaws.com/us-east-1%3Ac52f038c-3372-48ae-8d0f-640164bca395/br/ba/muritiba/zona-0131/c45cef44a6beade02eeab9474a0bc0a0.jpg", "https://vocefiscal-poll-tape-uploads.s3.amazonaws.com/us-east-1%3Ac52f038c-3372-48ae-8d0f-640164bca395/br/ba/muritiba/zona-0131/7868297651a7b183ed1bfc59c24e9c70.jpg", "https://vocefiscal-poll-tape-uploads.s3.amazonaws.com/us-east-1%3Ac52f038c-3372-48ae-8d0f-640164bca395/br/ba/muritiba/zona-0131/b7d42c1691cd6da8d26466809781ddae.jpg", "https://vocefiscal-poll-tape-uploads.s3.amazonaws.com/us-east-1%3Ac52f038c-3372-48ae-8d0f-640164bca395/br/ba/muritiba/zona-0131/92cc2859575b776485415c847a941bfe.jpg", "https://vocefiscal-poll-tape-uploads.s3.amazonaws.com/us-east-1%3Ac52f038c-3372-48ae-8d0f-640164bca395/br/ba/muritiba/zona-0131/d1aa2f00c870c0653103949f934127b7.jpg", "https://vocefiscal-poll-tape-uploads.s3.amazonaws.com/us-east-1%3Ac52f038c-3372-48ae-8d0f-640164bca395/br/ba/muritiba/zona-0131/c8688d4abf33bffbf5d04dbeddc24b27.jpg", "https://vocefiscal-poll-tape-uploads.s3.amazonaws.com/us-east-1%3Ac52f038c-3372-48ae-8d0f-640164bca395/br/ba/muritiba/zona-0131/2156d76c3efc6354573891216f6c6d6d.jpg", "https://vocefiscal-poll-tape-uploads.s3.amazonaws.com/us-east-1%3Ac52f038c-3372-48ae-8d0f-640164bca395/br/ba/muritiba/zona-0131/2da5dd0d31f09974e933cd761a624b8f.jpg", "https://vocefiscal-poll-tape-uploads.s3.amazonaws.com/us-east-1%3Ac52f038c-3372-48ae-8d0f-640164bca395/br/ba/muritiba/zona-0131/f75705e7d13f16d46fbb97df0be29ebf.jpg", "https://vocefiscal-poll-tape-uploads.s3.amazonaws.com/us-east-1%3Ac52f038c-3372-48ae-8d0f-640164bca395/br/ba/muritiba/zona-0131/650293ee95d8e7edb2717664ce96d867.jpg", "https://vocefiscal-poll-tape-uploads.s3.amazonaws.com/us-east-1%3Ac52f038c-3372-48ae-8d0f-640164bca395/br/ba/muritiba/zona-0131/40e5760749566f249a9d8a45c3616e13.jpg", "https://vocefiscal-poll-tape-uploads.s3.amazonaws.com/us-east-1%3Ac52f038c-3372-48ae-8d0f-640164bca395/br/ba/muritiba/zona-0131/90d2f853d4ee78d3eedb2e9fb55efd24.jpg", "https://vocefiscal-poll-tape-uploads.s3.amazonaws.com/us-east-1%3Ac52f038c-3372-48ae-8d0f-640164bca395/br/ba/muritiba/zona-0131/e4f637b85a810ee25d08f731107698f5.jpg", "https://vocefiscal-poll-tape-uploads.s3.amazonaws.com/us-east-1%3Ac52f038c-3372-48ae-8d0f-640164bca395/br/ba/muritiba/zona-0131/8315e59785de91591379d6811ee7e1f.jpg", "https://vocefiscal-poll-tape-uploads.s3.amazonaws.com/us-east-1%3Ac52f038c-3372-48ae-8d0f-640164bca395/br/ba/muritiba/zona-0131/365fda810703e97f8db6ef369af7d751.jpg", "https://vocefiscal-poll-tape-uploads.s3.amazonaws.com/us-east-1%3Ac52f038c-3372-48ae-8d0f-640164bca395/br/ba/muritiba/zona-0131/70b9c3bca5a9ce9f2e198af7d851f5e0.jpg", "https://vocefiscal-poll-tape-uploads.s3.amazonaws.com/us-east-1%3Ac52f038c-3372-48ae-8d0f-640164bca395/br/ba/muritiba/zona-0131/9fdcc529813cb29ca08b003c9038f534.jpg", "https://vocefiscal-poll-tape-uploads.s3.amazonaws.com/us-east-1%3Ac52f038c-3372-48ae-8d0f-640164bca395/br/ba/muritiba/zona-0131/21414af860fbadf5a87107f8d52758cd.jpg", "https://vocefiscal-poll-tape-uploads.s3.amazonaws.com/us-east-1%3Ac52f038c-3372-48ae-8d0f-640164bca395/br/ba/muritiba/zona-0131/5eade103488581f8ae3fd4f6e069b1f5.jpg", "https://vocefiscal-poll-tape-uploads.s3.amazonaws.com/us-east-1%3Ac52f038c-3372-48ae-8d0f-640164bca395/br/ba/muritiba/zona-0131/10a2c35cf9f4a68b82ba80b87f625c2b.jpg", "https://vocefiscal-poll-tape-uploads.s3.amazonaws.com/us-east-1%3Ac52f038c-3372-48ae-8d0f-640164bca395/br/ba/muritiba/zona-0131/6002be788622404722d21e8c4464e248.jpg"], "municipio": "MURITIBA"}