{"estado": "CE", "municipio": "FORTALEZA", "data": 1412540504665, "secaoEleitoral": "0022", "pictureURLList": ["https://vocefiscal-poll-tape-uploads.s3.amazonaws.com/us-east-1%3Ab1234cf9-fad4-46fa-9da3-f8dba345ce32/br/ce/fortaleza/zona-0116/800ff1aa64bfe7e8f0c2a01b9b12337.jpg", "https://vocefiscal-poll-tape-uploads.s3.amazonaws.com/us-east-1%3Ab1234cf9-fad4-46fa-9da3-f8dba345ce32/br/ce/fortaleza/zona-0116/27c1d911df7e935480388953726a9b69.jpg", "https://vocefiscal-poll-tape-uploads.s3.amazonaws.com/us-east-1%3Ab1234cf9-fad4-46fa-9da3-f8dba345ce32/br/ce/fortaleza/zona-0116/aa8d3bc7f3b9b929fa7f4529c134b714.jpg", "https://vocefiscal-poll-tape-uploads.s3.amazonaws.com/us-east-1%3Ab1234cf9-fad4-46fa-9da3-f8dba345ce32/br/ce/fortaleza/zona-0116/f06cc112b00f51ea35706ae8d23724a4.jpg", "https://vocefiscal-poll-tape-uploads.s3.amazonaws.com/us-east-1%3Ab1234cf9-fad4-46fa-9da3-f8dba345ce32/br/ce/fortaleza/zona-0116/f200c235ccc8d82b03652f598fb2ee0a.jpg"], "zonaEleitoral": "0116"}