{"estado": "CE", "municipio": "FORTALEZA", "data": 1412546742994, "secaoEleitoral": "0183", "pictureURLList": ["https://vocefiscal-poll-tape-uploads.s3.amazonaws.com/us-east-1%3A683531b0-15da-4cda-8ca3-61a76a92c2cf/br/ce/fortaleza/zona-0002/f36ea8564dbac1dbc9d273de1eaf1e9b.jpg", "https://vocefiscal-poll-tape-uploads.s3.amazonaws.com/us-east-1%3A683531b0-15da-4cda-8ca3-61a76a92c2cf/br/ce/fortaleza/zona-0002/ae085fb0d1d20d2660878546d81ecc05.jpg", "https://vocefiscal-poll-tape-uploads.s3.amazonaws.com/us-east-1%3A683531b0-15da-4cda-8ca3-61a76a92c2cf/br/ce/fortaleza/zona-0002/fe1d6ba38193e0ae07fc52bed8e72b97.jpg", "https://vocefiscal-poll-tape-uploads.s3.amazonaws.com/us-east-1%3A683531b0-15da-4cda-8ca3-61a76a92c2cf/br/ce/fortaleza/zona-0002/4dd24710be3df17c82a6a086320c45d0.jpg", "https://vocefiscal-poll-tape-uploads.s3.amazonaws.com/us-east-1%3A683531b0-15da-4cda-8ca3-61a76a92c2cf/br/ce/fortaleza/zona-0002/db3214d66175a735c42533728a7faf92.jpg", "https://vocefiscal-poll-tape-uploads.s3.amazonaws.com/us-east-1%3A683531b0-15da-4cda-8ca3-61a76a92c2cf/br/ce/fortaleza/zona-0002/f2ac9cac3a75d5db51cd2a9f7542493d.jpg", "https://vocefiscal-poll-tape-uploads.s3.amazonaws.com/us-east-1%3A683531b0-15da-4cda-8ca3-61a76a92c2cf/br/ce/fortaleza/zona-0002/24e7767ae39c36e4164f4d49aa45d74a.jpg", "https://vocefiscal-poll-tape-uploads.s3.amazonaws.com/us-east-1%3A683531b0-15da-4cda-8ca3-61a76a92c2cf/br/ce/fortaleza/zona-0002/a4bb80f89bf622e95b90df78225b6b75.jpg", "https://vocefiscal-poll-tape-uploads.s3.amazonaws.com/us-east-1%3A683531b0-15da-4cda-8ca3-61a76a92c2cf/br/ce/fortaleza/zona-0002/dcd7f687ec3e87b425fcf98610913451.jpg", "https://vocefiscal-poll-tape-uploads.s3.amazonaws.com/us-east-1%3A683531b0-15da-4cda-8ca3-61a76a92c2cf/br/ce/fortaleza/zona-0002/6e96c245d36af4c8a3a25635f997d873.jpg", "https://vocefiscal-poll-tape-uploads.s3.amazonaws.com/us-east-1%3A683531b0-15da-4cda-8ca3-61a76a92c2cf/br/ce/fortaleza/zona-0002/2a1aaa056865a96f4b9da10bb08a2c43.jpg", "https://vocefiscal-poll-tape-uploads.s3.amazonaws.com/us-east-1%3A683531b0-15da-4cda-8ca3-61a76a92c2cf/br/ce/fortaleza/zona-0002/aecd1f62cea3035947d76c06171fe298.jpg", "https://vocefiscal-poll-tape-uploads.s3.amazonaws.com/us-east-1%3A683531b0-15da-4cda-8ca3-61a76a92c2cf/br/ce/fortaleza/zona-0002/91c5f2151e8c67d4b965ded451d7e140.jpg", "https://vocefiscal-poll-tape-uploads.s3.amazonaws.com/us-east-1%3A683531b0-15da-4cda-8ca3-61a76a92c2cf/br/ce/fortaleza/zona-0002/9154658285c554a2afb7ed739b80a5b9.jpg", "https://vocefiscal-poll-tape-uploads.s3.amazonaws.com/us-east-1%3A683531b0-15da-4cda-8ca3-61a76a92c2cf/br/ce/fortaleza/zona-0002/5a2446d72a7ad67170d97c7d58da71d5.jpg", "https://vocefiscal-poll-tape-uploads.s3.amazonaws.com/us-east-1%3A683531b0-15da-4cda-8ca3-61a76a92c2cf/br/ce/fortaleza/zona-0002/e4e14e3094be19db643ad6db0e98aaf8.jpg", "https://vocefiscal-poll-tape-uploads.s3.amazonaws.com/us-east-1%3A683531b0-15da-4cda-8ca3-61a76a92c2cf/br/ce/fortaleza/zona-0002/e8da732b2b23bbbb1459cd9aa3a76511.jpg", "https://vocefiscal-poll-tape-uploads.s3.amazonaws.com/us-east-1%3A683531b0-15da-4cda-8ca3-61a76a92c2cf/br/ce/fortaleza/zona-0002/f932abaa9771eaf55d4157b6b4305adc.jpg", "https://vocefiscal-poll-tape-uploads.s3.amazonaws.com/us-east-1%3A683531b0-15da-4cda-8ca3-61a76a92c2cf/br/ce/fortaleza/zona-0002/a42756ccc36151fb503f9710525b1a6b.jpg", "https://vocefiscal-poll-tape-uploads.s3.amazonaws.com/us-east-1%3A683531b0-15da-4cda-8ca3-61a76a92c2cf/br/ce/fortaleza/zona-0002/f96c5389a22bca21f06a68851b278659.jpg", "https://vocefiscal-poll-tape-uploads.s3.amazonaws.com/us-east-1%3A683531b0-15da-4cda-8ca3-61a76a92c2cf/br/ce/fortaleza/zona-0002/89175c64de36133b94dcc8d701f3d71e.jpg", "https://vocefiscal-poll-tape-uploads.s3.amazonaws.com/us-east-1%3A683531b0-15da-4cda-8ca3-61a76a92c2cf/br/ce/fortaleza/zona-0002/d07709ce4f5ff74b74aec33bc0174d2a.jpg", "https://vocefiscal-poll-tape-uploads.s3.amazonaws.com/us-east-1%3A683531b0-15da-4cda-8ca3-61a76a92c2cf/br/ce/fortaleza/zona-0002/31d318e690fe533097a9573cad0f031a.jpg", "https://vocefiscal-poll-tape-uploads.s3.amazonaws.com/us-east-1%3A683531b0-15da-4cda-8ca3-61a76a92c2cf/br/ce/fortaleza/zona-0002/80c5fa68f4feacc3c3f752ade9f43c6b.jpg", "https://vocefiscal-poll-tape-uploads.s3.amazonaws.com/us-east-1%3A683531b0-15da-4cda-8ca3-61a76a92c2cf/br/ce/fortaleza/zona-0002/654b030805d19d8a01a4a5356fe1d8c7.jpg", "https://vocefiscal-poll-tape-uploads.s3.amazonaws.com/us-east-1%3A683531b0-15da-4cda-8ca3-61a76a92c2cf/br/ce/fortaleza/zona-0002/d89e513f137bf37e1c11a47038d773b9.jpg", "https://vocefiscal-poll-tape-uploads.s3.amazonaws.com/us-east-1%3A683531b0-15da-4cda-8ca3-61a76a92c2cf/br/ce/fortaleza/zona-0002/bf793c01ac9073ab3f9a0e7e2f227d51.jpg", "https://vocefiscal-poll-tape-uploads.s3.amazonaws.com/us-east-1%3A683531b0-15da-4cda-8ca3-61a76a92c2cf/br/ce/fortaleza/zona-0002/80001f4d0080ae002c81c52a832feae4.jpg", "https://vocefiscal-poll-tape-uploads.s3.amazonaws.com/us-east-1%3A683531b0-15da-4cda-8ca3-61a76a92c2cf/br/ce/fortaleza/zona-0002/4548c830b3ec4c99319833a35c848874.jpg", "https://vocefiscal-poll-tape-uploads.s3.amazonaws.com/us-east-1%3A683531b0-15da-4cda-8ca3-61a76a92c2cf/br/ce/fortaleza/zona-0002/854a1fc9173a2ea34d9c9455ad9faaa.jpg"], "zonaEleitoral": "0002", "localDaVotacao": "1775"}