{"estado": "CE", "municipio": "FORTALEZA", "data": 1412546052363, "secaoEleitoral": "0729", "pictureURLList": ["https://vocefiscal-poll-tape-uploads.s3.amazonaws.com/us-east-1%3A683531b0-15da-4cda-8ca3-61a76a92c2cf/br/ce/fortaleza/zona-0002/b49cfca7e5f57a0c33f2cd55e65323dc.jpg", "https://vocefiscal-poll-tape-uploads.s3.amazonaws.com/us-east-1%3A683531b0-15da-4cda-8ca3-61a76a92c2cf/br/ce/fortaleza/zona-0002/e2ef832798176881a0b0576e0dd39850.jpg", "https://vocefiscal-poll-tape-uploads.s3.amazonaws.com/us-east-1%3A683531b0-15da-4cda-8ca3-61a76a92c2cf/br/ce/fortaleza/zona-0002/4c84dfcc9d4c016d9913fe7ee7189de0.jpg", "https://vocefiscal-poll-tape-uploads.s3.amazonaws.com/us-east-1%3A683531b0-15da-4cda-8ca3-61a76a92c2cf/br/ce/fortaleza/zona-0002/f68d79558cff4425a3e3fa2b7e582d29.jpg", "https://vocefiscal-poll-tape-uploads.s3.amazonaws.com/us-east-1%3A683531b0-15da-4cda-8ca3-61a76a92c2cf/br/ce/fortaleza/zona-0002/bac63746b7cedb67a4cbce66bba46f0d.jpg", "https://vocefiscal-poll-tape-uploads.s3.amazonaws.com/us-east-1%3A683531b0-15da-4cda-8ca3-61a76a92c2cf/br/ce/fortaleza/zona-0002/16862437bff1d8ae3437f9a7d76398d.jpg", "https://vocefiscal-poll-tape-uploads.s3.amazonaws.com/us-east-1%3A683531b0-15da-4cda-8ca3-61a76a92c2cf/br/ce/fortaleza/zona-0002/813fd7d31954bb6e17005106cd3c2a52.jpg", "https://vocefiscal-poll-tape-uploads.s3.amazonaws.com/us-east-1%3A683531b0-15da-4cda-8ca3-61a76a92c2cf/br/ce/fortaleza/zona-0002/5083b4b8ce2b96dd8f3969ba57dea55d.jpg", "https://vocefiscal-poll-tape-uploads.s3.amazonaws.com/us-east-1%3A683531b0-15da-4cda-8ca3-61a76a92c2cf/br/ce/fortaleza/zona-0002/1f043c5b96e5148b5d475756317e435d.jpg", "https://vocefiscal-poll-tape-uploads.s3.amazonaws.com/us-east-1%3A683531b0-15da-4cda-8ca3-61a76a92c2cf/br/ce/fortaleza/zona-0002/274da1675ff7d2cdf785e850945cfbbf.jpg", "https://vocefiscal-poll-tape-uploads.s3.amazonaws.com/us-east-1%3A683531b0-15da-4cda-8ca3-61a76a92c2cf/br/ce/fortaleza/zona-0002/bf04bd459c7ca580c918ef05316699a4.jpg", "https://vocefiscal-poll-tape-uploads.s3.amazonaws.com/us-east-1%3A683531b0-15da-4cda-8ca3-61a76a92c2cf/br/ce/fortaleza/zona-0002/4743738aa90da67898dc08d771116df7.jpg", "https://vocefiscal-poll-tape-uploads.s3.amazonaws.com/us-east-1%3A683531b0-15da-4cda-8ca3-61a76a92c2cf/br/ce/fortaleza/zona-0002/60549ec0b8ab75a8943159bb42612bd9.jpg", "https://vocefiscal-poll-tape-uploads.s3.amazonaws.com/us-east-1%3A683531b0-15da-4cda-8ca3-61a76a92c2cf/br/ce/fortaleza/zona-0002/b0d5c2ee3f68920877c9c268c814ec48.jpg", "https://vocefiscal-poll-tape-uploads.s3.amazonaws.com/us-east-1%3A683531b0-15da-4cda-8ca3-61a76a92c2cf/br/ce/fortaleza/zona-0002/4e7597a47d4399bdb3a9c0d78c18ce9f.jpg", "https://vocefiscal-poll-tape-uploads.s3.amazonaws.com/us-east-1%3A683531b0-15da-4cda-8ca3-61a76a92c2cf/br/ce/fortaleza/zona-0002/9bcf56f2cb534861160f9fa967863bbf.jpg", "https://vocefiscal-poll-tape-uploads.s3.amazonaws.com/us-east-1%3A683531b0-15da-4cda-8ca3-61a76a92c2cf/br/ce/fortaleza/zona-0002/d8b44d3e351920447310c01b4bc6f974.jpg", "https://vocefiscal-poll-tape-uploads.s3.amazonaws.com/us-east-1%3A683531b0-15da-4cda-8ca3-61a76a92c2cf/br/ce/fortaleza/zona-0002/ca320cfc3f9acf53306460079201643f.jpg", "https://vocefiscal-poll-tape-uploads.s3.amazonaws.com/us-east-1%3A683531b0-15da-4cda-8ca3-61a76a92c2cf/br/ce/fortaleza/zona-0002/47024ab1c0c471680d95a44b7393165c.jpg", "https://vocefiscal-poll-tape-uploads.s3.amazonaws.com/us-east-1%3A683531b0-15da-4cda-8ca3-61a76a92c2cf/br/ce/fortaleza/zona-0002/82b9fac5521f8401ce99c1da15bd30cd.jpg", "https://vocefiscal-poll-tape-uploads.s3.amazonaws.com/us-east-1%3A683531b0-15da-4cda-8ca3-61a76a92c2cf/br/ce/fortaleza/zona-0002/fc96a5042e5a17f2a3286252d8ab4780.jpg", "https://vocefiscal-poll-tape-uploads.s3.amazonaws.com/us-east-1%3A683531b0-15da-4cda-8ca3-61a76a92c2cf/br/ce/fortaleza/zona-0002/4fe6450575eca929a92450a347fd367a.jpg"], "zonaEleitoral": "0002", "localDaVotacao": "1775"}