{"estado": "CE", "municipio": "FORTALEZA", "data": 1412550387445, "secaoEleitoral": "0009", "pictureURLList": ["https://vocefiscal-poll-tape-uploads.s3.amazonaws.com/us-east-1%3A5b42f91b-7548-460f-b743-cfe7a66d08cb/br/ce/fortaleza/zona-0114/b61bde94b8de6a2426df4d719b2f0594.jpg", "https://vocefiscal-poll-tape-uploads.s3.amazonaws.com/us-east-1%3A5b42f91b-7548-460f-b743-cfe7a66d08cb/br/ce/fortaleza/zona-0114/bde21ff2963cc1c3c3d427ce561accca.jpg", "https://vocefiscal-poll-tape-uploads.s3.amazonaws.com/us-east-1%3A5b42f91b-7548-460f-b743-cfe7a66d08cb/br/ce/fortaleza/zona-0114/1d0d1710c9f9021341b157409075dfcc.jpg", "https://vocefiscal-poll-tape-uploads.s3.amazonaws.com/us-east-1%3A5b42f91b-7548-460f-b743-cfe7a66d08cb/br/ce/fortaleza/zona-0114/1655a03605dfc66f85648fcd9164c85b.jpg", "https://vocefiscal-poll-tape-uploads.s3.amazonaws.com/us-east-1%3A5b42f91b-7548-460f-b743-cfe7a66d08cb/br/ce/fortaleza/zona-0114/d8ddf2e62db63a86e122248ca31c06b8.jpg", "https://vocefiscal-poll-tape-uploads.s3.amazonaws.com/us-east-1%3A5b42f91b-7548-460f-b743-cfe7a66d08cb/br/ce/fortaleza/zona-0114/2098e5c35c6643a62de60b37c7021bb3.jpg", "https://vocefiscal-poll-tape-uploads.s3.amazonaws.com/us-east-1%3A5b42f91b-7548-460f-b743-cfe7a66d08cb/br/ce/fortaleza/zona-0114/166ff2c19e3c4d695972824bbea3cf97.jpg", "https://vocefiscal-poll-tape-uploads.s3.amazonaws.com/us-east-1%3A5b42f91b-7548-460f-b743-cfe7a66d08cb/br/ce/fortaleza/zona-0114/8b7df199a0e7cb9252d3c1e5dba60b7f.jpg", "https://vocefiscal-poll-tape-uploads.s3.amazonaws.com/us-east-1%3A5b42f91b-7548-460f-b743-cfe7a66d08cb/br/ce/fortaleza/zona-0114/1cdaa016be106b4c82b6a10a7e1bdc85.jpg", "https://vocefiscal-poll-tape-uploads.s3.amazonaws.com/us-east-1%3A5b42f91b-7548-460f-b743-cfe7a66d08cb/br/ce/fortaleza/zona-0114/af88607d180beee7d5948304930c721f.jpg", "https://vocefiscal-poll-tape-uploads.s3.amazonaws.com/us-east-1%3A5b42f91b-7548-460f-b743-cfe7a66d08cb/br/ce/fortaleza/zona-0114/6472e70819e5b2e140821d71285c3581.jpg", "https://vocefiscal-poll-tape-uploads.s3.amazonaws.com/us-east-1%3A5b42f91b-7548-460f-b743-cfe7a66d08cb/br/ce/fortaleza/zona-0114/d42fd1f70d759066b9b37fe90071a7b2.jpg", "https://vocefiscal-poll-tape-uploads.s3.amazonaws.com/us-east-1%3A5b42f91b-7548-460f-b743-cfe7a66d08cb/br/ce/fortaleza/zona-0114/e7fe545ec36a1a1975cca31dbc6edaf0.jpg", "https://vocefiscal-poll-tape-uploads.s3.amazonaws.com/us-east-1%3A5b42f91b-7548-460f-b743-cfe7a66d08cb/br/ce/fortaleza/zona-0114/df9b444f9594ae2649abe558d0e1227e.jpg", "https://vocefiscal-poll-tape-uploads.s3.amazonaws.com/us-east-1%3A5b42f91b-7548-460f-b743-cfe7a66d08cb/br/ce/fortaleza/zona-0114/f5032920cf0ef202db205024447a8bb4.jpg", "https://vocefiscal-poll-tape-uploads.s3.amazonaws.com/us-east-1%3A5b42f91b-7548-460f-b743-cfe7a66d08cb/br/ce/fortaleza/zona-0114/bbce440ada7f2b7e5ef1609c8e9cc9c.jpg", "https://vocefiscal-poll-tape-uploads.s3.amazonaws.com/us-east-1%3A5b42f91b-7548-460f-b743-cfe7a66d08cb/br/ce/fortaleza/zona-0114/248d8fa264fab4b7de8095d8662dcb8e.jpg", "https://vocefiscal-poll-tape-uploads.s3.amazonaws.com/us-east-1%3A5b42f91b-7548-460f-b743-cfe7a66d08cb/br/ce/fortaleza/zona-0114/560f83dc5804fa0fce55b2b888d26594.jpg", "https://vocefiscal-poll-tape-uploads.s3.amazonaws.com/us-east-1%3A5b42f91b-7548-460f-b743-cfe7a66d08cb/br/ce/fortaleza/zona-0114/1eea15044e54548268e5e89b52d133bf.jpg", "https://vocefiscal-poll-tape-uploads.s3.amazonaws.com/us-east-1%3A5b42f91b-7548-460f-b743-cfe7a66d08cb/br/ce/fortaleza/zona-0114/b94ff3689732408593e656362ceb0b23.jpg", "https://vocefiscal-poll-tape-uploads.s3.amazonaws.com/us-east-1%3A5b42f91b-7548-460f-b743-cfe7a66d08cb/br/ce/fortaleza/zona-0114/45154a841704ba31cfc0201543d0594d.jpg", "https://vocefiscal-poll-tape-uploads.s3.amazonaws.com/us-east-1%3A5b42f91b-7548-460f-b743-cfe7a66d08cb/br/ce/fortaleza/zona-0114/555c76f9c902e5dce9ce041041b3d7b0.jpg", "https://vocefiscal-poll-tape-uploads.s3.amazonaws.com/us-east-1%3A5b42f91b-7548-460f-b743-cfe7a66d08cb/br/ce/fortaleza/zona-0114/6de92c58a899c5836d3844d3a92fbca8.jpg", "https://vocefiscal-poll-tape-uploads.s3.amazonaws.com/us-east-1%3A5b42f91b-7548-460f-b743-cfe7a66d08cb/br/ce/fortaleza/zona-0114/cb2d2ad751a3f9bc71ca302e148004f3.jpg"], "zonaEleitoral": "0114", "localDaVotacao": "1015"}