{"estado": "CE", "municipio": "FORTALEZA", "data": 1412541386752, "secaoEleitoral": "0562", "pictureURLList": ["https://vocefiscal-poll-tape-uploads.s3.amazonaws.com/us-east-1%3Aacbd5558-4423-4ba4-a6f3-04467a0bea72/br/ce/fortaleza/zona-0003/bd8baf9bf2ce75b72c36e214548cb952.jpg", "https://vocefiscal-poll-tape-uploads.s3.amazonaws.com/us-east-1%3Aacbd5558-4423-4ba4-a6f3-04467a0bea72/br/ce/fortaleza/zona-0003/b081f9c7868c591fc22565c0b058b4f3.jpg", "https://vocefiscal-poll-tape-uploads.s3.amazonaws.com/us-east-1%3Aacbd5558-4423-4ba4-a6f3-04467a0bea72/br/ce/fortaleza/zona-0003/f03f63b1384913fc86f91ee064ebdab3.jpg", "https://vocefiscal-poll-tape-uploads.s3.amazonaws.com/us-east-1%3Aacbd5558-4423-4ba4-a6f3-04467a0bea72/br/ce/fortaleza/zona-0003/f1116c633fb9822b75b2815f77ca5b5f.jpg", "https://vocefiscal-poll-tape-uploads.s3.amazonaws.com/us-east-1%3Aacbd5558-4423-4ba4-a6f3-04467a0bea72/br/ce/fortaleza/zona-0003/6f54f0fff73314d5eacba195cf71dfae.jpg", "https://vocefiscal-poll-tape-uploads.s3.amazonaws.com/us-east-1%3Aacbd5558-4423-4ba4-a6f3-04467a0bea72/br/ce/fortaleza/zona-0003/4d70413b8a94ffe25c7a10f972703901.jpg", "https://vocefiscal-poll-tape-uploads.s3.amazonaws.com/us-east-1%3Aacbd5558-4423-4ba4-a6f3-04467a0bea72/br/ce/fortaleza/zona-0003/9fbeaeb568f611d0e7c933240e577b61.jpg", "https://vocefiscal-poll-tape-uploads.s3.amazonaws.com/us-east-1%3Aacbd5558-4423-4ba4-a6f3-04467a0bea72/br/ce/fortaleza/zona-0003/6814553de794c1646e21beb8ad9bb9da.jpg", "https://vocefiscal-poll-tape-uploads.s3.amazonaws.com/us-east-1%3Aacbd5558-4423-4ba4-a6f3-04467a0bea72/br/ce/fortaleza/zona-0003/b7e702c6e5aab53f2a6321d6214b01a3.jpg", "https://vocefiscal-poll-tape-uploads.s3.amazonaws.com/us-east-1%3Aacbd5558-4423-4ba4-a6f3-04467a0bea72/br/ce/fortaleza/zona-0003/773a83cad760881a21a46f44aa1e6a2e.jpg", "https://vocefiscal-poll-tape-uploads.s3.amazonaws.com/us-east-1%3Aacbd5558-4423-4ba4-a6f3-04467a0bea72/br/ce/fortaleza/zona-0003/887a21d3e5529e7417f51a4b72b77499.jpg", "https://vocefiscal-poll-tape-uploads.s3.amazonaws.com/us-east-1%3Aacbd5558-4423-4ba4-a6f3-04467a0bea72/br/ce/fortaleza/zona-0003/5b9d7f1b39c10794445a3e69d498d106.jpg", "https://vocefiscal-poll-tape-uploads.s3.amazonaws.com/us-east-1%3Aacbd5558-4423-4ba4-a6f3-04467a0bea72/br/ce/fortaleza/zona-0003/a277c321538825dab0ff7850b9ff6e2d.jpg", "https://vocefiscal-poll-tape-uploads.s3.amazonaws.com/us-east-1%3Aacbd5558-4423-4ba4-a6f3-04467a0bea72/br/ce/fortaleza/zona-0003/4aea056629f4dbb736a65c1fc27fb42e.jpg", "https://vocefiscal-poll-tape-uploads.s3.amazonaws.com/us-east-1%3Aacbd5558-4423-4ba4-a6f3-04467a0bea72/br/ce/fortaleza/zona-0003/8f04f035bf28cccd1297f0d2ab36f52.jpg", "https://vocefiscal-poll-tape-uploads.s3.amazonaws.com/us-east-1%3Aacbd5558-4423-4ba4-a6f3-04467a0bea72/br/ce/fortaleza/zona-0003/a015f0334f99ed6764a4ad18d22fbe8b.jpg", "https://vocefiscal-poll-tape-uploads.s3.amazonaws.com/us-east-1%3Aacbd5558-4423-4ba4-a6f3-04467a0bea72/br/ce/fortaleza/zona-0003/2ff56a0baf3b892a01984c1b37ab4a27.jpg", "https://vocefiscal-poll-tape-uploads.s3.amazonaws.com/us-east-1%3Aacbd5558-4423-4ba4-a6f3-04467a0bea72/br/ce/fortaleza/zona-0003/d346fd9eef7284228f38526a0cd4b050.jpg", "https://vocefiscal-poll-tape-uploads.s3.amazonaws.com/us-east-1%3Aacbd5558-4423-4ba4-a6f3-04467a0bea72/br/ce/fortaleza/zona-0003/77c1833e6bcbb9a20a5f0b97a7231ad5.jpg"], "zonaEleitoral": "0003"}