{"estado": "CE", "municipio": "FORTALEZA", "data": 1412540038936, "secaoEleitoral": "0021", "pictureURLList": ["https://vocefiscal-poll-tape-uploads.s3.amazonaws.com/us-east-1%3Ab1234cf9-fad4-46fa-9da3-f8dba345ce32/br/ce/fortaleza/zona-0116/ebc4ad12ed06495e7c97deaff8da7d6c.jpg", "https://vocefiscal-poll-tape-uploads.s3.amazonaws.com/us-east-1%3Ab1234cf9-fad4-46fa-9da3-f8dba345ce32/br/ce/fortaleza/zona-0116/2fd6536482cbe174253c84f5308d4343.jpg", "https://vocefiscal-poll-tape-uploads.s3.amazonaws.com/us-east-1%3Ab1234cf9-fad4-46fa-9da3-f8dba345ce32/br/ce/fortaleza/zona-0116/4fbe9bdb5a55a0c333603187b8677387.jpg", "https://vocefiscal-poll-tape-uploads.s3.amazonaws.com/us-east-1%3Ab1234cf9-fad4-46fa-9da3-f8dba345ce32/br/ce/fortaleza/zona-0116/e30073a566ed299c8de52aa65f949854.jpg", "https://vocefiscal-poll-tape-uploads.s3.amazonaws.com/us-east-1%3Ab1234cf9-fad4-46fa-9da3-f8dba345ce32/br/ce/fortaleza/zona-0116/127943c0eb010907453c0f64fbf4adb6.jpg", "https://vocefiscal-poll-tape-uploads.s3.amazonaws.com/us-east-1%3Ab1234cf9-fad4-46fa-9da3-f8dba345ce32/br/ce/fortaleza/zona-0116/faa5952bf75e3cc3b4a3e04a18821d02.jpg"], "zonaEleitoral": "0116"}