{"estado": "CE", "municipio": "IGUATU", "data": 1412541779938, "secaoEleitoral": "0078", "pictureURLList": ["https://vocefiscal-poll-tape-uploads.s3.amazonaws.com/us-east-1%3A5fd5bfc9-1a28-4472-85ce-45d92f679bc9/br/ce/iguatu/zona-0013/40f0212b317318e712e430992e7abd4b.jpg", "https://vocefiscal-poll-tape-uploads.s3.amazonaws.com/us-east-1%3A5fd5bfc9-1a28-4472-85ce-45d92f679bc9/br/ce/iguatu/zona-0013/f80351061c10f8cf1cbeffe4a7e5032d.jpg", "https://vocefiscal-poll-tape-uploads.s3.amazonaws.com/us-east-1%3A5fd5bfc9-1a28-4472-85ce-45d92f679bc9/br/ce/iguatu/zona-0013/4b543ef1aa90aabdc3ef376383f5f854.jpg", "https://vocefiscal-poll-tape-uploads.s3.amazonaws.com/us-east-1%3A5fd5bfc9-1a28-4472-85ce-45d92f679bc9/br/ce/iguatu/zona-0013/e2d5966b340cbafc26fcbad1912da304.jpg", "https://vocefiscal-poll-tape-uploads.s3.amazonaws.com/us-east-1%3A5fd5bfc9-1a28-4472-85ce-45d92f679bc9/br/ce/iguatu/zona-0013/a1380c1d0b55f8cc0af72d1c5b288f3f.jpg", "https://vocefiscal-poll-tape-uploads.s3.amazonaws.com/us-east-1%3A5fd5bfc9-1a28-4472-85ce-45d92f679bc9/br/ce/iguatu/zona-0013/b3481228b73bbe95e13cd46b2adc4cb5.jpg", "https://vocefiscal-poll-tape-uploads.s3.amazonaws.com/us-east-1%3A5fd5bfc9-1a28-4472-85ce-45d92f679bc9/br/ce/iguatu/zona-0013/fcc5475132d778102a91a10fb66b35be.jpg", "https://vocefiscal-poll-tape-uploads.s3.amazonaws.com/us-east-1%3A5fd5bfc9-1a28-4472-85ce-45d92f679bc9/br/ce/iguatu/zona-0013/d549d8bd1a956ac18c0e4cc18eb2cac4.jpg", "https://vocefiscal-poll-tape-uploads.s3.amazonaws.com/us-east-1%3A5fd5bfc9-1a28-4472-85ce-45d92f679bc9/br/ce/iguatu/zona-0013/d2229e4d7980c2db20ee005b201c6f6f.jpg", "https://vocefiscal-poll-tape-uploads.s3.amazonaws.com/us-east-1%3A5fd5bfc9-1a28-4472-85ce-45d92f679bc9/br/ce/iguatu/zona-0013/f1aa730d6e42c916293d889f0be0b3b9.jpg", "https://vocefiscal-poll-tape-uploads.s3.amazonaws.com/us-east-1%3A5fd5bfc9-1a28-4472-85ce-45d92f679bc9/br/ce/iguatu/zona-0013/c050e915b3481bd1fe3eeb212c573b7f.jpg", "https://vocefiscal-poll-tape-uploads.s3.amazonaws.com/us-east-1%3A5fd5bfc9-1a28-4472-85ce-45d92f679bc9/br/ce/iguatu/zona-0013/58fdae070a4d29409b1433a202cf2abc.jpg", "https://vocefiscal-poll-tape-uploads.s3.amazonaws.com/us-east-1%3A5fd5bfc9-1a28-4472-85ce-45d92f679bc9/br/ce/iguatu/zona-0013/45e1ba671d6f6586458e25533435b9f9.jpg", "https://vocefiscal-poll-tape-uploads.s3.amazonaws.com/us-east-1%3A5fd5bfc9-1a28-4472-85ce-45d92f679bc9/br/ce/iguatu/zona-0013/c9b6d283522eb07525beb351a348de4.jpg", "https://vocefiscal-poll-tape-uploads.s3.amazonaws.com/us-east-1%3A5fd5bfc9-1a28-4472-85ce-45d92f679bc9/br/ce/iguatu/zona-0013/d1515c3745ec328afc24eb7d01986700.jpg", "https://vocefiscal-poll-tape-uploads.s3.amazonaws.com/us-east-1%3A5fd5bfc9-1a28-4472-85ce-45d92f679bc9/br/ce/iguatu/zona-0013/818cf43b2c12b3eac6a9e60d26dd9e84.jpg", "https://vocefiscal-poll-tape-uploads.s3.amazonaws.com/us-east-1%3A5fd5bfc9-1a28-4472-85ce-45d92f679bc9/br/ce/iguatu/zona-0013/84d4aa7cf90b048e0e09bdf4b17f4484.jpg", "https://vocefiscal-poll-tape-uploads.s3.amazonaws.com/us-east-1%3A5fd5bfc9-1a28-4472-85ce-45d92f679bc9/br/ce/iguatu/zona-0013/e2242a641cba6ff539886d96a5f53452.jpg"], "zonaEleitoral": "0013"}