{"estado": "CE", "municipio": "CANIND\u00c9", "data": 1412546736339, "secaoEleitoral": "0209", "pictureURLList": ["https://vocefiscal-poll-tape-uploads.s3.amazonaws.com/us-east-1%3A280e2633-4c1b-4632-a182-8830143c0725/br/ce/caninde/zona-0033/38e9420a9061ee6fd40a43bc1ab24d2e.jpg", "https://vocefiscal-poll-tape-uploads.s3.amazonaws.com/us-east-1%3A280e2633-4c1b-4632-a182-8830143c0725/br/ce/caninde/zona-0033/d74b82c3d772136822c139c86d02d871.jpg", "https://vocefiscal-poll-tape-uploads.s3.amazonaws.com/us-east-1%3A280e2633-4c1b-4632-a182-8830143c0725/br/ce/caninde/zona-0033/bd37aeda4bda2c02c339a9f0227db413.jpg", "https://vocefiscal-poll-tape-uploads.s3.amazonaws.com/us-east-1%3A280e2633-4c1b-4632-a182-8830143c0725/br/ce/caninde/zona-0033/72507dff4088c242a8b05d1b0970e3e5.jpg", "https://vocefiscal-poll-tape-uploads.s3.amazonaws.com/us-east-1%3A280e2633-4c1b-4632-a182-8830143c0725/br/ce/caninde/zona-0033/c08f08e75c50fbc7309c818b91223568.jpg", "https://vocefiscal-poll-tape-uploads.s3.amazonaws.com/us-east-1%3A280e2633-4c1b-4632-a182-8830143c0725/br/ce/caninde/zona-0033/fdf777b34635ab0ce02dbe62a75e783e.jpg", "https://vocefiscal-poll-tape-uploads.s3.amazonaws.com/us-east-1%3A280e2633-4c1b-4632-a182-8830143c0725/br/ce/caninde/zona-0033/63479c176608afe5b5bf063fdd6c15ca.jpg", "https://vocefiscal-poll-tape-uploads.s3.amazonaws.com/us-east-1%3A280e2633-4c1b-4632-a182-8830143c0725/br/ce/caninde/zona-0033/cb32ea9186e1fac32d79d4a681535e0.jpg", "https://vocefiscal-poll-tape-uploads.s3.amazonaws.com/us-east-1%3A280e2633-4c1b-4632-a182-8830143c0725/br/ce/caninde/zona-0033/7a699f58bcd45fe288b5138c77ecffe8.jpg", "https://vocefiscal-poll-tape-uploads.s3.amazonaws.com/us-east-1%3A280e2633-4c1b-4632-a182-8830143c0725/br/ce/caninde/zona-0033/b979e7ac3bd5119cd6b8fc3f500ac392.jpg", "https://vocefiscal-poll-tape-uploads.s3.amazonaws.com/us-east-1%3A280e2633-4c1b-4632-a182-8830143c0725/br/ce/caninde/zona-0033/7b3d7380d21de3c84866a8bbe77f3b7d.jpg", "https://vocefiscal-poll-tape-uploads.s3.amazonaws.com/us-east-1%3A280e2633-4c1b-4632-a182-8830143c0725/br/ce/caninde/zona-0033/1365e9f59932670c36193415e2a1b993.jpg", "https://vocefiscal-poll-tape-uploads.s3.amazonaws.com/us-east-1%3A280e2633-4c1b-4632-a182-8830143c0725/br/ce/caninde/zona-0033/f8bace36de19a44e876b35df75234229.jpg", "https://vocefiscal-poll-tape-uploads.s3.amazonaws.com/us-east-1%3A280e2633-4c1b-4632-a182-8830143c0725/br/ce/caninde/zona-0033/7719357784261c7467c0c1cd97e2c574.jpg", "https://vocefiscal-poll-tape-uploads.s3.amazonaws.com/us-east-1%3A280e2633-4c1b-4632-a182-8830143c0725/br/ce/caninde/zona-0033/9519d277769f1508c798379a0b998cba.jpg", "https://vocefiscal-poll-tape-uploads.s3.amazonaws.com/us-east-1%3A280e2633-4c1b-4632-a182-8830143c0725/br/ce/caninde/zona-0033/8dfa929b6c6967af6773801595872576.jpg", "https://vocefiscal-poll-tape-uploads.s3.amazonaws.com/us-east-1%3A280e2633-4c1b-4632-a182-8830143c0725/br/ce/caninde/zona-0033/49204952c9659a25e919528e9374a7f0.jpg", "https://vocefiscal-poll-tape-uploads.s3.amazonaws.com/us-east-1%3A280e2633-4c1b-4632-a182-8830143c0725/br/ce/caninde/zona-0033/61e27fad55e3d04804259960fa33fc7c.jpg"], "zonaEleitoral": "0033", "localDaVotacao": "1449"}