{"estado": "CE", "municipio": "IPU", "data": 1412541990045, "secaoEleitoral": "0020", "pictureURLList": ["https://vocefiscal-poll-tape-uploads.s3.amazonaws.com/us-east-1%3A2b46ae3b-4062-4f99-a8f0-39da75310e76/br/ce/ipu/zona-0021/8ecba76b5f5cb55c35a45dfcc37ec672.jpg", "https://vocefiscal-poll-tape-uploads.s3.amazonaws.com/us-east-1%3A2b46ae3b-4062-4f99-a8f0-39da75310e76/br/ce/ipu/zona-0021/b98c0695cdff43fb24457bd20d6e9fd3.jpg", "https://vocefiscal-poll-tape-uploads.s3.amazonaws.com/us-east-1%3A2b46ae3b-4062-4f99-a8f0-39da75310e76/br/ce/ipu/zona-0021/b7ee8f0065d40dfbd916b026ab35f783.jpg", "https://vocefiscal-poll-tape-uploads.s3.amazonaws.com/us-east-1%3A2b46ae3b-4062-4f99-a8f0-39da75310e76/br/ce/ipu/zona-0021/d15f2b9ccdfc180e6d7bdac281f8979d.jpg", "https://vocefiscal-poll-tape-uploads.s3.amazonaws.com/us-east-1%3A2b46ae3b-4062-4f99-a8f0-39da75310e76/br/ce/ipu/zona-0021/1fe608e0151ffabe5fd158fd96e8c32d.jpg", "https://vocefiscal-poll-tape-uploads.s3.amazonaws.com/us-east-1%3A2b46ae3b-4062-4f99-a8f0-39da75310e76/br/ce/ipu/zona-0021/36363c1c418715c26f34d68720ae4f8f.jpg", "https://vocefiscal-poll-tape-uploads.s3.amazonaws.com/us-east-1%3A2b46ae3b-4062-4f99-a8f0-39da75310e76/br/ce/ipu/zona-0021/25a9b90bfc76c247e75cf635e24bb132.jpg", "https://vocefiscal-poll-tape-uploads.s3.amazonaws.com/us-east-1%3A2b46ae3b-4062-4f99-a8f0-39da75310e76/br/ce/ipu/zona-0021/35eaf27091929797b2096a6ddafb3951.jpg", "https://vocefiscal-poll-tape-uploads.s3.amazonaws.com/us-east-1%3A2b46ae3b-4062-4f99-a8f0-39da75310e76/br/ce/ipu/zona-0021/f6ea1bb3ad50688caa26e17ac6782b17.jpg", "https://vocefiscal-poll-tape-uploads.s3.amazonaws.com/us-east-1%3A2b46ae3b-4062-4f99-a8f0-39da75310e76/br/ce/ipu/zona-0021/e38c6d9ad22cc29057a5844713665658.jpg", "https://vocefiscal-poll-tape-uploads.s3.amazonaws.com/us-east-1%3A2b46ae3b-4062-4f99-a8f0-39da75310e76/br/ce/ipu/zona-0021/1835a34c893fd317158a3ecae0cc0d08.jpg", "https://vocefiscal-poll-tape-uploads.s3.amazonaws.com/us-east-1%3A2b46ae3b-4062-4f99-a8f0-39da75310e76/br/ce/ipu/zona-0021/867b595a3757f4dccb1d206d0725368b.jpg", "https://vocefiscal-poll-tape-uploads.s3.amazonaws.com/us-east-1%3A2b46ae3b-4062-4f99-a8f0-39da75310e76/br/ce/ipu/zona-0021/5f895bace7d8afad8a98792df72035e.jpg", "https://vocefiscal-poll-tape-uploads.s3.amazonaws.com/us-east-1%3A2b46ae3b-4062-4f99-a8f0-39da75310e76/br/ce/ipu/zona-0021/4d3176eb33aab105b394c2b66b1bbdfe.jpg", "https://vocefiscal-poll-tape-uploads.s3.amazonaws.com/us-east-1%3A2b46ae3b-4062-4f99-a8f0-39da75310e76/br/ce/ipu/zona-0021/85c6fca6af7c9a20fa2247e9c41ee8e6.jpg", "https://vocefiscal-poll-tape-uploads.s3.amazonaws.com/us-east-1%3A2b46ae3b-4062-4f99-a8f0-39da75310e76/br/ce/ipu/zona-0021/2639ae247add9c1ad388debfcd456e63.jpg", "https://vocefiscal-poll-tape-uploads.s3.amazonaws.com/us-east-1%3A2b46ae3b-4062-4f99-a8f0-39da75310e76/br/ce/ipu/zona-0021/a51e6dc83d9aaa831545a7ecb2059937.jpg", "https://vocefiscal-poll-tape-uploads.s3.amazonaws.com/us-east-1%3A2b46ae3b-4062-4f99-a8f0-39da75310e76/br/ce/ipu/zona-0021/8ebfd2506792151388c506869a2964f5.jpg", "https://vocefiscal-poll-tape-uploads.s3.amazonaws.com/us-east-1%3A2b46ae3b-4062-4f99-a8f0-39da75310e76/br/ce/ipu/zona-0021/284478978bf8c60a3065e7de5d719586.jpg", "https://vocefiscal-poll-tape-uploads.s3.amazonaws.com/us-east-1%3A2b46ae3b-4062-4f99-a8f0-39da75310e76/br/ce/ipu/zona-0021/ffd9a8735b20acaacbc027f0401ac429.jpg", "https://vocefiscal-poll-tape-uploads.s3.amazonaws.com/us-east-1%3A2b46ae3b-4062-4f99-a8f0-39da75310e76/br/ce/ipu/zona-0021/8d9642880b37c261e292c9e175c381f3.jpg", "https://vocefiscal-poll-tape-uploads.s3.amazonaws.com/us-east-1%3A2b46ae3b-4062-4f99-a8f0-39da75310e76/br/ce/ipu/zona-0021/e1af220d8bbd40d4dfedbcb453a92b23.jpg", "https://vocefiscal-poll-tape-uploads.s3.amazonaws.com/us-east-1%3A2b46ae3b-4062-4f99-a8f0-39da75310e76/br/ce/ipu/zona-0021/e52b65843ca256839860b4dd12e48c02.jpg"], "zonaEleitoral": "0021", "localDaVotacao": "1287"}