{"estado": "CE", "municipio": "FORTALEZA", "data": 1412541686316, "secaoEleitoral": "0228", "pictureURLList": ["https://vocefiscal-poll-tape-uploads.s3.amazonaws.com/us-east-1%3A9ced1cb3-05b3-4a9a-9e30-e10a84999299/br/ce/fortaleza/zona-0115/64021019c923435e0422b140f795dddf.jpg", "https://vocefiscal-poll-tape-uploads.s3.amazonaws.com/us-east-1%3A9ced1cb3-05b3-4a9a-9e30-e10a84999299/br/ce/fortaleza/zona-0115/11fdfee688c19c184eb9995cec342b11.jpg", "https://vocefiscal-poll-tape-uploads.s3.amazonaws.com/us-east-1%3A9ced1cb3-05b3-4a9a-9e30-e10a84999299/br/ce/fortaleza/zona-0115/59c0b1e9f72cc9c7b0b4aa359b2e6702.jpg", "https://vocefiscal-poll-tape-uploads.s3.amazonaws.com/us-east-1%3A9ced1cb3-05b3-4a9a-9e30-e10a84999299/br/ce/fortaleza/zona-0115/553fb6abed5417a62ef2291d905d5dec.jpg", "https://vocefiscal-poll-tape-uploads.s3.amazonaws.com/us-east-1%3A9ced1cb3-05b3-4a9a-9e30-e10a84999299/br/ce/fortaleza/zona-0115/5dfaebc6963cbb6a574932d5ee0eeea4.jpg", "https://vocefiscal-poll-tape-uploads.s3.amazonaws.com/us-east-1%3A9ced1cb3-05b3-4a9a-9e30-e10a84999299/br/ce/fortaleza/zona-0115/1d379c3194d23bae1509ab870278a327.jpg", "https://vocefiscal-poll-tape-uploads.s3.amazonaws.com/us-east-1%3A9ced1cb3-05b3-4a9a-9e30-e10a84999299/br/ce/fortaleza/zona-0115/e839c7134c64a60373bfdf39403c7d40.jpg", "https://vocefiscal-poll-tape-uploads.s3.amazonaws.com/us-east-1%3A9ced1cb3-05b3-4a9a-9e30-e10a84999299/br/ce/fortaleza/zona-0115/4abe7d974f37e0d984dc37bfd3220ecf.jpg", "https://vocefiscal-poll-tape-uploads.s3.amazonaws.com/us-east-1%3A9ced1cb3-05b3-4a9a-9e30-e10a84999299/br/ce/fortaleza/zona-0115/c2123d2c9cac0c20a5f25333b4c7daa1.jpg", "https://vocefiscal-poll-tape-uploads.s3.amazonaws.com/us-east-1%3A9ced1cb3-05b3-4a9a-9e30-e10a84999299/br/ce/fortaleza/zona-0115/4fe025b2a930fef28bc6596df8ace4ba.jpg", "https://vocefiscal-poll-tape-uploads.s3.amazonaws.com/us-east-1%3A9ced1cb3-05b3-4a9a-9e30-e10a84999299/br/ce/fortaleza/zona-0115/f7a048ec0bad45fa95659b66e33c2882.jpg", "https://vocefiscal-poll-tape-uploads.s3.amazonaws.com/us-east-1%3A9ced1cb3-05b3-4a9a-9e30-e10a84999299/br/ce/fortaleza/zona-0115/b18dd28145be30f496cbff54b95b2eed.jpg", "https://vocefiscal-poll-tape-uploads.s3.amazonaws.com/us-east-1%3A9ced1cb3-05b3-4a9a-9e30-e10a84999299/br/ce/fortaleza/zona-0115/9cff5b2c0582adebabc0be4008e2f0f.jpg", "https://vocefiscal-poll-tape-uploads.s3.amazonaws.com/us-east-1%3A9ced1cb3-05b3-4a9a-9e30-e10a84999299/br/ce/fortaleza/zona-0115/fe8802db04adf1fa5684e717376af0b.jpg", "https://vocefiscal-poll-tape-uploads.s3.amazonaws.com/us-east-1%3A9ced1cb3-05b3-4a9a-9e30-e10a84999299/br/ce/fortaleza/zona-0115/a6066958ba4984cb056e9c20b13a2f12.jpg", "https://vocefiscal-poll-tape-uploads.s3.amazonaws.com/us-east-1%3A9ced1cb3-05b3-4a9a-9e30-e10a84999299/br/ce/fortaleza/zona-0115/c8b8e8d79578a608cd871974806c7ab7.jpg", "https://vocefiscal-poll-tape-uploads.s3.amazonaws.com/us-east-1%3A9ced1cb3-05b3-4a9a-9e30-e10a84999299/br/ce/fortaleza/zona-0115/f0965253f8df3d03154fec8cd9f48e53.jpg", "https://vocefiscal-poll-tape-uploads.s3.amazonaws.com/us-east-1%3A9ced1cb3-05b3-4a9a-9e30-e10a84999299/br/ce/fortaleza/zona-0115/ce5634ee711e20799c06babdb30daa86.jpg", "https://vocefiscal-poll-tape-uploads.s3.amazonaws.com/us-east-1%3A9ced1cb3-05b3-4a9a-9e30-e10a84999299/br/ce/fortaleza/zona-0115/b8b353dba4a99f600f7ec0678c5510f3.jpg", "https://vocefiscal-poll-tape-uploads.s3.amazonaws.com/us-east-1%3A9ced1cb3-05b3-4a9a-9e30-e10a84999299/br/ce/fortaleza/zona-0115/d13a0d4e89308b25aeef61b466f6d115.jpg", "https://vocefiscal-poll-tape-uploads.s3.amazonaws.com/us-east-1%3A9ced1cb3-05b3-4a9a-9e30-e10a84999299/br/ce/fortaleza/zona-0115/de4249acab822617c4fe8933b608ec14.jpg", "https://vocefiscal-poll-tape-uploads.s3.amazonaws.com/us-east-1%3A9ced1cb3-05b3-4a9a-9e30-e10a84999299/br/ce/fortaleza/zona-0115/5417984e5d2b53f7b662d9314c543eb6.jpg", "https://vocefiscal-poll-tape-uploads.s3.amazonaws.com/us-east-1%3A9ced1cb3-05b3-4a9a-9e30-e10a84999299/br/ce/fortaleza/zona-0115/d281b77709faaa737e2e5c7a73829569.jpg", "https://vocefiscal-poll-tape-uploads.s3.amazonaws.com/us-east-1%3A9ced1cb3-05b3-4a9a-9e30-e10a84999299/br/ce/fortaleza/zona-0115/c7ca54d7ff27f7dad271c86c8e1832c8.jpg", "https://vocefiscal-poll-tape-uploads.s3.amazonaws.com/us-east-1%3A9ced1cb3-05b3-4a9a-9e30-e10a84999299/br/ce/fortaleza/zona-0115/f6d774da8a5ed7b5af79daf3bdea5bab.jpg"], "zonaEleitoral": "0115"}