{"estado": "CE", "municipio": "FORTALEZA", "data": 1412541251524, "secaoEleitoral": "0676", "pictureURLList": ["https://vocefiscal-poll-tape-uploads.s3.amazonaws.com/us-east-1%3A36ef6c08-2cc0-4854-9322-9734e4cbb4df/br/ce/fortaleza/zona-0001/4f1b86a84d09224903833b9f4e92b577.jpg", "https://vocefiscal-poll-tape-uploads.s3.amazonaws.com/us-east-1%3A36ef6c08-2cc0-4854-9322-9734e4cbb4df/br/ce/fortaleza/zona-0001/8118b24d6c3a7d1edd6fc756c976de72.jpg", "https://vocefiscal-poll-tape-uploads.s3.amazonaws.com/us-east-1%3A36ef6c08-2cc0-4854-9322-9734e4cbb4df/br/ce/fortaleza/zona-0001/7d7e0874e1c06a972129e6e450b73217.jpg", "https://vocefiscal-poll-tape-uploads.s3.amazonaws.com/us-east-1%3A36ef6c08-2cc0-4854-9322-9734e4cbb4df/br/ce/fortaleza/zona-0001/a9fb36a51634ae01ec9e2d350b332bee.jpg", "https://vocefiscal-poll-tape-uploads.s3.amazonaws.com/us-east-1%3A36ef6c08-2cc0-4854-9322-9734e4cbb4df/br/ce/fortaleza/zona-0001/9fd552e16dc8e231f876a0d1143a07fe.jpg", "https://vocefiscal-poll-tape-uploads.s3.amazonaws.com/us-east-1%3A36ef6c08-2cc0-4854-9322-9734e4cbb4df/br/ce/fortaleza/zona-0001/9f7815c33e55ce2a6c6284d6921e41c7.jpg", "https://vocefiscal-poll-tape-uploads.s3.amazonaws.com/us-east-1%3A36ef6c08-2cc0-4854-9322-9734e4cbb4df/br/ce/fortaleza/zona-0001/3514e19655479f087cfec081e99590e7.jpg", "https://vocefiscal-poll-tape-uploads.s3.amazonaws.com/us-east-1%3A36ef6c08-2cc0-4854-9322-9734e4cbb4df/br/ce/fortaleza/zona-0001/dae6161b00565bddd811cc713dfab7c1.jpg", "https://vocefiscal-poll-tape-uploads.s3.amazonaws.com/us-east-1%3A36ef6c08-2cc0-4854-9322-9734e4cbb4df/br/ce/fortaleza/zona-0001/647da4c7acfe3a8c8a3fdcb5d5d1ad71.jpg", "https://vocefiscal-poll-tape-uploads.s3.amazonaws.com/us-east-1%3A36ef6c08-2cc0-4854-9322-9734e4cbb4df/br/ce/fortaleza/zona-0001/d7f2a7457378b3c337728836a1b5de39.jpg", "https://vocefiscal-poll-tape-uploads.s3.amazonaws.com/us-east-1%3A36ef6c08-2cc0-4854-9322-9734e4cbb4df/br/ce/fortaleza/zona-0001/91ee982f086f6cf9cccf568968a91437.jpg", "https://vocefiscal-poll-tape-uploads.s3.amazonaws.com/us-east-1%3A36ef6c08-2cc0-4854-9322-9734e4cbb4df/br/ce/fortaleza/zona-0001/31bbaead262b34c4ba4b3fa271a42e36.jpg", "https://vocefiscal-poll-tape-uploads.s3.amazonaws.com/us-east-1%3A36ef6c08-2cc0-4854-9322-9734e4cbb4df/br/ce/fortaleza/zona-0001/1da661961e2ffa71b8999e6afa676c98.jpg", "https://vocefiscal-poll-tape-uploads.s3.amazonaws.com/us-east-1%3A36ef6c08-2cc0-4854-9322-9734e4cbb4df/br/ce/fortaleza/zona-0001/2cb4c6acabc4f8b916b89f41d948bd50.jpg", "https://vocefiscal-poll-tape-uploads.s3.amazonaws.com/us-east-1%3A36ef6c08-2cc0-4854-9322-9734e4cbb4df/br/ce/fortaleza/zona-0001/2437f6ffd74d58d19161349596ea1203.jpg", "https://vocefiscal-poll-tape-uploads.s3.amazonaws.com/us-east-1%3A36ef6c08-2cc0-4854-9322-9734e4cbb4df/br/ce/fortaleza/zona-0001/3aba5f3e1acd7594fbe526d37a1cb1f1.jpg", "https://vocefiscal-poll-tape-uploads.s3.amazonaws.com/us-east-1%3A36ef6c08-2cc0-4854-9322-9734e4cbb4df/br/ce/fortaleza/zona-0001/9905e8fe96b3324519a9c5c45e87b845.jpg", "https://vocefiscal-poll-tape-uploads.s3.amazonaws.com/us-east-1%3A36ef6c08-2cc0-4854-9322-9734e4cbb4df/br/ce/fortaleza/zona-0001/14a54fa0dd6744e6d01b159ef1bd5716.jpg", "https://vocefiscal-poll-tape-uploads.s3.amazonaws.com/us-east-1%3A36ef6c08-2cc0-4854-9322-9734e4cbb4df/br/ce/fortaleza/zona-0001/6ffb290265e84dd8e89149754e8cc3c8.jpg", "https://vocefiscal-poll-tape-uploads.s3.amazonaws.com/us-east-1%3A36ef6c08-2cc0-4854-9322-9734e4cbb4df/br/ce/fortaleza/zona-0001/264092809b1f30ba9ca32a0ae30fe71e.jpg", "https://vocefiscal-poll-tape-uploads.s3.amazonaws.com/us-east-1%3A36ef6c08-2cc0-4854-9322-9734e4cbb4df/br/ce/fortaleza/zona-0001/6b3a9beee183e1a1be76cbce23d0f5b6.jpg", "https://vocefiscal-poll-tape-uploads.s3.amazonaws.com/us-east-1%3A36ef6c08-2cc0-4854-9322-9734e4cbb4df/br/ce/fortaleza/zona-0001/846cc8c3a82d6d15fa5f7c6ba4dbe8c3.jpg", "https://vocefiscal-poll-tape-uploads.s3.amazonaws.com/us-east-1%3A36ef6c08-2cc0-4854-9322-9734e4cbb4df/br/ce/fortaleza/zona-0001/e56f6733ded510a3565af45229e7bca3.jpg", "https://vocefiscal-poll-tape-uploads.s3.amazonaws.com/us-east-1%3A36ef6c08-2cc0-4854-9322-9734e4cbb4df/br/ce/fortaleza/zona-0001/77643fa4d91860f353ba4259e076eea4.jpg", "https://vocefiscal-poll-tape-uploads.s3.amazonaws.com/us-east-1%3A36ef6c08-2cc0-4854-9322-9734e4cbb4df/br/ce/fortaleza/zona-0001/60113c4def7c7540ee141820120cb4c.jpg", "https://vocefiscal-poll-tape-uploads.s3.amazonaws.com/us-east-1%3A36ef6c08-2cc0-4854-9322-9734e4cbb4df/br/ce/fortaleza/zona-0001/33126852589fdb8a20ddd940799f2589.jpg", "https://vocefiscal-poll-tape-uploads.s3.amazonaws.com/us-east-1%3A36ef6c08-2cc0-4854-9322-9734e4cbb4df/br/ce/fortaleza/zona-0001/81e8c13dae42f0860fb9c7f863c52ee.jpg", "https://vocefiscal-poll-tape-uploads.s3.amazonaws.com/us-east-1%3A36ef6c08-2cc0-4854-9322-9734e4cbb4df/br/ce/fortaleza/zona-0001/f6c44eb2fba6e5ae72fb27584399679f.jpg", "https://vocefiscal-poll-tape-uploads.s3.amazonaws.com/us-east-1%3A36ef6c08-2cc0-4854-9322-9734e4cbb4df/br/ce/fortaleza/zona-0001/ff85196cf2330c0fdcf75e846f9376c2.jpg", "https://vocefiscal-poll-tape-uploads.s3.amazonaws.com/us-east-1%3A36ef6c08-2cc0-4854-9322-9734e4cbb4df/br/ce/fortaleza/zona-0001/868ceddfe189b566bc831bc35e4bee0.jpg", "https://vocefiscal-poll-tape-uploads.s3.amazonaws.com/us-east-1%3A36ef6c08-2cc0-4854-9322-9734e4cbb4df/br/ce/fortaleza/zona-0001/d837e46557c4d4f27616b0f3a695862e.jpg", "https://vocefiscal-poll-tape-uploads.s3.amazonaws.com/us-east-1%3A36ef6c08-2cc0-4854-9322-9734e4cbb4df/br/ce/fortaleza/zona-0001/796e5a5d0bc1d124860ad1ab8cf86712.jpg"], "zonaEleitoral": "0001", "localDaVotacao": "2372"}