{"estado": "CE", "municipio": "FORTALEZA", "data": 1412549951718, "secaoEleitoral": "0610", "pictureURLList": ["https://vocefiscal-poll-tape-uploads.s3.amazonaws.com/us-east-1%3A080a8a64-71d6-4561-a422-5479c2261342/br/ce/fortaleza/zona-0082/db3bc429df4672353fd190d7d7b92a40.jpg", "https://vocefiscal-poll-tape-uploads.s3.amazonaws.com/us-east-1%3A080a8a64-71d6-4561-a422-5479c2261342/br/ce/fortaleza/zona-0082/42f09453f14821d6b6687d9f0e3fcd52.jpg", "https://vocefiscal-poll-tape-uploads.s3.amazonaws.com/us-east-1%3A080a8a64-71d6-4561-a422-5479c2261342/br/ce/fortaleza/zona-0082/4203e302a2527f7df355ca2466ca710f.jpg", "https://vocefiscal-poll-tape-uploads.s3.amazonaws.com/us-east-1%3A080a8a64-71d6-4561-a422-5479c2261342/br/ce/fortaleza/zona-0082/9edb00343d5f5496d856edb207bbb294.jpg", "https://vocefiscal-poll-tape-uploads.s3.amazonaws.com/us-east-1%3A080a8a64-71d6-4561-a422-5479c2261342/br/ce/fortaleza/zona-0082/2922b7133c86987f5b00ef1c623a2a8a.jpg", "https://vocefiscal-poll-tape-uploads.s3.amazonaws.com/us-east-1%3A080a8a64-71d6-4561-a422-5479c2261342/br/ce/fortaleza/zona-0082/aed221d1ee3998764b414a1f4f0e134f.jpg", "https://vocefiscal-poll-tape-uploads.s3.amazonaws.com/us-east-1%3A080a8a64-71d6-4561-a422-5479c2261342/br/ce/fortaleza/zona-0082/fe9fd524be6f4067ae055d1efcfb20db.jpg", "https://vocefiscal-poll-tape-uploads.s3.amazonaws.com/us-east-1%3A080a8a64-71d6-4561-a422-5479c2261342/br/ce/fortaleza/zona-0082/be7b94957dee7e28f82dea4a7baa90be.jpg", "https://vocefiscal-poll-tape-uploads.s3.amazonaws.com/us-east-1%3A080a8a64-71d6-4561-a422-5479c2261342/br/ce/fortaleza/zona-0082/a6f54cb28a822fdcbdaba619827bf8aa.jpg", "https://vocefiscal-poll-tape-uploads.s3.amazonaws.com/us-east-1%3A080a8a64-71d6-4561-a422-5479c2261342/br/ce/fortaleza/zona-0082/bbb3bc5fc0e56c9c025a3fc11a2db83f.jpg", "https://vocefiscal-poll-tape-uploads.s3.amazonaws.com/us-east-1%3A080a8a64-71d6-4561-a422-5479c2261342/br/ce/fortaleza/zona-0082/19d3b34ad99c2adb83c4a9affa2687c6.jpg", "https://vocefiscal-poll-tape-uploads.s3.amazonaws.com/us-east-1%3A080a8a64-71d6-4561-a422-5479c2261342/br/ce/fortaleza/zona-0082/3095d4ca56d8732d958ff5b35fd9a94e.jpg", "https://vocefiscal-poll-tape-uploads.s3.amazonaws.com/us-east-1%3A080a8a64-71d6-4561-a422-5479c2261342/br/ce/fortaleza/zona-0082/d64dfb449c2831caaf864649c939d95.jpg", "https://vocefiscal-poll-tape-uploads.s3.amazonaws.com/us-east-1%3A080a8a64-71d6-4561-a422-5479c2261342/br/ce/fortaleza/zona-0082/b99c49adf2e98d477b4161332bc24c41.jpg", "https://vocefiscal-poll-tape-uploads.s3.amazonaws.com/us-east-1%3A080a8a64-71d6-4561-a422-5479c2261342/br/ce/fortaleza/zona-0082/46907e1276dc09fb082cdead0570b3c6.jpg", "https://vocefiscal-poll-tape-uploads.s3.amazonaws.com/us-east-1%3A080a8a64-71d6-4561-a422-5479c2261342/br/ce/fortaleza/zona-0082/ef0ec23094172500c7fad645c8d9ce20.jpg", "https://vocefiscal-poll-tape-uploads.s3.amazonaws.com/us-east-1%3A080a8a64-71d6-4561-a422-5479c2261342/br/ce/fortaleza/zona-0082/e638257bc270909839e0cac029997a11.jpg", "https://vocefiscal-poll-tape-uploads.s3.amazonaws.com/us-east-1%3A080a8a64-71d6-4561-a422-5479c2261342/br/ce/fortaleza/zona-0082/2bddd8eed5fe9d32855a087bba5e5e5c.jpg", "https://vocefiscal-poll-tape-uploads.s3.amazonaws.com/us-east-1%3A080a8a64-71d6-4561-a422-5479c2261342/br/ce/fortaleza/zona-0082/6067414d6174ec2b309d51fe30b70c8c.jpg", "https://vocefiscal-poll-tape-uploads.s3.amazonaws.com/us-east-1%3A080a8a64-71d6-4561-a422-5479c2261342/br/ce/fortaleza/zona-0082/f4a81474e187db45f5eaca7ff579ce09.jpg", "https://vocefiscal-poll-tape-uploads.s3.amazonaws.com/us-east-1%3A080a8a64-71d6-4561-a422-5479c2261342/br/ce/fortaleza/zona-0082/3882aaafbd873b6b05f5d001b9b7426f.jpg", "https://vocefiscal-poll-tape-uploads.s3.amazonaws.com/us-east-1%3A080a8a64-71d6-4561-a422-5479c2261342/br/ce/fortaleza/zona-0082/38fd9191d98156b6dfbe34fc85f8a3a0.jpg", "https://vocefiscal-poll-tape-uploads.s3.amazonaws.com/us-east-1%3A080a8a64-71d6-4561-a422-5479c2261342/br/ce/fortaleza/zona-0082/c4abcf99fd4e587c8dbd91cef8d194e8.jpg", "https://vocefiscal-poll-tape-uploads.s3.amazonaws.com/us-east-1%3A080a8a64-71d6-4561-a422-5479c2261342/br/ce/fortaleza/zona-0082/f2b2ad517c1978c224705b27e412f6be.jpg", "https://vocefiscal-poll-tape-uploads.s3.amazonaws.com/us-east-1%3A080a8a64-71d6-4561-a422-5479c2261342/br/ce/fortaleza/zona-0082/de88ead2907d37e63da2c1e6077be9d3.jpg", "https://vocefiscal-poll-tape-uploads.s3.amazonaws.com/us-east-1%3A080a8a64-71d6-4561-a422-5479c2261342/br/ce/fortaleza/zona-0082/734a18d2bcef74bff3a12158419913a2.jpg", "https://vocefiscal-poll-tape-uploads.s3.amazonaws.com/us-east-1%3A080a8a64-71d6-4561-a422-5479c2261342/br/ce/fortaleza/zona-0082/2d9f25b2e9bed438ed2e5313788eea17.jpg", "https://vocefiscal-poll-tape-uploads.s3.amazonaws.com/us-east-1%3A080a8a64-71d6-4561-a422-5479c2261342/br/ce/fortaleza/zona-0082/913ac07c4b8855ace6204b9e9b5aa94.jpg", "https://vocefiscal-poll-tape-uploads.s3.amazonaws.com/us-east-1%3A080a8a64-71d6-4561-a422-5479c2261342/br/ce/fortaleza/zona-0082/bfac125751bef7d671d0dcf325daa1fb.jpg", "https://vocefiscal-poll-tape-uploads.s3.amazonaws.com/us-east-1%3A080a8a64-71d6-4561-a422-5479c2261342/br/ce/fortaleza/zona-0082/c7a3c64075ae52ba1f959da3e65ceead.jpg", "https://vocefiscal-poll-tape-uploads.s3.amazonaws.com/us-east-1%3A080a8a64-71d6-4561-a422-5479c2261342/br/ce/fortaleza/zona-0082/8870971a63374d924f0eb93c68b553bc.jpg", "https://vocefiscal-poll-tape-uploads.s3.amazonaws.com/us-east-1%3A080a8a64-71d6-4561-a422-5479c2261342/br/ce/fortaleza/zona-0082/423e65c68d3f595d1a59273c85226bef.jpg", "https://vocefiscal-poll-tape-uploads.s3.amazonaws.com/us-east-1%3A080a8a64-71d6-4561-a422-5479c2261342/br/ce/fortaleza/zona-0082/1554f426be82af3c35755d572bff765a.jpg", "https://vocefiscal-poll-tape-uploads.s3.amazonaws.com/us-east-1%3A080a8a64-71d6-4561-a422-5479c2261342/br/ce/fortaleza/zona-0082/553efcf77db312192c66e4043074a1ef.jpg"], "zonaEleitoral": "0082", "localDaVotacao": "1767"}