{"estado": "CE", "municipio": "FORTALEZA", "data": 1412541108961, "secaoEleitoral": "0689", "pictureURLList": ["https://vocefiscal-poll-tape-uploads.s3.amazonaws.com/us-east-1%3A8a94ec06-833c-4d7e-8a62-2914300e0719/br/ce/fortaleza/zona-0002/1ca390d1c138578c6b7a4a93e620f7dc.jpg", "https://vocefiscal-poll-tape-uploads.s3.amazonaws.com/us-east-1%3A8a94ec06-833c-4d7e-8a62-2914300e0719/br/ce/fortaleza/zona-0002/226b6ad6aaa9587b89255b076dcf4950.jpg", "https://vocefiscal-poll-tape-uploads.s3.amazonaws.com/us-east-1%3A8a94ec06-833c-4d7e-8a62-2914300e0719/br/ce/fortaleza/zona-0002/6f4db653466a7c2b638736d6e2b1277d.jpg", "https://vocefiscal-poll-tape-uploads.s3.amazonaws.com/us-east-1%3A8a94ec06-833c-4d7e-8a62-2914300e0719/br/ce/fortaleza/zona-0002/1b9c464e03f8d729bc1c2bef476e8253.jpg"], "zonaEleitoral": "0002", "localDaVotacao": "1228"}