{"estado": "CE", "municipio": "ITAPI\u00daNA", "data": 1412541533906, "secaoEleitoral": "0034", "pictureURLList": ["https://vocefiscal-poll-tape-uploads.s3.amazonaws.com/us-east-1%3A6a7a4ccc-db38-45a3-a59b-c870b521cc3e/br/ce/itapiuna/zona-0098/1fe941cdf858d4ff32858a0c50871b63.jpg", "https://vocefiscal-poll-tape-uploads.s3.amazonaws.com/us-east-1%3A6a7a4ccc-db38-45a3-a59b-c870b521cc3e/br/ce/itapiuna/zona-0098/6fb016bc99f38a8c94d9e72909e9bcd7.jpg", "https://vocefiscal-poll-tape-uploads.s3.amazonaws.com/us-east-1%3A6a7a4ccc-db38-45a3-a59b-c870b521cc3e/br/ce/itapiuna/zona-0098/2d3665c4b3d84eab497688a513665701.jpg", "https://vocefiscal-poll-tape-uploads.s3.amazonaws.com/us-east-1%3A6a7a4ccc-db38-45a3-a59b-c870b521cc3e/br/ce/itapiuna/zona-0098/fd6fd8e06343016b32d144bb00f49095.jpg", "https://vocefiscal-poll-tape-uploads.s3.amazonaws.com/us-east-1%3A6a7a4ccc-db38-45a3-a59b-c870b521cc3e/br/ce/itapiuna/zona-0098/a426c0070f73529d89bccc5dc03bfd1e.jpg", "https://vocefiscal-poll-tape-uploads.s3.amazonaws.com/us-east-1%3A6a7a4ccc-db38-45a3-a59b-c870b521cc3e/br/ce/itapiuna/zona-0098/7b99ab39d80b65bdc714d2572458a3f.jpg", "https://vocefiscal-poll-tape-uploads.s3.amazonaws.com/us-east-1%3A6a7a4ccc-db38-45a3-a59b-c870b521cc3e/br/ce/itapiuna/zona-0098/3554b463aa85bf19717dc6dd07630467.jpg", "https://vocefiscal-poll-tape-uploads.s3.amazonaws.com/us-east-1%3A6a7a4ccc-db38-45a3-a59b-c870b521cc3e/br/ce/itapiuna/zona-0098/ec3e93db2876d5965329d24a8ee2f00e.jpg", "https://vocefiscal-poll-tape-uploads.s3.amazonaws.com/us-east-1%3A6a7a4ccc-db38-45a3-a59b-c870b521cc3e/br/ce/itapiuna/zona-0098/bdc08cc0ccdca315669d6c9af49ac481.jpg", "https://vocefiscal-poll-tape-uploads.s3.amazonaws.com/us-east-1%3A6a7a4ccc-db38-45a3-a59b-c870b521cc3e/br/ce/itapiuna/zona-0098/799b3c26ed7eb7a29e94e79ec4d19535.jpg", "https://vocefiscal-poll-tape-uploads.s3.amazonaws.com/us-east-1%3A6a7a4ccc-db38-45a3-a59b-c870b521cc3e/br/ce/itapiuna/zona-0098/cfb22ebc6a858ccf95c909a25d09773f.jpg", "https://vocefiscal-poll-tape-uploads.s3.amazonaws.com/us-east-1%3A6a7a4ccc-db38-45a3-a59b-c870b521cc3e/br/ce/itapiuna/zona-0098/f344d303949ca83ca78c8fdb5dff3a72.jpg", "https://vocefiscal-poll-tape-uploads.s3.amazonaws.com/us-east-1%3A6a7a4ccc-db38-45a3-a59b-c870b521cc3e/br/ce/itapiuna/zona-0098/98d9a5cc0036ef52ecaab7d7d194e74d.jpg", "https://vocefiscal-poll-tape-uploads.s3.amazonaws.com/us-east-1%3A6a7a4ccc-db38-45a3-a59b-c870b521cc3e/br/ce/itapiuna/zona-0098/b4d2116b6b1fe2e4a8d38b967c57a704.jpg", "https://vocefiscal-poll-tape-uploads.s3.amazonaws.com/us-east-1%3A6a7a4ccc-db38-45a3-a59b-c870b521cc3e/br/ce/itapiuna/zona-0098/9352f3337ad80fcb7306e80d41af64d4.jpg", "https://vocefiscal-poll-tape-uploads.s3.amazonaws.com/us-east-1%3A6a7a4ccc-db38-45a3-a59b-c870b521cc3e/br/ce/itapiuna/zona-0098/333ab50e43c66a2f4d948b9d62b7064d.jpg", "https://vocefiscal-poll-tape-uploads.s3.amazonaws.com/us-east-1%3A6a7a4ccc-db38-45a3-a59b-c870b521cc3e/br/ce/itapiuna/zona-0098/b935302050c58c5274853d7d9485df6c.jpg", "https://vocefiscal-poll-tape-uploads.s3.amazonaws.com/us-east-1%3A6a7a4ccc-db38-45a3-a59b-c870b521cc3e/br/ce/itapiuna/zona-0098/b30de9aacafcf528d746ae03fa1276a5.jpg", "https://vocefiscal-poll-tape-uploads.s3.amazonaws.com/us-east-1%3A6a7a4ccc-db38-45a3-a59b-c870b521cc3e/br/ce/itapiuna/zona-0098/1838661d0d6b26264cb01c8dfb3c3bad.jpg", "https://vocefiscal-poll-tape-uploads.s3.amazonaws.com/us-east-1%3A6a7a4ccc-db38-45a3-a59b-c870b521cc3e/br/ce/itapiuna/zona-0098/9c34a491c9f9abe7186cdd7249001cc6.jpg"], "zonaEleitoral": "0098"}