{"estado": "CE", "municipio": "AQUIRAZ", "data": 1412545945500, "secaoEleitoral": "0237", "pictureURLList": ["https://vocefiscal-poll-tape-uploads.s3.amazonaws.com/us-east-1%3A19c1b9a3-c678-4eb5-838d-134622b85eed/br/ce/aquiraz/zona-0066/e65c9de33b5335e78db41568ec698efc.jpg", "https://vocefiscal-poll-tape-uploads.s3.amazonaws.com/us-east-1%3A19c1b9a3-c678-4eb5-838d-134622b85eed/br/ce/aquiraz/zona-0066/9475e1612e7db619b67c1b7bb83e34ac.jpg", "https://vocefiscal-poll-tape-uploads.s3.amazonaws.com/us-east-1%3A19c1b9a3-c678-4eb5-838d-134622b85eed/br/ce/aquiraz/zona-0066/74c5e446e872c8e5c14194a02ed79e2c.jpg", "https://vocefiscal-poll-tape-uploads.s3.amazonaws.com/us-east-1%3A19c1b9a3-c678-4eb5-838d-134622b85eed/br/ce/aquiraz/zona-0066/fcc4ec03547f12091b40e1a6054c76d9.jpg", "https://vocefiscal-poll-tape-uploads.s3.amazonaws.com/us-east-1%3A19c1b9a3-c678-4eb5-838d-134622b85eed/br/ce/aquiraz/zona-0066/b8aa98fa3f1177a6c09cfb2f3dc7effe.jpg", "https://vocefiscal-poll-tape-uploads.s3.amazonaws.com/us-east-1%3A19c1b9a3-c678-4eb5-838d-134622b85eed/br/ce/aquiraz/zona-0066/47d39f4900e751d0bf74cd77e63a3f53.jpg", "https://vocefiscal-poll-tape-uploads.s3.amazonaws.com/us-east-1%3A19c1b9a3-c678-4eb5-838d-134622b85eed/br/ce/aquiraz/zona-0066/f86d40821cfbb652fc61a796ae493d9b.jpg", "https://vocefiscal-poll-tape-uploads.s3.amazonaws.com/us-east-1%3A19c1b9a3-c678-4eb5-838d-134622b85eed/br/ce/aquiraz/zona-0066/ac75fc8b01ad3968c44efac285b6b5cf.jpg", "https://vocefiscal-poll-tape-uploads.s3.amazonaws.com/us-east-1%3A19c1b9a3-c678-4eb5-838d-134622b85eed/br/ce/aquiraz/zona-0066/11463e94dacb18e7b9688c547f0da166.jpg", "https://vocefiscal-poll-tape-uploads.s3.amazonaws.com/us-east-1%3A19c1b9a3-c678-4eb5-838d-134622b85eed/br/ce/aquiraz/zona-0066/103b7a1c3852d8f7705829090a4a9774.jpg", "https://vocefiscal-poll-tape-uploads.s3.amazonaws.com/us-east-1%3A19c1b9a3-c678-4eb5-838d-134622b85eed/br/ce/aquiraz/zona-0066/d8ca91da5ece8f0c84b1d6e42ecfe44f.jpg", "https://vocefiscal-poll-tape-uploads.s3.amazonaws.com/us-east-1%3A19c1b9a3-c678-4eb5-838d-134622b85eed/br/ce/aquiraz/zona-0066/71b2eca94617966eb62fd6fc9a96f772.jpg", "https://vocefiscal-poll-tape-uploads.s3.amazonaws.com/us-east-1%3A19c1b9a3-c678-4eb5-838d-134622b85eed/br/ce/aquiraz/zona-0066/25c2b79a933c5d40e49adea089a4410.jpg", "https://vocefiscal-poll-tape-uploads.s3.amazonaws.com/us-east-1%3A19c1b9a3-c678-4eb5-838d-134622b85eed/br/ce/aquiraz/zona-0066/ca0753c6f28009f00dc96817a00c931d.jpg"], "zonaEleitoral": "0066", "localDaVotacao": "1384"}