{"estado": "CE", "municipio": "ITAPIPOCA", "data": 1412541348051, "secaoEleitoral": "0049", "pictureURLList": ["https://vocefiscal-poll-tape-uploads.s3.amazonaws.com/us-east-1%3Ade77bf21-109a-4441-9d9a-87a548537a97/br/ce/itapipoca/zona-0017/ecdbeaf9dfdaa5932b98e7a775b89aa4.jpg", "https://vocefiscal-poll-tape-uploads.s3.amazonaws.com/us-east-1%3Ade77bf21-109a-4441-9d9a-87a548537a97/br/ce/itapipoca/zona-0017/4757a5bae779c0d8e07a3c7abb12ca20.jpg", "https://vocefiscal-poll-tape-uploads.s3.amazonaws.com/us-east-1%3Ade77bf21-109a-4441-9d9a-87a548537a97/br/ce/itapipoca/zona-0017/f495d18076db997dbe489a2d3fe0a019.jpg", "https://vocefiscal-poll-tape-uploads.s3.amazonaws.com/us-east-1%3Ade77bf21-109a-4441-9d9a-87a548537a97/br/ce/itapipoca/zona-0017/46c23f487ba7c0e0b7a0009fa3b45875.jpg", "https://vocefiscal-poll-tape-uploads.s3.amazonaws.com/us-east-1%3Ade77bf21-109a-4441-9d9a-87a548537a97/br/ce/itapipoca/zona-0017/f681959068c8a69a84e50790a17e2a2a.jpg", "https://vocefiscal-poll-tape-uploads.s3.amazonaws.com/us-east-1%3Ade77bf21-109a-4441-9d9a-87a548537a97/br/ce/itapipoca/zona-0017/81036f2f11591708bb6feae0f3522aa2.jpg", "https://vocefiscal-poll-tape-uploads.s3.amazonaws.com/us-east-1%3Ade77bf21-109a-4441-9d9a-87a548537a97/br/ce/itapipoca/zona-0017/8aa23bc2ff67323bcbb0b99c22d9781b.jpg", "https://vocefiscal-poll-tape-uploads.s3.amazonaws.com/us-east-1%3Ade77bf21-109a-4441-9d9a-87a548537a97/br/ce/itapipoca/zona-0017/abbd49d7c7d9e9699d86c05da783c830.jpg", "https://vocefiscal-poll-tape-uploads.s3.amazonaws.com/us-east-1%3Ade77bf21-109a-4441-9d9a-87a548537a97/br/ce/itapipoca/zona-0017/4921d145bb13ff174d0077ad020e0126.jpg", "https://vocefiscal-poll-tape-uploads.s3.amazonaws.com/us-east-1%3Ade77bf21-109a-4441-9d9a-87a548537a97/br/ce/itapipoca/zona-0017/8e4528fc812259686aad4489014dcc42.jpg", "https://vocefiscal-poll-tape-uploads.s3.amazonaws.com/us-east-1%3Ade77bf21-109a-4441-9d9a-87a548537a97/br/ce/itapipoca/zona-0017/8b56222a8ad15c3634dc1f53445a9105.jpg", "https://vocefiscal-poll-tape-uploads.s3.amazonaws.com/us-east-1%3Ade77bf21-109a-4441-9d9a-87a548537a97/br/ce/itapipoca/zona-0017/d520a4b62b61d139005ec333058dc66d.jpg", "https://vocefiscal-poll-tape-uploads.s3.amazonaws.com/us-east-1%3Ade77bf21-109a-4441-9d9a-87a548537a97/br/ce/itapipoca/zona-0017/485d2021594e31201bae94d377ddfa08.jpg", "https://vocefiscal-poll-tape-uploads.s3.amazonaws.com/us-east-1%3Ade77bf21-109a-4441-9d9a-87a548537a97/br/ce/itapipoca/zona-0017/900d2330a3c4461444182401d830847.jpg", "https://vocefiscal-poll-tape-uploads.s3.amazonaws.com/us-east-1%3Ade77bf21-109a-4441-9d9a-87a548537a97/br/ce/itapipoca/zona-0017/9aba5f427d8e1c182f79531208502bc7.jpg", "https://vocefiscal-poll-tape-uploads.s3.amazonaws.com/us-east-1%3Ade77bf21-109a-4441-9d9a-87a548537a97/br/ce/itapipoca/zona-0017/52a38a26772377db8162d2ce3f4fc658.jpg", "https://vocefiscal-poll-tape-uploads.s3.amazonaws.com/us-east-1%3Ade77bf21-109a-4441-9d9a-87a548537a97/br/ce/itapipoca/zona-0017/26be98d8463165d2045b8eae504b33b6.jpg", "https://vocefiscal-poll-tape-uploads.s3.amazonaws.com/us-east-1%3Ade77bf21-109a-4441-9d9a-87a548537a97/br/ce/itapipoca/zona-0017/74cd74c911388ea20b5cb69e1104a7cc.jpg", "https://vocefiscal-poll-tape-uploads.s3.amazonaws.com/us-east-1%3Ade77bf21-109a-4441-9d9a-87a548537a97/br/ce/itapipoca/zona-0017/c38ce1a155f4e65e16b4f43da4023acb.jpg", "https://vocefiscal-poll-tape-uploads.s3.amazonaws.com/us-east-1%3Ade77bf21-109a-4441-9d9a-87a548537a97/br/ce/itapipoca/zona-0017/31deac8041803ef94b2f3c805e1dccd4.jpg", "https://vocefiscal-poll-tape-uploads.s3.amazonaws.com/us-east-1%3Ade77bf21-109a-4441-9d9a-87a548537a97/br/ce/itapipoca/zona-0017/ba989f4b74a04d95300bec266f3a5ce3.jpg", "https://vocefiscal-poll-tape-uploads.s3.amazonaws.com/us-east-1%3Ade77bf21-109a-4441-9d9a-87a548537a97/br/ce/itapipoca/zona-0017/b904af52aa3d00d760fd27f535a34f45.jpg", "https://vocefiscal-poll-tape-uploads.s3.amazonaws.com/us-east-1%3Ade77bf21-109a-4441-9d9a-87a548537a97/br/ce/itapipoca/zona-0017/2a7cfbe2c2f924cda691da16d04a199a.jpg", "https://vocefiscal-poll-tape-uploads.s3.amazonaws.com/us-east-1%3Ade77bf21-109a-4441-9d9a-87a548537a97/br/ce/itapipoca/zona-0017/ea34963ac23fa8824c9dacd2307c6784.jpg", "https://vocefiscal-poll-tape-uploads.s3.amazonaws.com/us-east-1%3Ade77bf21-109a-4441-9d9a-87a548537a97/br/ce/itapipoca/zona-0017/d61e1c04d67006fd8c0bc66a3fcb2432.jpg", "https://vocefiscal-poll-tape-uploads.s3.amazonaws.com/us-east-1%3Ade77bf21-109a-4441-9d9a-87a548537a97/br/ce/itapipoca/zona-0017/69988c3dafdd265aebf3a94bdb882f2b.jpg", "https://vocefiscal-poll-tape-uploads.s3.amazonaws.com/us-east-1%3Ade77bf21-109a-4441-9d9a-87a548537a97/br/ce/itapipoca/zona-0017/5bc1b72b4d10e037c45e84284074901.jpg"], "zonaEleitoral": "0017", "localDaVotacao": "1031"}