{"estado": "CE", "municipio": "ITAPIPOCA", "data": 1412541138401, "secaoEleitoral": "0233", "pictureURLList": ["https://vocefiscal-poll-tape-uploads.s3.amazonaws.com/us-east-1%3Ac2178ee5-12b1-41db-8bb2-bf6d58ffd4f6/br/ce/itapipoca/zona-0017/ff33dc98ca4deb24aeb25459b762b7ae.jpg", "https://vocefiscal-poll-tape-uploads.s3.amazonaws.com/us-east-1%3Ac2178ee5-12b1-41db-8bb2-bf6d58ffd4f6/br/ce/itapipoca/zona-0017/f27e5c38d5c88df7371847b230cf1f55.jpg", "https://vocefiscal-poll-tape-uploads.s3.amazonaws.com/us-east-1%3Ac2178ee5-12b1-41db-8bb2-bf6d58ffd4f6/br/ce/itapipoca/zona-0017/5568c73e939d14bd13c87fc2cffbc318.jpg", "https://vocefiscal-poll-tape-uploads.s3.amazonaws.com/us-east-1%3Ac2178ee5-12b1-41db-8bb2-bf6d58ffd4f6/br/ce/itapipoca/zona-0017/f974bc91eab593ebbece223be21a3a33.jpg", "https://vocefiscal-poll-tape-uploads.s3.amazonaws.com/us-east-1%3Ac2178ee5-12b1-41db-8bb2-bf6d58ffd4f6/br/ce/itapipoca/zona-0017/443c82a41468d08fa6922b5496c387d6.jpg", "https://vocefiscal-poll-tape-uploads.s3.amazonaws.com/us-east-1%3Ac2178ee5-12b1-41db-8bb2-bf6d58ffd4f6/br/ce/itapipoca/zona-0017/713e1389112ffa6601a4e7a9b5b1cdbf.jpg", "https://vocefiscal-poll-tape-uploads.s3.amazonaws.com/us-east-1%3Ac2178ee5-12b1-41db-8bb2-bf6d58ffd4f6/br/ce/itapipoca/zona-0017/9c27a13572a4b914f150ebe3ed4dcc51.jpg", "https://vocefiscal-poll-tape-uploads.s3.amazonaws.com/us-east-1%3Ac2178ee5-12b1-41db-8bb2-bf6d58ffd4f6/br/ce/itapipoca/zona-0017/393eaf0813d6840e8a76efada54d0132.jpg", "https://vocefiscal-poll-tape-uploads.s3.amazonaws.com/us-east-1%3Ac2178ee5-12b1-41db-8bb2-bf6d58ffd4f6/br/ce/itapipoca/zona-0017/a2d1fe34447fa0db19d161ea3d8a3641.jpg", "https://vocefiscal-poll-tape-uploads.s3.amazonaws.com/us-east-1%3Ac2178ee5-12b1-41db-8bb2-bf6d58ffd4f6/br/ce/itapipoca/zona-0017/79f93351bbb815e0f949a5368e08ab.jpg", "https://vocefiscal-poll-tape-uploads.s3.amazonaws.com/us-east-1%3Ac2178ee5-12b1-41db-8bb2-bf6d58ffd4f6/br/ce/itapipoca/zona-0017/ac9f6d948c8c3b2ca95454004f928f19.jpg", "https://vocefiscal-poll-tape-uploads.s3.amazonaws.com/us-east-1%3Ac2178ee5-12b1-41db-8bb2-bf6d58ffd4f6/br/ce/itapipoca/zona-0017/eb413ca02ca2ada8b5219b118ede380a.jpg", "https://vocefiscal-poll-tape-uploads.s3.amazonaws.com/us-east-1%3Ac2178ee5-12b1-41db-8bb2-bf6d58ffd4f6/br/ce/itapipoca/zona-0017/24db0f0e3f209314fad79c131f97e820.jpg", "https://vocefiscal-poll-tape-uploads.s3.amazonaws.com/us-east-1%3Ac2178ee5-12b1-41db-8bb2-bf6d58ffd4f6/br/ce/itapipoca/zona-0017/f3f780523cc713e9ca55dd601431c3b3.jpg", "https://vocefiscal-poll-tape-uploads.s3.amazonaws.com/us-east-1%3Ac2178ee5-12b1-41db-8bb2-bf6d58ffd4f6/br/ce/itapipoca/zona-0017/77081a0f514eb797890ec180be84f9ea.jpg", "https://vocefiscal-poll-tape-uploads.s3.amazonaws.com/us-east-1%3Ac2178ee5-12b1-41db-8bb2-bf6d58ffd4f6/br/ce/itapipoca/zona-0017/b14a1a40067179124128a09235b93759.jpg", "https://vocefiscal-poll-tape-uploads.s3.amazonaws.com/us-east-1%3Ac2178ee5-12b1-41db-8bb2-bf6d58ffd4f6/br/ce/itapipoca/zona-0017/dbe74b49b46588075ea487e3f285a662.jpg", "https://vocefiscal-poll-tape-uploads.s3.amazonaws.com/us-east-1%3Ac2178ee5-12b1-41db-8bb2-bf6d58ffd4f6/br/ce/itapipoca/zona-0017/c46df7a5e01d616745906cda78bd8cd7.jpg", "https://vocefiscal-poll-tape-uploads.s3.amazonaws.com/us-east-1%3Ac2178ee5-12b1-41db-8bb2-bf6d58ffd4f6/br/ce/itapipoca/zona-0017/eb34f26024083924feb9ce3c582edce.jpg", "https://vocefiscal-poll-tape-uploads.s3.amazonaws.com/us-east-1%3Ac2178ee5-12b1-41db-8bb2-bf6d58ffd4f6/br/ce/itapipoca/zona-0017/70ed6c9689f09dd614b123f4e13f91f2.jpg"], "zonaEleitoral": "0017"}