{"estado": "CE", "municipio": "FORTALEZA", "data": 1412598266626, "secaoEleitoral": "0409", "pictureURLList": ["https://vocefiscal-poll-tape-uploads.s3.amazonaws.com/us-east-1%3A1c29f6dc-054b-4abc-a4e5-f44b8a57c733/br/ce/fortaleza/zona-0118/73082aaab5c6dfceb310ea38588813c6.jpg", "https://vocefiscal-poll-tape-uploads.s3.amazonaws.com/us-east-1%3A1c29f6dc-054b-4abc-a4e5-f44b8a57c733/br/ce/fortaleza/zona-0118/334fe097fcbccccd46ead7fd60326dea.jpg", "https://vocefiscal-poll-tape-uploads.s3.amazonaws.com/us-east-1%3A1c29f6dc-054b-4abc-a4e5-f44b8a57c733/br/ce/fortaleza/zona-0118/bcbf56dc97d32f0c9a2f0175308ccab0.jpg", "https://vocefiscal-poll-tape-uploads.s3.amazonaws.com/us-east-1%3A1c29f6dc-054b-4abc-a4e5-f44b8a57c733/br/ce/fortaleza/zona-0118/90ae2f9f1afc03bca3bf330d0d54cc42.jpg", "https://vocefiscal-poll-tape-uploads.s3.amazonaws.com/us-east-1%3A1c29f6dc-054b-4abc-a4e5-f44b8a57c733/br/ce/fortaleza/zona-0118/41a200d046fb71902071305c73031a20.jpg", "https://vocefiscal-poll-tape-uploads.s3.amazonaws.com/us-east-1%3A1c29f6dc-054b-4abc-a4e5-f44b8a57c733/br/ce/fortaleza/zona-0118/454fe670807baa3d72938e23b0e6de4.jpg", "https://vocefiscal-poll-tape-uploads.s3.amazonaws.com/us-east-1%3A1c29f6dc-054b-4abc-a4e5-f44b8a57c733/br/ce/fortaleza/zona-0118/6ed53128b126a962484a939e68ce3158.jpg", "https://vocefiscal-poll-tape-uploads.s3.amazonaws.com/us-east-1%3A1c29f6dc-054b-4abc-a4e5-f44b8a57c733/br/ce/fortaleza/zona-0118/f5e064b25282026d86ca80dcd262499d.jpg", "https://vocefiscal-poll-tape-uploads.s3.amazonaws.com/us-east-1%3A1c29f6dc-054b-4abc-a4e5-f44b8a57c733/br/ce/fortaleza/zona-0118/5c9d950e8b3025f0234b5f7b93e8c224.jpg", "https://vocefiscal-poll-tape-uploads.s3.amazonaws.com/us-east-1%3A1c29f6dc-054b-4abc-a4e5-f44b8a57c733/br/ce/fortaleza/zona-0118/42e6c9223208cc85b744fb148dbfde7a.jpg", "https://vocefiscal-poll-tape-uploads.s3.amazonaws.com/us-east-1%3A1c29f6dc-054b-4abc-a4e5-f44b8a57c733/br/ce/fortaleza/zona-0118/74c9ab075d763ab0cf334cd549f5ac19.jpg", "https://vocefiscal-poll-tape-uploads.s3.amazonaws.com/us-east-1%3A1c29f6dc-054b-4abc-a4e5-f44b8a57c733/br/ce/fortaleza/zona-0118/aad7071713e4630ca971d58f138709b1.jpg", "https://vocefiscal-poll-tape-uploads.s3.amazonaws.com/us-east-1%3A1c29f6dc-054b-4abc-a4e5-f44b8a57c733/br/ce/fortaleza/zona-0118/902befb1d0458fdcd6809f6616c5cbb5.jpg", "https://vocefiscal-poll-tape-uploads.s3.amazonaws.com/us-east-1%3A1c29f6dc-054b-4abc-a4e5-f44b8a57c733/br/ce/fortaleza/zona-0118/552b76279a5500f0cb8eb28e222c49ee.jpg", "https://vocefiscal-poll-tape-uploads.s3.amazonaws.com/us-east-1%3A1c29f6dc-054b-4abc-a4e5-f44b8a57c733/br/ce/fortaleza/zona-0118/e022492a58bb9a6206d3859e777041bf.jpg", "https://vocefiscal-poll-tape-uploads.s3.amazonaws.com/us-east-1%3A1c29f6dc-054b-4abc-a4e5-f44b8a57c733/br/ce/fortaleza/zona-0118/3a3e6040e25c85cd6f47cf46c1f8ab13.jpg", "https://vocefiscal-poll-tape-uploads.s3.amazonaws.com/us-east-1%3A1c29f6dc-054b-4abc-a4e5-f44b8a57c733/br/ce/fortaleza/zona-0118/9c1cfb9fdfaff3a6ad59548abde4420d.jpg", "https://vocefiscal-poll-tape-uploads.s3.amazonaws.com/us-east-1%3A1c29f6dc-054b-4abc-a4e5-f44b8a57c733/br/ce/fortaleza/zona-0118/98d8c1171fe77a92448fcce39275447b.jpg", "https://vocefiscal-poll-tape-uploads.s3.amazonaws.com/us-east-1%3A1c29f6dc-054b-4abc-a4e5-f44b8a57c733/br/ce/fortaleza/zona-0118/8e43123f91cda7e38f7ad49bb9ba981f.jpg", "https://vocefiscal-poll-tape-uploads.s3.amazonaws.com/us-east-1%3A1c29f6dc-054b-4abc-a4e5-f44b8a57c733/br/ce/fortaleza/zona-0118/1aae66e7e8446f28ba8f9c854a8aa530.jpg", "https://vocefiscal-poll-tape-uploads.s3.amazonaws.com/us-east-1%3A1c29f6dc-054b-4abc-a4e5-f44b8a57c733/br/ce/fortaleza/zona-0118/c4922c9d8058a31570a639b7f47fab02.jpg", "https://vocefiscal-poll-tape-uploads.s3.amazonaws.com/us-east-1%3A1c29f6dc-054b-4abc-a4e5-f44b8a57c733/br/ce/fortaleza/zona-0118/3211a54367c7fae3cdede8d1b361b72c.jpg"], "zonaEleitoral": "0118"}