{"estado": "CE", "municipio": "FORTALEZA", "data": 1412541763025, "secaoEleitoral": "0270", "pictureURLList": ["https://vocefiscal-poll-tape-uploads.s3.amazonaws.com/us-east-1%3A795e5958-b849-477e-b94e-8ea9f2c8d3f9/br/ce/fortaleza/zona-0144/649364f4e060262d45528294c7a0c669.jpg", "https://vocefiscal-poll-tape-uploads.s3.amazonaws.com/us-east-1%3A795e5958-b849-477e-b94e-8ea9f2c8d3f9/br/ce/fortaleza/zona-0144/9026ba0b30a57d4b153433fbc49bbc62.jpg", "https://vocefiscal-poll-tape-uploads.s3.amazonaws.com/us-east-1%3A795e5958-b849-477e-b94e-8ea9f2c8d3f9/br/ce/fortaleza/zona-0144/e655344aca9b0990d7d5800e50f612bb.jpg", "https://vocefiscal-poll-tape-uploads.s3.amazonaws.com/us-east-1%3A795e5958-b849-477e-b94e-8ea9f2c8d3f9/br/ce/fortaleza/zona-0144/6a9d603ba4a42d344ca68e67f04534f5.jpg", "https://vocefiscal-poll-tape-uploads.s3.amazonaws.com/us-east-1%3A795e5958-b849-477e-b94e-8ea9f2c8d3f9/br/ce/fortaleza/zona-0144/153bed92f8a6b59eb6cc777065104292.jpg", "https://vocefiscal-poll-tape-uploads.s3.amazonaws.com/us-east-1%3A795e5958-b849-477e-b94e-8ea9f2c8d3f9/br/ce/fortaleza/zona-0144/72e06fcaa64a663d023c193b6771f98e.jpg", "https://vocefiscal-poll-tape-uploads.s3.amazonaws.com/us-east-1%3A795e5958-b849-477e-b94e-8ea9f2c8d3f9/br/ce/fortaleza/zona-0144/952a6a336e20a195fc79c1bb8acf9ed0.jpg", "https://vocefiscal-poll-tape-uploads.s3.amazonaws.com/us-east-1%3A795e5958-b849-477e-b94e-8ea9f2c8d3f9/br/ce/fortaleza/zona-0144/df3c8897dd4616abbb93cd2b13a23959.jpg", "https://vocefiscal-poll-tape-uploads.s3.amazonaws.com/us-east-1%3A795e5958-b849-477e-b94e-8ea9f2c8d3f9/br/ce/fortaleza/zona-0144/8a498b32ac822caca58f6cf57a3ffb37.jpg", "https://vocefiscal-poll-tape-uploads.s3.amazonaws.com/us-east-1%3A795e5958-b849-477e-b94e-8ea9f2c8d3f9/br/ce/fortaleza/zona-0144/27de7402927e067b185ebf6c36f58220.jpg", "https://vocefiscal-poll-tape-uploads.s3.amazonaws.com/us-east-1%3A795e5958-b849-477e-b94e-8ea9f2c8d3f9/br/ce/fortaleza/zona-0144/a3de70e239fcd4c3dc2410c9da95a6c5.jpg", "https://vocefiscal-poll-tape-uploads.s3.amazonaws.com/us-east-1%3A795e5958-b849-477e-b94e-8ea9f2c8d3f9/br/ce/fortaleza/zona-0144/d349ad474f92d1cb36bb73b07c984605.jpg", "https://vocefiscal-poll-tape-uploads.s3.amazonaws.com/us-east-1%3A795e5958-b849-477e-b94e-8ea9f2c8d3f9/br/ce/fortaleza/zona-0144/3c31fcfebe8daad00fe92cd23cea12ea.jpg", "https://vocefiscal-poll-tape-uploads.s3.amazonaws.com/us-east-1%3A795e5958-b849-477e-b94e-8ea9f2c8d3f9/br/ce/fortaleza/zona-0144/933a676c893de9139afb6a173aab17bb.jpg", "https://vocefiscal-poll-tape-uploads.s3.amazonaws.com/us-east-1%3A795e5958-b849-477e-b94e-8ea9f2c8d3f9/br/ce/fortaleza/zona-0144/bd18ab1379747726690ee97986c08bd5.jpg", "https://vocefiscal-poll-tape-uploads.s3.amazonaws.com/us-east-1%3A795e5958-b849-477e-b94e-8ea9f2c8d3f9/br/ce/fortaleza/zona-0144/4e01ac1853ced9e58c9cc572706b21cb.jpg", "https://vocefiscal-poll-tape-uploads.s3.amazonaws.com/us-east-1%3A795e5958-b849-477e-b94e-8ea9f2c8d3f9/br/ce/fortaleza/zona-0144/3714b315611ba947690b22f86de02319.jpg", "https://vocefiscal-poll-tape-uploads.s3.amazonaws.com/us-east-1%3A795e5958-b849-477e-b94e-8ea9f2c8d3f9/br/ce/fortaleza/zona-0144/eb4ddb391d04111e07462b1c09b85b6a.jpg", "https://vocefiscal-poll-tape-uploads.s3.amazonaws.com/us-east-1%3A795e5958-b849-477e-b94e-8ea9f2c8d3f9/br/ce/fortaleza/zona-0144/b3c8a2bd5e1e56b720708eef88bc2ffd.jpg", "https://vocefiscal-poll-tape-uploads.s3.amazonaws.com/us-east-1%3A795e5958-b849-477e-b94e-8ea9f2c8d3f9/br/ce/fortaleza/zona-0144/2f1c013cf51a2074bc62e17c51b687fb.jpg"], "zonaEleitoral": "0144", "localDaVotacao": "1481"}