{"estado": "CE", "municipio": "FORTALEZA", "data": 1412541436067, "secaoEleitoral": "0485", "pictureURLList": ["https://vocefiscal-poll-tape-uploads.s3.amazonaws.com/us-east-1%3Ac56016b0-21b2-4a0f-ab67-a9c4c4f495fd/br/ce/fortaleza/zona-0002/7a9430e56154d1a42ddd638e882ea479.jpg", "https://vocefiscal-poll-tape-uploads.s3.amazonaws.com/us-east-1%3Ac56016b0-21b2-4a0f-ab67-a9c4c4f495fd/br/ce/fortaleza/zona-0002/a2c3da7a66c129f663a56f20a0b2392c.jpg", "https://vocefiscal-poll-tape-uploads.s3.amazonaws.com/us-east-1%3Ac56016b0-21b2-4a0f-ab67-a9c4c4f495fd/br/ce/fortaleza/zona-0002/731edf3a95e17a980742ff783b6bf5e1.jpg"], "zonaEleitoral": "0002", "localDaVotacao": "1228"}