{"estado": "CE", "municipio": "FORTALEZA", "data": 1412540419597, "secaoEleitoral": "0045", "pictureURLList": ["https://vocefiscal-poll-tape-uploads.s3.amazonaws.com/us-east-1%3A33a0c209-0eec-4af6-8203-1670d8d60e2d/br/ce/fortaleza/zona-0001/3ca8b6b709ed687ef5a7e0d73d61b67c.jpg", "https://vocefiscal-poll-tape-uploads.s3.amazonaws.com/us-east-1%3A33a0c209-0eec-4af6-8203-1670d8d60e2d/br/ce/fortaleza/zona-0001/caf5b993d99f9929808a483a261e18a6.jpg", "https://vocefiscal-poll-tape-uploads.s3.amazonaws.com/us-east-1%3A33a0c209-0eec-4af6-8203-1670d8d60e2d/br/ce/fortaleza/zona-0001/ed9eef2c5a4d6ac1a926c2a1b5fa7cb9.jpg", "https://vocefiscal-poll-tape-uploads.s3.amazonaws.com/us-east-1%3A33a0c209-0eec-4af6-8203-1670d8d60e2d/br/ce/fortaleza/zona-0001/9e191ffda953dfb79d0bfdabb8abb012.jpg", "https://vocefiscal-poll-tape-uploads.s3.amazonaws.com/us-east-1%3A33a0c209-0eec-4af6-8203-1670d8d60e2d/br/ce/fortaleza/zona-0001/cfc358d067e9b85cfe5bc500bb2e50f9.jpg", "https://vocefiscal-poll-tape-uploads.s3.amazonaws.com/us-east-1%3A33a0c209-0eec-4af6-8203-1670d8d60e2d/br/ce/fortaleza/zona-0001/8dfbe479bf80b7526471af803c05bb8b.jpg"], "zonaEleitoral": "0001", "localDaVotacao": "2496"}