{"estado": "CE", "municipio": "FORTALEZA", "data": 1412542688765, "secaoEleitoral": "0697", "pictureURLList": ["https://vocefiscal-poll-tape-uploads.s3.amazonaws.com/us-east-1%3A36ef6c08-2cc0-4854-9322-9734e4cbb4df/br/ce/fortaleza/zona-0001/cbcf1ce2e64dd1f12356a6786ee40c3e.jpg", "https://vocefiscal-poll-tape-uploads.s3.amazonaws.com/us-east-1%3A36ef6c08-2cc0-4854-9322-9734e4cbb4df/br/ce/fortaleza/zona-0001/5f673e0984b7f3a97f5629186cf7764b.jpg", "https://vocefiscal-poll-tape-uploads.s3.amazonaws.com/us-east-1%3A36ef6c08-2cc0-4854-9322-9734e4cbb4df/br/ce/fortaleza/zona-0001/15885899d8c863ab6d95be998c98e123.jpg", "https://vocefiscal-poll-tape-uploads.s3.amazonaws.com/us-east-1%3A36ef6c08-2cc0-4854-9322-9734e4cbb4df/br/ce/fortaleza/zona-0001/d3590e61cef33cc703ba3dd4efaa4c96.jpg", "https://vocefiscal-poll-tape-uploads.s3.amazonaws.com/us-east-1%3A36ef6c08-2cc0-4854-9322-9734e4cbb4df/br/ce/fortaleza/zona-0001/53f89221c0751679775f9556e0c38fba.jpg", "https://vocefiscal-poll-tape-uploads.s3.amazonaws.com/us-east-1%3A36ef6c08-2cc0-4854-9322-9734e4cbb4df/br/ce/fortaleza/zona-0001/7cbbd13434399bbdf54694734900f496.jpg", "https://vocefiscal-poll-tape-uploads.s3.amazonaws.com/us-east-1%3A36ef6c08-2cc0-4854-9322-9734e4cbb4df/br/ce/fortaleza/zona-0001/cbe76f5585673485919aada412751615.jpg", "https://vocefiscal-poll-tape-uploads.s3.amazonaws.com/us-east-1%3A36ef6c08-2cc0-4854-9322-9734e4cbb4df/br/ce/fortaleza/zona-0001/fe0c1e82824f734b6bc58f17febe2f25.jpg", "https://vocefiscal-poll-tape-uploads.s3.amazonaws.com/us-east-1%3A36ef6c08-2cc0-4854-9322-9734e4cbb4df/br/ce/fortaleza/zona-0001/efd9081f4fa5d73c0a5bdb3f8beb38d0.jpg", "https://vocefiscal-poll-tape-uploads.s3.amazonaws.com/us-east-1%3A36ef6c08-2cc0-4854-9322-9734e4cbb4df/br/ce/fortaleza/zona-0001/a08da79e4fca1c360fea5e8110555937.jpg", "https://vocefiscal-poll-tape-uploads.s3.amazonaws.com/us-east-1%3A36ef6c08-2cc0-4854-9322-9734e4cbb4df/br/ce/fortaleza/zona-0001/676eafcfa2389d6d5063ba51304bf77f.jpg", "https://vocefiscal-poll-tape-uploads.s3.amazonaws.com/us-east-1%3A36ef6c08-2cc0-4854-9322-9734e4cbb4df/br/ce/fortaleza/zona-0001/db3d93365375689a00bb265510a0a7bb.jpg", "https://vocefiscal-poll-tape-uploads.s3.amazonaws.com/us-east-1%3A36ef6c08-2cc0-4854-9322-9734e4cbb4df/br/ce/fortaleza/zona-0001/29d1aa9cade2bae613dc10c0bc692575.jpg", "https://vocefiscal-poll-tape-uploads.s3.amazonaws.com/us-east-1%3A36ef6c08-2cc0-4854-9322-9734e4cbb4df/br/ce/fortaleza/zona-0001/ccc23c8ab4718c17baa7ab3e08beb0c5.jpg", "https://vocefiscal-poll-tape-uploads.s3.amazonaws.com/us-east-1%3A36ef6c08-2cc0-4854-9322-9734e4cbb4df/br/ce/fortaleza/zona-0001/bcc2ec4fa9f5323b71d8eeb1ac559b47.jpg", "https://vocefiscal-poll-tape-uploads.s3.amazonaws.com/us-east-1%3A36ef6c08-2cc0-4854-9322-9734e4cbb4df/br/ce/fortaleza/zona-0001/a47fff859567520c87f39079b7dfc3b7.jpg", "https://vocefiscal-poll-tape-uploads.s3.amazonaws.com/us-east-1%3A36ef6c08-2cc0-4854-9322-9734e4cbb4df/br/ce/fortaleza/zona-0001/bbf6a0412ab19cac9a5cc32ce21d6412.jpg", "https://vocefiscal-poll-tape-uploads.s3.amazonaws.com/us-east-1%3A36ef6c08-2cc0-4854-9322-9734e4cbb4df/br/ce/fortaleza/zona-0001/d47eedea9c4b6fb42166ba07167c26b0.jpg", "https://vocefiscal-poll-tape-uploads.s3.amazonaws.com/us-east-1%3A36ef6c08-2cc0-4854-9322-9734e4cbb4df/br/ce/fortaleza/zona-0001/2cd762a78d37036e8c5f0ac131971d7b.jpg", "https://vocefiscal-poll-tape-uploads.s3.amazonaws.com/us-east-1%3A36ef6c08-2cc0-4854-9322-9734e4cbb4df/br/ce/fortaleza/zona-0001/2a6a1a525ad3f76088a18a6608054952.jpg", "https://vocefiscal-poll-tape-uploads.s3.amazonaws.com/us-east-1%3A36ef6c08-2cc0-4854-9322-9734e4cbb4df/br/ce/fortaleza/zona-0001/8af6b08503f8356fb06b388a20c888bd.jpg", "https://vocefiscal-poll-tape-uploads.s3.amazonaws.com/us-east-1%3A36ef6c08-2cc0-4854-9322-9734e4cbb4df/br/ce/fortaleza/zona-0001/1b97b137f3995cb16c96c50fb0dae2a4.jpg", "https://vocefiscal-poll-tape-uploads.s3.amazonaws.com/us-east-1%3A36ef6c08-2cc0-4854-9322-9734e4cbb4df/br/ce/fortaleza/zona-0001/37c4cc21f955b4728c6fb90f36e249a9.jpg", "https://vocefiscal-poll-tape-uploads.s3.amazonaws.com/us-east-1%3A36ef6c08-2cc0-4854-9322-9734e4cbb4df/br/ce/fortaleza/zona-0001/41e9a018109beef99e1ff43b95333790.jpg", "https://vocefiscal-poll-tape-uploads.s3.amazonaws.com/us-east-1%3A36ef6c08-2cc0-4854-9322-9734e4cbb4df/br/ce/fortaleza/zona-0001/6654b3e399a396ea3c112e4460d621a4.jpg", "https://vocefiscal-poll-tape-uploads.s3.amazonaws.com/us-east-1%3A36ef6c08-2cc0-4854-9322-9734e4cbb4df/br/ce/fortaleza/zona-0001/a726f2dc617b840964d34083acb8bf28.jpg", "https://vocefiscal-poll-tape-uploads.s3.amazonaws.com/us-east-1%3A36ef6c08-2cc0-4854-9322-9734e4cbb4df/br/ce/fortaleza/zona-0001/155f87029e4da656c91e3e040e18dd8d.jpg", "https://vocefiscal-poll-tape-uploads.s3.amazonaws.com/us-east-1%3A36ef6c08-2cc0-4854-9322-9734e4cbb4df/br/ce/fortaleza/zona-0001/918adf7328ef74166768156d8062ca09.jpg", "https://vocefiscal-poll-tape-uploads.s3.amazonaws.com/us-east-1%3A36ef6c08-2cc0-4854-9322-9734e4cbb4df/br/ce/fortaleza/zona-0001/b656212cfd1e81a353e00cecd30dfcb2.jpg", "https://vocefiscal-poll-tape-uploads.s3.amazonaws.com/us-east-1%3A36ef6c08-2cc0-4854-9322-9734e4cbb4df/br/ce/fortaleza/zona-0001/9f3934b4a415aeb92f1b6ab2addb2855.jpg", "https://vocefiscal-poll-tape-uploads.s3.amazonaws.com/us-east-1%3A36ef6c08-2cc0-4854-9322-9734e4cbb4df/br/ce/fortaleza/zona-0001/e44c08b7f1a03fdba36226e4f0140d46.jpg"], "zonaEleitoral": "0001", "localDaVotacao": "2372"}