{"estado": "CE", "municipio": "FORTALEZA", "data": 1412543766782, "secaoEleitoral": "0674", "pictureURLList": ["https://vocefiscal-poll-tape-uploads.s3.amazonaws.com/us-east-1%3A471c5f31-fd8c-4b3d-ad94-e16fa8edefa1/br/ce/fortaleza/zona-0001/bfeca7bee16c0fb258f2234e80d1c40.jpg", "https://vocefiscal-poll-tape-uploads.s3.amazonaws.com/us-east-1%3A471c5f31-fd8c-4b3d-ad94-e16fa8edefa1/br/ce/fortaleza/zona-0001/fbd90d3c91bfa36d9ce8dde576718833.jpg", "https://vocefiscal-poll-tape-uploads.s3.amazonaws.com/us-east-1%3A471c5f31-fd8c-4b3d-ad94-e16fa8edefa1/br/ce/fortaleza/zona-0001/7c74f4ec10ab4382e7e6b538ea3d039e.jpg", "https://vocefiscal-poll-tape-uploads.s3.amazonaws.com/us-east-1%3A471c5f31-fd8c-4b3d-ad94-e16fa8edefa1/br/ce/fortaleza/zona-0001/d20be88dcfb5a34e34515c8c9cae8bd0.jpg", "https://vocefiscal-poll-tape-uploads.s3.amazonaws.com/us-east-1%3A471c5f31-fd8c-4b3d-ad94-e16fa8edefa1/br/ce/fortaleza/zona-0001/f31da058686fce7d7bdcf536f9f81f73.jpg", "https://vocefiscal-poll-tape-uploads.s3.amazonaws.com/us-east-1%3A471c5f31-fd8c-4b3d-ad94-e16fa8edefa1/br/ce/fortaleza/zona-0001/2f16dd1e3907dc2794f36d0809f74e98.jpg", "https://vocefiscal-poll-tape-uploads.s3.amazonaws.com/us-east-1%3A471c5f31-fd8c-4b3d-ad94-e16fa8edefa1/br/ce/fortaleza/zona-0001/6cba314b093a83a4ea8a4ccdf66c72b3.jpg", "https://vocefiscal-poll-tape-uploads.s3.amazonaws.com/us-east-1%3A471c5f31-fd8c-4b3d-ad94-e16fa8edefa1/br/ce/fortaleza/zona-0001/d28fe2514cc2a12495560642204af473.jpg", "https://vocefiscal-poll-tape-uploads.s3.amazonaws.com/us-east-1%3A471c5f31-fd8c-4b3d-ad94-e16fa8edefa1/br/ce/fortaleza/zona-0001/c02fef88f623811348905b17a56bfdb9.jpg", "https://vocefiscal-poll-tape-uploads.s3.amazonaws.com/us-east-1%3A471c5f31-fd8c-4b3d-ad94-e16fa8edefa1/br/ce/fortaleza/zona-0001/c0fdc3bff80f33060eabc12697ee6ca1.jpg", "https://vocefiscal-poll-tape-uploads.s3.amazonaws.com/us-east-1%3A471c5f31-fd8c-4b3d-ad94-e16fa8edefa1/br/ce/fortaleza/zona-0001/ae03c14be77a68a365409bce94c0ff94.jpg", "https://vocefiscal-poll-tape-uploads.s3.amazonaws.com/us-east-1%3A471c5f31-fd8c-4b3d-ad94-e16fa8edefa1/br/ce/fortaleza/zona-0001/eaf319f50bc229e4ceb9c9ebb4334122.jpg", "https://vocefiscal-poll-tape-uploads.s3.amazonaws.com/us-east-1%3A471c5f31-fd8c-4b3d-ad94-e16fa8edefa1/br/ce/fortaleza/zona-0001/82b3ab2aa9bd4597d25b6d8791d4927c.jpg", "https://vocefiscal-poll-tape-uploads.s3.amazonaws.com/us-east-1%3A471c5f31-fd8c-4b3d-ad94-e16fa8edefa1/br/ce/fortaleza/zona-0001/68d4bc2fa2cfce59c731fd5e9f1f41f.jpg", "https://vocefiscal-poll-tape-uploads.s3.amazonaws.com/us-east-1%3A471c5f31-fd8c-4b3d-ad94-e16fa8edefa1/br/ce/fortaleza/zona-0001/ded6334aecdce47758b0d02512f37fad.jpg", "https://vocefiscal-poll-tape-uploads.s3.amazonaws.com/us-east-1%3A471c5f31-fd8c-4b3d-ad94-e16fa8edefa1/br/ce/fortaleza/zona-0001/60ed39d42153883c22dce887fdbddd96.jpg", "https://vocefiscal-poll-tape-uploads.s3.amazonaws.com/us-east-1%3A471c5f31-fd8c-4b3d-ad94-e16fa8edefa1/br/ce/fortaleza/zona-0001/688f2aeedb385e8bb998fbb4d0f7b78.jpg", "https://vocefiscal-poll-tape-uploads.s3.amazonaws.com/us-east-1%3A471c5f31-fd8c-4b3d-ad94-e16fa8edefa1/br/ce/fortaleza/zona-0001/53ffa97de4f81e8da411f5f5cd1db152.jpg", "https://vocefiscal-poll-tape-uploads.s3.amazonaws.com/us-east-1%3A471c5f31-fd8c-4b3d-ad94-e16fa8edefa1/br/ce/fortaleza/zona-0001/64ac2b5c67b651eb84af6b190dcbfa25.jpg", "https://vocefiscal-poll-tape-uploads.s3.amazonaws.com/us-east-1%3A471c5f31-fd8c-4b3d-ad94-e16fa8edefa1/br/ce/fortaleza/zona-0001/addebe8a380d70739bf59ad0ff224425.jpg", "https://vocefiscal-poll-tape-uploads.s3.amazonaws.com/us-east-1%3A471c5f31-fd8c-4b3d-ad94-e16fa8edefa1/br/ce/fortaleza/zona-0001/ba709539843244fa701ccf69830199ad.jpg", "https://vocefiscal-poll-tape-uploads.s3.amazonaws.com/us-east-1%3A471c5f31-fd8c-4b3d-ad94-e16fa8edefa1/br/ce/fortaleza/zona-0001/480d2a5c66d3929374e2893d1c13316c.jpg", "https://vocefiscal-poll-tape-uploads.s3.amazonaws.com/us-east-1%3A471c5f31-fd8c-4b3d-ad94-e16fa8edefa1/br/ce/fortaleza/zona-0001/6e5aa60c418bae3c3d90e98d8d231773.jpg", "https://vocefiscal-poll-tape-uploads.s3.amazonaws.com/us-east-1%3A471c5f31-fd8c-4b3d-ad94-e16fa8edefa1/br/ce/fortaleza/zona-0001/1eaeb03b5544e0879f12111bc657d10a.jpg", "https://vocefiscal-poll-tape-uploads.s3.amazonaws.com/us-east-1%3A471c5f31-fd8c-4b3d-ad94-e16fa8edefa1/br/ce/fortaleza/zona-0001/b66d93223cfe25485c8465d996a5ef89.jpg", "https://vocefiscal-poll-tape-uploads.s3.amazonaws.com/us-east-1%3A471c5f31-fd8c-4b3d-ad94-e16fa8edefa1/br/ce/fortaleza/zona-0001/f6f85260be8aa336f1a766501f3fe575.jpg", "https://vocefiscal-poll-tape-uploads.s3.amazonaws.com/us-east-1%3A471c5f31-fd8c-4b3d-ad94-e16fa8edefa1/br/ce/fortaleza/zona-0001/5f38f49d5e22008645fdd864b1e41f94.jpg", "https://vocefiscal-poll-tape-uploads.s3.amazonaws.com/us-east-1%3A471c5f31-fd8c-4b3d-ad94-e16fa8edefa1/br/ce/fortaleza/zona-0001/1934171f384264ed2be701a2d20d51c7.jpg", "https://vocefiscal-poll-tape-uploads.s3.amazonaws.com/us-east-1%3A471c5f31-fd8c-4b3d-ad94-e16fa8edefa1/br/ce/fortaleza/zona-0001/53592a3e52b8ba286edb1cdb429d6f58.jpg", "https://vocefiscal-poll-tape-uploads.s3.amazonaws.com/us-east-1%3A471c5f31-fd8c-4b3d-ad94-e16fa8edefa1/br/ce/fortaleza/zona-0001/7c7a7290009c592dde837249f14d6054.jpg", "https://vocefiscal-poll-tape-uploads.s3.amazonaws.com/us-east-1%3A471c5f31-fd8c-4b3d-ad94-e16fa8edefa1/br/ce/fortaleza/zona-0001/5fc04669e2de6e52d671cf2b56e9f7a1.jpg", "https://vocefiscal-poll-tape-uploads.s3.amazonaws.com/us-east-1%3A471c5f31-fd8c-4b3d-ad94-e16fa8edefa1/br/ce/fortaleza/zona-0001/bba3e0e574b3ce18e5f4a3854f789692.jpg", "https://vocefiscal-poll-tape-uploads.s3.amazonaws.com/us-east-1%3A471c5f31-fd8c-4b3d-ad94-e16fa8edefa1/br/ce/fortaleza/zona-0001/3c87e470de3e56ca9ee189c9caf70179.jpg", "https://vocefiscal-poll-tape-uploads.s3.amazonaws.com/us-east-1%3A471c5f31-fd8c-4b3d-ad94-e16fa8edefa1/br/ce/fortaleza/zona-0001/8be90e6823938e61e40a56985021f367.jpg", "https://vocefiscal-poll-tape-uploads.s3.amazonaws.com/us-east-1%3A471c5f31-fd8c-4b3d-ad94-e16fa8edefa1/br/ce/fortaleza/zona-0001/2369c6a952dc066b25ada9a37060abbe.jpg"], "zonaEleitoral": "0001"}