{"estado": "CE", "municipio": "RUSSAS", "data": 1412560368283, "secaoEleitoral": "0051", "pictureURLList": ["https://vocefiscal-poll-tape-uploads.s3.amazonaws.com/us-east-1%3Aef7f1374-568c-4466-97f6-dd1509252507/br/ce/russas/zona-0009/a8b86d24230d3bc45382797916d3c7be.jpg", "https://vocefiscal-poll-tape-uploads.s3.amazonaws.com/us-east-1%3Aef7f1374-568c-4466-97f6-dd1509252507/br/ce/russas/zona-0009/ea3de72ba8260da49698e48bc8586599.jpg", "https://vocefiscal-poll-tape-uploads.s3.amazonaws.com/us-east-1%3Aef7f1374-568c-4466-97f6-dd1509252507/br/ce/russas/zona-0009/221967b7dacf84e42fdfcba981ffca25.jpg", "https://vocefiscal-poll-tape-uploads.s3.amazonaws.com/us-east-1%3Aef7f1374-568c-4466-97f6-dd1509252507/br/ce/russas/zona-0009/6bf0bf968b4759371efd54f472f7cbfd.jpg", "https://vocefiscal-poll-tape-uploads.s3.amazonaws.com/us-east-1%3Aef7f1374-568c-4466-97f6-dd1509252507/br/ce/russas/zona-0009/d3dc09686f0a48823c522a0f9bf0f9fa.jpg", "https://vocefiscal-poll-tape-uploads.s3.amazonaws.com/us-east-1%3Aef7f1374-568c-4466-97f6-dd1509252507/br/ce/russas/zona-0009/d120eb4d546a504ddc91f855569e8fa7.jpg", "https://vocefiscal-poll-tape-uploads.s3.amazonaws.com/us-east-1%3Aef7f1374-568c-4466-97f6-dd1509252507/br/ce/russas/zona-0009/f8c833b227e3fa529f0cc2703229a693.jpg", "https://vocefiscal-poll-tape-uploads.s3.amazonaws.com/us-east-1%3Aef7f1374-568c-4466-97f6-dd1509252507/br/ce/russas/zona-0009/5374191402829047b2d7dcffd6a5bd2c.jpg", "https://vocefiscal-poll-tape-uploads.s3.amazonaws.com/us-east-1%3Aef7f1374-568c-4466-97f6-dd1509252507/br/ce/russas/zona-0009/ca7bbfab3c358ba0db7d55f8b756c322.jpg", "https://vocefiscal-poll-tape-uploads.s3.amazonaws.com/us-east-1%3Aef7f1374-568c-4466-97f6-dd1509252507/br/ce/russas/zona-0009/863c84083de0f281fe9eb69702960975.jpg", "https://vocefiscal-poll-tape-uploads.s3.amazonaws.com/us-east-1%3Aef7f1374-568c-4466-97f6-dd1509252507/br/ce/russas/zona-0009/ea3a7ce2482c63e7e56de0ca5bbe8290.jpg", "https://vocefiscal-poll-tape-uploads.s3.amazonaws.com/us-east-1%3Aef7f1374-568c-4466-97f6-dd1509252507/br/ce/russas/zona-0009/b57253593c48db8bc22e16d8a691036a.jpg", "https://vocefiscal-poll-tape-uploads.s3.amazonaws.com/us-east-1%3Aef7f1374-568c-4466-97f6-dd1509252507/br/ce/russas/zona-0009/9e8de2afbb238963a7b3daf8895d69e1.jpg", "https://vocefiscal-poll-tape-uploads.s3.amazonaws.com/us-east-1%3Aef7f1374-568c-4466-97f6-dd1509252507/br/ce/russas/zona-0009/1c3a89f46b92da516129c6b0f693a49f.jpg", "https://vocefiscal-poll-tape-uploads.s3.amazonaws.com/us-east-1%3Aef7f1374-568c-4466-97f6-dd1509252507/br/ce/russas/zona-0009/f8f9ec688352113ff3d8575078d58572.jpg", "https://vocefiscal-poll-tape-uploads.s3.amazonaws.com/us-east-1%3Aef7f1374-568c-4466-97f6-dd1509252507/br/ce/russas/zona-0009/60b7c4eb6553f9b058dc2e880383586a.jpg", "https://vocefiscal-poll-tape-uploads.s3.amazonaws.com/us-east-1%3Aef7f1374-568c-4466-97f6-dd1509252507/br/ce/russas/zona-0009/b32b65e9a842edf0b638d82928e934a0.jpg", "https://vocefiscal-poll-tape-uploads.s3.amazonaws.com/us-east-1%3Aef7f1374-568c-4466-97f6-dd1509252507/br/ce/russas/zona-0009/2bc8a9c54129d4332417da4b315e1745.jpg", "https://vocefiscal-poll-tape-uploads.s3.amazonaws.com/us-east-1%3Aef7f1374-568c-4466-97f6-dd1509252507/br/ce/russas/zona-0009/bcca4f599ff2805b761fcf4fbce4dd44.jpg", "https://vocefiscal-poll-tape-uploads.s3.amazonaws.com/us-east-1%3Aef7f1374-568c-4466-97f6-dd1509252507/br/ce/russas/zona-0009/d8c7ea9689f740721f753d64875a1d32.jpg", "https://vocefiscal-poll-tape-uploads.s3.amazonaws.com/us-east-1%3Aef7f1374-568c-4466-97f6-dd1509252507/br/ce/russas/zona-0009/ff516dd4d444ebd2f34d5d4885217ea0.jpg", "https://vocefiscal-poll-tape-uploads.s3.amazonaws.com/us-east-1%3Aef7f1374-568c-4466-97f6-dd1509252507/br/ce/russas/zona-0009/1ea4f5529d981d9374be7122e656af88.jpg", "https://vocefiscal-poll-tape-uploads.s3.amazonaws.com/us-east-1%3Aef7f1374-568c-4466-97f6-dd1509252507/br/ce/russas/zona-0009/3af4dc9d7053641f6c41a5852914015a.jpg", "https://vocefiscal-poll-tape-uploads.s3.amazonaws.com/us-east-1%3Aef7f1374-568c-4466-97f6-dd1509252507/br/ce/russas/zona-0009/eeacf9b7a4e68e16002395f61ac35929.jpg"], "zonaEleitoral": "0009", "localDaVotacao": "1066"}