{"estado": "CE", "municipio": "FORTALEZA", "data": 1412540963027, "secaoEleitoral": "0792", "pictureURLList": ["https://vocefiscal-poll-tape-uploads.s3.amazonaws.com/us-east-1%3Ae614caf3-1652-4730-8b8e-7b366f057518/br/ce/fortaleza/zona-0001/3aef9ae24b365b85a839317b4a26d5dc.jpg", "https://vocefiscal-poll-tape-uploads.s3.amazonaws.com/us-east-1%3Ae614caf3-1652-4730-8b8e-7b366f057518/br/ce/fortaleza/zona-0001/42b2722109b06b53096e9898fbb4ca40.jpg", "https://vocefiscal-poll-tape-uploads.s3.amazonaws.com/us-east-1%3Ae614caf3-1652-4730-8b8e-7b366f057518/br/ce/fortaleza/zona-0001/dc3909582b8a7f760be8435b08fa2ab2.jpg", "https://vocefiscal-poll-tape-uploads.s3.amazonaws.com/us-east-1%3Ae614caf3-1652-4730-8b8e-7b366f057518/br/ce/fortaleza/zona-0001/d38bc9e505c388f33a087246548c57.jpg", "https://vocefiscal-poll-tape-uploads.s3.amazonaws.com/us-east-1%3Ae614caf3-1652-4730-8b8e-7b366f057518/br/ce/fortaleza/zona-0001/5c247c42af471180ab204a5629114cbf.jpg", "https://vocefiscal-poll-tape-uploads.s3.amazonaws.com/us-east-1%3Ae614caf3-1652-4730-8b8e-7b366f057518/br/ce/fortaleza/zona-0001/c1e7af1246740c6a53f1c94e6e34b6d1.jpg", "https://vocefiscal-poll-tape-uploads.s3.amazonaws.com/us-east-1%3Ae614caf3-1652-4730-8b8e-7b366f057518/br/ce/fortaleza/zona-0001/cd8a179885a421cd15633519649dd35d.jpg", "https://vocefiscal-poll-tape-uploads.s3.amazonaws.com/us-east-1%3Ae614caf3-1652-4730-8b8e-7b366f057518/br/ce/fortaleza/zona-0001/238edbcf6679af42ae9697965aa0dae5.jpg", "https://vocefiscal-poll-tape-uploads.s3.amazonaws.com/us-east-1%3Ae614caf3-1652-4730-8b8e-7b366f057518/br/ce/fortaleza/zona-0001/dac231ee6d6f96ac610ff99faecbe25b.jpg", "https://vocefiscal-poll-tape-uploads.s3.amazonaws.com/us-east-1%3Ae614caf3-1652-4730-8b8e-7b366f057518/br/ce/fortaleza/zona-0001/c45323d5cc475b4a200e5d66ea58f053.jpg", "https://vocefiscal-poll-tape-uploads.s3.amazonaws.com/us-east-1%3Ae614caf3-1652-4730-8b8e-7b366f057518/br/ce/fortaleza/zona-0001/ab7d688769c87fc2671114cda46ede0.jpg", "https://vocefiscal-poll-tape-uploads.s3.amazonaws.com/us-east-1%3Ae614caf3-1652-4730-8b8e-7b366f057518/br/ce/fortaleza/zona-0001/c1a35fcaebbbefb286674c5287d1cb78.jpg", "https://vocefiscal-poll-tape-uploads.s3.amazonaws.com/us-east-1%3Ae614caf3-1652-4730-8b8e-7b366f057518/br/ce/fortaleza/zona-0001/22c5ed20dfa083c4c9530480ca2fe257.jpg", "https://vocefiscal-poll-tape-uploads.s3.amazonaws.com/us-east-1%3Ae614caf3-1652-4730-8b8e-7b366f057518/br/ce/fortaleza/zona-0001/2c7dc68c7d6de32a7dc5160d672774ab.jpg", "https://vocefiscal-poll-tape-uploads.s3.amazonaws.com/us-east-1%3Ae614caf3-1652-4730-8b8e-7b366f057518/br/ce/fortaleza/zona-0001/47666475b6704ae78d3441f1daba5112.jpg", "https://vocefiscal-poll-tape-uploads.s3.amazonaws.com/us-east-1%3Ae614caf3-1652-4730-8b8e-7b366f057518/br/ce/fortaleza/zona-0001/779e9d0ff99bc30aa1a964fb3127ad7f.jpg", "https://vocefiscal-poll-tape-uploads.s3.amazonaws.com/us-east-1%3Ae614caf3-1652-4730-8b8e-7b366f057518/br/ce/fortaleza/zona-0001/1b25bad8554562c1106b084b8acda730.jpg", "https://vocefiscal-poll-tape-uploads.s3.amazonaws.com/us-east-1%3Ae614caf3-1652-4730-8b8e-7b366f057518/br/ce/fortaleza/zona-0001/e3fd61c3591da8c14afc286564b7950.jpg", "https://vocefiscal-poll-tape-uploads.s3.amazonaws.com/us-east-1%3Ae614caf3-1652-4730-8b8e-7b366f057518/br/ce/fortaleza/zona-0001/38ff49650f9277689d30a1d1ccede12f.jpg", "https://vocefiscal-poll-tape-uploads.s3.amazonaws.com/us-east-1%3Ae614caf3-1652-4730-8b8e-7b366f057518/br/ce/fortaleza/zona-0001/a4c34676c5e87f7ab7769738cff94e17.jpg", "https://vocefiscal-poll-tape-uploads.s3.amazonaws.com/us-east-1%3Ae614caf3-1652-4730-8b8e-7b366f057518/br/ce/fortaleza/zona-0001/ed143c0c290ff12e5fc5e85a47ac09d8.jpg", "https://vocefiscal-poll-tape-uploads.s3.amazonaws.com/us-east-1%3Ae614caf3-1652-4730-8b8e-7b366f057518/br/ce/fortaleza/zona-0001/caf15882bb0b43685d900a63cff82ce5.jpg", "https://vocefiscal-poll-tape-uploads.s3.amazonaws.com/us-east-1%3Ae614caf3-1652-4730-8b8e-7b366f057518/br/ce/fortaleza/zona-0001/916312e601c320f16d8ddfc71a5150da.jpg", "https://vocefiscal-poll-tape-uploads.s3.amazonaws.com/us-east-1%3Ae614caf3-1652-4730-8b8e-7b366f057518/br/ce/fortaleza/zona-0001/916312e601c320f16d8ddfc71a5150da.jpg", "https://vocefiscal-poll-tape-uploads.s3.amazonaws.com/us-east-1%3Ae614caf3-1652-4730-8b8e-7b366f057518/br/ce/fortaleza/zona-0001/b372dd200cb18584c4168116386758f6.jpg", "https://vocefiscal-poll-tape-uploads.s3.amazonaws.com/us-east-1%3Ae614caf3-1652-4730-8b8e-7b366f057518/br/ce/fortaleza/zona-0001/5b42ddda6900eaf6764a4e478c82c09a.jpg", "https://vocefiscal-poll-tape-uploads.s3.amazonaws.com/us-east-1%3Ae614caf3-1652-4730-8b8e-7b366f057518/br/ce/fortaleza/zona-0001/5b42ddda6900eaf6764a4e478c82c09a.jpg", "https://vocefiscal-poll-tape-uploads.s3.amazonaws.com/us-east-1%3Ae614caf3-1652-4730-8b8e-7b366f057518/br/ce/fortaleza/zona-0001/8569dd1d642c98e5c58ea8c97ffb06b5.jpg", "https://vocefiscal-poll-tape-uploads.s3.amazonaws.com/us-east-1%3Ae614caf3-1652-4730-8b8e-7b366f057518/br/ce/fortaleza/zona-0001/8569dd1d642c98e5c58ea8c97ffb06b5.jpg", "https://vocefiscal-poll-tape-uploads.s3.amazonaws.com/us-east-1%3Ae614caf3-1652-4730-8b8e-7b366f057518/br/ce/fortaleza/zona-0001/e6bea8bb20a3b94b761121718d1e0c3d.jpg", "https://vocefiscal-poll-tape-uploads.s3.amazonaws.com/us-east-1%3Ae614caf3-1652-4730-8b8e-7b366f057518/br/ce/fortaleza/zona-0001/32ca0613bbf08472242706bbcf87cfd5.jpg", "https://vocefiscal-poll-tape-uploads.s3.amazonaws.com/us-east-1%3Ae614caf3-1652-4730-8b8e-7b366f057518/br/ce/fortaleza/zona-0001/e61810ea34aee73591314dbdefb74551.jpg", "https://vocefiscal-poll-tape-uploads.s3.amazonaws.com/us-east-1%3Ae614caf3-1652-4730-8b8e-7b366f057518/br/ce/fortaleza/zona-0001/f2f7f0148731359b06fa61134294053e.jpg"], "zonaEleitoral": "0001"}