{"estado": "CE", "municipio": "FORTALEZA", "data": 1412541040875, "secaoEleitoral": "0292", "pictureURLList": ["https://vocefiscal-poll-tape-uploads.s3.amazonaws.com/us-east-1%3Ad58ce593-ec68-4225-bbf6-263fe4b61f67/br/ce/fortaleza/zona-0003/8b523a950b6b655dd56d69592ab078ec.jpg", "https://vocefiscal-poll-tape-uploads.s3.amazonaws.com/us-east-1%3Ad58ce593-ec68-4225-bbf6-263fe4b61f67/br/ce/fortaleza/zona-0003/3c83546da7ddb579d7e76bb7908e6167.jpg", "https://vocefiscal-poll-tape-uploads.s3.amazonaws.com/us-east-1%3Ad58ce593-ec68-4225-bbf6-263fe4b61f67/br/ce/fortaleza/zona-0003/8f6468c5426ed6bd5bf5beded05764ae.jpg"], "zonaEleitoral": "0003"}