{"estado": "CE", "municipio": "FORTALEZA", "data": 1412541150438, "secaoEleitoral": "0163", "pictureURLList": ["https://vocefiscal-poll-tape-uploads.s3.amazonaws.com/us-east-1%3Ac5535d09-fef5-4ba0-b4d4-3f8913c09af1/br/ce/fortaleza/zona-0113/98a1fd25d887ab3580184d9b284a91ea.jpg", "https://vocefiscal-poll-tape-uploads.s3.amazonaws.com/us-east-1%3Ac5535d09-fef5-4ba0-b4d4-3f8913c09af1/br/ce/fortaleza/zona-0113/f1e144662d40f43d704291f45459fad7.jpg", "https://vocefiscal-poll-tape-uploads.s3.amazonaws.com/us-east-1%3Ac5535d09-fef5-4ba0-b4d4-3f8913c09af1/br/ce/fortaleza/zona-0113/dd8510baa6d62c382e1273508c6c8663.jpg"], "zonaEleitoral": "0113"}