{"estado": "CE", "municipio": "IPU", "data": 1412541377014, "secaoEleitoral": "0041", "pictureURLList": ["https://vocefiscal-poll-tape-uploads.s3.amazonaws.com/us-east-1%3A2b46ae3b-4062-4f99-a8f0-39da75310e76/br/ce/ipu/zona-0021/306daedcb23b558944674a197f86030a.jpg", "https://vocefiscal-poll-tape-uploads.s3.amazonaws.com/us-east-1%3A2b46ae3b-4062-4f99-a8f0-39da75310e76/br/ce/ipu/zona-0021/3187c53acc4785cbfdbd4a54ef9a3576.jpg", "https://vocefiscal-poll-tape-uploads.s3.amazonaws.com/us-east-1%3A2b46ae3b-4062-4f99-a8f0-39da75310e76/br/ce/ipu/zona-0021/fa4a534fe0b5ac372e231460b464c64.jpg", "https://vocefiscal-poll-tape-uploads.s3.amazonaws.com/us-east-1%3A2b46ae3b-4062-4f99-a8f0-39da75310e76/br/ce/ipu/zona-0021/d3cea2825a6e2479fdc2390463cc1f3f.jpg", "https://vocefiscal-poll-tape-uploads.s3.amazonaws.com/us-east-1%3A2b46ae3b-4062-4f99-a8f0-39da75310e76/br/ce/ipu/zona-0021/93e8ac727edb229d47fb68ff494ca3fa.jpg", "https://vocefiscal-poll-tape-uploads.s3.amazonaws.com/us-east-1%3A2b46ae3b-4062-4f99-a8f0-39da75310e76/br/ce/ipu/zona-0021/6344a6fdf51a6d5693d7391fc7265a5.jpg", "https://vocefiscal-poll-tape-uploads.s3.amazonaws.com/us-east-1%3A2b46ae3b-4062-4f99-a8f0-39da75310e76/br/ce/ipu/zona-0021/2ed0440c448a1bfe61cbe63ae6bcd134.jpg", "https://vocefiscal-poll-tape-uploads.s3.amazonaws.com/us-east-1%3A2b46ae3b-4062-4f99-a8f0-39da75310e76/br/ce/ipu/zona-0021/6af91ad67113d8fa67d128b4f0dba7be.jpg", "https://vocefiscal-poll-tape-uploads.s3.amazonaws.com/us-east-1%3A2b46ae3b-4062-4f99-a8f0-39da75310e76/br/ce/ipu/zona-0021/62fee72bfab3f871df2c353de873d1bf.jpg", "https://vocefiscal-poll-tape-uploads.s3.amazonaws.com/us-east-1%3A2b46ae3b-4062-4f99-a8f0-39da75310e76/br/ce/ipu/zona-0021/dcb7e3c31c38a864b6e0646b0c1a8a53.jpg", "https://vocefiscal-poll-tape-uploads.s3.amazonaws.com/us-east-1%3A2b46ae3b-4062-4f99-a8f0-39da75310e76/br/ce/ipu/zona-0021/39ff34ca92320e4611447d6434b63458.jpg", "https://vocefiscal-poll-tape-uploads.s3.amazonaws.com/us-east-1%3A2b46ae3b-4062-4f99-a8f0-39da75310e76/br/ce/ipu/zona-0021/aee3bccb71d8603b8acc129945beb887.jpg", "https://vocefiscal-poll-tape-uploads.s3.amazonaws.com/us-east-1%3A2b46ae3b-4062-4f99-a8f0-39da75310e76/br/ce/ipu/zona-0021/6d94049e2497adcd6e0ffe2b82ddcfdf.jpg", "https://vocefiscal-poll-tape-uploads.s3.amazonaws.com/us-east-1%3A2b46ae3b-4062-4f99-a8f0-39da75310e76/br/ce/ipu/zona-0021/ec36c600849b252f5dd716cada97da2d.jpg", "https://vocefiscal-poll-tape-uploads.s3.amazonaws.com/us-east-1%3A2b46ae3b-4062-4f99-a8f0-39da75310e76/br/ce/ipu/zona-0021/ee98831ddfcc7f67e63c042fb97940ff.jpg", "https://vocefiscal-poll-tape-uploads.s3.amazonaws.com/us-east-1%3A2b46ae3b-4062-4f99-a8f0-39da75310e76/br/ce/ipu/zona-0021/a410109b48c22445e1950fb7f68093a5.jpg", "https://vocefiscal-poll-tape-uploads.s3.amazonaws.com/us-east-1%3A2b46ae3b-4062-4f99-a8f0-39da75310e76/br/ce/ipu/zona-0021/85d40b902689ab6a2e4923f397b64609.jpg", "https://vocefiscal-poll-tape-uploads.s3.amazonaws.com/us-east-1%3A2b46ae3b-4062-4f99-a8f0-39da75310e76/br/ce/ipu/zona-0021/fec8c56b9b365061ee592035cff22292.jpg", "https://vocefiscal-poll-tape-uploads.s3.amazonaws.com/us-east-1%3A2b46ae3b-4062-4f99-a8f0-39da75310e76/br/ce/ipu/zona-0021/d58593cd4b6eae5ebe9ae5d95e74446f.jpg", "https://vocefiscal-poll-tape-uploads.s3.amazonaws.com/us-east-1%3A2b46ae3b-4062-4f99-a8f0-39da75310e76/br/ce/ipu/zona-0021/eb944fd2f6f1c8e74d9bb109b14dbe35.jpg", "https://vocefiscal-poll-tape-uploads.s3.amazonaws.com/us-east-1%3A2b46ae3b-4062-4f99-a8f0-39da75310e76/br/ce/ipu/zona-0021/4903a4bb580fd681805a6b95cc471176.jpg", "https://vocefiscal-poll-tape-uploads.s3.amazonaws.com/us-east-1%3A2b46ae3b-4062-4f99-a8f0-39da75310e76/br/ce/ipu/zona-0021/169953f0782380b1050b55c3802c049c.jpg", "https://vocefiscal-poll-tape-uploads.s3.amazonaws.com/us-east-1%3A2b46ae3b-4062-4f99-a8f0-39da75310e76/br/ce/ipu/zona-0021/1d3c2bb7bd61a7c57b8a7e42517b12bd.jpg", "https://vocefiscal-poll-tape-uploads.s3.amazonaws.com/us-east-1%3A2b46ae3b-4062-4f99-a8f0-39da75310e76/br/ce/ipu/zona-0021/db2e45ff84d4ce784a8b31d1bf7c0028.jpg", "https://vocefiscal-poll-tape-uploads.s3.amazonaws.com/us-east-1%3A2b46ae3b-4062-4f99-a8f0-39da75310e76/br/ce/ipu/zona-0021/46f5698fabb06b17e6e08708e878ff01.jpg", "https://vocefiscal-poll-tape-uploads.s3.amazonaws.com/us-east-1%3A2b46ae3b-4062-4f99-a8f0-39da75310e76/br/ce/ipu/zona-0021/43160275dbff92f6224a2ee3e8860c5.jpg", "https://vocefiscal-poll-tape-uploads.s3.amazonaws.com/us-east-1%3A2b46ae3b-4062-4f99-a8f0-39da75310e76/br/ce/ipu/zona-0021/241189e64675a193d1b0bb2fd0375db.jpg", "https://vocefiscal-poll-tape-uploads.s3.amazonaws.com/us-east-1%3A2b46ae3b-4062-4f99-a8f0-39da75310e76/br/ce/ipu/zona-0021/a14c7aa79131442e3a7e483cfad955b6.jpg", "https://vocefiscal-poll-tape-uploads.s3.amazonaws.com/us-east-1%3A2b46ae3b-4062-4f99-a8f0-39da75310e76/br/ce/ipu/zona-0021/2358e1feded35687231f07a53ddfe36b.jpg", "https://vocefiscal-poll-tape-uploads.s3.amazonaws.com/us-east-1%3A2b46ae3b-4062-4f99-a8f0-39da75310e76/br/ce/ipu/zona-0021/e23cafe02ffa14c85780729a1ced897a.jpg", "https://vocefiscal-poll-tape-uploads.s3.amazonaws.com/us-east-1%3A2b46ae3b-4062-4f99-a8f0-39da75310e76/br/ce/ipu/zona-0021/923bdc7a7c194806ce934e9f654892db.jpg"], "zonaEleitoral": "0021", "localDaVotacao": "1287"}