{"estado": "CE", "municipio": "PACOTI", "data": 1412542264674, "secaoEleitoral": "0028", "pictureURLList": ["https://vocefiscal-poll-tape-uploads.s3.amazonaws.com/us-east-1%3A98a5ce28-4050-4bea-90c4-ac6c6ed6ba63/br/ce/pacoti/zona-0077/9f1e55138934618b04db8922bfd0aed0.jpg", "https://vocefiscal-poll-tape-uploads.s3.amazonaws.com/us-east-1%3A98a5ce28-4050-4bea-90c4-ac6c6ed6ba63/br/ce/pacoti/zona-0077/394f1aba55af768909d5c477c33cf3e5.jpg", "https://vocefiscal-poll-tape-uploads.s3.amazonaws.com/us-east-1%3A98a5ce28-4050-4bea-90c4-ac6c6ed6ba63/br/ce/pacoti/zona-0077/98bc2152132693e7386d1bc1e8a07243.jpg", "https://vocefiscal-poll-tape-uploads.s3.amazonaws.com/us-east-1%3A98a5ce28-4050-4bea-90c4-ac6c6ed6ba63/br/ce/pacoti/zona-0077/761d452490a6336e48ce649ac5260a38.jpg", "https://vocefiscal-poll-tape-uploads.s3.amazonaws.com/us-east-1%3A98a5ce28-4050-4bea-90c4-ac6c6ed6ba63/br/ce/pacoti/zona-0077/a910fb64482f4bc466a2541e96849453.jpg", "https://vocefiscal-poll-tape-uploads.s3.amazonaws.com/us-east-1%3A98a5ce28-4050-4bea-90c4-ac6c6ed6ba63/br/ce/pacoti/zona-0077/70b7e6b6da6c0b21375dba29a831ba21.jpg", "https://vocefiscal-poll-tape-uploads.s3.amazonaws.com/us-east-1%3A98a5ce28-4050-4bea-90c4-ac6c6ed6ba63/br/ce/pacoti/zona-0077/c263395a13c34273965a9aca9293993b.jpg", "https://vocefiscal-poll-tape-uploads.s3.amazonaws.com/us-east-1%3A98a5ce28-4050-4bea-90c4-ac6c6ed6ba63/br/ce/pacoti/zona-0077/6c6a27acd5111197ad10ec50b66e95e6.jpg", "https://vocefiscal-poll-tape-uploads.s3.amazonaws.com/us-east-1%3A98a5ce28-4050-4bea-90c4-ac6c6ed6ba63/br/ce/pacoti/zona-0077/9635a015e472f4f44ef4e9eb6ff726ea.jpg", "https://vocefiscal-poll-tape-uploads.s3.amazonaws.com/us-east-1%3A98a5ce28-4050-4bea-90c4-ac6c6ed6ba63/br/ce/pacoti/zona-0077/4c261101ce6ed69b7e1133e432a58a09.jpg", "https://vocefiscal-poll-tape-uploads.s3.amazonaws.com/us-east-1%3A98a5ce28-4050-4bea-90c4-ac6c6ed6ba63/br/ce/pacoti/zona-0077/22c30eb46be33feb9752bd8d3af6920d.jpg", "https://vocefiscal-poll-tape-uploads.s3.amazonaws.com/us-east-1%3A98a5ce28-4050-4bea-90c4-ac6c6ed6ba63/br/ce/pacoti/zona-0077/6fdbfa08a8acc100ca050c2c0394cecf.jpg", "https://vocefiscal-poll-tape-uploads.s3.amazonaws.com/us-east-1%3A98a5ce28-4050-4bea-90c4-ac6c6ed6ba63/br/ce/pacoti/zona-0077/1f339e5711b7af0ac014f5d3c844d6eb.jpg", "https://vocefiscal-poll-tape-uploads.s3.amazonaws.com/us-east-1%3A98a5ce28-4050-4bea-90c4-ac6c6ed6ba63/br/ce/pacoti/zona-0077/2f16d5086900257d1e9ae1d0b505ed0e.jpg"], "zonaEleitoral": "0077", "localDaVotacao": "1120"}