{"estado": "CE", "municipio": "PACOTI", "data": 1412541848512, "secaoEleitoral": "0032", "pictureURLList": ["https://vocefiscal-poll-tape-uploads.s3.amazonaws.com/us-east-1%3A76e51c0c-9485-4613-a457-3bf93cba8cb4/br/ce/pacoti/zona-0077/ce36981658cd31f06b0e6d3d36015a99.jpg", "https://vocefiscal-poll-tape-uploads.s3.amazonaws.com/us-east-1%3A76e51c0c-9485-4613-a457-3bf93cba8cb4/br/ce/pacoti/zona-0077/2dd63e011eb0c5ed3f39a24f45ba9cd5.jpg", "https://vocefiscal-poll-tape-uploads.s3.amazonaws.com/us-east-1%3A76e51c0c-9485-4613-a457-3bf93cba8cb4/br/ce/pacoti/zona-0077/71b8a80616e35448f09b22ff47e0184b.jpg", "https://vocefiscal-poll-tape-uploads.s3.amazonaws.com/us-east-1%3A76e51c0c-9485-4613-a457-3bf93cba8cb4/br/ce/pacoti/zona-0077/b4ed5bc9217988e155abded5ddebbea.jpg", "https://vocefiscal-poll-tape-uploads.s3.amazonaws.com/us-east-1%3A76e51c0c-9485-4613-a457-3bf93cba8cb4/br/ce/pacoti/zona-0077/68972aa204aba5b0aa60a18a2da0d79b.jpg", "https://vocefiscal-poll-tape-uploads.s3.amazonaws.com/us-east-1%3A76e51c0c-9485-4613-a457-3bf93cba8cb4/br/ce/pacoti/zona-0077/b0ffe4a744fc097306e8f79a83c1fe31.jpg", "https://vocefiscal-poll-tape-uploads.s3.amazonaws.com/us-east-1%3A76e51c0c-9485-4613-a457-3bf93cba8cb4/br/ce/pacoti/zona-0077/a3e1c36fc1ede8d8116030843e2756cb.jpg", "https://vocefiscal-poll-tape-uploads.s3.amazonaws.com/us-east-1%3A76e51c0c-9485-4613-a457-3bf93cba8cb4/br/ce/pacoti/zona-0077/9e849953b1abe301fb76c55052f09fd7.jpg", "https://vocefiscal-poll-tape-uploads.s3.amazonaws.com/us-east-1%3A76e51c0c-9485-4613-a457-3bf93cba8cb4/br/ce/pacoti/zona-0077/cbd107e5c0b57a6d0958adc37175272b.jpg", "https://vocefiscal-poll-tape-uploads.s3.amazonaws.com/us-east-1%3A76e51c0c-9485-4613-a457-3bf93cba8cb4/br/ce/pacoti/zona-0077/cb4453b54ecb1917365f1c7e87d84ca9.jpg", "https://vocefiscal-poll-tape-uploads.s3.amazonaws.com/us-east-1%3A76e51c0c-9485-4613-a457-3bf93cba8cb4/br/ce/pacoti/zona-0077/9f405cd230b40fbbaecc06537534f437.jpg", "https://vocefiscal-poll-tape-uploads.s3.amazonaws.com/us-east-1%3A76e51c0c-9485-4613-a457-3bf93cba8cb4/br/ce/pacoti/zona-0077/96332fd89309d5e5d1fac245d8853ee5.jpg", "https://vocefiscal-poll-tape-uploads.s3.amazonaws.com/us-east-1%3A76e51c0c-9485-4613-a457-3bf93cba8cb4/br/ce/pacoti/zona-0077/f5e5d404110327b125d1783101964cd3.jpg", "https://vocefiscal-poll-tape-uploads.s3.amazonaws.com/us-east-1%3A76e51c0c-9485-4613-a457-3bf93cba8cb4/br/ce/pacoti/zona-0077/3708b519f9e51fb58959aeb4b9af3431.jpg", "https://vocefiscal-poll-tape-uploads.s3.amazonaws.com/us-east-1%3A76e51c0c-9485-4613-a457-3bf93cba8cb4/br/ce/pacoti/zona-0077/79cd57f35140eb6fd4c9aa56158f7aa.jpg", "https://vocefiscal-poll-tape-uploads.s3.amazonaws.com/us-east-1%3A76e51c0c-9485-4613-a457-3bf93cba8cb4/br/ce/pacoti/zona-0077/43516e49bb612555d15182b566c34fae.jpg", "https://vocefiscal-poll-tape-uploads.s3.amazonaws.com/us-east-1%3A76e51c0c-9485-4613-a457-3bf93cba8cb4/br/ce/pacoti/zona-0077/484527f14004bb94de0ce277523d4736.jpg", "https://vocefiscal-poll-tape-uploads.s3.amazonaws.com/us-east-1%3A76e51c0c-9485-4613-a457-3bf93cba8cb4/br/ce/pacoti/zona-0077/ca2d8ed4b5684e30efa3d751d0bcf4d.jpg", "https://vocefiscal-poll-tape-uploads.s3.amazonaws.com/us-east-1%3A76e51c0c-9485-4613-a457-3bf93cba8cb4/br/ce/pacoti/zona-0077/ae1729d703c02e36baa98ce0f554d6cb.jpg", "https://vocefiscal-poll-tape-uploads.s3.amazonaws.com/us-east-1%3A76e51c0c-9485-4613-a457-3bf93cba8cb4/br/ce/pacoti/zona-0077/6f78cdf13e76c35be8015ce039661f4a.jpg", "https://vocefiscal-poll-tape-uploads.s3.amazonaws.com/us-east-1%3A76e51c0c-9485-4613-a457-3bf93cba8cb4/br/ce/pacoti/zona-0077/9efad3de7c22e75ff54a09ff5b53c0ee.jpg", "https://vocefiscal-poll-tape-uploads.s3.amazonaws.com/us-east-1%3A76e51c0c-9485-4613-a457-3bf93cba8cb4/br/ce/pacoti/zona-0077/e3c93a90ac06a9a6497c9ed9b66be03e.jpg", "https://vocefiscal-poll-tape-uploads.s3.amazonaws.com/us-east-1%3A76e51c0c-9485-4613-a457-3bf93cba8cb4/br/ce/pacoti/zona-0077/300151c35bfae2f951ddb64348f7afb7.jpg", "https://vocefiscal-poll-tape-uploads.s3.amazonaws.com/us-east-1%3A76e51c0c-9485-4613-a457-3bf93cba8cb4/br/ce/pacoti/zona-0077/c80a394bc5a8dcac93e0797536adbdee.jpg", "https://vocefiscal-poll-tape-uploads.s3.amazonaws.com/us-east-1%3A76e51c0c-9485-4613-a457-3bf93cba8cb4/br/ce/pacoti/zona-0077/4d76f303632f96d82799e04fdc585d8c.jpg", "https://vocefiscal-poll-tape-uploads.s3.amazonaws.com/us-east-1%3A76e51c0c-9485-4613-a457-3bf93cba8cb4/br/ce/pacoti/zona-0077/ce127a94c7f01e0e3c77f12cdb2082e9.jpg", "https://vocefiscal-poll-tape-uploads.s3.amazonaws.com/us-east-1%3A76e51c0c-9485-4613-a457-3bf93cba8cb4/br/ce/pacoti/zona-0077/6d4560a9a8779da5824c119b5e0de2f4.jpg", "https://vocefiscal-poll-tape-uploads.s3.amazonaws.com/us-east-1%3A76e51c0c-9485-4613-a457-3bf93cba8cb4/br/ce/pacoti/zona-0077/619fd08c03023adc6d04bd70d5c84082.jpg", "https://vocefiscal-poll-tape-uploads.s3.amazonaws.com/us-east-1%3A76e51c0c-9485-4613-a457-3bf93cba8cb4/br/ce/pacoti/zona-0077/d4981ffccd10f153916b7109497e33c7.jpg", "https://vocefiscal-poll-tape-uploads.s3.amazonaws.com/us-east-1%3A76e51c0c-9485-4613-a457-3bf93cba8cb4/br/ce/pacoti/zona-0077/90b9785dc0104d1e6bd82891fb2335c3.jpg"], "zonaEleitoral": "0077", "localDaVotacao": "1040"}