{"estado": "CE", "municipio": "ABAIARA", "data": 1412540919613, "secaoEleitoral": "0343", "pictureURLList": ["https://vocefiscal-poll-tape-uploads.s3.amazonaws.com/us-east-1%3A1c29f6dc-054b-4abc-a4e5-f44b8a57c733/br/ce/abaiara/zona-0118/7dd2d212265e587b371a1fab5341224c.jpg", "https://vocefiscal-poll-tape-uploads.s3.amazonaws.com/us-east-1%3A1c29f6dc-054b-4abc-a4e5-f44b8a57c733/br/ce/abaiara/zona-0118/108efb6c23adb9e7264887050b273703.jpg", "https://vocefiscal-poll-tape-uploads.s3.amazonaws.com/us-east-1%3A1c29f6dc-054b-4abc-a4e5-f44b8a57c733/br/ce/abaiara/zona-0118/a73c2bcc3eca64417e8981334de8c83e.jpg", "https://vocefiscal-poll-tape-uploads.s3.amazonaws.com/us-east-1%3A1c29f6dc-054b-4abc-a4e5-f44b8a57c733/br/ce/abaiara/zona-0118/f0f75f0fd0fa924b3e751aa3ffe2ab68.jpg", "https://vocefiscal-poll-tape-uploads.s3.amazonaws.com/us-east-1%3A1c29f6dc-054b-4abc-a4e5-f44b8a57c733/br/ce/abaiara/zona-0118/1b758f7bd0908273da8e4a2ae70c1255.jpg", "https://vocefiscal-poll-tape-uploads.s3.amazonaws.com/us-east-1%3A1c29f6dc-054b-4abc-a4e5-f44b8a57c733/br/ce/abaiara/zona-0118/9a9cae675101f3f14c2d4ee08769ddf.jpg", "https://vocefiscal-poll-tape-uploads.s3.amazonaws.com/us-east-1%3A1c29f6dc-054b-4abc-a4e5-f44b8a57c733/br/ce/abaiara/zona-0118/f0d9286dc7500dea663de88db9cfa055.jpg", "https://vocefiscal-poll-tape-uploads.s3.amazonaws.com/us-east-1%3A1c29f6dc-054b-4abc-a4e5-f44b8a57c733/br/ce/abaiara/zona-0118/b0ab278d23eb343d792314463261a1dd.jpg", "https://vocefiscal-poll-tape-uploads.s3.amazonaws.com/us-east-1%3A1c29f6dc-054b-4abc-a4e5-f44b8a57c733/br/ce/abaiara/zona-0118/b57e6be30c16296ba34b64f486d3c95a.jpg", "https://vocefiscal-poll-tape-uploads.s3.amazonaws.com/us-east-1%3A1c29f6dc-054b-4abc-a4e5-f44b8a57c733/br/ce/abaiara/zona-0118/c293d889954124121d7d73b0d6df07bc.jpg", "https://vocefiscal-poll-tape-uploads.s3.amazonaws.com/us-east-1%3A1c29f6dc-054b-4abc-a4e5-f44b8a57c733/br/ce/abaiara/zona-0118/e5493c8e30950cfaa7fca1faf21ed3b.jpg", "https://vocefiscal-poll-tape-uploads.s3.amazonaws.com/us-east-1%3A1c29f6dc-054b-4abc-a4e5-f44b8a57c733/br/ce/abaiara/zona-0118/e037c65685eadb39c599cc1caf78cc2f.jpg", "https://vocefiscal-poll-tape-uploads.s3.amazonaws.com/us-east-1%3A1c29f6dc-054b-4abc-a4e5-f44b8a57c733/br/ce/abaiara/zona-0118/e45d7b9aef2807e53cd7a291f52712d7.jpg", "https://vocefiscal-poll-tape-uploads.s3.amazonaws.com/us-east-1%3A1c29f6dc-054b-4abc-a4e5-f44b8a57c733/br/ce/abaiara/zona-0118/4e918a746ee3ea0afa1d281ff06a7b4c.jpg", "https://vocefiscal-poll-tape-uploads.s3.amazonaws.com/us-east-1%3A1c29f6dc-054b-4abc-a4e5-f44b8a57c733/br/ce/abaiara/zona-0118/7672bdf0c607bcbe1f6581e565d2191f.jpg", "https://vocefiscal-poll-tape-uploads.s3.amazonaws.com/us-east-1%3A1c29f6dc-054b-4abc-a4e5-f44b8a57c733/br/ce/abaiara/zona-0118/d6ce537ab590da1f6996a99ecfa9ee41.jpg", "https://vocefiscal-poll-tape-uploads.s3.amazonaws.com/us-east-1%3A1c29f6dc-054b-4abc-a4e5-f44b8a57c733/br/ce/abaiara/zona-0118/7fd9eaf8482f7660469ce544cf1d79bf.jpg", "https://vocefiscal-poll-tape-uploads.s3.amazonaws.com/us-east-1%3A1c29f6dc-054b-4abc-a4e5-f44b8a57c733/br/ce/abaiara/zona-0118/c4a7a6500dc9aa2bf7a420aa2d036564.jpg", "https://vocefiscal-poll-tape-uploads.s3.amazonaws.com/us-east-1%3A1c29f6dc-054b-4abc-a4e5-f44b8a57c733/br/ce/abaiara/zona-0118/9bfd219fdac86539bf21748117eaa440.jpg", "https://vocefiscal-poll-tape-uploads.s3.amazonaws.com/us-east-1%3A1c29f6dc-054b-4abc-a4e5-f44b8a57c733/br/ce/abaiara/zona-0118/caa43d68f98530b4c11a818fe40206c0.jpg", "https://vocefiscal-poll-tape-uploads.s3.amazonaws.com/us-east-1%3A1c29f6dc-054b-4abc-a4e5-f44b8a57c733/br/ce/abaiara/zona-0118/4d1bafca20f184ca8c0cc60f358023dd.jpg"], "zonaEleitoral": "0118"}