{"estado": "CE", "municipio": "CANIND\u00c9", "data": 1412540470045, "secaoEleitoral": "0076", "pictureURLList": ["https://vocefiscal-poll-tape-uploads.s3.amazonaws.com/us-east-1%3Ae3a74dfb-388e-4fcd-877f-3c1a7c295535/br/ce/caninde/zona-0033/a25b672c38bfe81deafc2b3cd9195fff.jpg", "https://vocefiscal-poll-tape-uploads.s3.amazonaws.com/us-east-1%3Ae3a74dfb-388e-4fcd-877f-3c1a7c295535/br/ce/caninde/zona-0033/5b8b6a8f3730cdb569df12dc7a9059a.jpg", "https://vocefiscal-poll-tape-uploads.s3.amazonaws.com/us-east-1%3Ae3a74dfb-388e-4fcd-877f-3c1a7c295535/br/ce/caninde/zona-0033/76caf9e80090703c6c79f50034d73fe1.jpg", "https://vocefiscal-poll-tape-uploads.s3.amazonaws.com/us-east-1%3Ae3a74dfb-388e-4fcd-877f-3c1a7c295535/br/ce/caninde/zona-0033/f94d68f4487d5df1382962141e3568fc.jpg", "https://vocefiscal-poll-tape-uploads.s3.amazonaws.com/us-east-1%3Ae3a74dfb-388e-4fcd-877f-3c1a7c295535/br/ce/caninde/zona-0033/e9c661e0050e3fffb863ce2f519ab162.jpg", "https://vocefiscal-poll-tape-uploads.s3.amazonaws.com/us-east-1%3Ae3a74dfb-388e-4fcd-877f-3c1a7c295535/br/ce/caninde/zona-0033/d9673ff4b3d114e6cbc1c32ad786c464.jpg", "https://vocefiscal-poll-tape-uploads.s3.amazonaws.com/us-east-1%3Ae3a74dfb-388e-4fcd-877f-3c1a7c295535/br/ce/caninde/zona-0033/13e3f312ffb4756a1a629b8d7b11e62d.jpg", "https://vocefiscal-poll-tape-uploads.s3.amazonaws.com/us-east-1%3Ae3a74dfb-388e-4fcd-877f-3c1a7c295535/br/ce/caninde/zona-0033/552c7405a2875f3883343d9ee4c2eff8.jpg", "https://vocefiscal-poll-tape-uploads.s3.amazonaws.com/us-east-1%3Ae3a74dfb-388e-4fcd-877f-3c1a7c295535/br/ce/caninde/zona-0033/d004ea5d0e67c54e07f3ea46b7aa740f.jpg", "https://vocefiscal-poll-tape-uploads.s3.amazonaws.com/us-east-1%3Ae3a74dfb-388e-4fcd-877f-3c1a7c295535/br/ce/caninde/zona-0033/5d0ea8bde59c63f4f2d0668a9e236689.jpg", "https://vocefiscal-poll-tape-uploads.s3.amazonaws.com/us-east-1%3Ae3a74dfb-388e-4fcd-877f-3c1a7c295535/br/ce/caninde/zona-0033/3f02258e4dffc37de6f576451cb56fe1.jpg", "https://vocefiscal-poll-tape-uploads.s3.amazonaws.com/us-east-1%3Ae3a74dfb-388e-4fcd-877f-3c1a7c295535/br/ce/caninde/zona-0033/a8ffb6ffac355e3a7c9141b5463fa07c.jpg", "https://vocefiscal-poll-tape-uploads.s3.amazonaws.com/us-east-1%3Ae3a74dfb-388e-4fcd-877f-3c1a7c295535/br/ce/caninde/zona-0033/dc81b82302b44e005d9d0974d426ae02.jpg", "https://vocefiscal-poll-tape-uploads.s3.amazonaws.com/us-east-1%3Ae3a74dfb-388e-4fcd-877f-3c1a7c295535/br/ce/caninde/zona-0033/95e4f9f09ead0661ebbc8aa282db6fd1.jpg", "https://vocefiscal-poll-tape-uploads.s3.amazonaws.com/us-east-1%3Ae3a74dfb-388e-4fcd-877f-3c1a7c295535/br/ce/caninde/zona-0033/f2c169a7caa3a4b375c9385da08e4701.jpg", "https://vocefiscal-poll-tape-uploads.s3.amazonaws.com/us-east-1%3Ae3a74dfb-388e-4fcd-877f-3c1a7c295535/br/ce/caninde/zona-0033/964522d1b6b6c8f9b543119896e2d9ab.jpg", "https://vocefiscal-poll-tape-uploads.s3.amazonaws.com/us-east-1%3Ae3a74dfb-388e-4fcd-877f-3c1a7c295535/br/ce/caninde/zona-0033/c9f0928f82e76fc484feab6c828a3686.jpg", "https://vocefiscal-poll-tape-uploads.s3.amazonaws.com/us-east-1%3Ae3a74dfb-388e-4fcd-877f-3c1a7c295535/br/ce/caninde/zona-0033/538ce693d8dbad91f934808306130664.jpg", "https://vocefiscal-poll-tape-uploads.s3.amazonaws.com/us-east-1%3Ae3a74dfb-388e-4fcd-877f-3c1a7c295535/br/ce/caninde/zona-0033/ce4ebf7c60f7f5597ba7950f0ddc4ed4.jpg", "https://vocefiscal-poll-tape-uploads.s3.amazonaws.com/us-east-1%3Ae3a74dfb-388e-4fcd-877f-3c1a7c295535/br/ce/caninde/zona-0033/949eb65f662ad50888a82b60d2ffbfb4.jpg", "https://vocefiscal-poll-tape-uploads.s3.amazonaws.com/us-east-1%3Ae3a74dfb-388e-4fcd-877f-3c1a7c295535/br/ce/caninde/zona-0033/b19bc4c93fcb54fa4d1d391b5283faca.jpg", "https://vocefiscal-poll-tape-uploads.s3.amazonaws.com/us-east-1%3Ae3a74dfb-388e-4fcd-877f-3c1a7c295535/br/ce/caninde/zona-0033/91bad87ea8499018b54c97586bff9386.jpg"], "zonaEleitoral": "0033", "localDaVotacao": "1244"}