{"data":1412540226025,"estado":"CE","localDaVotacao":"2089","municipio":"FORTALEZA","pictureURLList":["https://vocefiscal-poll-tape-uploads.s3.amazonaws.com/us-east-1%3A57c12a2b-1098-474f-8836-8d715b4c3319/br/ce/fortaleza/zona-0002/654ca243d81249a7671df08762287ed9.jpg","https://vocefiscal-poll-tape-uploads.s3.amazonaws.com/us-east-1%3A57c12a2b-1098-474f-8836-8d715b4c3319/br/ce/fortaleza/zona-0002/3ca236d2845a5328e71d905444d39849.jpg","https://vocefiscal-poll-tape-uploads.s3.amazonaws.com/us-east-1%3A57c12a2b-1098-474f-8836-8d715b4c3319/br/ce/fortaleza/zona-0002/94474f2d61ff01dee50e70d7c0915e35.jpg","https://vocefiscal-poll-tape-uploads.s3.amazonaws.com/us-east-1%3A57c12a2b-1098-474f-8836-8d715b4c3319/br/ce/fortaleza/zona-0002/c131a29ffefe6b1d4eeee4c014bb1484.jpg","https://vocefiscal-poll-tape-uploads.s3.amazonaws.com/us-east-1%3A57c12a2b-1098-474f-8836-8d715b4c3319/br/ce/fortaleza/zona-0002/848aef5d48b2be1e704746f74956dbbd.jpg","https://vocefiscal-poll-tape-uploads.s3.amazonaws.com/us-east-1%3A57c12a2b-1098-474f-8836-8d715b4c3319/br/ce/fortaleza/zona-0002/9e7ac7372963e9f1d8903c092c539b9.jpg","https://vocefiscal-poll-tape-uploads.s3.amazonaws.com/us-east-1%3A57c12a2b-1098-474f-8836-8d715b4c3319/br/ce/fortaleza/zona-0002/aea712f5caf799e761aec91f24efd925.jpg","https://vocefiscal-poll-tape-uploads.s3.amazonaws.com/us-east-1%3A57c12a2b-1098-474f-8836-8d715b4c3319/br/ce/fortaleza/zona-0002/1124529a595a45d5bd2e081ea4ba1a63.jpg","https://vocefiscal-poll-tape-uploads.s3.amazonaws.com/us-east-1%3A57c12a2b-1098-474f-8836-8d715b4c3319/br/ce/fortaleza/zona-0002/46eea4ee17842319c1dc66ef78ef8af1.jpg","https://vocefiscal-poll-tape-uploads.s3.amazonaws.com/us-east-1%3A57c12a2b-1098-474f-8836-8d715b4c3319/br/ce/fortaleza/zona-0002/4b4233953e6b3f7940912edf90d00c6.jpg","https://vocefiscal-poll-tape-uploads.s3.amazonaws.com/us-east-1%3A57c12a2b-1098-474f-8836-8d715b4c3319/br/ce/fortaleza/zona-0002/32f60186c364c1ec80506b74f8763b88.jpg","https://vocefiscal-poll-tape-uploads.s3.amazonaws.com/us-east-1%3A57c12a2b-1098-474f-8836-8d715b4c3319/br/ce/fortaleza/zona-0002/f060d1ebf2b1e7ebe747aa73b6dd1e33.jpg","https://vocefiscal-poll-tape-uploads.s3.amazonaws.com/us-east-1%3A57c12a2b-1098-474f-8836-8d715b4c3319/br/ce/fortaleza/zona-0002/fbc7953902fa4acc669e9cf4bc82b688.jpg","https://vocefiscal-poll-tape-uploads.s3.amazonaws.com/us-east-1%3A57c12a2b-1098-474f-8836-8d715b4c3319/br/ce/fortaleza/zona-0002/444c894283970b5e1209df486cac9162.jpg","https://vocefiscal-poll-tape-uploads.s3.amazonaws.com/us-east-1%3A57c12a2b-1098-474f-8836-8d715b4c3319/br/ce/fortaleza/zona-0002/2941b7e44d7ed7d0aee944ed0e8ace85.jpg","https://vocefiscal-poll-tape-uploads.s3.amazonaws.com/us-east-1%3A57c12a2b-1098-474f-8836-8d715b4c3319/br/ce/fortaleza/zona-0002/ab295b4530a8705f43180fed7781beea.jpg","https://vocefiscal-poll-tape-uploads.s3.amazonaws.com/us-east-1%3A57c12a2b-1098-474f-8836-8d715b4c3319/br/ce/fortaleza/zona-0002/4da101cad5a502c0bf8c29335b319107.jpg","https://vocefiscal-poll-tape-uploads.s3.amazonaws.com/us-east-1%3A57c12a2b-1098-474f-8836-8d715b4c3319/br/ce/fortaleza/zona-0002/6e184207e7042612e40cfb5de296435c.jpg","https://vocefiscal-poll-tape-uploads.s3.amazonaws.com/us-east-1%3A57c12a2b-1098-474f-8836-8d715b4c3319/br/ce/fortaleza/zona-0002/fbef20a2669721ea8cade77b3c1f2ac6.jpg","https://vocefiscal-poll-tape-uploads.s3.amazonaws.com/us-east-1%3A57c12a2b-1098-474f-8836-8d715b4c3319/br/ce/fortaleza/zona-0002/8fd801623e0b1fe0103f33adb0b2a4da.jpg","https://vocefiscal-poll-tape-uploads.s3.amazonaws.com/us-east-1%3A57c12a2b-1098-474f-8836-8d715b4c3319/br/ce/fortaleza/zona-0002/d3e040757457c5847625652a1d9d7704.jpg","https://vocefiscal-poll-tape-uploads.s3.amazonaws.com/us-east-1%3A57c12a2b-1098-474f-8836-8d715b4c3319/br/ce/fortaleza/zona-0002/ece0402901d9c52b374cf57ebdc50377.jpg","https://vocefiscal-poll-tape-uploads.s3.amazonaws.com/us-east-1%3A57c12a2b-1098-474f-8836-8d715b4c3319/br/ce/fortaleza/zona-0002/9dce67614fc2d2dfa44957108cde2fdd.jpg"],"secaoEleitoral":"0717","zonaEleitoral":"0002"}