{"estado": "CE", "municipio": "FORTALEZA", "data": 1412540979156, "secaoEleitoral": "0123", "pictureURLList": ["https://vocefiscal-poll-tape-uploads.s3.amazonaws.com/us-east-1%3Af6466587-661d-4c23-81c0-ff1bf87c247e/br/ce/fortaleza/zona-0115/6c1af56e0de6f957e982753913433fc5.jpg", "https://vocefiscal-poll-tape-uploads.s3.amazonaws.com/us-east-1%3Af6466587-661d-4c23-81c0-ff1bf87c247e/br/ce/fortaleza/zona-0115/44f842dd7f7f8cd3f3bc71d0864833c5.jpg", "https://vocefiscal-poll-tape-uploads.s3.amazonaws.com/us-east-1%3Af6466587-661d-4c23-81c0-ff1bf87c247e/br/ce/fortaleza/zona-0115/cc0a6699afbef698317159d50c95924b.jpg", "https://vocefiscal-poll-tape-uploads.s3.amazonaws.com/us-east-1%3Af6466587-661d-4c23-81c0-ff1bf87c247e/br/ce/fortaleza/zona-0115/d28ba29fd39f05ef8d8e2ac6669c3a8c.jpg", "https://vocefiscal-poll-tape-uploads.s3.amazonaws.com/us-east-1%3Af6466587-661d-4c23-81c0-ff1bf87c247e/br/ce/fortaleza/zona-0115/7f3402c0ca08d532a4578b4e2b1048a2.jpg", "https://vocefiscal-poll-tape-uploads.s3.amazonaws.com/us-east-1%3Af6466587-661d-4c23-81c0-ff1bf87c247e/br/ce/fortaleza/zona-0115/f547109afdee55e48f3e05e222f24c7d.jpg", "https://vocefiscal-poll-tape-uploads.s3.amazonaws.com/us-east-1%3Af6466587-661d-4c23-81c0-ff1bf87c247e/br/ce/fortaleza/zona-0115/f9e4b69795e46f9da82a0ce2ec4f55be.jpg", "https://vocefiscal-poll-tape-uploads.s3.amazonaws.com/us-east-1%3Af6466587-661d-4c23-81c0-ff1bf87c247e/br/ce/fortaleza/zona-0115/d1e3d10b991bea3cd0751b4bef31599a.jpg", "https://vocefiscal-poll-tape-uploads.s3.amazonaws.com/us-east-1%3Af6466587-661d-4c23-81c0-ff1bf87c247e/br/ce/fortaleza/zona-0115/cfdc56fa249b09810a44c55aca1a6179.jpg", "https://vocefiscal-poll-tape-uploads.s3.amazonaws.com/us-east-1%3Af6466587-661d-4c23-81c0-ff1bf87c247e/br/ce/fortaleza/zona-0115/8213afcc48ef43c974770c28f6267b00.jpg", "https://vocefiscal-poll-tape-uploads.s3.amazonaws.com/us-east-1%3Af6466587-661d-4c23-81c0-ff1bf87c247e/br/ce/fortaleza/zona-0115/7833988913ce97b80ff1064917ef6a6.jpg", "https://vocefiscal-poll-tape-uploads.s3.amazonaws.com/us-east-1%3Af6466587-661d-4c23-81c0-ff1bf87c247e/br/ce/fortaleza/zona-0115/a16c7bba15512bf2726bd259b5789a80.jpg", "https://vocefiscal-poll-tape-uploads.s3.amazonaws.com/us-east-1%3Af6466587-661d-4c23-81c0-ff1bf87c247e/br/ce/fortaleza/zona-0115/737e8bc52e07d14738a5fc99be19f23b.jpg", "https://vocefiscal-poll-tape-uploads.s3.amazonaws.com/us-east-1%3Af6466587-661d-4c23-81c0-ff1bf87c247e/br/ce/fortaleza/zona-0115/d8f1810f721edd6a85715e92daadb711.jpg", "https://vocefiscal-poll-tape-uploads.s3.amazonaws.com/us-east-1%3Af6466587-661d-4c23-81c0-ff1bf87c247e/br/ce/fortaleza/zona-0115/50300e4b06e87dfa67b56bd32047b978.jpg", "https://vocefiscal-poll-tape-uploads.s3.amazonaws.com/us-east-1%3Af6466587-661d-4c23-81c0-ff1bf87c247e/br/ce/fortaleza/zona-0115/c1d4dd3bd4e2eb37e8420d54d84b4272.jpg", "https://vocefiscal-poll-tape-uploads.s3.amazonaws.com/us-east-1%3Af6466587-661d-4c23-81c0-ff1bf87c247e/br/ce/fortaleza/zona-0115/ae5164e5341cd97f569d39f528f5a744.jpg", "https://vocefiscal-poll-tape-uploads.s3.amazonaws.com/us-east-1%3Af6466587-661d-4c23-81c0-ff1bf87c247e/br/ce/fortaleza/zona-0115/3454347cec0c32d26f8f9301a133af9d.jpg", "https://vocefiscal-poll-tape-uploads.s3.amazonaws.com/us-east-1%3Af6466587-661d-4c23-81c0-ff1bf87c247e/br/ce/fortaleza/zona-0115/d7511822fcc6ea607d2e13afc8b313f5.jpg", "https://vocefiscal-poll-tape-uploads.s3.amazonaws.com/us-east-1%3Af6466587-661d-4c23-81c0-ff1bf87c247e/br/ce/fortaleza/zona-0115/6409a9f8441e12eb3970c2277b4ba2ef.jpg", "https://vocefiscal-poll-tape-uploads.s3.amazonaws.com/us-east-1%3Af6466587-661d-4c23-81c0-ff1bf87c247e/br/ce/fortaleza/zona-0115/513aa6a5648f068bdb35f780a3ee1830.jpg", "https://vocefiscal-poll-tape-uploads.s3.amazonaws.com/us-east-1%3Af6466587-661d-4c23-81c0-ff1bf87c247e/br/ce/fortaleza/zona-0115/5ecdf13de6756b679d99d12daea9709.jpg", "https://vocefiscal-poll-tape-uploads.s3.amazonaws.com/us-east-1%3Af6466587-661d-4c23-81c0-ff1bf87c247e/br/ce/fortaleza/zona-0115/251e2990a7e6fe75470f9ee391007a38.jpg", "https://vocefiscal-poll-tape-uploads.s3.amazonaws.com/us-east-1%3Af6466587-661d-4c23-81c0-ff1bf87c247e/br/ce/fortaleza/zona-0115/b9e403e8fa48c1bd90ab6c502714f727.jpg", "https://vocefiscal-poll-tape-uploads.s3.amazonaws.com/us-east-1%3Af6466587-661d-4c23-81c0-ff1bf87c247e/br/ce/fortaleza/zona-0115/7f6c3fb6d1999db20730d4b7b67c4458.jpg", "https://vocefiscal-poll-tape-uploads.s3.amazonaws.com/us-east-1%3Af6466587-661d-4c23-81c0-ff1bf87c247e/br/ce/fortaleza/zona-0115/7cba9c6860f55f4f97bd0a5ca1ba58f3.jpg", "https://vocefiscal-poll-tape-uploads.s3.amazonaws.com/us-east-1%3Af6466587-661d-4c23-81c0-ff1bf87c247e/br/ce/fortaleza/zona-0115/a3ab92fba27c30a812e52d10ac86c791.jpg", "https://vocefiscal-poll-tape-uploads.s3.amazonaws.com/us-east-1%3Af6466587-661d-4c23-81c0-ff1bf87c247e/br/ce/fortaleza/zona-0115/ae6009657b0d70e27fc77332ef2653e6.jpg"], "zonaEleitoral": "0115"}