{"pictureURLList": ["https://vocefiscal-poll-tape-uploads.s3.amazonaws.com/us-east-1%3A7d18ee67-7e00-48eb-a177-69d05d847831/br/ce/fortaleza/zona-0002/b8964f67721ea3df250138ef50bfbbaa.jpg", "https://vocefiscal-poll-tape-uploads.s3.amazonaws.com/us-east-1%3A7d18ee67-7e00-48eb-a177-69d05d847831/br/ce/fortaleza/zona-0002/608c8bf3e80f938d6618503e93575287.jpg", "https://vocefiscal-poll-tape-uploads.s3.amazonaws.com/us-east-1%3A7d18ee67-7e00-48eb-a177-69d05d847831/br/ce/fortaleza/zona-0002/834cbbb35850db16699dc7aa5745a459.jpg", "https://vocefiscal-poll-tape-uploads.s3.amazonaws.com/us-east-1%3A7d18ee67-7e00-48eb-a177-69d05d847831/br/ce/fortaleza/zona-0002/fa293e0be442a48fe2d003ef64639ea2.jpg", "https://vocefiscal-poll-tape-uploads.s3.amazonaws.com/us-east-1%3A7d18ee67-7e00-48eb-a177-69d05d847831/br/ce/fortaleza/zona-0002/98a8a8d98b340f85073e9f72ada968c5.jpg", "https://vocefiscal-poll-tape-uploads.s3.amazonaws.com/us-east-1%3A7d18ee67-7e00-48eb-a177-69d05d847831/br/ce/fortaleza/zona-0002/802316e1174fc9f446b9fb085d876bd8.jpg", "https://vocefiscal-poll-tape-uploads.s3.amazonaws.com/us-east-1%3A7d18ee67-7e00-48eb-a177-69d05d847831/br/ce/fortaleza/zona-0002/6a26f45c789eb16396f5978e637f5cdc.jpg", "https://vocefiscal-poll-tape-uploads.s3.amazonaws.com/us-east-1%3A7d18ee67-7e00-48eb-a177-69d05d847831/br/ce/fortaleza/zona-0002/1ef51f4311ec14a734e2d16e29e2937a.jpg", "https://vocefiscal-poll-tape-uploads.s3.amazonaws.com/us-east-1%3A7d18ee67-7e00-48eb-a177-69d05d847831/br/ce/fortaleza/zona-0002/3ecbe77af9e6ca9ff9aa30eedbcd793e.jpg", "https://vocefiscal-poll-tape-uploads.s3.amazonaws.com/us-east-1%3A7d18ee67-7e00-48eb-a177-69d05d847831/br/ce/fortaleza/zona-0002/902092263ee0f717f77e7f4eb00f5a6d.jpg", "https://vocefiscal-poll-tape-uploads.s3.amazonaws.com/us-east-1%3A7d18ee67-7e00-48eb-a177-69d05d847831/br/ce/fortaleza/zona-0002/d96331e9859d37a9be221d92eb049ef1.jpg"], "data": 1414355268064, "estado": "CE", "municipio": "FORTALEZA", "zonaEleitoral": "0002", "secaoEleitoral": "0585"}