{"estado": "CE", "municipio": "CANIND\u00c9", "data": 1412543423894, "secaoEleitoral": "0284", "pictureURLList": ["https://vocefiscal-poll-tape-uploads.s3.amazonaws.com/us-east-1%3A280e2633-4c1b-4632-a182-8830143c0725/br/ce/caninde/zona-0033/2e68664ad7e7abcfd407caa07bf515e6.jpg", "https://vocefiscal-poll-tape-uploads.s3.amazonaws.com/us-east-1%3A280e2633-4c1b-4632-a182-8830143c0725/br/ce/caninde/zona-0033/b451a5e72e2085de1dfe28adece1ce2e.jpg", "https://vocefiscal-poll-tape-uploads.s3.amazonaws.com/us-east-1%3A280e2633-4c1b-4632-a182-8830143c0725/br/ce/caninde/zona-0033/c169d01d58c809f50b6f4d640aa30915.jpg", "https://vocefiscal-poll-tape-uploads.s3.amazonaws.com/us-east-1%3A280e2633-4c1b-4632-a182-8830143c0725/br/ce/caninde/zona-0033/1a402c5b158053506b5e224d6f7de464.jpg", "https://vocefiscal-poll-tape-uploads.s3.amazonaws.com/us-east-1%3A280e2633-4c1b-4632-a182-8830143c0725/br/ce/caninde/zona-0033/941023d71358a154adb2c0ff571ba587.jpg", "https://vocefiscal-poll-tape-uploads.s3.amazonaws.com/us-east-1%3A280e2633-4c1b-4632-a182-8830143c0725/br/ce/caninde/zona-0033/28a1a668c3b591c99a3279f6e80911c9.jpg", "https://vocefiscal-poll-tape-uploads.s3.amazonaws.com/us-east-1%3A280e2633-4c1b-4632-a182-8830143c0725/br/ce/caninde/zona-0033/c1d9b69605a10a70cf08f4d64ef0e1ab.jpg", "https://vocefiscal-poll-tape-uploads.s3.amazonaws.com/us-east-1%3A280e2633-4c1b-4632-a182-8830143c0725/br/ce/caninde/zona-0033/4be072680de05d00b1b30fc902814cb9.jpg", "https://vocefiscal-poll-tape-uploads.s3.amazonaws.com/us-east-1%3A280e2633-4c1b-4632-a182-8830143c0725/br/ce/caninde/zona-0033/5f328f4642e94890d73e8f11bda378ee.jpg", "https://vocefiscal-poll-tape-uploads.s3.amazonaws.com/us-east-1%3A280e2633-4c1b-4632-a182-8830143c0725/br/ce/caninde/zona-0033/e0cddb890fc7ebaad3b07f054390b883.jpg", "https://vocefiscal-poll-tape-uploads.s3.amazonaws.com/us-east-1%3A280e2633-4c1b-4632-a182-8830143c0725/br/ce/caninde/zona-0033/58c7c3d45d73e07517152f7ddf648a87.jpg", "https://vocefiscal-poll-tape-uploads.s3.amazonaws.com/us-east-1%3A280e2633-4c1b-4632-a182-8830143c0725/br/ce/caninde/zona-0033/69f8130cca7eba5988044ef45f4d20a.jpg", "https://vocefiscal-poll-tape-uploads.s3.amazonaws.com/us-east-1%3A280e2633-4c1b-4632-a182-8830143c0725/br/ce/caninde/zona-0033/9a29b5fadc4c58bf6210cfbe48e330f.jpg", "https://vocefiscal-poll-tape-uploads.s3.amazonaws.com/us-east-1%3A280e2633-4c1b-4632-a182-8830143c0725/br/ce/caninde/zona-0033/a683da6ea8eb70a4c2fa651e324425da.jpg", "https://vocefiscal-poll-tape-uploads.s3.amazonaws.com/us-east-1%3A280e2633-4c1b-4632-a182-8830143c0725/br/ce/caninde/zona-0033/ba865430ff9a55916dcd08b35ee37f53.jpg", "https://vocefiscal-poll-tape-uploads.s3.amazonaws.com/us-east-1%3A280e2633-4c1b-4632-a182-8830143c0725/br/ce/caninde/zona-0033/4478edcea9c227b09c3ee9785d6c96dd.jpg", "https://vocefiscal-poll-tape-uploads.s3.amazonaws.com/us-east-1%3A280e2633-4c1b-4632-a182-8830143c0725/br/ce/caninde/zona-0033/6df42dfcf36d263ab467f1f78e6c2636.jpg", "https://vocefiscal-poll-tape-uploads.s3.amazonaws.com/us-east-1%3A280e2633-4c1b-4632-a182-8830143c0725/br/ce/caninde/zona-0033/c2afbaa79c7a3a24526a6c8daef73cd8.jpg", "https://vocefiscal-poll-tape-uploads.s3.amazonaws.com/us-east-1%3A280e2633-4c1b-4632-a182-8830143c0725/br/ce/caninde/zona-0033/6f352471db21b85a0dd3ccb689f2c72a.jpg"], "zonaEleitoral": "0033", "localDaVotacao": "1449"}