{"zonaEleitoral": "0142", "pictureURLList": ["https://vocefiscal-poll-tape-uploads.s3.amazonaws.com/us-east-1%3A37293f98-6046-4494-8836-bbd91eb27d72/br/ba/cruz-das-almas/zona-0142/25e46bb7b6e074cde5cb84943b101dfd.jpg", "https://vocefiscal-poll-tape-uploads.s3.amazonaws.com/us-east-1%3A37293f98-6046-4494-8836-bbd91eb27d72/br/ba/cruz-das-almas/zona-0142/c0b60d9b1e19e13396db3278f301d965.jpg"], "estado": "BA", "data": 1414352281457, "municipio": "CRUZ DAS ALMAS", "localDaVotacao": "1171", "secaoEleitoral": "0057"}