{"pictureURLList": ["https://vocefiscal-poll-tape-uploads.s3.amazonaws.com/us-east-1%3Aeaa8476f-8a4c-48ec-9246-ca836ac577d2/br/pi/teresina/zona-0098/f1f0010853a0685d5e06f75969f3d59a.jpg", "https://vocefiscal-poll-tape-uploads.s3.amazonaws.com/us-east-1%3Aeaa8476f-8a4c-48ec-9246-ca836ac577d2/br/pi/teresina/zona-0098/11715c0fca8ce424fbb882edc8168d65.jpg", "https://vocefiscal-poll-tape-uploads.s3.amazonaws.com/us-east-1%3Aeaa8476f-8a4c-48ec-9246-ca836ac577d2/br/pi/teresina/zona-0098/67804afa9d80f1065aa28cb069d4ccdf.jpg"], "zonaEleitoral": "0098", "municipio": "TERESINA", "estado": "PI", "secaoEleitoral": "0002", "data": 1414354604645}