{"municipio": "ANANINDEUA", "secaoEleitoral": "0004", "zonaEleitoral": "0043", "localDaVotacao": "1660", "estado": "PA", "data": 1412601472048, "pictureURLList": ["https://vocefiscal-poll-tape-uploads.s3.amazonaws.com/us-east-1%3Acc8b9acc-942e-471d-8b91-bf6aa71293a4/br/pa/ananindeua/zona-0043/7ccb25df45cab71685d3faee66d64079.jpg", "https://vocefiscal-poll-tape-uploads.s3.amazonaws.com/us-east-1%3Acc8b9acc-942e-471d-8b91-bf6aa71293a4/br/pa/ananindeua/zona-0043/444a942ab46074ae14f570c520050b18.jpg"]}