{"localDaVotacao": "2003", "pictureURLList": ["https://vocefiscal-poll-tape-uploads.s3.amazonaws.com/us-east-1%3A8d4d98f2-af6d-4b0a-80ad-8d948a7a8936/br/pi/teresina/zona-0001/f3bf084bf53c2491c0c67ebc159afcd6.jpg", "https://vocefiscal-poll-tape-uploads.s3.amazonaws.com/us-east-1%3A8d4d98f2-af6d-4b0a-80ad-8d948a7a8936/br/pi/teresina/zona-0001/d9f8bb7949365ee0960a19c99702f32e.jpg", "https://vocefiscal-poll-tape-uploads.s3.amazonaws.com/us-east-1%3A8d4d98f2-af6d-4b0a-80ad-8d948a7a8936/br/pi/teresina/zona-0001/eb913bb82cb181fa874a53754f8ed79.jpg"], "zonaEleitoral": "0001", "municipio": "TERESINA", "estado": "PI", "secaoEleitoral": "0183", "data": 1414354686589}