{"estado": "PA", "localDaVotacao": "1147", "municipio": "BEL\u00c9M", "pictureURLList": ["https://vocefiscal-poll-tape-uploads.s3.amazonaws.com/us-east-1%3Aa9e8e266-fa61-4c86-bd8f-63181ec2a1cc/br/pa/belem/zona-0095/5b0bd9f6b0e258fbb6088013000f6c6c.jpg", "https://vocefiscal-poll-tape-uploads.s3.amazonaws.com/us-east-1%3Aa9e8e266-fa61-4c86-bd8f-63181ec2a1cc/br/pa/belem/zona-0095/e10692f7af55edc8a7beaf9c00944938.jpg", "https://vocefiscal-poll-tape-uploads.s3.amazonaws.com/us-east-1%3Aa9e8e266-fa61-4c86-bd8f-63181ec2a1cc/br/pa/belem/zona-0095/8cba94e07beec157b652aa749ed5cfb.jpg", "https://vocefiscal-poll-tape-uploads.s3.amazonaws.com/us-east-1%3Aa9e8e266-fa61-4c86-bd8f-63181ec2a1cc/br/pa/belem/zona-0095/e6b1f623f9ba59d635891eaf88fa4e55.jpg"], "data": 1414354806447, "secaoEleitoral": "0168", "zonaEleitoral": "0095"}