{"municipio": "SANTAR\u00c9M", "secaoEleitoral": "0272", "zonaEleitoral": "0083", "estado": "PA", "data": 1412540806249, "pictureURLList": ["https://vocefiscal-poll-tape-uploads.s3.amazonaws.com/us-east-1%3A41e0b196-eeea-4dd4-84ff-1749f8b790c5/br/pa/santarem/zona-0083/a532f1f03e6dec2a81181d236abbf077.jpg", "https://vocefiscal-poll-tape-uploads.s3.amazonaws.com/us-east-1%3A41e0b196-eeea-4dd4-84ff-1749f8b790c5/br/pa/santarem/zona-0083/83b3c05f20062b9b0d5a23526176faf8.jpg", "https://vocefiscal-poll-tape-uploads.s3.amazonaws.com/us-east-1%3A41e0b196-eeea-4dd4-84ff-1749f8b790c5/br/pa/santarem/zona-0083/bdb290d55752fac51547cf786ac95ee.jpg", "https://vocefiscal-poll-tape-uploads.s3.amazonaws.com/us-east-1%3A41e0b196-eeea-4dd4-84ff-1749f8b790c5/br/pa/santarem/zona-0083/2d8485a020ce80f2f4f0a52c18d9d9de.jpg", "https://vocefiscal-poll-tape-uploads.s3.amazonaws.com/us-east-1%3A41e0b196-eeea-4dd4-84ff-1749f8b790c5/br/pa/santarem/zona-0083/b309b6a6cda6fd38cef81b80ec539919.jpg", "https://vocefiscal-poll-tape-uploads.s3.amazonaws.com/us-east-1%3A41e0b196-eeea-4dd4-84ff-1749f8b790c5/br/pa/santarem/zona-0083/12bf72800aea46c579bcf07eea685c43.jpg", "https://vocefiscal-poll-tape-uploads.s3.amazonaws.com/us-east-1%3A41e0b196-eeea-4dd4-84ff-1749f8b790c5/br/pa/santarem/zona-0083/d955f3f216cef51eaf2f2db912f554fb.jpg", "https://vocefiscal-poll-tape-uploads.s3.amazonaws.com/us-east-1%3A41e0b196-eeea-4dd4-84ff-1749f8b790c5/br/pa/santarem/zona-0083/a41de9ea23a5d61b7a5b831868e3a77f.jpg", "https://vocefiscal-poll-tape-uploads.s3.amazonaws.com/us-east-1%3A41e0b196-eeea-4dd4-84ff-1749f8b790c5/br/pa/santarem/zona-0083/2c89b0e15ccccac46dc87531dfa36baf.jpg", "https://vocefiscal-poll-tape-uploads.s3.amazonaws.com/us-east-1%3A41e0b196-eeea-4dd4-84ff-1749f8b790c5/br/pa/santarem/zona-0083/4fa222a9027e470e6210a083878d0926.jpg", "https://vocefiscal-poll-tape-uploads.s3.amazonaws.com/us-east-1%3A41e0b196-eeea-4dd4-84ff-1749f8b790c5/br/pa/santarem/zona-0083/3363508e6f3d3a50df39169ee1271ce8.jpg", "https://vocefiscal-poll-tape-uploads.s3.amazonaws.com/us-east-1%3A41e0b196-eeea-4dd4-84ff-1749f8b790c5/br/pa/santarem/zona-0083/f683cce042b3cfdf1592865ce23cfb4e.jpg", "https://vocefiscal-poll-tape-uploads.s3.amazonaws.com/us-east-1%3A41e0b196-eeea-4dd4-84ff-1749f8b790c5/br/pa/santarem/zona-0083/144660cff95ae75441a3fb48af6ab74a.jpg", "https://vocefiscal-poll-tape-uploads.s3.amazonaws.com/us-east-1%3A41e0b196-eeea-4dd4-84ff-1749f8b790c5/br/pa/santarem/zona-0083/15b803aaf46a171faf857b7a4fc5d806.jpg", "https://vocefiscal-poll-tape-uploads.s3.amazonaws.com/us-east-1%3A41e0b196-eeea-4dd4-84ff-1749f8b790c5/br/pa/santarem/zona-0083/6ed1b337ec6db5a567736cb8e258af0b.jpg", "https://vocefiscal-poll-tape-uploads.s3.amazonaws.com/us-east-1%3A41e0b196-eeea-4dd4-84ff-1749f8b790c5/br/pa/santarem/zona-0083/6abd3837500a0116499029983c679819.jpg", "https://vocefiscal-poll-tape-uploads.s3.amazonaws.com/us-east-1%3A41e0b196-eeea-4dd4-84ff-1749f8b790c5/br/pa/santarem/zona-0083/4fda28dc118860bec23b2c129fd10143.jpg", "https://vocefiscal-poll-tape-uploads.s3.amazonaws.com/us-east-1%3A41e0b196-eeea-4dd4-84ff-1749f8b790c5/br/pa/santarem/zona-0083/d5d8452cd7ac107779cf9c67f875e7d0.jpg", "https://vocefiscal-poll-tape-uploads.s3.amazonaws.com/us-east-1%3A41e0b196-eeea-4dd4-84ff-1749f8b790c5/br/pa/santarem/zona-0083/7156ed3adbf06b3f6263d4b9e7c50dc7.jpg", "https://vocefiscal-poll-tape-uploads.s3.amazonaws.com/us-east-1%3A41e0b196-eeea-4dd4-84ff-1749f8b790c5/br/pa/santarem/zona-0083/c89dede72934fd2429e11281c732deae.jpg", "https://vocefiscal-poll-tape-uploads.s3.amazonaws.com/us-east-1%3A41e0b196-eeea-4dd4-84ff-1749f8b790c5/br/pa/santarem/zona-0083/7e4ff44cdefeeaa361d12b36477e1e7f.jpg", "https://vocefiscal-poll-tape-uploads.s3.amazonaws.com/us-east-1%3A41e0b196-eeea-4dd4-84ff-1749f8b790c5/br/pa/santarem/zona-0083/64ebedefc0f00de4b411c1dd04bbe12a.jpg", "https://vocefiscal-poll-tape-uploads.s3.amazonaws.com/us-east-1%3A41e0b196-eeea-4dd4-84ff-1749f8b790c5/br/pa/santarem/zona-0083/da92d9004e7add33bf6bb8a3b6efb98b.jpg", "https://vocefiscal-poll-tape-uploads.s3.amazonaws.com/us-east-1%3A41e0b196-eeea-4dd4-84ff-1749f8b790c5/br/pa/santarem/zona-0083/7374c9503c4d94764d304a1e822fd45.jpg", "https://vocefiscal-poll-tape-uploads.s3.amazonaws.com/us-east-1%3A41e0b196-eeea-4dd4-84ff-1749f8b790c5/br/pa/santarem/zona-0083/64557e861fd88d5416799353baeec5f1.jpg", "https://vocefiscal-poll-tape-uploads.s3.amazonaws.com/us-east-1%3A41e0b196-eeea-4dd4-84ff-1749f8b790c5/br/pa/santarem/zona-0083/99263df233b13156a2b74fd0119f69df.jpg", "https://vocefiscal-poll-tape-uploads.s3.amazonaws.com/us-east-1%3A41e0b196-eeea-4dd4-84ff-1749f8b790c5/br/pa/santarem/zona-0083/b0ec03933af433d028d6da8e3703774b.jpg", "https://vocefiscal-poll-tape-uploads.s3.amazonaws.com/us-east-1%3A41e0b196-eeea-4dd4-84ff-1749f8b790c5/br/pa/santarem/zona-0083/c1130abd666293f356b53853583cf25d.jpg", "https://vocefiscal-poll-tape-uploads.s3.amazonaws.com/us-east-1%3A41e0b196-eeea-4dd4-84ff-1749f8b790c5/br/pa/santarem/zona-0083/984fa94047b4f681f9ac923ad09b0f0e.jpg", "https://vocefiscal-poll-tape-uploads.s3.amazonaws.com/us-east-1%3A41e0b196-eeea-4dd4-84ff-1749f8b790c5/br/pa/santarem/zona-0083/86db67ea4da926b380af26c4876d9e63.jpg"]}