{"municipio": "BEL\u00c9M", "secaoEleitoral": "0200", "zonaEleitoral": "0960", "localDaVotacao": "1260", "estado": "PA", "data": 1412542444004, "pictureURLList": ["https://vocefiscal-poll-tape-uploads.s3.amazonaws.com/us-east-1%3A45e8de06-8dac-4da8-ab3d-31bab6bb5283/br/pa/belem/zona-0960/d659630a4054620b51441ca0f0803d0b.jpg", "https://vocefiscal-poll-tape-uploads.s3.amazonaws.com/us-east-1%3A45e8de06-8dac-4da8-ab3d-31bab6bb5283/br/pa/belem/zona-0960/e0d6ac1729b7e9c7fa53fe4441ef00b7.jpg", "https://vocefiscal-poll-tape-uploads.s3.amazonaws.com/us-east-1%3A45e8de06-8dac-4da8-ab3d-31bab6bb5283/br/pa/belem/zona-0960/33ab237115299671bc3d8a763c6a4c24.jpg", "https://vocefiscal-poll-tape-uploads.s3.amazonaws.com/us-east-1%3A45e8de06-8dac-4da8-ab3d-31bab6bb5283/br/pa/belem/zona-0960/ce0352217f446dda736099c859cd1005.jpg", "https://vocefiscal-poll-tape-uploads.s3.amazonaws.com/us-east-1%3A45e8de06-8dac-4da8-ab3d-31bab6bb5283/br/pa/belem/zona-0960/5637940c49f4ffb5fa9a616904ae4a35.jpg", "https://vocefiscal-poll-tape-uploads.s3.amazonaws.com/us-east-1%3A45e8de06-8dac-4da8-ab3d-31bab6bb5283/br/pa/belem/zona-0960/957adefd123cd873b4a5a88c7928c717.jpg", "https://vocefiscal-poll-tape-uploads.s3.amazonaws.com/us-east-1%3A45e8de06-8dac-4da8-ab3d-31bab6bb5283/br/pa/belem/zona-0960/5abde62d94a511fcff1df45bd535d7e1.jpg", "https://vocefiscal-poll-tape-uploads.s3.amazonaws.com/us-east-1%3A45e8de06-8dac-4da8-ab3d-31bab6bb5283/br/pa/belem/zona-0960/737df157e7f7815e0063852344d9d446.jpg", "https://vocefiscal-poll-tape-uploads.s3.amazonaws.com/us-east-1%3A45e8de06-8dac-4da8-ab3d-31bab6bb5283/br/pa/belem/zona-0960/80967fcd3d9ae36f955f16f74607e0ac.jpg", "https://vocefiscal-poll-tape-uploads.s3.amazonaws.com/us-east-1%3A45e8de06-8dac-4da8-ab3d-31bab6bb5283/br/pa/belem/zona-0960/4b9f2605cf6d1fd9a8b0572bfa697615.jpg", "https://vocefiscal-poll-tape-uploads.s3.amazonaws.com/us-east-1%3A45e8de06-8dac-4da8-ab3d-31bab6bb5283/br/pa/belem/zona-0960/296776682a7a85bb4b1f5e5d927ad5dc.jpg", "https://vocefiscal-poll-tape-uploads.s3.amazonaws.com/us-east-1%3A45e8de06-8dac-4da8-ab3d-31bab6bb5283/br/pa/belem/zona-0960/a50929493216aa2810d0fe37b1f4107d.jpg"]}