{"pictureURLList": ["https://vocefiscal-poll-tape-uploads.s3.amazonaws.com/us-east-1%3A9647e851-f815-451e-9c83-16bcec0adcef/br/ce/sao-goncalo-do-amarante/zona-0036/7dab67178350668ada5da148693db4dc.jpg", "https://vocefiscal-poll-tape-uploads.s3.amazonaws.com/us-east-1%3A9647e851-f815-451e-9c83-16bcec0adcef/br/ce/sao-goncalo-do-amarante/zona-0036/eab33a08e9a23ab06ac49893936d5587.jpg", "https://vocefiscal-poll-tape-uploads.s3.amazonaws.com/us-east-1%3A9647e851-f815-451e-9c83-16bcec0adcef/br/ce/sao-goncalo-do-amarante/zona-0036/4ca023628ede7f3c2c290c530014937e.jpg", "https://vocefiscal-poll-tape-uploads.s3.amazonaws.com/us-east-1%3A9647e851-f815-451e-9c83-16bcec0adcef/br/ce/sao-goncalo-do-amarante/zona-0036/d9d6f3bbfff94290c9081b82d9392db6.jpg"], "data": 1414348207755, "estado": "CE", "municipio": "S\u00c3O GON\u00c7ALO DO AMARANTE", "zonaEleitoral": "0036", "secaoEleitoral": "0143"}