{"estado": "CE", "municipio": "FORTALEZA", "data": 1412542809497, "secaoEleitoral": "0109", "pictureURLList": ["https://vocefiscal-poll-tape-uploads.s3.amazonaws.com/us-east-1%3A8016a98c-a35d-4aa6-a405-a2c19aacd7d6/br/ce/fortaleza/zona-0001/4e81dd418cb4a022fb8c88af2916d276.jpg", "https://vocefiscal-poll-tape-uploads.s3.amazonaws.com/us-east-1%3A8016a98c-a35d-4aa6-a405-a2c19aacd7d6/br/ce/fortaleza/zona-0001/258d96bd2487020b77b0b603ace0e43c.jpg", "https://vocefiscal-poll-tape-uploads.s3.amazonaws.com/us-east-1%3A8016a98c-a35d-4aa6-a405-a2c19aacd7d6/br/ce/fortaleza/zona-0001/13490e63e8ac1b97697e067b2474783e.jpg", "https://vocefiscal-poll-tape-uploads.s3.amazonaws.com/us-east-1%3A8016a98c-a35d-4aa6-a405-a2c19aacd7d6/br/ce/fortaleza/zona-0001/b180515b1aeca1a123e605124c6dd500.jpg", "https://vocefiscal-poll-tape-uploads.s3.amazonaws.com/us-east-1%3A8016a98c-a35d-4aa6-a405-a2c19aacd7d6/br/ce/fortaleza/zona-0001/48397c3eb6ea1946094f4af343df515d.jpg", "https://vocefiscal-poll-tape-uploads.s3.amazonaws.com/us-east-1%3A8016a98c-a35d-4aa6-a405-a2c19aacd7d6/br/ce/fortaleza/zona-0001/afdecd2e989418022ea4957726b59765.jpg", "https://vocefiscal-poll-tape-uploads.s3.amazonaws.com/us-east-1%3A8016a98c-a35d-4aa6-a405-a2c19aacd7d6/br/ce/fortaleza/zona-0001/588cae101f3d7dbe1c327950297f110d.jpg", "https://vocefiscal-poll-tape-uploads.s3.amazonaws.com/us-east-1%3A8016a98c-a35d-4aa6-a405-a2c19aacd7d6/br/ce/fortaleza/zona-0001/60b94feaa825991ab9e79c5f1136c0d7.jpg", "https://vocefiscal-poll-tape-uploads.s3.amazonaws.com/us-east-1%3A8016a98c-a35d-4aa6-a405-a2c19aacd7d6/br/ce/fortaleza/zona-0001/3356da46670bd8d66afb67d2f6ed2d08.jpg", "https://vocefiscal-poll-tape-uploads.s3.amazonaws.com/us-east-1%3A8016a98c-a35d-4aa6-a405-a2c19aacd7d6/br/ce/fortaleza/zona-0001/f0c01cf2305650c33f7fd03551a4a0e9.jpg", "https://vocefiscal-poll-tape-uploads.s3.amazonaws.com/us-east-1%3A8016a98c-a35d-4aa6-a405-a2c19aacd7d6/br/ce/fortaleza/zona-0001/effc904e42c520806f8d3dab9ef32f29.jpg", "https://vocefiscal-poll-tape-uploads.s3.amazonaws.com/us-east-1%3A8016a98c-a35d-4aa6-a405-a2c19aacd7d6/br/ce/fortaleza/zona-0001/34cf93fe546e60eebc7936d4b04a323.jpg", "https://vocefiscal-poll-tape-uploads.s3.amazonaws.com/us-east-1%3A8016a98c-a35d-4aa6-a405-a2c19aacd7d6/br/ce/fortaleza/zona-0001/eee5cbd477fac788317eea2dd8068ec.jpg", "https://vocefiscal-poll-tape-uploads.s3.amazonaws.com/us-east-1%3A8016a98c-a35d-4aa6-a405-a2c19aacd7d6/br/ce/fortaleza/zona-0001/7e8e6a6e17c0a132cf2eb57d92074863.jpg", "https://vocefiscal-poll-tape-uploads.s3.amazonaws.com/us-east-1%3A8016a98c-a35d-4aa6-a405-a2c19aacd7d6/br/ce/fortaleza/zona-0001/1f7a4d62b162a725b45f53f115983830.jpg", "https://vocefiscal-poll-tape-uploads.s3.amazonaws.com/us-east-1%3A8016a98c-a35d-4aa6-a405-a2c19aacd7d6/br/ce/fortaleza/zona-0001/4d11ac44f0dca3225bd4175c0e4d725e.jpg", "https://vocefiscal-poll-tape-uploads.s3.amazonaws.com/us-east-1%3A8016a98c-a35d-4aa6-a405-a2c19aacd7d6/br/ce/fortaleza/zona-0001/92477d6364b06f65ebf1c68ba80d1f6b.jpg", "https://vocefiscal-poll-tape-uploads.s3.amazonaws.com/us-east-1%3A8016a98c-a35d-4aa6-a405-a2c19aacd7d6/br/ce/fortaleza/zona-0001/ba8a6b6a2bdc32c60adf27cd241f427c.jpg", "https://vocefiscal-poll-tape-uploads.s3.amazonaws.com/us-east-1%3A8016a98c-a35d-4aa6-a405-a2c19aacd7d6/br/ce/fortaleza/zona-0001/235cf54b80da08da6bf6bb2abdea6b01.jpg", "https://vocefiscal-poll-tape-uploads.s3.amazonaws.com/us-east-1%3A8016a98c-a35d-4aa6-a405-a2c19aacd7d6/br/ce/fortaleza/zona-0001/4e73762c7de81eab9c0b5207e385b078.jpg", "https://vocefiscal-poll-tape-uploads.s3.amazonaws.com/us-east-1%3A8016a98c-a35d-4aa6-a405-a2c19aacd7d6/br/ce/fortaleza/zona-0001/cfd90998f15052ac444cad12ddd27043.jpg", "https://vocefiscal-poll-tape-uploads.s3.amazonaws.com/us-east-1%3A8016a98c-a35d-4aa6-a405-a2c19aacd7d6/br/ce/fortaleza/zona-0001/3bf2d6e021e4e940da2ad54e620cb927.jpg", "https://vocefiscal-poll-tape-uploads.s3.amazonaws.com/us-east-1%3A8016a98c-a35d-4aa6-a405-a2c19aacd7d6/br/ce/fortaleza/zona-0001/aef84e27b5e0c0da48635701d4e5d6a2.jpg", "https://vocefiscal-poll-tape-uploads.s3.amazonaws.com/us-east-1%3A8016a98c-a35d-4aa6-a405-a2c19aacd7d6/br/ce/fortaleza/zona-0001/5482de60f5ee283293aaf05be7a6cd87.jpg", "https://vocefiscal-poll-tape-uploads.s3.amazonaws.com/us-east-1%3A8016a98c-a35d-4aa6-a405-a2c19aacd7d6/br/ce/fortaleza/zona-0001/7eefdc4efcf46eaeae5f64a0f2802e50.jpg", "https://vocefiscal-poll-tape-uploads.s3.amazonaws.com/us-east-1%3A8016a98c-a35d-4aa6-a405-a2c19aacd7d6/br/ce/fortaleza/zona-0001/1e99556911a5d4b97d656137d937d03f.jpg", "https://vocefiscal-poll-tape-uploads.s3.amazonaws.com/us-east-1%3A8016a98c-a35d-4aa6-a405-a2c19aacd7d6/br/ce/fortaleza/zona-0001/87c76268a61af32e20bb80f201b8f51a.jpg", "https://vocefiscal-poll-tape-uploads.s3.amazonaws.com/us-east-1%3A8016a98c-a35d-4aa6-a405-a2c19aacd7d6/br/ce/fortaleza/zona-0001/bb1dcf398cb7a02a7ba8d068b8288aec.jpg", "https://vocefiscal-poll-tape-uploads.s3.amazonaws.com/us-east-1%3A8016a98c-a35d-4aa6-a405-a2c19aacd7d6/br/ce/fortaleza/zona-0001/af3c99a68c224db8f8662b0f20b79305.jpg", "https://vocefiscal-poll-tape-uploads.s3.amazonaws.com/us-east-1%3A8016a98c-a35d-4aa6-a405-a2c19aacd7d6/br/ce/fortaleza/zona-0001/bdc9f0d6b02c17c8dfbdec6db8c83383.jpg", "https://vocefiscal-poll-tape-uploads.s3.amazonaws.com/us-east-1%3A8016a98c-a35d-4aa6-a405-a2c19aacd7d6/br/ce/fortaleza/zona-0001/34f9f8d6310e275d6c26fc8c1f2222bc.jpg"], "zonaEleitoral": "0001", "localDaVotacao": "1198"}