{"data": 1412540952221, "estado": "BA", "localDaVotacao": "2020", "zonaEleitoral": "0010", "secaoEleitoral": "0669", "pictureURLList": ["https://vocefiscal-poll-tape-uploads.s3.amazonaws.com/us-east-1%3A68dd6e09-497a-4b9f-aa0d-1cbe7833e004/br/ba/salvador/zona-0010/ac75bbc9d6b112b6a57739d91cdd07bf.jpg", "https://vocefiscal-poll-tape-uploads.s3.amazonaws.com/us-east-1%3A68dd6e09-497a-4b9f-aa0d-1cbe7833e004/br/ba/salvador/zona-0010/6c60401ac189f034f74b7c348ab5d162.jpg", "https://vocefiscal-poll-tape-uploads.s3.amazonaws.com/us-east-1%3A68dd6e09-497a-4b9f-aa0d-1cbe7833e004/br/ba/salvador/zona-0010/2b569a6c2a8c2baec2aebdd49ff66c83.jpg", "https://vocefiscal-poll-tape-uploads.s3.amazonaws.com/us-east-1%3A68dd6e09-497a-4b9f-aa0d-1cbe7833e004/br/ba/salvador/zona-0010/b52b8211e7109eb7c85d2dd98780e39a.jpg", "https://vocefiscal-poll-tape-uploads.s3.amazonaws.com/us-east-1%3A68dd6e09-497a-4b9f-aa0d-1cbe7833e004/br/ba/salvador/zona-0010/a736b9e552c7388ff6af6b60f39f2efd.jpg"], "municipio": "SALVADOR"}