{"estado": "CE", "municipio": "QUIXAD\u00c1", "data": 1412555184281, "secaoEleitoral": "0038", "pictureURLList": ["https://vocefiscal-poll-tape-uploads.s3.amazonaws.com/us-east-1%3A3b30ba5b-4719-44d4-87ad-6f6d0ff23928/br/ce/quixada/zona-0006/35ce634197bc9ff4ac5561f12609bf7a.jpg", "https://vocefiscal-poll-tape-uploads.s3.amazonaws.com/us-east-1%3A3b30ba5b-4719-44d4-87ad-6f6d0ff23928/br/ce/quixada/zona-0006/ccfaf9392ec00599053752797c82b990.jpg", "https://vocefiscal-poll-tape-uploads.s3.amazonaws.com/us-east-1%3A3b30ba5b-4719-44d4-87ad-6f6d0ff23928/br/ce/quixada/zona-0006/ad853b64dd2958b60188d4687c9bd1cc.jpg", "https://vocefiscal-poll-tape-uploads.s3.amazonaws.com/us-east-1%3A3b30ba5b-4719-44d4-87ad-6f6d0ff23928/br/ce/quixada/zona-0006/d838c0bd87d0ec492b8f9316234626ad.jpg", "https://vocefiscal-poll-tape-uploads.s3.amazonaws.com/us-east-1%3A3b30ba5b-4719-44d4-87ad-6f6d0ff23928/br/ce/quixada/zona-0006/4eac2659a7efc625e771f6a83ef6fb9d.jpg", "https://vocefiscal-poll-tape-uploads.s3.amazonaws.com/us-east-1%3A3b30ba5b-4719-44d4-87ad-6f6d0ff23928/br/ce/quixada/zona-0006/9ebf22b0194a8c794bdebded27b892a0.jpg", "https://vocefiscal-poll-tape-uploads.s3.amazonaws.com/us-east-1%3A3b30ba5b-4719-44d4-87ad-6f6d0ff23928/br/ce/quixada/zona-0006/d86bcab569c62f1503e4a296f77cb6ff.jpg", "https://vocefiscal-poll-tape-uploads.s3.amazonaws.com/us-east-1%3A3b30ba5b-4719-44d4-87ad-6f6d0ff23928/br/ce/quixada/zona-0006/e110efc00d9fdd09adfbbdf121cc600f.jpg", "https://vocefiscal-poll-tape-uploads.s3.amazonaws.com/us-east-1%3A3b30ba5b-4719-44d4-87ad-6f6d0ff23928/br/ce/quixada/zona-0006/3a09c4f686cd6d092258737b5ee16a03.jpg", "https://vocefiscal-poll-tape-uploads.s3.amazonaws.com/us-east-1%3A3b30ba5b-4719-44d4-87ad-6f6d0ff23928/br/ce/quixada/zona-0006/99db0a6a9c2d1b9acb788995ee856da4.jpg", "https://vocefiscal-poll-tape-uploads.s3.amazonaws.com/us-east-1%3A3b30ba5b-4719-44d4-87ad-6f6d0ff23928/br/ce/quixada/zona-0006/804dab980cb1d268c4614d70fc205403.jpg", "https://vocefiscal-poll-tape-uploads.s3.amazonaws.com/us-east-1%3A3b30ba5b-4719-44d4-87ad-6f6d0ff23928/br/ce/quixada/zona-0006/40525b1677693ebe6611c87d1e4f4725.jpg"], "zonaEleitoral": "0006", "localDaVotacao": "1287"}