{"zonaEleitoral": "0006", "estado": "BA", "data": 1414354894349, "municipio": "SALVADOR", "pictureURLList": ["https://vocefiscal-poll-tape-uploads.s3.amazonaws.com/us-east-1%3A0da724e5-38cd-4966-9cc4-dc2c6d163a32/br/ba/salvador/zona-0006/a6c2a85b3aef4183c640dfe8e716650a.jpg", "https://vocefiscal-poll-tape-uploads.s3.amazonaws.com/us-east-1%3A0da724e5-38cd-4966-9cc4-dc2c6d163a32/br/ba/salvador/zona-0006/6c1fbe4e3debf46fb67bbeaaef23c27a.jpg", "https://vocefiscal-poll-tape-uploads.s3.amazonaws.com/us-east-1%3A0da724e5-38cd-4966-9cc4-dc2c6d163a32/br/ba/salvador/zona-0006/bff858d011cc678dc1ae652cbeda73c5.jpg", "https://vocefiscal-poll-tape-uploads.s3.amazonaws.com/us-east-1%3A0da724e5-38cd-4966-9cc4-dc2c6d163a32/br/ba/salvador/zona-0006/6a6db11706313c278823aedc8bcd4482.jpg"], "secaoEleitoral": "0043"}