{"zonaEleitoral": "0013", "pictureURLList": ["https://vocefiscal-poll-tape-uploads.s3.amazonaws.com/us-east-1%3Ad1c705ab-1bdf-45ea-9da9-630f0ef51723/br/ba/salvador/zona-0013/dd674b7a4b2a5d44be0bef87c1a4a25e.jpg", "https://vocefiscal-poll-tape-uploads.s3.amazonaws.com/us-east-1%3Ad1c705ab-1bdf-45ea-9da9-630f0ef51723/br/ba/salvador/zona-0013/9c1be6ca35da9fc930cc9297b1ddf82d.jpg", "https://vocefiscal-poll-tape-uploads.s3.amazonaws.com/us-east-1%3Ad1c705ab-1bdf-45ea-9da9-630f0ef51723/br/ba/salvador/zona-0013/7dc112010dabb0fff9e42830c676f929.jpg"], "estado": "BA", "data": 1414354556547, "municipio": "SALVADOR", "localDaVotacao": "1260", "secaoEleitoral": "0197"}