{"data": 1412546265123, "pictureURLList": ["https://vocefiscal-poll-tape-uploads.s3.amazonaws.com/us-east-1%3A2dfbee18-1173-4434-8bc2-81b57f5bb810/br/ba/amargosa/zona-0036/980ea9a64fd393e045027c343d7b7004.jpg", "https://vocefiscal-poll-tape-uploads.s3.amazonaws.com/us-east-1%3A2dfbee18-1173-4434-8bc2-81b57f5bb810/br/ba/amargosa/zona-0036/80a79880517dce30399ba322312f5356.jpg", "https://vocefiscal-poll-tape-uploads.s3.amazonaws.com/us-east-1%3A2dfbee18-1173-4434-8bc2-81b57f5bb810/br/ba/amargosa/zona-0036/4702adc6c0b733eb49f31476f4b9d20f.jpg", "https://vocefiscal-poll-tape-uploads.s3.amazonaws.com/us-east-1%3A2dfbee18-1173-4434-8bc2-81b57f5bb810/br/ba/amargosa/zona-0036/99073b0f9e94655001cd1684e55bdbf1.jpg", "https://vocefiscal-poll-tape-uploads.s3.amazonaws.com/us-east-1%3A2dfbee18-1173-4434-8bc2-81b57f5bb810/br/ba/amargosa/zona-0036/64d69244894fa19e840efb736f94c21b.jpg", "https://vocefiscal-poll-tape-uploads.s3.amazonaws.com/us-east-1%3A2dfbee18-1173-4434-8bc2-81b57f5bb810/br/ba/amargosa/zona-0036/f42965cdd8271a12c935a8e4fc4c9d2d.jpg", "https://vocefiscal-poll-tape-uploads.s3.amazonaws.com/us-east-1%3A2dfbee18-1173-4434-8bc2-81b57f5bb810/br/ba/amargosa/zona-0036/852d493e9010acc32f521589b648bd7a.jpg", "https://vocefiscal-poll-tape-uploads.s3.amazonaws.com/us-east-1%3A2dfbee18-1173-4434-8bc2-81b57f5bb810/br/ba/amargosa/zona-0036/f7a904c9ba10e072d0ff3aa79cc3da37.jpg", "https://vocefiscal-poll-tape-uploads.s3.amazonaws.com/us-east-1%3A2dfbee18-1173-4434-8bc2-81b57f5bb810/br/ba/amargosa/zona-0036/5ee5049bcec8effb320f26bd96a19767.jpg", "https://vocefiscal-poll-tape-uploads.s3.amazonaws.com/us-east-1%3A2dfbee18-1173-4434-8bc2-81b57f5bb810/br/ba/amargosa/zona-0036/961feed17710c19eef04ae42cf8c926a.jpg", "https://vocefiscal-poll-tape-uploads.s3.amazonaws.com/us-east-1%3A2dfbee18-1173-4434-8bc2-81b57f5bb810/br/ba/amargosa/zona-0036/7c77a8fa98655aa876f66aed09c4ecbf.jpg"], "estado": "BA", "localDaVotacao": "1023", "zonaEleitoral": "0036", "secaoEleitoral": "0185", "municipio": "AMARGOSA"}