{"municipio": "BEL\u00c9M", "secaoEleitoral": "0242", "zonaEleitoral": "0097", "localDaVotacao": "1198", "estado": "PA", "data": 1412616766007, "pictureURLList": ["https://vocefiscal-poll-tape-uploads.s3.amazonaws.com/us-east-1%3A5f310f69-5dba-4d09-8ea6-0d11245a1600/br/pa/belem/zona-0097/543bd8acf48e804d8ad671d9060e1fc2.jpg", "https://vocefiscal-poll-tape-uploads.s3.amazonaws.com/us-east-1%3A5f310f69-5dba-4d09-8ea6-0d11245a1600/br/pa/belem/zona-0097/9ed9cfe13669f09be3f32650a5869699.jpg", "https://vocefiscal-poll-tape-uploads.s3.amazonaws.com/us-east-1%3A5f310f69-5dba-4d09-8ea6-0d11245a1600/br/pa/belem/zona-0097/28cc3b2d8d9a8ee2d478a68aef10b57b.jpg", "https://vocefiscal-poll-tape-uploads.s3.amazonaws.com/us-east-1%3A5f310f69-5dba-4d09-8ea6-0d11245a1600/br/pa/belem/zona-0097/cc2757da42c631bec904bedbc019df85.jpg", "https://vocefiscal-poll-tape-uploads.s3.amazonaws.com/us-east-1%3A5f310f69-5dba-4d09-8ea6-0d11245a1600/br/pa/belem/zona-0097/8e7a43e1c7377e9577bcb23c1232303e.jpg", "https://vocefiscal-poll-tape-uploads.s3.amazonaws.com/us-east-1%3A5f310f69-5dba-4d09-8ea6-0d11245a1600/br/pa/belem/zona-0097/a936bca6c3d6ad961a308e43d89016c7.jpg", "https://vocefiscal-poll-tape-uploads.s3.amazonaws.com/us-east-1%3A5f310f69-5dba-4d09-8ea6-0d11245a1600/br/pa/belem/zona-0097/4d15cc7a2a5fecb2bdc43e0420bf65b1.jpg", "https://vocefiscal-poll-tape-uploads.s3.amazonaws.com/us-east-1%3A5f310f69-5dba-4d09-8ea6-0d11245a1600/br/pa/belem/zona-0097/19109953eb96517dd55332e6a3e6875e.jpg", "https://vocefiscal-poll-tape-uploads.s3.amazonaws.com/us-east-1%3A5f310f69-5dba-4d09-8ea6-0d11245a1600/br/pa/belem/zona-0097/4b7cea72ceac915df75006de8c44a551.jpg", "https://vocefiscal-poll-tape-uploads.s3.amazonaws.com/us-east-1%3A5f310f69-5dba-4d09-8ea6-0d11245a1600/br/pa/belem/zona-0097/852656296a1ac37bc1fe5fde3cdb221.jpg", "https://vocefiscal-poll-tape-uploads.s3.amazonaws.com/us-east-1%3A5f310f69-5dba-4d09-8ea6-0d11245a1600/br/pa/belem/zona-0097/8ce036fb279c03a6fcd760014a238205.jpg", "https://vocefiscal-poll-tape-uploads.s3.amazonaws.com/us-east-1%3A5f310f69-5dba-4d09-8ea6-0d11245a1600/br/pa/belem/zona-0097/b2f614d6560d4c2c9824d87de919c359.jpg", "https://vocefiscal-poll-tape-uploads.s3.amazonaws.com/us-east-1%3A5f310f69-5dba-4d09-8ea6-0d11245a1600/br/pa/belem/zona-0097/d3d0476e6f16b7efc1146ce1ddb6adbd.jpg", "https://vocefiscal-poll-tape-uploads.s3.amazonaws.com/us-east-1%3A5f310f69-5dba-4d09-8ea6-0d11245a1600/br/pa/belem/zona-0097/50ba72a7c8af78bb594eb4ac912bb92b.jpg", "https://vocefiscal-poll-tape-uploads.s3.amazonaws.com/us-east-1%3A5f310f69-5dba-4d09-8ea6-0d11245a1600/br/pa/belem/zona-0097/1d3164b5bca72949da2563d81d180a4b.jpg", "https://vocefiscal-poll-tape-uploads.s3.amazonaws.com/us-east-1%3A5f310f69-5dba-4d09-8ea6-0d11245a1600/br/pa/belem/zona-0097/6ffd913d738e6a5f125ea5a5f3e1c520.jpg", "https://vocefiscal-poll-tape-uploads.s3.amazonaws.com/us-east-1%3A5f310f69-5dba-4d09-8ea6-0d11245a1600/br/pa/belem/zona-0097/2ddb5c588ec5e72f40e7aeeda98185ea.jpg", "https://vocefiscal-poll-tape-uploads.s3.amazonaws.com/us-east-1%3A5f310f69-5dba-4d09-8ea6-0d11245a1600/br/pa/belem/zona-0097/ec1255f88b77a35c06a759655e59b2a1.jpg", "https://vocefiscal-poll-tape-uploads.s3.amazonaws.com/us-east-1%3A5f310f69-5dba-4d09-8ea6-0d11245a1600/br/pa/belem/zona-0097/7fdc61b81cd41807188ce50262d82a06.jpg", "https://vocefiscal-poll-tape-uploads.s3.amazonaws.com/us-east-1%3A5f310f69-5dba-4d09-8ea6-0d11245a1600/br/pa/belem/zona-0097/7434c8b1dad174acff7192643f769884.jpg", "https://vocefiscal-poll-tape-uploads.s3.amazonaws.com/us-east-1%3A5f310f69-5dba-4d09-8ea6-0d11245a1600/br/pa/belem/zona-0097/6fb52a011335bdc32770583e99a198bc.jpg", "https://vocefiscal-poll-tape-uploads.s3.amazonaws.com/us-east-1%3A5f310f69-5dba-4d09-8ea6-0d11245a1600/br/pa/belem/zona-0097/c7bdc111daaf31a7d3332a8ca9eacd40.jpg", "https://vocefiscal-poll-tape-uploads.s3.amazonaws.com/us-east-1%3A5f310f69-5dba-4d09-8ea6-0d11245a1600/br/pa/belem/zona-0097/58d2ab4c4b3902f2863dff3b1fe1725d.jpg", "https://vocefiscal-poll-tape-uploads.s3.amazonaws.com/us-east-1%3A5f310f69-5dba-4d09-8ea6-0d11245a1600/br/pa/belem/zona-0097/f5339cea37bffcc48a534a73fdd4883.jpg", "https://vocefiscal-poll-tape-uploads.s3.amazonaws.com/us-east-1%3A5f310f69-5dba-4d09-8ea6-0d11245a1600/br/pa/belem/zona-0097/ae9c73a0e43ede78c8367bd014625627.jpg", "https://vocefiscal-poll-tape-uploads.s3.amazonaws.com/us-east-1%3A5f310f69-5dba-4d09-8ea6-0d11245a1600/br/pa/belem/zona-0097/7e0138e31f285509eaf0640dbe42fc8c.jpg"]}