{"municipio": "MANAUS", "estado": "AM", "data": 1414358044056, "pictureURLList": ["https://vocefiscal-poll-tape-uploads.s3.amazonaws.com/us-east-1%3Aae63034d-fdb2-4754-a6c6-8af1e4d79b2f/br/am/manaus/zona-0001/da063a08632fc7e28c09ff306bf0594d.jpg", "https://vocefiscal-poll-tape-uploads.s3.amazonaws.com/us-east-1%3Aae63034d-fdb2-4754-a6c6-8af1e4d79b2f/br/am/manaus/zona-0001/c59f17c7ab5455df2eb6cd33c67e9dd5.jpg", "https://vocefiscal-poll-tape-uploads.s3.amazonaws.com/us-east-1%3Aae63034d-fdb2-4754-a6c6-8af1e4d79b2f/br/am/manaus/zona-0001/b162afa6c962e1b92f598ccd431653e3.jpg"], "secaoEleitoral": "0359", "zonaEleitoral": "0001"}