{"municipio": "MANAUS", "localDaVotacao": "1252", "data": 1414492219769, "estado": "AM", "pictureURLList": ["https://vocefiscal-poll-tape-uploads.s3.amazonaws.com/us-east-1%3Abb73b653-4225-46e3-a0c0-53f7e2ff4837/br/am/manaus/zona-0001/2dd510cde19ce4a924406a6e2943e9f1.jpg", "https://vocefiscal-poll-tape-uploads.s3.amazonaws.com/us-east-1%3Abb73b653-4225-46e3-a0c0-53f7e2ff4837/br/am/manaus/zona-0001/fbb8832b203910353d01569a98051c82.jpg", "https://vocefiscal-poll-tape-uploads.s3.amazonaws.com/us-east-1%3Abb73b653-4225-46e3-a0c0-53f7e2ff4837/br/am/manaus/zona-0001/55f8d4020d167f55d61590474905aba3.jpg", "https://vocefiscal-poll-tape-uploads.s3.amazonaws.com/us-east-1%3Abb73b653-4225-46e3-a0c0-53f7e2ff4837/br/am/manaus/zona-0001/c0a0865598860ef8deff666ef9956fe9.jpg"], "secaoEleitoral": "0125", "zonaEleitoral": "0001"}