{"municipio": "MANAUS", "localDaVotacao": "1260", "data": 1414359291465, "estado": "AM", "pictureURLList": ["https://vocefiscal-poll-tape-uploads.s3.amazonaws.com/us-east-1%3Aeca6b7df-8508-42da-8053-7fcdcb11b373/br/am/manaus/zona-0070/ca6842ca05805ec41d35335aa2e0e9f1.jpg", "https://vocefiscal-poll-tape-uploads.s3.amazonaws.com/us-east-1%3Aeca6b7df-8508-42da-8053-7fcdcb11b373/br/am/manaus/zona-0070/59976f82e8afca818501809b11ddb812.jpg", "https://vocefiscal-poll-tape-uploads.s3.amazonaws.com/us-east-1%3Aeca6b7df-8508-42da-8053-7fcdcb11b373/br/am/manaus/zona-0070/9241c70514a2c51e11fc83c13e1da7c6.jpg"], "secaoEleitoral": "0192", "zonaEleitoral": "0070"}