{"municipio": "MANAUS", "localDaVotacao": "1643", "data": 1414354928166, "estado": "AM", "pictureURLList": ["https://vocefiscal-poll-tape-uploads.s3.amazonaws.com/us-east-1%3A57702e5a-d2c1-4393-ac25-29fe084eee31/br/am/manaus/zona-0031/aefe3ad4b9fc051f5e0b25157bf609c5.jpg", "https://vocefiscal-poll-tape-uploads.s3.amazonaws.com/us-east-1%3A57702e5a-d2c1-4393-ac25-29fe084eee31/br/am/manaus/zona-0031/75cc34188557ff324110193af8e887a.jpg", "https://vocefiscal-poll-tape-uploads.s3.amazonaws.com/us-east-1%3A57702e5a-d2c1-4393-ac25-29fe084eee31/br/am/manaus/zona-0031/b57b18a5a238c641647ddf755022c539.jpg"], "secaoEleitoral": "0454", "zonaEleitoral": "0031"}