{"municipio": "SALVADOR", "secaoEleitoral": "0019", "data": 1412540616747, "pictureURLList": ["https://vocefiscal-poll-tape-uploads.s3.amazonaws.com/us-east-1%3A959469c9-9c3d-4805-a537-c1e5e3c97bd9/br/sp/campinas/zona-0013/9fd48e4e480a2ffd8e253f80a39536a4.jpg", "https://vocefiscal-poll-tape-uploads.s3.amazonaws.com/us-east-1%3A959469c9-9c3d-4805-a537-c1e5e3c97bd9/br/sp/campinas/zona-0013/cb9542c4672b2b209a148eb2584447b1.jpg", "https://vocefiscal-poll-tape-uploads.s3.amazonaws.com/us-east-1%3A959469c9-9c3d-4805-a537-c1e5e3c97bd9/br/sp/campinas/zona-0013/937494904cb8e4b864fa288e27be6e77.jpg", "https://vocefiscal-poll-tape-uploads.s3.amazonaws.com/us-east-1%3A959469c9-9c3d-4805-a537-c1e5e3c97bd9/br/sp/campinas/zona-0013/bc86e979224d9a36eed10042e2b0f08.jpg", "https://vocefiscal-poll-tape-uploads.s3.amazonaws.com/us-east-1%3A959469c9-9c3d-4805-a537-c1e5e3c97bd9/br/sp/campinas/zona-0013/6f62e301cf4d16f69ffc1276cca5c73d.jpg", "https://vocefiscal-poll-tape-uploads.s3.amazonaws.com/us-east-1%3A959469c9-9c3d-4805-a537-c1e5e3c97bd9/br/sp/campinas/zona-0013/6a4da565f308e80e58a2ad1828cd0764.jpg", "https://vocefiscal-poll-tape-uploads.s3.amazonaws.com/us-east-1%3A959469c9-9c3d-4805-a537-c1e5e3c97bd9/br/sp/campinas/zona-0013/8d40998a50fb3933a107d04bf406b0be.jpg", "https://vocefiscal-poll-tape-uploads.s3.amazonaws.com/us-east-1%3A959469c9-9c3d-4805-a537-c1e5e3c97bd9/br/sp/campinas/zona-0013/2578edf97ea7aff57422f60950fefa4e.jpg", "https://vocefiscal-poll-tape-uploads.s3.amazonaws.com/us-east-1%3A959469c9-9c3d-4805-a537-c1e5e3c97bd9/br/sp/campinas/zona-0013/4f3a3d92eef8b1e5eaab7b7e94f98fda.jpg", "https://vocefiscal-poll-tape-uploads.s3.amazonaws.com/us-east-1%3A959469c9-9c3d-4805-a537-c1e5e3c97bd9/br/sp/campinas/zona-0013/30f43904e63deb37021327aa211122ad.jpg", "https://vocefiscal-poll-tape-uploads.s3.amazonaws.com/us-east-1%3A959469c9-9c3d-4805-a537-c1e5e3c97bd9/br/sp/campinas/zona-0013/455886def9a8f1233420578a2a13b104.jpg", "https://vocefiscal-poll-tape-uploads.s3.amazonaws.com/us-east-1%3A959469c9-9c3d-4805-a537-c1e5e3c97bd9/br/sp/campinas/zona-0013/734a92088bbac47c6796267104a8cf19.jpg", "https://vocefiscal-poll-tape-uploads.s3.amazonaws.com/us-east-1%3A959469c9-9c3d-4805-a537-c1e5e3c97bd9/br/sp/campinas/zona-0013/8b84209aa0f6a7f190710f69f2b65c16.jpg", "https://vocefiscal-poll-tape-uploads.s3.amazonaws.com/us-east-1%3A959469c9-9c3d-4805-a537-c1e5e3c97bd9/br/sp/campinas/zona-0013/852c33f51b4d4968f999078f5a67200c.jpg", "https://vocefiscal-poll-tape-uploads.s3.amazonaws.com/us-east-1%3A959469c9-9c3d-4805-a537-c1e5e3c97bd9/br/sp/campinas/zona-0013/7038ce985593ac98a30de6019bf1c8b6.jpg", "https://vocefiscal-poll-tape-uploads.s3.amazonaws.com/us-east-1%3A959469c9-9c3d-4805-a537-c1e5e3c97bd9/br/sp/campinas/zona-0013/4f3bdd4bdf00f2ed6a467a28155db837.jpg", "https://vocefiscal-poll-tape-uploads.s3.amazonaws.com/us-east-1%3A959469c9-9c3d-4805-a537-c1e5e3c97bd9/br/sp/campinas/zona-0013/bfb47d60f9a2b0ff5b2fc36c4b01aa7a.jpg", "https://vocefiscal-poll-tape-uploads.s3.amazonaws.com/us-east-1%3A959469c9-9c3d-4805-a537-c1e5e3c97bd9/br/sp/campinas/zona-0013/aecc9c5120ef2e27fa4c1dae1eaf6a60.jpg", "https://vocefiscal-poll-tape-uploads.s3.amazonaws.com/us-east-1%3A959469c9-9c3d-4805-a537-c1e5e3c97bd9/br/sp/campinas/zona-0013/940bfdb6ec29e6b055ce185fff677f3f.jpg", "https://vocefiscal-poll-tape-uploads.s3.amazonaws.com/us-east-1%3A959469c9-9c3d-4805-a537-c1e5e3c97bd9/br/sp/campinas/zona-0013/3e0cf468a8ba5b273533dc5392bc0bfb.jpg", "https://vocefiscal-poll-tape-uploads.s3.amazonaws.com/us-east-1%3A959469c9-9c3d-4805-a537-c1e5e3c97bd9/br/sp/campinas/zona-0013/720be455c67c7ba018d544c564ea1031.jpg", "https://vocefiscal-poll-tape-uploads.s3.amazonaws.com/us-east-1%3A959469c9-9c3d-4805-a537-c1e5e3c97bd9/br/sp/campinas/zona-0013/9a873f295c08cc979f9c6f36f39d1487.jpg"], "zonaEleitoral": "0013", "estado": "BA", "localDaVotacao": "1023"}