{"pictureURLList": ["https://vocefiscal-poll-tape-uploads.s3.amazonaws.com/us-east-1%3A59f4a8a8-b8a9-493a-aa2f-1c41f1867785/br/ce/fortaleza/zona-0003/f91f0380ce62cd89be5c054720a9039c.jpg", "https://vocefiscal-poll-tape-uploads.s3.amazonaws.com/us-east-1%3A59f4a8a8-b8a9-493a-aa2f-1c41f1867785/br/ce/fortaleza/zona-0003/642c26c7ddd6df2291791162869cd8ba.jpg", "https://vocefiscal-poll-tape-uploads.s3.amazonaws.com/us-east-1%3A59f4a8a8-b8a9-493a-aa2f-1c41f1867785/br/ce/fortaleza/zona-0003/8ba9e12b02b4f1e9313d2e402fcb7f7d.jpg", "https://vocefiscal-poll-tape-uploads.s3.amazonaws.com/us-east-1%3A59f4a8a8-b8a9-493a-aa2f-1c41f1867785/br/ce/fortaleza/zona-0003/fd5cf378fce5dd205a9ddf478dad78e9.jpg", "https://vocefiscal-poll-tape-uploads.s3.amazonaws.com/us-east-1%3A59f4a8a8-b8a9-493a-aa2f-1c41f1867785/br/ce/fortaleza/zona-0003/fd5cf378fce5dd205a9ddf478dad78e9.jpg", "https://vocefiscal-poll-tape-uploads.s3.amazonaws.com/us-east-1%3A59f4a8a8-b8a9-493a-aa2f-1c41f1867785/br/ce/fortaleza/zona-0003/b1edd1f825fde200b51889bc12c5d2f4.jpg", "https://vocefiscal-poll-tape-uploads.s3.amazonaws.com/us-east-1%3A59f4a8a8-b8a9-493a-aa2f-1c41f1867785/br/ce/fortaleza/zona-0003/b1edd1f825fde200b51889bc12c5d2f4.jpg", "https://vocefiscal-poll-tape-uploads.s3.amazonaws.com/us-east-1%3A59f4a8a8-b8a9-493a-aa2f-1c41f1867785/br/ce/fortaleza/zona-0003/b0867836f458ad5f6095c6ed724b4096.jpg"], "data": 1414355494314, "estado": "CE", "municipio": "FORTALEZA", "zonaEleitoral": "0003", "localDaVotacao": "4328", "secaoEleitoral": "0423"}