{"data": 1412545044434, "estado": "BA", "localDaVotacao": "1627", "zonaEleitoral": "0040", "secaoEleitoral": "0185", "pictureURLList": ["https://vocefiscal-poll-tape-uploads.s3.amazonaws.com/us-east-1%3A695adab1-8a65-4d65-8a05-20168a27bc8e/br/ba/vitoria-da-conquista/zona-0040/cec4b6ec5ba1583fd2d2ea9121aec563.jpg", "https://vocefiscal-poll-tape-uploads.s3.amazonaws.com/us-east-1%3A695adab1-8a65-4d65-8a05-20168a27bc8e/br/ba/vitoria-da-conquista/zona-0040/819ab1dc5bbc5d58b594c9593e9c64e1.jpg", "https://vocefiscal-poll-tape-uploads.s3.amazonaws.com/us-east-1%3A695adab1-8a65-4d65-8a05-20168a27bc8e/br/ba/vitoria-da-conquista/zona-0040/53b6fb8e764dcb90ca2ddf41b52913cf.jpg", "https://vocefiscal-poll-tape-uploads.s3.amazonaws.com/us-east-1%3A695adab1-8a65-4d65-8a05-20168a27bc8e/br/ba/vitoria-da-conquista/zona-0040/506539c37f52b459b8edb2ab626b3517.jpg", "https://vocefiscal-poll-tape-uploads.s3.amazonaws.com/us-east-1%3A695adab1-8a65-4d65-8a05-20168a27bc8e/br/ba/vitoria-da-conquista/zona-0040/de6a385e8cac89ee3443d60df431531d.jpg", "https://vocefiscal-poll-tape-uploads.s3.amazonaws.com/us-east-1%3A695adab1-8a65-4d65-8a05-20168a27bc8e/br/ba/vitoria-da-conquista/zona-0040/7f53c36f8c6a15d58c1362facc51242a.jpg", "https://vocefiscal-poll-tape-uploads.s3.amazonaws.com/us-east-1%3A695adab1-8a65-4d65-8a05-20168a27bc8e/br/ba/vitoria-da-conquista/zona-0040/db3c397fc3f9b5e904eb8f0801286fbc.jpg", "https://vocefiscal-poll-tape-uploads.s3.amazonaws.com/us-east-1%3A695adab1-8a65-4d65-8a05-20168a27bc8e/br/ba/vitoria-da-conquista/zona-0040/ec1730a1f9bc3cc6ac5a2076c44e87f0.jpg", "https://vocefiscal-poll-tape-uploads.s3.amazonaws.com/us-east-1%3A695adab1-8a65-4d65-8a05-20168a27bc8e/br/ba/vitoria-da-conquista/zona-0040/e50cee8027d893d55ff3c0eba47f875f.jpg", "https://vocefiscal-poll-tape-uploads.s3.amazonaws.com/us-east-1%3A695adab1-8a65-4d65-8a05-20168a27bc8e/br/ba/vitoria-da-conquista/zona-0040/ddaf1a99ec4399e28aea710fde7c365f.jpg", "https://vocefiscal-poll-tape-uploads.s3.amazonaws.com/us-east-1%3A695adab1-8a65-4d65-8a05-20168a27bc8e/br/ba/vitoria-da-conquista/zona-0040/68c4a522f047208724893e6e43480148.jpg", "https://vocefiscal-poll-tape-uploads.s3.amazonaws.com/us-east-1%3A695adab1-8a65-4d65-8a05-20168a27bc8e/br/ba/vitoria-da-conquista/zona-0040/6b4e1300d057f5479a801d6631055ceb.jpg", "https://vocefiscal-poll-tape-uploads.s3.amazonaws.com/us-east-1%3A695adab1-8a65-4d65-8a05-20168a27bc8e/br/ba/vitoria-da-conquista/zona-0040/13d79030662c7cbaf1e8fabc3b833e4d.jpg"], "municipio": "VIT\u00d3RIA DA CONQUISTA"}