{"pictureURLList": ["https://vocefiscal-poll-tape-uploads.s3.amazonaws.com/us-east-1%3Ab864e15d-dad6-45ce-b7f9-7481491bcf09/br/ce/fortaleza/zona-0116/b4a71c4cbfae6726543343c98763a4d4.jpg", "https://vocefiscal-poll-tape-uploads.s3.amazonaws.com/us-east-1%3Ab864e15d-dad6-45ce-b7f9-7481491bcf09/br/ce/fortaleza/zona-0116/5e291a216f15b03bca1861cee6a7d157.jpg", "https://vocefiscal-poll-tape-uploads.s3.amazonaws.com/us-east-1%3Ab864e15d-dad6-45ce-b7f9-7481491bcf09/br/ce/fortaleza/zona-0116/f0653884da065f823800599b01a26115.jpg"], "data": 1414358953529, "estado": "CE", "municipio": "FORTALEZA", "zonaEleitoral": "0116", "localDaVotacao": "1406", "secaoEleitoral": "0235"}