{"estado": "CE", "municipio": "ARACATI", "data": 1412647640665, "secaoEleitoral": "0016", "pictureURLList": ["https://vocefiscal-poll-tape-uploads.s3.amazonaws.com/us-east-1%3Acaad0a2d-c0a2-4e42-99fc-e4fbafa78077/br/ce/aracati/zona-0008/c24fe425816811699399e31a43360760.jpg", "https://vocefiscal-poll-tape-uploads.s3.amazonaws.com/us-east-1%3Acaad0a2d-c0a2-4e42-99fc-e4fbafa78077/br/ce/aracati/zona-0008/ee7ada73c3a23a7d82caef161870e3d.jpg", "https://vocefiscal-poll-tape-uploads.s3.amazonaws.com/us-east-1%3Acaad0a2d-c0a2-4e42-99fc-e4fbafa78077/br/ce/aracati/zona-0008/c84ac3d31ff1c574521fbd51ecd58973.jpg", "https://vocefiscal-poll-tape-uploads.s3.amazonaws.com/us-east-1%3Acaad0a2d-c0a2-4e42-99fc-e4fbafa78077/br/ce/aracati/zona-0008/24de45071378657d70c8cb90a0c459a4.jpg", "https://vocefiscal-poll-tape-uploads.s3.amazonaws.com/us-east-1%3Acaad0a2d-c0a2-4e42-99fc-e4fbafa78077/br/ce/aracati/zona-0008/d482d0898d55dda7a53f4a15aba54ddd.jpg", "https://vocefiscal-poll-tape-uploads.s3.amazonaws.com/us-east-1%3Acaad0a2d-c0a2-4e42-99fc-e4fbafa78077/br/ce/aracati/zona-0008/9f5b03b928f66101fd89aa22dd2f223c.jpg", "https://vocefiscal-poll-tape-uploads.s3.amazonaws.com/us-east-1%3Acaad0a2d-c0a2-4e42-99fc-e4fbafa78077/br/ce/aracati/zona-0008/b9d8e9453063d9a8472753b812db8f7d.jpg", "https://vocefiscal-poll-tape-uploads.s3.amazonaws.com/us-east-1%3Acaad0a2d-c0a2-4e42-99fc-e4fbafa78077/br/ce/aracati/zona-0008/cc582b8035f30442bfb487e1326d399f.jpg", "https://vocefiscal-poll-tape-uploads.s3.amazonaws.com/us-east-1%3Acaad0a2d-c0a2-4e42-99fc-e4fbafa78077/br/ce/aracati/zona-0008/e6d0c9d7bda67189989e21abd9d6972c.jpg", "https://vocefiscal-poll-tape-uploads.s3.amazonaws.com/us-east-1%3Acaad0a2d-c0a2-4e42-99fc-e4fbafa78077/br/ce/aracati/zona-0008/fa39914ff127016bb5a981778964b650.jpg", "https://vocefiscal-poll-tape-uploads.s3.amazonaws.com/us-east-1%3Acaad0a2d-c0a2-4e42-99fc-e4fbafa78077/br/ce/aracati/zona-0008/ac488c79b7769b2ecb0318e37b30b8e8.jpg", "https://vocefiscal-poll-tape-uploads.s3.amazonaws.com/us-east-1%3Acaad0a2d-c0a2-4e42-99fc-e4fbafa78077/br/ce/aracati/zona-0008/12eb043a5913822a2950e84e477ca9c2.jpg", "https://vocefiscal-poll-tape-uploads.s3.amazonaws.com/us-east-1%3Acaad0a2d-c0a2-4e42-99fc-e4fbafa78077/br/ce/aracati/zona-0008/bcb76ae386ae6e5590b4df8ecf261dce.jpg", "https://vocefiscal-poll-tape-uploads.s3.amazonaws.com/us-east-1%3Acaad0a2d-c0a2-4e42-99fc-e4fbafa78077/br/ce/aracati/zona-0008/7e1099e0e797ab0c3a27ed90ff6b0dff.jpg", "https://vocefiscal-poll-tape-uploads.s3.amazonaws.com/us-east-1%3Acaad0a2d-c0a2-4e42-99fc-e4fbafa78077/br/ce/aracati/zona-0008/ac9708d22bcebaafd357d3fe4ae39b6b.jpg", "https://vocefiscal-poll-tape-uploads.s3.amazonaws.com/us-east-1%3Acaad0a2d-c0a2-4e42-99fc-e4fbafa78077/br/ce/aracati/zona-0008/fc8c222351d6e4a521a06e1a86d47c06.jpg", "https://vocefiscal-poll-tape-uploads.s3.amazonaws.com/us-east-1%3Acaad0a2d-c0a2-4e42-99fc-e4fbafa78077/br/ce/aracati/zona-0008/e3082ec91ad24ca1a19daaa6ccc2d97b.jpg", "https://vocefiscal-poll-tape-uploads.s3.amazonaws.com/us-east-1%3Acaad0a2d-c0a2-4e42-99fc-e4fbafa78077/br/ce/aracati/zona-0008/44f60a91c235f99e5eb290b6020f32f7.jpg", "https://vocefiscal-poll-tape-uploads.s3.amazonaws.com/us-east-1%3Acaad0a2d-c0a2-4e42-99fc-e4fbafa78077/br/ce/aracati/zona-0008/3b3b1f4da9f0d484b5dc0e51fa9e54d2.jpg", "https://vocefiscal-poll-tape-uploads.s3.amazonaws.com/us-east-1%3Acaad0a2d-c0a2-4e42-99fc-e4fbafa78077/br/ce/aracati/zona-0008/2de4fc69307ec27c540322cff44e76c9.jpg", "https://vocefiscal-poll-tape-uploads.s3.amazonaws.com/us-east-1%3Acaad0a2d-c0a2-4e42-99fc-e4fbafa78077/br/ce/aracati/zona-0008/79623b09721930b3233b90367375867f.jpg"], "zonaEleitoral": "0008", "localDaVotacao": "1155"}