{"data": 1412540136661, "estado": "BA", "localDaVotacao": "1066", "zonaEleitoral": "0013", "secaoEleitoral": "0041", "pictureURLList": ["https://vocefiscal-poll-tape-uploads.s3.amazonaws.com/us-east-1%3A0cbd1f07-3098-4cf9-ba35-6587d958b3e5/br/ba/salvador/zona-0013/f9db52640d57f0dac91a05d1be54031b.jpg", "https://vocefiscal-poll-tape-uploads.s3.amazonaws.com/us-east-1%3A0cbd1f07-3098-4cf9-ba35-6587d958b3e5/br/ba/salvador/zona-0013/bb0be516508b43082c257aaf31cb1d1.jpg", "https://vocefiscal-poll-tape-uploads.s3.amazonaws.com/us-east-1%3A0cbd1f07-3098-4cf9-ba35-6587d958b3e5/br/ba/salvador/zona-0013/feae9be581bd796ab7c7558f252813d6.jpg", "https://vocefiscal-poll-tape-uploads.s3.amazonaws.com/us-east-1%3A0cbd1f07-3098-4cf9-ba35-6587d958b3e5/br/ba/salvador/zona-0013/f97fbe8a335a204e6e827c0461c447eb.jpg"], "municipio": "SALVADOR"}