{"pictureURLList": ["https://vocefiscal-poll-tape-uploads.s3.amazonaws.com/us-east-1%3A18ff09ec-2545-4414-94d6-0f52cb3c2067/br/ce/fortaleza/zona-0113/51b8f4645889c877d9cc7ad40e574592.jpg", "https://vocefiscal-poll-tape-uploads.s3.amazonaws.com/us-east-1%3A18ff09ec-2545-4414-94d6-0f52cb3c2067/br/ce/fortaleza/zona-0113/62cf38f84e45a192b103a51333a82149.jpg", "https://vocefiscal-poll-tape-uploads.s3.amazonaws.com/us-east-1%3A18ff09ec-2545-4414-94d6-0f52cb3c2067/br/ce/fortaleza/zona-0113/bd14443e011bcf978dcc50ef022b7307.jpg"], "data": 1414359569634, "estado": "CE", "municipio": "FORTALEZA", "zonaEleitoral": "0113", "localDaVotacao": "1058", "secaoEleitoral": "0055"}