{"zonaEleitoral": "0001", "pictureURLList": ["https://vocefiscal-poll-tape-uploads.s3.amazonaws.com/us-east-1%3Af150edb4-18af-4389-bde3-6bc59240355c/br/ba/salvador/zona-0001/e58ded38b1919d723217fa16e1176b73.jpg", "https://vocefiscal-poll-tape-uploads.s3.amazonaws.com/us-east-1%3Af150edb4-18af-4389-bde3-6bc59240355c/br/ba/salvador/zona-0001/c6b21de56512d41dc5ab20898a8e82a6.jpg", "https://vocefiscal-poll-tape-uploads.s3.amazonaws.com/us-east-1%3Af150edb4-18af-4389-bde3-6bc59240355c/br/ba/salvador/zona-0001/2b39e99c625b6540889d437e308873b2.jpg"], "estado": "BA", "secaoEleitoral": "0030", "data": 1414351548050, "municipio": "SALVADOR", "localDaVotacao": "1198"}